feature,model,source_file_table,source_div,computed_from,fit_rows,target_derived,test_derived,future_info_possible
div5_meanfiringrate,B3,EPA New NTP/New TC per-well network CSV,5,raw per-well measurement,none; raw/deterministic transform,False,False,False
div7_meanfiringrate,B3,EPA New NTP/New TC per-well network CSV,7,raw per-well measurement,none; raw/deterministic transform,False,False,False
div5_burst.per.min,B3,EPA New NTP/New TC per-well network CSV,5,raw per-well measurement,none; raw/deterministic transform,False,False,False
div7_burst.per.min,B3,EPA New NTP/New TC per-well network CSV,7,raw per-well measurement,none; raw/deterministic transform,False,False,False
div5_mean.isis,B3,EPA New NTP/New TC per-well network CSV,5,raw per-well measurement,none; raw/deterministic transform,False,False,False
div7_mean.isis,B3,EPA New NTP/New TC per-well network CSV,7,raw per-well measurement,none; raw/deterministic transform,False,False,False
div5_per.spikes.in.burst,B3,EPA New NTP/New TC per-well network CSV,5,raw per-well measurement,none; raw/deterministic transform,False,False,False
div7_per.spikes.in.burst,B3,EPA New NTP/New TC per-well network CSV,7,raw per-well measurement,none; raw/deterministic transform,False,False,False
div5_mean.dur,B3,EPA New NTP/New TC per-well network CSV,5,raw per-well measurement,none; raw/deterministic transform,False,False,False
div7_mean.dur,B3,EPA New NTP/New TC per-well network CSV,7,raw per-well measurement,none; raw/deterministic transform,False,False,False
div5_mean.IBIs,B3,EPA New NTP/New TC per-well network CSV,5,raw per-well measurement,none; raw/deterministic transform,False,False,False
div7_mean.IBIs,B3,EPA New NTP/New TC per-well network CSV,7,raw per-well measurement,none; raw/deterministic transform,False,False,False
div5_nAE,B3,EPA New NTP/New TC per-well network CSV,5,raw per-well measurement,none; raw/deterministic transform,False,False,False
div7_nAE,B3,EPA New NTP/New TC per-well network CSV,7,raw per-well measurement,none; raw/deterministic transform,False,False,False
div5_nABE,B3,EPA New NTP/New TC per-well network CSV,5,raw per-well measurement,none; raw/deterministic transform,False,False,False
div7_nABE,B3,EPA New NTP/New TC per-well network CSV,7,raw per-well measurement,none; raw/deterministic transform,False,False,False
div5_ns.n,B3,EPA New NTP/New TC per-well network CSV,5,raw per-well measurement,none; raw/deterministic transform,False,False,False
div7_ns.n,B3,EPA New NTP/New TC per-well network CSV,7,raw per-well measurement,none; raw/deterministic transform,False,False,False
div5_ns.peak.m,B3,EPA New NTP/New TC per-well network CSV,5,raw per-well measurement,none; raw/deterministic transform,False,False,False
div7_ns.peak.m,B3,EPA New NTP/New TC per-well network CSV,7,raw per-well measurement,none; raw/deterministic transform,False,False,False
div5_ns.durn.m,B3,EPA New NTP/New TC per-well network CSV,5,raw per-well measurement,none; raw/deterministic transform,False,False,False
div7_ns.durn.m,B3,EPA New NTP/New TC per-well network CSV,7,raw per-well measurement,none; raw/deterministic transform,False,False,False
div5_ns.percent.of.spikes.in.ns,B3,EPA New NTP/New TC per-well network CSV,5,raw per-well measurement,none; raw/deterministic transform,False,False,False
div7_ns.percent.of.spikes.in.ns,B3,EPA New NTP/New TC per-well network CSV,7,raw per-well measurement,none; raw/deterministic transform,False,False,False
div5_ns.mean.insis,B3,EPA New NTP/New TC per-well network CSV,5,raw per-well measurement,none; raw/deterministic transform,False,False,False
div7_ns.mean.insis,B3,EPA New NTP/New TC per-well network CSV,7,raw per-well measurement,none; raw/deterministic transform,False,False,False
div5_ns.durn.sd,B3,EPA New NTP/New TC per-well network CSV,5,raw per-well measurement,none; raw/deterministic transform,False,False,False
div7_ns.durn.sd,B3,EPA New NTP/New TC per-well network CSV,7,raw per-well measurement,none; raw/deterministic transform,False,False,False
div5_ns.mean.spikes.in.ns,B3,EPA New NTP/New TC per-well network CSV,5,raw per-well measurement,none; raw/deterministic transform,False,False,False
div7_ns.mean.spikes.in.ns,B3,EPA New NTP/New TC per-well network CSV,7,raw per-well measurement,none; raw/deterministic transform,False,False,False
div5_r,B3,EPA New NTP/New TC per-well network CSV,5,raw per-well measurement,none; raw/deterministic transform,False,False,False
div7_r,B3,EPA New NTP/New TC per-well network CSV,7,raw per-well measurement,none; raw/deterministic transform,False,False,False
div5_cv.time,B3,EPA New NTP/New TC per-well network CSV,5,raw per-well measurement,none; raw/deterministic transform,False,False,False
div7_cv.time,B3,EPA New NTP/New TC per-well network CSV,7,raw per-well measurement,none; raw/deterministic transform,False,False,False
div5_cv.network,B3,EPA New NTP/New TC per-well network CSV,5,raw per-well measurement,none; raw/deterministic transform,False,False,False
div7_cv.network,B3,EPA New NTP/New TC per-well network CSV,7,raw per-well measurement,none; raw/deterministic transform,False,False,False
div5_meanfiringrate_missing,B3,EPA New NTP/New TC per-well network CSV,5,isna(div5_meanfiringrate),none; raw/deterministic transform,False,False,False
div5_burst.per.min_missing,B3,EPA New NTP/New TC per-well network CSV,5,isna(div5_burst.per.min),none; raw/deterministic transform,False,False,False
div5_mean.isis_missing,B3,EPA New NTP/New TC per-well network CSV,5,isna(div5_mean.isis),none; raw/deterministic transform,False,False,False
div5_per.spikes.in.burst_missing,B3,EPA New NTP/New TC per-well network CSV,5,isna(div5_per.spikes.in.burst),none; raw/deterministic transform,False,False,False
div5_mean.dur_missing,B3,EPA New NTP/New TC per-well network CSV,5,isna(div5_mean.dur),none; raw/deterministic transform,False,False,False
div5_mean.IBIs_missing,B3,EPA New NTP/New TC per-well network CSV,5,isna(div5_mean.IBIs),none; raw/deterministic transform,False,False,False
div5_nAE_missing,B3,EPA New NTP/New TC per-well network CSV,5,isna(div5_nAE),none; raw/deterministic transform,False,False,False
div5_nABE_missing,B3,EPA New NTP/New TC per-well network CSV,5,isna(div5_nABE),none; raw/deterministic transform,False,False,False
div5_ns.n_missing,B3,EPA New NTP/New TC per-well network CSV,5,isna(div5_ns.n),none; raw/deterministic transform,False,False,False
div5_ns.peak.m_missing,B3,EPA New NTP/New TC per-well network CSV,5,isna(div5_ns.peak.m),none; raw/deterministic transform,False,False,False
div5_ns.durn.m_missing,B3,EPA New NTP/New TC per-well network CSV,5,isna(div5_ns.durn.m),none; raw/deterministic transform,False,False,False
div5_ns.percent.of.spikes.in.ns_missing,B3,EPA New NTP/New TC per-well network CSV,5,isna(div5_ns.percent.of.spikes.in.ns),none; raw/deterministic transform,False,False,False
div5_ns.mean.insis_missing,B3,EPA New NTP/New TC per-well network CSV,5,isna(div5_ns.mean.insis),none; raw/deterministic transform,False,False,False
div5_ns.durn.sd_missing,B3,EPA New NTP/New TC per-well network CSV,5,isna(div5_ns.durn.sd),none; raw/deterministic transform,False,False,False
div5_ns.mean.spikes.in.ns_missing,B3,EPA New NTP/New TC per-well network CSV,5,isna(div5_ns.mean.spikes.in.ns),none; raw/deterministic transform,False,False,False
div5_r_missing,B3,EPA New NTP/New TC per-well network CSV,5,isna(div5_r),none; raw/deterministic transform,False,False,False
div5_cv.time_missing,B3,EPA New NTP/New TC per-well network CSV,5,isna(div5_cv.time),none; raw/deterministic transform,False,False,False
div5_cv.network_missing,B3,EPA New NTP/New TC per-well network CSV,5,isna(div5_cv.network),none; raw/deterministic transform,False,False,False
div7_meanfiringrate_missing,B3,EPA New NTP/New TC per-well network CSV,7,isna(div7_meanfiringrate),none; raw/deterministic transform,False,False,False
div7_burst.per.min_missing,B3,EPA New NTP/New TC per-well network CSV,7,isna(div7_burst.per.min),none; raw/deterministic transform,False,False,False
div7_mean.isis_missing,B3,EPA New NTP/New TC per-well network CSV,7,isna(div7_mean.isis),none; raw/deterministic transform,False,False,False
div7_per.spikes.in.burst_missing,B3,EPA New NTP/New TC per-well network CSV,7,isna(div7_per.spikes.in.burst),none; raw/deterministic transform,False,False,False
div7_mean.dur_missing,B3,EPA New NTP/New TC per-well network CSV,7,isna(div7_mean.dur),none; raw/deterministic transform,False,False,False
div7_mean.IBIs_missing,B3,EPA New NTP/New TC per-well network CSV,7,isna(div7_mean.IBIs),none; raw/deterministic transform,False,False,False
div7_nAE_missing,B3,EPA New NTP/New TC per-well network CSV,7,isna(div7_nAE),none; raw/deterministic transform,False,False,False
div7_nABE_missing,B3,EPA New NTP/New TC per-well network CSV,7,isna(div7_nABE),none; raw/deterministic transform,False,False,False
div7_ns.n_missing,B3,EPA New NTP/New TC per-well network CSV,7,isna(div7_ns.n),none; raw/deterministic transform,False,False,False
div7_ns.peak.m_missing,B3,EPA New NTP/New TC per-well network CSV,7,isna(div7_ns.peak.m),none; raw/deterministic transform,False,False,False
div7_ns.durn.m_missing,B3,EPA New NTP/New TC per-well network CSV,7,isna(div7_ns.durn.m),none; raw/deterministic transform,False,False,False
div7_ns.percent.of.spikes.in.ns_missing,B3,EPA New NTP/New TC per-well network CSV,7,isna(div7_ns.percent.of.spikes.in.ns),none; raw/deterministic transform,False,False,False
div7_ns.mean.insis_missing,B3,EPA New NTP/New TC per-well network CSV,7,isna(div7_ns.mean.insis),none; raw/deterministic transform,False,False,False
div7_ns.durn.sd_missing,B3,EPA New NTP/New TC per-well network CSV,7,isna(div7_ns.durn.sd),none; raw/deterministic transform,False,False,False
div7_ns.mean.spikes.in.ns_missing,B3,EPA New NTP/New TC per-well network CSV,7,isna(div7_ns.mean.spikes.in.ns),none; raw/deterministic transform,False,False,False
div7_r_missing,B3,EPA New NTP/New TC per-well network CSV,7,isna(div7_r),none; raw/deterministic transform,False,False,False
div7_cv.time_missing,B3,EPA New NTP/New TC per-well network CSV,7,isna(div7_cv.time),none; raw/deterministic transform,False,False,False
div7_cv.network_missing,B3,EPA New NTP/New TC per-well network CSV,7,isna(div7_cv.network),none; raw/deterministic transform,False,False,False
log10_1p_dose,B3,EPA New NTP/New TC exposure columns,design,"log10(1 + max(dose_uM, 0))",none; raw/deterministic transform,False,False,False
cohort_toxcast,B3,EPA cohort/source table,design,"fixed indicator: ToxCast=1, NTP=0",none; raw/deterministic transform,False,False,False
div5_meanfiringrate,M1,EPA New NTP/New TC per-well network CSV,5,raw per-well measurement,none; raw/deterministic transform,False,False,False
div7_meanfiringrate,M1,EPA New NTP/New TC per-well network CSV,7,raw per-well measurement,none; raw/deterministic transform,False,False,False
div5_burst.per.min,M1,EPA New NTP/New TC per-well network CSV,5,raw per-well measurement,none; raw/deterministic transform,False,False,False
div7_burst.per.min,M1,EPA New NTP/New TC per-well network CSV,7,raw per-well measurement,none; raw/deterministic transform,False,False,False
div5_mean.isis,M1,EPA New NTP/New TC per-well network CSV,5,raw per-well measurement,none; raw/deterministic transform,False,False,False
div7_mean.isis,M1,EPA New NTP/New TC per-well network CSV,7,raw per-well measurement,none; raw/deterministic transform,False,False,False
div5_per.spikes.in.burst,M1,EPA New NTP/New TC per-well network CSV,5,raw per-well measurement,none; raw/deterministic transform,False,False,False
div7_per.spikes.in.burst,M1,EPA New NTP/New TC per-well network CSV,7,raw per-well measurement,none; raw/deterministic transform,False,False,False
div5_mean.dur,M1,EPA New NTP/New TC per-well network CSV,5,raw per-well measurement,none; raw/deterministic transform,False,False,False
div7_mean.dur,M1,EPA New NTP/New TC per-well network CSV,7,raw per-well measurement,none; raw/deterministic transform,False,False,False
div5_mean.IBIs,M1,EPA New NTP/New TC per-well network CSV,5,raw per-well measurement,none; raw/deterministic transform,False,False,False
div7_mean.IBIs,M1,EPA New NTP/New TC per-well network CSV,7,raw per-well measurement,none; raw/deterministic transform,False,False,False
div5_nAE,M1,EPA New NTP/New TC per-well network CSV,5,raw per-well measurement,none; raw/deterministic transform,False,False,False
div7_nAE,M1,EPA New NTP/New TC per-well network CSV,7,raw per-well measurement,none; raw/deterministic transform,False,False,False
div5_nABE,M1,EPA New NTP/New TC per-well network CSV,5,raw per-well measurement,none; raw/deterministic transform,False,False,False
div7_nABE,M1,EPA New NTP/New TC per-well network CSV,7,raw per-well measurement,none; raw/deterministic transform,False,False,False
div5_ns.n,M1,EPA New NTP/New TC per-well network CSV,5,raw per-well measurement,none; raw/deterministic transform,False,False,False
div7_ns.n,M1,EPA New NTP/New TC per-well network CSV,7,raw per-well measurement,none; raw/deterministic transform,False,False,False
div5_ns.peak.m,M1,EPA New NTP/New TC per-well network CSV,5,raw per-well measurement,none; raw/deterministic transform,False,False,False
div7_ns.peak.m,M1,EPA New NTP/New TC per-well network CSV,7,raw per-well measurement,none; raw/deterministic transform,False,False,False
div5_ns.durn.m,M1,EPA New NTP/New TC per-well network CSV,5,raw per-well measurement,none; raw/deterministic transform,False,False,False
div7_ns.durn.m,M1,EPA New NTP/New TC per-well network CSV,7,raw per-well measurement,none; raw/deterministic transform,False,False,False
div5_ns.percent.of.spikes.in.ns,M1,EPA New NTP/New TC per-well network CSV,5,raw per-well measurement,none; raw/deterministic transform,False,False,False
div7_ns.percent.of.spikes.in.ns,M1,EPA New NTP/New TC per-well network CSV,7,raw per-well measurement,none; raw/deterministic transform,False,False,False
div5_ns.mean.insis,M1,EPA New NTP/New TC per-well network CSV,5,raw per-well measurement,none; raw/deterministic transform,False,False,False
div7_ns.mean.insis,M1,EPA New NTP/New TC per-well network CSV,7,raw per-well measurement,none; raw/deterministic transform,False,False,False
div5_ns.durn.sd,M1,EPA New NTP/New TC per-well network CSV,5,raw per-well measurement,none; raw/deterministic transform,False,False,False
div7_ns.durn.sd,M1,EPA New NTP/New TC per-well network CSV,7,raw per-well measurement,none; raw/deterministic transform,False,False,False
div5_ns.mean.spikes.in.ns,M1,EPA New NTP/New TC per-well network CSV,5,raw per-well measurement,none; raw/deterministic transform,False,False,False
div7_ns.mean.spikes.in.ns,M1,EPA New NTP/New TC per-well network CSV,7,raw per-well measurement,none; raw/deterministic transform,False,False,False
div5_r,M1,EPA New NTP/New TC per-well network CSV,5,raw per-well measurement,none; raw/deterministic transform,False,False,False
div7_r,M1,EPA New NTP/New TC per-well network CSV,7,raw per-well measurement,none; raw/deterministic transform,False,False,False
div5_cv.time,M1,EPA New NTP/New TC per-well network CSV,5,raw per-well measurement,none; raw/deterministic transform,False,False,False
div7_cv.time,M1,EPA New NTP/New TC per-well network CSV,7,raw per-well measurement,none; raw/deterministic transform,False,False,False
div5_cv.network,M1,EPA New NTP/New TC per-well network CSV,5,raw per-well measurement,none; raw/deterministic transform,False,False,False
div7_cv.network,M1,EPA New NTP/New TC per-well network CSV,7,raw per-well measurement,none; raw/deterministic transform,False,False,False
div5_meanfiringrate_missing,M1,EPA New NTP/New TC per-well network CSV,5,isna(div5_meanfiringrate),none; raw/deterministic transform,False,False,False
div5_burst.per.min_missing,M1,EPA New NTP/New TC per-well network CSV,5,isna(div5_burst.per.min),none; raw/deterministic transform,False,False,False
div5_mean.isis_missing,M1,EPA New NTP/New TC per-well network CSV,5,isna(div5_mean.isis),none; raw/deterministic transform,False,False,False
div5_per.spikes.in.burst_missing,M1,EPA New NTP/New TC per-well network CSV,5,isna(div5_per.spikes.in.burst),none; raw/deterministic transform,False,False,False
div5_mean.dur_missing,M1,EPA New NTP/New TC per-well network CSV,5,isna(div5_mean.dur),none; raw/deterministic transform,False,False,False
div5_mean.IBIs_missing,M1,EPA New NTP/New TC per-well network CSV,5,isna(div5_mean.IBIs),none; raw/deterministic transform,False,False,False
div5_nAE_missing,M1,EPA New NTP/New TC per-well network CSV,5,isna(div5_nAE),none; raw/deterministic transform,False,False,False
div5_nABE_missing,M1,EPA New NTP/New TC per-well network CSV,5,isna(div5_nABE),none; raw/deterministic transform,False,False,False
div5_ns.n_missing,M1,EPA New NTP/New TC per-well network CSV,5,isna(div5_ns.n),none; raw/deterministic transform,False,False,False
div5_ns.peak.m_missing,M1,EPA New NTP/New TC per-well network CSV,5,isna(div5_ns.peak.m),none; raw/deterministic transform,False,False,False
div5_ns.durn.m_missing,M1,EPA New NTP/New TC per-well network CSV,5,isna(div5_ns.durn.m),none; raw/deterministic transform,False,False,False
div5_ns.percent.of.spikes.in.ns_missing,M1,EPA New NTP/New TC per-well network CSV,5,isna(div5_ns.percent.of.spikes.in.ns),none; raw/deterministic transform,False,False,False
div5_ns.mean.insis_missing,M1,EPA New NTP/New TC per-well network CSV,5,isna(div5_ns.mean.insis),none; raw/deterministic transform,False,False,False
div5_ns.durn.sd_missing,M1,EPA New NTP/New TC per-well network CSV,5,isna(div5_ns.durn.sd),none; raw/deterministic transform,False,False,False
div5_ns.mean.spikes.in.ns_missing,M1,EPA New NTP/New TC per-well network CSV,5,isna(div5_ns.mean.spikes.in.ns),none; raw/deterministic transform,False,False,False
div5_r_missing,M1,EPA New NTP/New TC per-well network CSV,5,isna(div5_r),none; raw/deterministic transform,False,False,False
div5_cv.time_missing,M1,EPA New NTP/New TC per-well network CSV,5,isna(div5_cv.time),none; raw/deterministic transform,False,False,False
div5_cv.network_missing,M1,EPA New NTP/New TC per-well network CSV,5,isna(div5_cv.network),none; raw/deterministic transform,False,False,False
div7_meanfiringrate_missing,M1,EPA New NTP/New TC per-well network CSV,7,isna(div7_meanfiringrate),none; raw/deterministic transform,False,False,False
div7_burst.per.min_missing,M1,EPA New NTP/New TC per-well network CSV,7,isna(div7_burst.per.min),none; raw/deterministic transform,False,False,False
div7_mean.isis_missing,M1,EPA New NTP/New TC per-well network CSV,7,isna(div7_mean.isis),none; raw/deterministic transform,False,False,False
div7_per.spikes.in.burst_missing,M1,EPA New NTP/New TC per-well network CSV,7,isna(div7_per.spikes.in.burst),none; raw/deterministic transform,False,False,False
div7_mean.dur_missing,M1,EPA New NTP/New TC per-well network CSV,7,isna(div7_mean.dur),none; raw/deterministic transform,False,False,False
div7_mean.IBIs_missing,M1,EPA New NTP/New TC per-well network CSV,7,isna(div7_mean.IBIs),none; raw/deterministic transform,False,False,False
div7_nAE_missing,M1,EPA New NTP/New TC per-well network CSV,7,isna(div7_nAE),none; raw/deterministic transform,False,False,False
div7_nABE_missing,M1,EPA New NTP/New TC per-well network CSV,7,isna(div7_nABE),none; raw/deterministic transform,False,False,False
div7_ns.n_missing,M1,EPA New NTP/New TC per-well network CSV,7,isna(div7_ns.n),none; raw/deterministic transform,False,False,False
div7_ns.peak.m_missing,M1,EPA New NTP/New TC per-well network CSV,7,isna(div7_ns.peak.m),none; raw/deterministic transform,False,False,False
div7_ns.durn.m_missing,M1,EPA New NTP/New TC per-well network CSV,7,isna(div7_ns.durn.m),none; raw/deterministic transform,False,False,False
div7_ns.percent.of.spikes.in.ns_missing,M1,EPA New NTP/New TC per-well network CSV,7,isna(div7_ns.percent.of.spikes.in.ns),none; raw/deterministic transform,False,False,False
div7_ns.mean.insis_missing,M1,EPA New NTP/New TC per-well network CSV,7,isna(div7_ns.mean.insis),none; raw/deterministic transform,False,False,False
div7_ns.durn.sd_missing,M1,EPA New NTP/New TC per-well network CSV,7,isna(div7_ns.durn.sd),none; raw/deterministic transform,False,False,False
div7_ns.mean.spikes.in.ns_missing,M1,EPA New NTP/New TC per-well network CSV,7,isna(div7_ns.mean.spikes.in.ns),none; raw/deterministic transform,False,False,False
div7_r_missing,M1,EPA New NTP/New TC per-well network CSV,7,isna(div7_r),none; raw/deterministic transform,False,False,False
div7_cv.time_missing,M1,EPA New NTP/New TC per-well network CSV,7,isna(div7_cv.time),none; raw/deterministic transform,False,False,False
div7_cv.network_missing,M1,EPA New NTP/New TC per-well network CSV,7,isna(div7_cv.network),none; raw/deterministic transform,False,False,False
log10_1p_dose,M1,EPA New NTP/New TC exposure columns,design,"log10(1 + max(dose_uM, 0))",none; raw/deterministic transform,False,False,False
cohort_toxcast,M1,EPA cohort/source table,design,"fixed indicator: ToxCast=1, NTP=0",none; raw/deterministic transform,False,False,False
desc_MolWt,M1,reviewed CAS-to-PubChem canonical SMILES mapping,structure,RDKit MolWt,none; raw/deterministic transform,False,False,False
desc_ExactMolWt,M1,reviewed CAS-to-PubChem canonical SMILES mapping,structure,RDKit ExactMolWt,none; raw/deterministic transform,False,False,False
desc_MolLogP,M1,reviewed CAS-to-PubChem canonical SMILES mapping,structure,RDKit MolLogP,none; raw/deterministic transform,False,False,False
desc_MolMR,M1,reviewed CAS-to-PubChem canonical SMILES mapping,structure,RDKit MolMR,none; raw/deterministic transform,False,False,False
desc_TPSA,M1,reviewed CAS-to-PubChem canonical SMILES mapping,structure,RDKit TPSA,none; raw/deterministic transform,False,False,False
desc_NumHDonors,M1,reviewed CAS-to-PubChem canonical SMILES mapping,structure,RDKit NumHDonors,none; raw/deterministic transform,False,False,False
desc_NumHAcceptors,M1,reviewed CAS-to-PubChem canonical SMILES mapping,structure,RDKit NumHAcceptors,none; raw/deterministic transform,False,False,False
desc_NumRotatableBonds,M1,reviewed CAS-to-PubChem canonical SMILES mapping,structure,RDKit NumRotatableBonds,none; raw/deterministic transform,False,False,False
desc_RingCount,M1,reviewed CAS-to-PubChem canonical SMILES mapping,structure,RDKit RingCount,none; raw/deterministic transform,False,False,False
desc_NumAromaticRings,M1,reviewed CAS-to-PubChem canonical SMILES mapping,structure,RDKit NumAromaticRings,none; raw/deterministic transform,False,False,False
desc_NumAliphaticRings,M1,reviewed CAS-to-PubChem canonical SMILES mapping,structure,RDKit NumAliphaticRings,none; raw/deterministic transform,False,False,False
desc_NumSaturatedRings,M1,reviewed CAS-to-PubChem canonical SMILES mapping,structure,RDKit NumSaturatedRings,none; raw/deterministic transform,False,False,False
desc_HeavyAtomCount,M1,reviewed CAS-to-PubChem canonical SMILES mapping,structure,RDKit HeavyAtomCount,none; raw/deterministic transform,False,False,False
desc_FractionCSP3,M1,reviewed CAS-to-PubChem canonical SMILES mapping,structure,RDKit FractionCSP3,none; raw/deterministic transform,False,False,False
desc_NHOHCount,M1,reviewed CAS-to-PubChem canonical SMILES mapping,structure,RDKit NHOHCount,none; raw/deterministic transform,False,False,False
desc_NOCount,M1,reviewed CAS-to-PubChem canonical SMILES mapping,structure,RDKit NOCount,none; raw/deterministic transform,False,False,False
morgan_0,M1,reviewed CAS-to-PubChem canonical SMILES mapping,structure,"RDKit Morgan radius=2, 2048-bit fingerprint",none; raw/deterministic transform,False,False,False
morgan_1,M1,reviewed CAS-to-PubChem canonical SMILES mapping,structure,"RDKit Morgan radius=2, 2048-bit fingerprint",none; raw/deterministic transform,False,False,False
morgan_2,M1,reviewed CAS-to-PubChem canonical SMILES mapping,structure,"RDKit Morgan radius=2, 2048-bit fingerprint",none; raw/deterministic transform,False,False,False
morgan_3,M1,reviewed CAS-to-PubChem canonical SMILES mapping,structure,"RDKit Morgan radius=2, 2048-bit fingerprint",none; raw/deterministic transform,False,False,False
morgan_4,M1,reviewed CAS-to-PubChem canonical SMILES mapping,structure,"RDKit Morgan radius=2, 2048-bit fingerprint",none; raw/deterministic transform,False,False,False
morgan_5,M1,reviewed CAS-to-PubChem canonical SMILES mapping,structure,"RDKit Morgan radius=2, 2048-bit fingerprint",none; raw/deterministic transform,False,False,False
morgan_6,M1,reviewed CAS-to-PubChem canonical SMILES mapping,structure,"RDKit Morgan radius=2, 2048-bit fingerprint",none; raw/deterministic transform,False,False,False
morgan_7,M1,reviewed CAS-to-PubChem canonical SMILES mapping,structure,"RDKit Morgan radius=2, 2048-bit fingerprint",none; raw/deterministic transform,False,False,False
morgan_8,M1,reviewed CAS-to-PubChem canonical SMILES mapping,structure,"RDKit Morgan radius=2, 2048-bit fingerprint",none; raw/deterministic transform,False,False,False
morgan_9,M1,reviewed CAS-to-PubChem canonical SMILES mapping,structure,"RDKit Morgan radius=2, 2048-bit fingerprint",none; raw/deterministic transform,False,False,False
morgan_10,M1,reviewed CAS-to-PubChem canonical SMILES mapping,structure,"RDKit Morgan radius=2, 2048-bit fingerprint",none; raw/deterministic transform,False,False,False
morgan_11,M1,reviewed CAS-to-PubChem canonical SMILES mapping,structure,"RDKit Morgan radius=2, 2048-bit fingerprint",none; raw/deterministic transform,False,False,False
morgan_12,M1,reviewed CAS-to-PubChem canonical SMILES mapping,structure,"RDKit Morgan radius=2, 2048-bit fingerprint",none; raw/deterministic transform,False,False,False
morgan_13,M1,reviewed CAS-to-PubChem canonical SMILES mapping,structure,"RDKit Morgan radius=2, 2048-bit fingerprint",none; raw/deterministic transform,False,False,False
morgan_14,M1,reviewed CAS-to-PubChem canonical SMILES mapping,structure,"RDKit Morgan radius=2, 2048-bit fingerprint",none; raw/deterministic transform,False,False,False
morgan_15,M1,reviewed CAS-to-PubChem canonical SMILES mapping,structure,"RDKit Morgan radius=2, 2048-bit fingerprint",none; raw/deterministic transform,False,False,False
morgan_16,M1,reviewed CAS-to-PubChem canonical SMILES mapping,structure,"RDKit Morgan radius=2, 2048-bit fingerprint",none; raw/deterministic transform,False,False,False
morgan_17,M1,reviewed CAS-to-PubChem canonical SMILES mapping,structure,"RDKit Morgan radius=2, 2048-bit fingerprint",none; raw/deterministic transform,False,False,False
morgan_18,M1,reviewed CAS-to-PubChem canonical SMILES mapping,structure,"RDKit Morgan radius=2, 2048-bit fingerprint",none; raw/deterministic transform,False,False,False
morgan_19,M1,reviewed CAS-to-PubChem canonical SMILES mapping,structure,"RDKit Morgan radius=2, 2048-bit fingerprint",none; raw/deterministic transform,False,False,False
morgan_20,M1,reviewed CAS-to-PubChem canonical SMILES mapping,structure,"RDKit Morgan radius=2, 2048-bit fingerprint",none; raw/deterministic transform,False,False,False
morgan_21,M1,reviewed CAS-to-PubChem canonical SMILES mapping,structure,"RDKit Morgan radius=2, 2048-bit fingerprint",none; raw/deterministic transform,False,False,False
morgan_22,M1,reviewed CAS-to-PubChem canonical SMILES mapping,structure,"RDKit Morgan radius=2, 2048-bit fingerprint",none; raw/deterministic transform,False,False,False
morgan_23,M1,reviewed CAS-to-PubChem canonical SMILES mapping,structure,"RDKit Morgan radius=2, 2048-bit fingerprint",none; raw/deterministic transform,False,False,False
morgan_24,M1,reviewed CAS-to-PubChem canonical SMILES mapping,structure,"RDKit Morgan radius=2, 2048-bit fingerprint",none; raw/deterministic transform,False,False,False
morgan_25,M1,reviewed CAS-to-PubChem canonical SMILES mapping,structure,"RDKit Morgan radius=2, 2048-bit fingerprint",none; raw/deterministic transform,False,False,False
morgan_26,M1,reviewed CAS-to-PubChem canonical SMILES mapping,structure,"RDKit Morgan radius=2, 2048-bit fingerprint",none; raw/deterministic transform,False,False,False
morgan_27,M1,reviewed CAS-to-PubChem canonical SMILES mapping,structure,"RDKit Morgan radius=2, 2048-bit fingerprint",none; raw/deterministic transform,False,False,False
morgan_28,M1,reviewed CAS-to-PubChem canonical SMILES mapping,structure,"RDKit Morgan radius=2, 2048-bit fingerprint",none; raw/deterministic transform,False,False,False
morgan_29,M1,reviewed CAS-to-PubChem canonical SMILES mapping,structure,"RDKit Morgan radius=2, 2048-bit fingerprint",none; raw/deterministic transform,False,False,False
morgan_30,M1,reviewed CAS-to-PubChem canonical SMILES mapping,structure,"RDKit Morgan radius=2, 2048-bit fingerprint",none; raw/deterministic transform,False,False,False
morgan_31,M1,reviewed CAS-to-PubChem canonical SMILES mapping,structure,"RDKit Morgan radius=2, 2048-bit fingerprint",none; raw/deterministic transform,False,False,False
morgan_32,M1,reviewed CAS-to-PubChem canonical SMILES mapping,structure,"RDKit Morgan radius=2, 2048-bit fingerprint",none; raw/deterministic transform,False,False,False
morgan_33,M1,reviewed CAS-to-PubChem canonical SMILES mapping,structure,"RDKit Morgan radius=2, 2048-bit fingerprint",none; raw/deterministic transform,False,False,False
morgan_34,M1,reviewed CAS-to-PubChem canonical SMILES mapping,structure,"RDKit Morgan radius=2, 2048-bit fingerprint",none; raw/deterministic transform,False,False,False
morgan_35,M1,reviewed CAS-to-PubChem canonical SMILES mapping,structure,"RDKit Morgan radius=2, 2048-bit fingerprint",none; raw/deterministic transform,False,False,False
morgan_36,M1,reviewed CAS-to-PubChem canonical SMILES mapping,structure,"RDKit Morgan radius=2, 2048-bit fingerprint",none; raw/deterministic transform,False,False,False
morgan_37,M1,reviewed CAS-to-PubChem canonical SMILES mapping,structure,"RDKit Morgan radius=2, 2048-bit fingerprint",none; raw/deterministic transform,False,False,False
morgan_38,M1,reviewed CAS-to-PubChem canonical SMILES mapping,structure,"RDKit Morgan radius=2, 2048-bit fingerprint",none; raw/deterministic transform,False,False,False
morgan_39,M1,reviewed CAS-to-PubChem canonical SMILES mapping,structure,"RDKit Morgan radius=2, 2048-bit fingerprint",none; raw/deterministic transform,False,False,False
morgan_40,M1,reviewed CAS-to-PubChem canonical SMILES mapping,structure,"RDKit Morgan radius=2, 2048-bit fingerprint",none; raw/deterministic transform,False,False,False
morgan_41,M1,reviewed CAS-to-PubChem canonical SMILES mapping,structure,"RDKit Morgan radius=2, 2048-bit fingerprint",none; raw/deterministic transform,False,False,False
morgan_42,M1,reviewed CAS-to-PubChem canonical SMILES mapping,structure,"RDKit Morgan radius=2, 2048-bit fingerprint",none; raw/deterministic transform,False,False,False
morgan_43,M1,reviewed CAS-to-PubChem canonical SMILES mapping,structure,"RDKit Morgan radius=2, 2048-bit fingerprint",none; raw/deterministic transform,False,False,False
morgan_44,M1,reviewed CAS-to-PubChem canonical SMILES mapping,structure,"RDKit Morgan radius=2, 2048-bit fingerprint",none; raw/deterministic transform,False,False,False
morgan_45,M1,reviewed CAS-to-PubChem canonical SMILES mapping,structure,"RDKit Morgan radius=2, 2048-bit fingerprint",none; raw/deterministic transform,False,False,False
morgan_46,M1,reviewed CAS-to-PubChem canonical SMILES mapping,structure,"RDKit Morgan radius=2, 2048-bit fingerprint",none; raw/deterministic transform,False,False,False
morgan_47,M1,reviewed CAS-to-PubChem canonical SMILES mapping,structure,"RDKit Morgan radius=2, 2048-bit fingerprint",none; raw/deterministic transform,False,False,False
morgan_48,M1,reviewed CAS-to-PubChem canonical SMILES mapping,structure,"RDKit Morgan radius=2, 2048-bit fingerprint",none; raw/deterministic transform,False,False,False
morgan_49,M1,reviewed CAS-to-PubChem canonical SMILES mapping,structure,"RDKit Morgan radius=2, 2048-bit fingerprint",none; raw/deterministic transform,False,False,False
morgan_50,M1,reviewed CAS-to-PubChem canonical SMILES mapping,structure,"RDKit Morgan radius=2, 2048-bit fingerprint",none; raw/deterministic transform,False,False,False
morgan_51,M1,reviewed CAS-to-PubChem canonical SMILES mapping,structure,"RDKit Morgan radius=2, 2048-bit fingerprint",none; raw/deterministic transform,False,False,False
morgan_52,M1,reviewed CAS-to-PubChem canonical SMILES mapping,structure,"RDKit Morgan radius=2, 2048-bit fingerprint",none; raw/deterministic transform,False,False,False
morgan_53,M1,reviewed CAS-to-PubChem canonical SMILES mapping,structure,"RDKit Morgan radius=2, 2048-bit fingerprint",none; raw/deterministic transform,False,False,False
morgan_54,M1,reviewed CAS-to-PubChem canonical SMILES mapping,structure,"RDKit Morgan radius=2, 2048-bit fingerprint",none; raw/deterministic transform,False,False,False
morgan_55,M1,reviewed CAS-to-PubChem canonical SMILES mapping,structure,"RDKit Morgan radius=2, 2048-bit fingerprint",none; raw/deterministic transform,False,False,False
morgan_56,M1,reviewed CAS-to-PubChem canonical SMILES mapping,structure,"RDKit Morgan radius=2, 2048-bit fingerprint",none; raw/deterministic transform,False,False,False
morgan_57,M1,reviewed CAS-to-PubChem canonical SMILES mapping,structure,"RDKit Morgan radius=2, 2048-bit fingerprint",none; raw/deterministic transform,False,False,False
morgan_58,M1,reviewed CAS-to-PubChem canonical SMILES mapping,structure,"RDKit Morgan radius=2, 2048-bit fingerprint",none; raw/deterministic transform,False,False,False
morgan_59,M1,reviewed CAS-to-PubChem canonical SMILES mapping,structure,"RDKit Morgan radius=2, 2048-bit fingerprint",none; raw/deterministic transform,False,False,False
morgan_60,M1,reviewed CAS-to-PubChem canonical SMILES mapping,structure,"RDKit Morgan radius=2, 2048-bit fingerprint",none; raw/deterministic transform,False,False,False
morgan_61,M1,reviewed CAS-to-PubChem canonical SMILES mapping,structure,"RDKit Morgan radius=2, 2048-bit fingerprint",none; raw/deterministic transform,False,False,False
morgan_62,M1,reviewed CAS-to-PubChem canonical SMILES mapping,structure,"RDKit Morgan radius=2, 2048-bit fingerprint",none; raw/deterministic transform,False,False,False
morgan_63,M1,reviewed CAS-to-PubChem canonical SMILES mapping,structure,"RDKit Morgan radius=2, 2048-bit fingerprint",none; raw/deterministic transform,False,False,False
morgan_64,M1,reviewed CAS-to-PubChem canonical SMILES mapping,structure,"RDKit Morgan radius=2, 2048-bit fingerprint",none; raw/deterministic transform,False,False,False
morgan_65,M1,reviewed CAS-to-PubChem canonical SMILES mapping,structure,"RDKit Morgan radius=2, 2048-bit fingerprint",none; raw/deterministic transform,False,False,False
morgan_66,M1,reviewed CAS-to-PubChem canonical SMILES mapping,structure,"RDKit Morgan radius=2, 2048-bit fingerprint",none; raw/deterministic transform,False,False,False
morgan_67,M1,reviewed CAS-to-PubChem canonical SMILES mapping,structure,"RDKit Morgan radius=2, 2048-bit fingerprint",none; raw/deterministic transform,False,False,False
morgan_68,M1,reviewed CAS-to-PubChem canonical SMILES mapping,structure,"RDKit Morgan radius=2, 2048-bit fingerprint",none; raw/deterministic transform,False,False,False
morgan_69,M1,reviewed CAS-to-PubChem canonical SMILES mapping,structure,"RDKit Morgan radius=2, 2048-bit fingerprint",none; raw/deterministic transform,False,False,False
morgan_70,M1,reviewed CAS-to-PubChem canonical SMILES mapping,structure,"RDKit Morgan radius=2, 2048-bit fingerprint",none; raw/deterministic transform,False,False,False
morgan_71,M1,reviewed CAS-to-PubChem canonical SMILES mapping,structure,"RDKit Morgan radius=2, 2048-bit fingerprint",none; raw/deterministic transform,False,False,False
morgan_72,M1,reviewed CAS-to-PubChem canonical SMILES mapping,structure,"RDKit Morgan radius=2, 2048-bit fingerprint",none; raw/deterministic transform,False,False,False
morgan_73,M1,reviewed CAS-to-PubChem canonical SMILES mapping,structure,"RDKit Morgan radius=2, 2048-bit fingerprint",none; raw/deterministic transform,False,False,False
morgan_74,M1,reviewed CAS-to-PubChem canonical SMILES mapping,structure,"RDKit Morgan radius=2, 2048-bit fingerprint",none; raw/deterministic transform,False,False,False
morgan_75,M1,reviewed CAS-to-PubChem canonical SMILES mapping,structure,"RDKit Morgan radius=2, 2048-bit fingerprint",none; raw/deterministic transform,False,False,False
morgan_76,M1,reviewed CAS-to-PubChem canonical SMILES mapping,structure,"RDKit Morgan radius=2, 2048-bit fingerprint",none; raw/deterministic transform,False,False,False
morgan_77,M1,reviewed CAS-to-PubChem canonical SMILES mapping,structure,"RDKit Morgan radius=2, 2048-bit fingerprint",none; raw/deterministic transform,False,False,False
morgan_78,M1,reviewed CAS-to-PubChem canonical SMILES mapping,structure,"RDKit Morgan radius=2, 2048-bit fingerprint",none; raw/deterministic transform,False,False,False
morgan_79,M1,reviewed CAS-to-PubChem canonical SMILES mapping,structure,"RDKit Morgan radius=2, 2048-bit fingerprint",none; raw/deterministic transform,False,False,False
morgan_80,M1,reviewed CAS-to-PubChem canonical SMILES mapping,structure,"RDKit Morgan radius=2, 2048-bit fingerprint",none; raw/deterministic transform,False,False,False
morgan_81,M1,reviewed CAS-to-PubChem canonical SMILES mapping,structure,"RDKit Morgan radius=2, 2048-bit fingerprint",none; raw/deterministic transform,False,False,False
morgan_82,M1,reviewed CAS-to-PubChem canonical SMILES mapping,structure,"RDKit Morgan radius=2, 2048-bit fingerprint",none; raw/deterministic transform,False,False,False
morgan_83,M1,reviewed CAS-to-PubChem canonical SMILES mapping,structure,"RDKit Morgan radius=2, 2048-bit fingerprint",none; raw/deterministic transform,False,False,False
morgan_84,M1,reviewed CAS-to-PubChem canonical SMILES mapping,structure,"RDKit Morgan radius=2, 2048-bit fingerprint",none; raw/deterministic transform,False,False,False
morgan_85,M1,reviewed CAS-to-PubChem canonical SMILES mapping,structure,"RDKit Morgan radius=2, 2048-bit fingerprint",none; raw/deterministic transform,False,False,False
morgan_86,M1,reviewed CAS-to-PubChem canonical SMILES mapping,structure,"RDKit Morgan radius=2, 2048-bit fingerprint",none; raw/deterministic transform,False,False,False
morgan_87,M1,reviewed CAS-to-PubChem canonical SMILES mapping,structure,"RDKit Morgan radius=2, 2048-bit fingerprint",none; raw/deterministic transform,False,False,False
morgan_88,M1,reviewed CAS-to-PubChem canonical SMILES mapping,structure,"RDKit Morgan radius=2, 2048-bit fingerprint",none; raw/deterministic transform,False,False,False
morgan_89,M1,reviewed CAS-to-PubChem canonical SMILES mapping,structure,"RDKit Morgan radius=2, 2048-bit fingerprint",none; raw/deterministic transform,False,False,False
morgan_90,M1,reviewed CAS-to-PubChem canonical SMILES mapping,structure,"RDKit Morgan radius=2, 2048-bit fingerprint",none; raw/deterministic transform,False,False,False
morgan_91,M1,reviewed CAS-to-PubChem canonical SMILES mapping,structure,"RDKit Morgan radius=2, 2048-bit fingerprint",none; raw/deterministic transform,False,False,False
morgan_92,M1,reviewed CAS-to-PubChem canonical SMILES mapping,structure,"RDKit Morgan radius=2, 2048-bit fingerprint",none; raw/deterministic transform,False,False,False
morgan_93,M1,reviewed CAS-to-PubChem canonical SMILES mapping,structure,"RDKit Morgan radius=2, 2048-bit fingerprint",none; raw/deterministic transform,False,False,False
morgan_94,M1,reviewed CAS-to-PubChem canonical SMILES mapping,structure,"RDKit Morgan radius=2, 2048-bit fingerprint",none; raw/deterministic transform,False,False,False
morgan_95,M1,reviewed CAS-to-PubChem canonical SMILES mapping,structure,"RDKit Morgan radius=2, 2048-bit fingerprint",none; raw/deterministic transform,False,False,False
morgan_96,M1,reviewed CAS-to-PubChem canonical SMILES mapping,structure,"RDKit Morgan radius=2, 2048-bit fingerprint",none; raw/deterministic transform,False,False,False
morgan_97,M1,reviewed CAS-to-PubChem canonical SMILES mapping,structure,"RDKit Morgan radius=2, 2048-bit fingerprint",none; raw/deterministic transform,False,False,False
morgan_98,M1,reviewed CAS-to-PubChem canonical SMILES mapping,structure,"RDKit Morgan radius=2, 2048-bit fingerprint",none; raw/deterministic transform,False,False,False
morgan_99,M1,reviewed CAS-to-PubChem canonical SMILES mapping,structure,"RDKit Morgan radius=2, 2048-bit fingerprint",none; raw/deterministic transform,False,False,False
morgan_100,M1,reviewed CAS-to-PubChem canonical SMILES mapping,structure,"RDKit Morgan radius=2, 2048-bit fingerprint",none; raw/deterministic transform,False,False,False
morgan_101,M1,reviewed CAS-to-PubChem canonical SMILES mapping,structure,"RDKit Morgan radius=2, 2048-bit fingerprint",none; raw/deterministic transform,False,False,False
morgan_102,M1,reviewed CAS-to-PubChem canonical SMILES mapping,structure,"RDKit Morgan radius=2, 2048-bit fingerprint",none; raw/deterministic transform,False,False,False
morgan_103,M1,reviewed CAS-to-PubChem canonical SMILES mapping,structure,"RDKit Morgan radius=2, 2048-bit fingerprint",none; raw/deterministic transform,False,False,False
morgan_104,M1,reviewed CAS-to-PubChem canonical SMILES mapping,structure,"RDKit Morgan radius=2, 2048-bit fingerprint",none; raw/deterministic transform,False,False,False
morgan_105,M1,reviewed CAS-to-PubChem canonical SMILES mapping,structure,"RDKit Morgan radius=2, 2048-bit fingerprint",none; raw/deterministic transform,False,False,False
morgan_106,M1,reviewed CAS-to-PubChem canonical SMILES mapping,structure,"RDKit Morgan radius=2, 2048-bit fingerprint",none; raw/deterministic transform,False,False,False
morgan_107,M1,reviewed CAS-to-PubChem canonical SMILES mapping,structure,"RDKit Morgan radius=2, 2048-bit fingerprint",none; raw/deterministic transform,False,False,False
morgan_108,M1,reviewed CAS-to-PubChem canonical SMILES mapping,structure,"RDKit Morgan radius=2, 2048-bit fingerprint",none; raw/deterministic transform,False,False,False
morgan_109,M1,reviewed CAS-to-PubChem canonical SMILES mapping,structure,"RDKit Morgan radius=2, 2048-bit fingerprint",none; raw/deterministic transform,False,False,False
morgan_110,M1,reviewed CAS-to-PubChem canonical SMILES mapping,structure,"RDKit Morgan radius=2, 2048-bit fingerprint",none; raw/deterministic transform,False,False,False
morgan_111,M1,reviewed CAS-to-PubChem canonical SMILES mapping,structure,"RDKit Morgan radius=2, 2048-bit fingerprint",none; raw/deterministic transform,False,False,False
morgan_112,M1,reviewed CAS-to-PubChem canonical SMILES mapping,structure,"RDKit Morgan radius=2, 2048-bit fingerprint",none; raw/deterministic transform,False,False,False
morgan_113,M1,reviewed CAS-to-PubChem canonical SMILES mapping,structure,"RDKit Morgan radius=2, 2048-bit fingerprint",none; raw/deterministic transform,False,False,False
morgan_114,M1,reviewed CAS-to-PubChem canonical SMILES mapping,structure,"RDKit Morgan radius=2, 2048-bit fingerprint",none; raw/deterministic transform,False,False,False
morgan_115,M1,reviewed CAS-to-PubChem canonical SMILES mapping,structure,"RDKit Morgan radius=2, 2048-bit fingerprint",none; raw/deterministic transform,False,False,False
morgan_116,M1,reviewed CAS-to-PubChem canonical SMILES mapping,structure,"RDKit Morgan radius=2, 2048-bit fingerprint",none; raw/deterministic transform,False,False,False
morgan_117,M1,reviewed CAS-to-PubChem canonical SMILES mapping,structure,"RDKit Morgan radius=2, 2048-bit fingerprint",none; raw/deterministic transform,False,False,False
morgan_118,M1,reviewed CAS-to-PubChem canonical SMILES mapping,structure,"RDKit Morgan radius=2, 2048-bit fingerprint",none; raw/deterministic transform,False,False,False
morgan_119,M1,reviewed CAS-to-PubChem canonical SMILES mapping,structure,"RDKit Morgan radius=2, 2048-bit fingerprint",none; raw/deterministic transform,False,False,False
morgan_120,M1,reviewed CAS-to-PubChem canonical SMILES mapping,structure,"RDKit Morgan radius=2, 2048-bit fingerprint",none; raw/deterministic transform,False,False,False
morgan_121,M1,reviewed CAS-to-PubChem canonical SMILES mapping,structure,"RDKit Morgan radius=2, 2048-bit fingerprint",none; raw/deterministic transform,False,False,False
morgan_122,M1,reviewed CAS-to-PubChem canonical SMILES mapping,structure,"RDKit Morgan radius=2, 2048-bit fingerprint",none; raw/deterministic transform,False,False,False
morgan_123,M1,reviewed CAS-to-PubChem canonical SMILES mapping,structure,"RDKit Morgan radius=2, 2048-bit fingerprint",none; raw/deterministic transform,False,False,False
morgan_124,M1,reviewed CAS-to-PubChem canonical SMILES mapping,structure,"RDKit Morgan radius=2, 2048-bit fingerprint",none; raw/deterministic transform,False,False,False
morgan_125,M1,reviewed CAS-to-PubChem canonical SMILES mapping,structure,"RDKit Morgan radius=2, 2048-bit fingerprint",none; raw/deterministic transform,False,False,False
morgan_126,M1,reviewed CAS-to-PubChem canonical SMILES mapping,structure,"RDKit Morgan radius=2, 2048-bit fingerprint",none; raw/deterministic transform,False,False,False
morgan_127,M1,reviewed CAS-to-PubChem canonical SMILES mapping,structure,"RDKit Morgan radius=2, 2048-bit fingerprint",none; raw/deterministic transform,False,False,False
morgan_128,M1,reviewed CAS-to-PubChem canonical SMILES mapping,structure,"RDKit Morgan radius=2, 2048-bit fingerprint",none; raw/deterministic transform,False,False,False
morgan_129,M1,reviewed CAS-to-PubChem canonical SMILES mapping,structure,"RDKit Morgan radius=2, 2048-bit fingerprint",none; raw/deterministic transform,False,False,False
morgan_130,M1,reviewed CAS-to-PubChem canonical SMILES mapping,structure,"RDKit Morgan radius=2, 2048-bit fingerprint",none; raw/deterministic transform,False,False,False
morgan_131,M1,reviewed CAS-to-PubChem canonical SMILES mapping,structure,"RDKit Morgan radius=2, 2048-bit fingerprint",none; raw/deterministic transform,False,False,False
morgan_132,M1,reviewed CAS-to-PubChem canonical SMILES mapping,structure,"RDKit Morgan radius=2, 2048-bit fingerprint",none; raw/deterministic transform,False,False,False
morgan_133,M1,reviewed CAS-to-PubChem canonical SMILES mapping,structure,"RDKit Morgan radius=2, 2048-bit fingerprint",none; raw/deterministic transform,False,False,False
morgan_134,M1,reviewed CAS-to-PubChem canonical SMILES mapping,structure,"RDKit Morgan radius=2, 2048-bit fingerprint",none; raw/deterministic transform,False,False,False
morgan_135,M1,reviewed CAS-to-PubChem canonical SMILES mapping,structure,"RDKit Morgan radius=2, 2048-bit fingerprint",none; raw/deterministic transform,False,False,False
morgan_136,M1,reviewed CAS-to-PubChem canonical SMILES mapping,structure,"RDKit Morgan radius=2, 2048-bit fingerprint",none; raw/deterministic transform,False,False,False
morgan_137,M1,reviewed CAS-to-PubChem canonical SMILES mapping,structure,"RDKit Morgan radius=2, 2048-bit fingerprint",none; raw/deterministic transform,False,False,False
morgan_138,M1,reviewed CAS-to-PubChem canonical SMILES mapping,structure,"RDKit Morgan radius=2, 2048-bit fingerprint",none; raw/deterministic transform,False,False,False
morgan_139,M1,reviewed CAS-to-PubChem canonical SMILES mapping,structure,"RDKit Morgan radius=2, 2048-bit fingerprint",none; raw/deterministic transform,False,False,False
morgan_140,M1,reviewed CAS-to-PubChem canonical SMILES mapping,structure,"RDKit Morgan radius=2, 2048-bit fingerprint",none; raw/deterministic transform,False,False,False
morgan_141,M1,reviewed CAS-to-PubChem canonical SMILES mapping,structure,"RDKit Morgan radius=2, 2048-bit fingerprint",none; raw/deterministic transform,False,False,False
morgan_142,M1,reviewed CAS-to-PubChem canonical SMILES mapping,structure,"RDKit Morgan radius=2, 2048-bit fingerprint",none; raw/deterministic transform,False,False,False
morgan_143,M1,reviewed CAS-to-PubChem canonical SMILES mapping,structure,"RDKit Morgan radius=2, 2048-bit fingerprint",none; raw/deterministic transform,False,False,False
morgan_144,M1,reviewed CAS-to-PubChem canonical SMILES mapping,structure,"RDKit Morgan radius=2, 2048-bit fingerprint",none; raw/deterministic transform,False,False,False
morgan_145,M1,reviewed CAS-to-PubChem canonical SMILES mapping,structure,"RDKit Morgan radius=2, 2048-bit fingerprint",none; raw/deterministic transform,False,False,False
morgan_146,M1,reviewed CAS-to-PubChem canonical SMILES mapping,structure,"RDKit Morgan radius=2, 2048-bit fingerprint",none; raw/deterministic transform,False,False,False
morgan_147,M1,reviewed CAS-to-PubChem canonical SMILES mapping,structure,"RDKit Morgan radius=2, 2048-bit fingerprint",none; raw/deterministic transform,False,False,False
morgan_148,M1,reviewed CAS-to-PubChem canonical SMILES mapping,structure,"RDKit Morgan radius=2, 2048-bit fingerprint",none; raw/deterministic transform,False,False,False
morgan_149,M1,reviewed CAS-to-PubChem canonical SMILES mapping,structure,"RDKit Morgan radius=2, 2048-bit fingerprint",none; raw/deterministic transform,False,False,False
morgan_150,M1,reviewed CAS-to-PubChem canonical SMILES mapping,structure,"RDKit Morgan radius=2, 2048-bit fingerprint",none; raw/deterministic transform,False,False,False
morgan_151,M1,reviewed CAS-to-PubChem canonical SMILES mapping,structure,"RDKit Morgan radius=2, 2048-bit fingerprint",none; raw/deterministic transform,False,False,False
morgan_152,M1,reviewed CAS-to-PubChem canonical SMILES mapping,structure,"RDKit Morgan radius=2, 2048-bit fingerprint",none; raw/deterministic transform,False,False,False
morgan_153,M1,reviewed CAS-to-PubChem canonical SMILES mapping,structure,"RDKit Morgan radius=2, 2048-bit fingerprint",none; raw/deterministic transform,False,False,False
morgan_154,M1,reviewed CAS-to-PubChem canonical SMILES mapping,structure,"RDKit Morgan radius=2, 2048-bit fingerprint",none; raw/deterministic transform,False,False,False
morgan_155,M1,reviewed CAS-to-PubChem canonical SMILES mapping,structure,"RDKit Morgan radius=2, 2048-bit fingerprint",none; raw/deterministic transform,False,False,False
morgan_156,M1,reviewed CAS-to-PubChem canonical SMILES mapping,structure,"RDKit Morgan radius=2, 2048-bit fingerprint",none; raw/deterministic transform,False,False,False
morgan_157,M1,reviewed CAS-to-PubChem canonical SMILES mapping,structure,"RDKit Morgan radius=2, 2048-bit fingerprint",none; raw/deterministic transform,False,False,False
morgan_158,M1,reviewed CAS-to-PubChem canonical SMILES mapping,structure,"RDKit Morgan radius=2, 2048-bit fingerprint",none; raw/deterministic transform,False,False,False
morgan_159,M1,reviewed CAS-to-PubChem canonical SMILES mapping,structure,"RDKit Morgan radius=2, 2048-bit fingerprint",none; raw/deterministic transform,False,False,False
morgan_160,M1,reviewed CAS-to-PubChem canonical SMILES mapping,structure,"RDKit Morgan radius=2, 2048-bit fingerprint",none; raw/deterministic transform,False,False,False
morgan_161,M1,reviewed CAS-to-PubChem canonical SMILES mapping,structure,"RDKit Morgan radius=2, 2048-bit fingerprint",none; raw/deterministic transform,False,False,False
morgan_162,M1,reviewed CAS-to-PubChem canonical SMILES mapping,structure,"RDKit Morgan radius=2, 2048-bit fingerprint",none; raw/deterministic transform,False,False,False
morgan_163,M1,reviewed CAS-to-PubChem canonical SMILES mapping,structure,"RDKit Morgan radius=2, 2048-bit fingerprint",none; raw/deterministic transform,False,False,False
morgan_164,M1,reviewed CAS-to-PubChem canonical SMILES mapping,structure,"RDKit Morgan radius=2, 2048-bit fingerprint",none; raw/deterministic transform,False,False,False
morgan_165,M1,reviewed CAS-to-PubChem canonical SMILES mapping,structure,"RDKit Morgan radius=2, 2048-bit fingerprint",none; raw/deterministic transform,False,False,False
morgan_166,M1,reviewed CAS-to-PubChem canonical SMILES mapping,structure,"RDKit Morgan radius=2, 2048-bit fingerprint",none; raw/deterministic transform,False,False,False
morgan_167,M1,reviewed CAS-to-PubChem canonical SMILES mapping,structure,"RDKit Morgan radius=2, 2048-bit fingerprint",none; raw/deterministic transform,False,False,False
morgan_168,M1,reviewed CAS-to-PubChem canonical SMILES mapping,structure,"RDKit Morgan radius=2, 2048-bit fingerprint",none; raw/deterministic transform,False,False,False
morgan_169,M1,reviewed CAS-to-PubChem canonical SMILES mapping,structure,"RDKit Morgan radius=2, 2048-bit fingerprint",none; raw/deterministic transform,False,False,False
morgan_170,M1,reviewed CAS-to-PubChem canonical SMILES mapping,structure,"RDKit Morgan radius=2, 2048-bit fingerprint",none; raw/deterministic transform,False,False,False
morgan_171,M1,reviewed CAS-to-PubChem canonical SMILES mapping,structure,"RDKit Morgan radius=2, 2048-bit fingerprint",none; raw/deterministic transform,False,False,False
morgan_172,M1,reviewed CAS-to-PubChem canonical SMILES mapping,structure,"RDKit Morgan radius=2, 2048-bit fingerprint",none; raw/deterministic transform,False,False,False
morgan_173,M1,reviewed CAS-to-PubChem canonical SMILES mapping,structure,"RDKit Morgan radius=2, 2048-bit fingerprint",none; raw/deterministic transform,False,False,False
morgan_174,M1,reviewed CAS-to-PubChem canonical SMILES mapping,structure,"RDKit Morgan radius=2, 2048-bit fingerprint",none; raw/deterministic transform,False,False,False
morgan_175,M1,reviewed CAS-to-PubChem canonical SMILES mapping,structure,"RDKit Morgan radius=2, 2048-bit fingerprint",none; raw/deterministic transform,False,False,False
morgan_176,M1,reviewed CAS-to-PubChem canonical SMILES mapping,structure,"RDKit Morgan radius=2, 2048-bit fingerprint",none; raw/deterministic transform,False,False,False
morgan_177,M1,reviewed CAS-to-PubChem canonical SMILES mapping,structure,"RDKit Morgan radius=2, 2048-bit fingerprint",none; raw/deterministic transform,False,False,False
morgan_178,M1,reviewed CAS-to-PubChem canonical SMILES mapping,structure,"RDKit Morgan radius=2, 2048-bit fingerprint",none; raw/deterministic transform,False,False,False
morgan_179,M1,reviewed CAS-to-PubChem canonical SMILES mapping,structure,"RDKit Morgan radius=2, 2048-bit fingerprint",none; raw/deterministic transform,False,False,False
morgan_180,M1,reviewed CAS-to-PubChem canonical SMILES mapping,structure,"RDKit Morgan radius=2, 2048-bit fingerprint",none; raw/deterministic transform,False,False,False
morgan_181,M1,reviewed CAS-to-PubChem canonical SMILES mapping,structure,"RDKit Morgan radius=2, 2048-bit fingerprint",none; raw/deterministic transform,False,False,False
morgan_182,M1,reviewed CAS-to-PubChem canonical SMILES mapping,structure,"RDKit Morgan radius=2, 2048-bit fingerprint",none; raw/deterministic transform,False,False,False
morgan_183,M1,reviewed CAS-to-PubChem canonical SMILES mapping,structure,"RDKit Morgan radius=2, 2048-bit fingerprint",none; raw/deterministic transform,False,False,False
morgan_184,M1,reviewed CAS-to-PubChem canonical SMILES mapping,structure,"RDKit Morgan radius=2, 2048-bit fingerprint",none; raw/deterministic transform,False,False,False
morgan_185,M1,reviewed CAS-to-PubChem canonical SMILES mapping,structure,"RDKit Morgan radius=2, 2048-bit fingerprint",none; raw/deterministic transform,False,False,False
morgan_186,M1,reviewed CAS-to-PubChem canonical SMILES mapping,structure,"RDKit Morgan radius=2, 2048-bit fingerprint",none; raw/deterministic transform,False,False,False
morgan_187,M1,reviewed CAS-to-PubChem canonical SMILES mapping,structure,"RDKit Morgan radius=2, 2048-bit fingerprint",none; raw/deterministic transform,False,False,False
morgan_188,M1,reviewed CAS-to-PubChem canonical SMILES mapping,structure,"RDKit Morgan radius=2, 2048-bit fingerprint",none; raw/deterministic transform,False,False,False
morgan_189,M1,reviewed CAS-to-PubChem canonical SMILES mapping,structure,"RDKit Morgan radius=2, 2048-bit fingerprint",none; raw/deterministic transform,False,False,False
morgan_190,M1,reviewed CAS-to-PubChem canonical SMILES mapping,structure,"RDKit Morgan radius=2, 2048-bit fingerprint",none; raw/deterministic transform,False,False,False
morgan_191,M1,reviewed CAS-to-PubChem canonical SMILES mapping,structure,"RDKit Morgan radius=2, 2048-bit fingerprint",none; raw/deterministic transform,False,False,False
morgan_192,M1,reviewed CAS-to-PubChem canonical SMILES mapping,structure,"RDKit Morgan radius=2, 2048-bit fingerprint",none; raw/deterministic transform,False,False,False
morgan_193,M1,reviewed CAS-to-PubChem canonical SMILES mapping,structure,"RDKit Morgan radius=2, 2048-bit fingerprint",none; raw/deterministic transform,False,False,False
morgan_194,M1,reviewed CAS-to-PubChem canonical SMILES mapping,structure,"RDKit Morgan radius=2, 2048-bit fingerprint",none; raw/deterministic transform,False,False,False
morgan_195,M1,reviewed CAS-to-PubChem canonical SMILES mapping,structure,"RDKit Morgan radius=2, 2048-bit fingerprint",none; raw/deterministic transform,False,False,False
morgan_196,M1,reviewed CAS-to-PubChem canonical SMILES mapping,structure,"RDKit Morgan radius=2, 2048-bit fingerprint",none; raw/deterministic transform,False,False,False
morgan_197,M1,reviewed CAS-to-PubChem canonical SMILES mapping,structure,"RDKit Morgan radius=2, 2048-bit fingerprint",none; raw/deterministic transform,False,False,False
morgan_198,M1,reviewed CAS-to-PubChem canonical SMILES mapping,structure,"RDKit Morgan radius=2, 2048-bit fingerprint",none; raw/deterministic transform,False,False,False
morgan_199,M1,reviewed CAS-to-PubChem canonical SMILES mapping,structure,"RDKit Morgan radius=2, 2048-bit fingerprint",none; raw/deterministic transform,False,False,False
morgan_200,M1,reviewed CAS-to-PubChem canonical SMILES mapping,structure,"RDKit Morgan radius=2, 2048-bit fingerprint",none; raw/deterministic transform,False,False,False
morgan_201,M1,reviewed CAS-to-PubChem canonical SMILES mapping,structure,"RDKit Morgan radius=2, 2048-bit fingerprint",none; raw/deterministic transform,False,False,False
morgan_202,M1,reviewed CAS-to-PubChem canonical SMILES mapping,structure,"RDKit Morgan radius=2, 2048-bit fingerprint",none; raw/deterministic transform,False,False,False
morgan_203,M1,reviewed CAS-to-PubChem canonical SMILES mapping,structure,"RDKit Morgan radius=2, 2048-bit fingerprint",none; raw/deterministic transform,False,False,False
morgan_204,M1,reviewed CAS-to-PubChem canonical SMILES mapping,structure,"RDKit Morgan radius=2, 2048-bit fingerprint",none; raw/deterministic transform,False,False,False
morgan_205,M1,reviewed CAS-to-PubChem canonical SMILES mapping,structure,"RDKit Morgan radius=2, 2048-bit fingerprint",none; raw/deterministic transform,False,False,False
morgan_206,M1,reviewed CAS-to-PubChem canonical SMILES mapping,structure,"RDKit Morgan radius=2, 2048-bit fingerprint",none; raw/deterministic transform,False,False,False
morgan_207,M1,reviewed CAS-to-PubChem canonical SMILES mapping,structure,"RDKit Morgan radius=2, 2048-bit fingerprint",none; raw/deterministic transform,False,False,False
morgan_208,M1,reviewed CAS-to-PubChem canonical SMILES mapping,structure,"RDKit Morgan radius=2, 2048-bit fingerprint",none; raw/deterministic transform,False,False,False
morgan_209,M1,reviewed CAS-to-PubChem canonical SMILES mapping,structure,"RDKit Morgan radius=2, 2048-bit fingerprint",none; raw/deterministic transform,False,False,False
morgan_210,M1,reviewed CAS-to-PubChem canonical SMILES mapping,structure,"RDKit Morgan radius=2, 2048-bit fingerprint",none; raw/deterministic transform,False,False,False
morgan_211,M1,reviewed CAS-to-PubChem canonical SMILES mapping,structure,"RDKit Morgan radius=2, 2048-bit fingerprint",none; raw/deterministic transform,False,False,False
morgan_212,M1,reviewed CAS-to-PubChem canonical SMILES mapping,structure,"RDKit Morgan radius=2, 2048-bit fingerprint",none; raw/deterministic transform,False,False,False
morgan_213,M1,reviewed CAS-to-PubChem canonical SMILES mapping,structure,"RDKit Morgan radius=2, 2048-bit fingerprint",none; raw/deterministic transform,False,False,False
morgan_214,M1,reviewed CAS-to-PubChem canonical SMILES mapping,structure,"RDKit Morgan radius=2, 2048-bit fingerprint",none; raw/deterministic transform,False,False,False
morgan_215,M1,reviewed CAS-to-PubChem canonical SMILES mapping,structure,"RDKit Morgan radius=2, 2048-bit fingerprint",none; raw/deterministic transform,False,False,False
morgan_216,M1,reviewed CAS-to-PubChem canonical SMILES mapping,structure,"RDKit Morgan radius=2, 2048-bit fingerprint",none; raw/deterministic transform,False,False,False
morgan_217,M1,reviewed CAS-to-PubChem canonical SMILES mapping,structure,"RDKit Morgan radius=2, 2048-bit fingerprint",none; raw/deterministic transform,False,False,False
morgan_218,M1,reviewed CAS-to-PubChem canonical SMILES mapping,structure,"RDKit Morgan radius=2, 2048-bit fingerprint",none; raw/deterministic transform,False,False,False
morgan_219,M1,reviewed CAS-to-PubChem canonical SMILES mapping,structure,"RDKit Morgan radius=2, 2048-bit fingerprint",none; raw/deterministic transform,False,False,False
morgan_220,M1,reviewed CAS-to-PubChem canonical SMILES mapping,structure,"RDKit Morgan radius=2, 2048-bit fingerprint",none; raw/deterministic transform,False,False,False
morgan_221,M1,reviewed CAS-to-PubChem canonical SMILES mapping,structure,"RDKit Morgan radius=2, 2048-bit fingerprint",none; raw/deterministic transform,False,False,False
morgan_222,M1,reviewed CAS-to-PubChem canonical SMILES mapping,structure,"RDKit Morgan radius=2, 2048-bit fingerprint",none; raw/deterministic transform,False,False,False
morgan_223,M1,reviewed CAS-to-PubChem canonical SMILES mapping,structure,"RDKit Morgan radius=2, 2048-bit fingerprint",none; raw/deterministic transform,False,False,False
morgan_224,M1,reviewed CAS-to-PubChem canonical SMILES mapping,structure,"RDKit Morgan radius=2, 2048-bit fingerprint",none; raw/deterministic transform,False,False,False
morgan_225,M1,reviewed CAS-to-PubChem canonical SMILES mapping,structure,"RDKit Morgan radius=2, 2048-bit fingerprint",none; raw/deterministic transform,False,False,False
morgan_226,M1,reviewed CAS-to-PubChem canonical SMILES mapping,structure,"RDKit Morgan radius=2, 2048-bit fingerprint",none; raw/deterministic transform,False,False,False
morgan_227,M1,reviewed CAS-to-PubChem canonical SMILES mapping,structure,"RDKit Morgan radius=2, 2048-bit fingerprint",none; raw/deterministic transform,False,False,False
morgan_228,M1,reviewed CAS-to-PubChem canonical SMILES mapping,structure,"RDKit Morgan radius=2, 2048-bit fingerprint",none; raw/deterministic transform,False,False,False
morgan_229,M1,reviewed CAS-to-PubChem canonical SMILES mapping,structure,"RDKit Morgan radius=2, 2048-bit fingerprint",none; raw/deterministic transform,False,False,False
morgan_230,M1,reviewed CAS-to-PubChem canonical SMILES mapping,structure,"RDKit Morgan radius=2, 2048-bit fingerprint",none; raw/deterministic transform,False,False,False
morgan_231,M1,reviewed CAS-to-PubChem canonical SMILES mapping,structure,"RDKit Morgan radius=2, 2048-bit fingerprint",none; raw/deterministic transform,False,False,False
morgan_232,M1,reviewed CAS-to-PubChem canonical SMILES mapping,structure,"RDKit Morgan radius=2, 2048-bit fingerprint",none; raw/deterministic transform,False,False,False
morgan_233,M1,reviewed CAS-to-PubChem canonical SMILES mapping,structure,"RDKit Morgan radius=2, 2048-bit fingerprint",none; raw/deterministic transform,False,False,False
morgan_234,M1,reviewed CAS-to-PubChem canonical SMILES mapping,structure,"RDKit Morgan radius=2, 2048-bit fingerprint",none; raw/deterministic transform,False,False,False
morgan_235,M1,reviewed CAS-to-PubChem canonical SMILES mapping,structure,"RDKit Morgan radius=2, 2048-bit fingerprint",none; raw/deterministic transform,False,False,False
morgan_236,M1,reviewed CAS-to-PubChem canonical SMILES mapping,structure,"RDKit Morgan radius=2, 2048-bit fingerprint",none; raw/deterministic transform,False,False,False
morgan_237,M1,reviewed CAS-to-PubChem canonical SMILES mapping,structure,"RDKit Morgan radius=2, 2048-bit fingerprint",none; raw/deterministic transform,False,False,False
morgan_238,M1,reviewed CAS-to-PubChem canonical SMILES mapping,structure,"RDKit Morgan radius=2, 2048-bit fingerprint",none; raw/deterministic transform,False,False,False
morgan_239,M1,reviewed CAS-to-PubChem canonical SMILES mapping,structure,"RDKit Morgan radius=2, 2048-bit fingerprint",none; raw/deterministic transform,False,False,False
morgan_240,M1,reviewed CAS-to-PubChem canonical SMILES mapping,structure,"RDKit Morgan radius=2, 2048-bit fingerprint",none; raw/deterministic transform,False,False,False
morgan_241,M1,reviewed CAS-to-PubChem canonical SMILES mapping,structure,"RDKit Morgan radius=2, 2048-bit fingerprint",none; raw/deterministic transform,False,False,False
morgan_242,M1,reviewed CAS-to-PubChem canonical SMILES mapping,structure,"RDKit Morgan radius=2, 2048-bit fingerprint",none; raw/deterministic transform,False,False,False
morgan_243,M1,reviewed CAS-to-PubChem canonical SMILES mapping,structure,"RDKit Morgan radius=2, 2048-bit fingerprint",none; raw/deterministic transform,False,False,False
morgan_244,M1,reviewed CAS-to-PubChem canonical SMILES mapping,structure,"RDKit Morgan radius=2, 2048-bit fingerprint",none; raw/deterministic transform,False,False,False
morgan_245,M1,reviewed CAS-to-PubChem canonical SMILES mapping,structure,"RDKit Morgan radius=2, 2048-bit fingerprint",none; raw/deterministic transform,False,False,False
morgan_246,M1,reviewed CAS-to-PubChem canonical SMILES mapping,structure,"RDKit Morgan radius=2, 2048-bit fingerprint",none; raw/deterministic transform,False,False,False
morgan_247,M1,reviewed CAS-to-PubChem canonical SMILES mapping,structure,"RDKit Morgan radius=2, 2048-bit fingerprint",none; raw/deterministic transform,False,False,False
morgan_248,M1,reviewed CAS-to-PubChem canonical SMILES mapping,structure,"RDKit Morgan radius=2, 2048-bit fingerprint",none; raw/deterministic transform,False,False,False
morgan_249,M1,reviewed CAS-to-PubChem canonical SMILES mapping,structure,"RDKit Morgan radius=2, 2048-bit fingerprint",none; raw/deterministic transform,False,False,False
morgan_250,M1,reviewed CAS-to-PubChem canonical SMILES mapping,structure,"RDKit Morgan radius=2, 2048-bit fingerprint",none; raw/deterministic transform,False,False,False
morgan_251,M1,reviewed CAS-to-PubChem canonical SMILES mapping,structure,"RDKit Morgan radius=2, 2048-bit fingerprint",none; raw/deterministic transform,False,False,False
morgan_252,M1,reviewed CAS-to-PubChem canonical SMILES mapping,structure,"RDKit Morgan radius=2, 2048-bit fingerprint",none; raw/deterministic transform,False,False,False
morgan_253,M1,reviewed CAS-to-PubChem canonical SMILES mapping,structure,"RDKit Morgan radius=2, 2048-bit fingerprint",none; raw/deterministic transform,False,False,False
morgan_254,M1,reviewed CAS-to-PubChem canonical SMILES mapping,structure,"RDKit Morgan radius=2, 2048-bit fingerprint",none; raw/deterministic transform,False,False,False
morgan_255,M1,reviewed CAS-to-PubChem canonical SMILES mapping,structure,"RDKit Morgan radius=2, 2048-bit fingerprint",none; raw/deterministic transform,False,False,False
morgan_256,M1,reviewed CAS-to-PubChem canonical SMILES mapping,structure,"RDKit Morgan radius=2, 2048-bit fingerprint",none; raw/deterministic transform,False,False,False
morgan_257,M1,reviewed CAS-to-PubChem canonical SMILES mapping,structure,"RDKit Morgan radius=2, 2048-bit fingerprint",none; raw/deterministic transform,False,False,False
morgan_258,M1,reviewed CAS-to-PubChem canonical SMILES mapping,structure,"RDKit Morgan radius=2, 2048-bit fingerprint",none; raw/deterministic transform,False,False,False
morgan_259,M1,reviewed CAS-to-PubChem canonical SMILES mapping,structure,"RDKit Morgan radius=2, 2048-bit fingerprint",none; raw/deterministic transform,False,False,False
morgan_260,M1,reviewed CAS-to-PubChem canonical SMILES mapping,structure,"RDKit Morgan radius=2, 2048-bit fingerprint",none; raw/deterministic transform,False,False,False
morgan_261,M1,reviewed CAS-to-PubChem canonical SMILES mapping,structure,"RDKit Morgan radius=2, 2048-bit fingerprint",none; raw/deterministic transform,False,False,False
morgan_262,M1,reviewed CAS-to-PubChem canonical SMILES mapping,structure,"RDKit Morgan radius=2, 2048-bit fingerprint",none; raw/deterministic transform,False,False,False
morgan_263,M1,reviewed CAS-to-PubChem canonical SMILES mapping,structure,"RDKit Morgan radius=2, 2048-bit fingerprint",none; raw/deterministic transform,False,False,False
morgan_264,M1,reviewed CAS-to-PubChem canonical SMILES mapping,structure,"RDKit Morgan radius=2, 2048-bit fingerprint",none; raw/deterministic transform,False,False,False
morgan_265,M1,reviewed CAS-to-PubChem canonical SMILES mapping,structure,"RDKit Morgan radius=2, 2048-bit fingerprint",none; raw/deterministic transform,False,False,False
morgan_266,M1,reviewed CAS-to-PubChem canonical SMILES mapping,structure,"RDKit Morgan radius=2, 2048-bit fingerprint",none; raw/deterministic transform,False,False,False
morgan_267,M1,reviewed CAS-to-PubChem canonical SMILES mapping,structure,"RDKit Morgan radius=2, 2048-bit fingerprint",none; raw/deterministic transform,False,False,False
morgan_268,M1,reviewed CAS-to-PubChem canonical SMILES mapping,structure,"RDKit Morgan radius=2, 2048-bit fingerprint",none; raw/deterministic transform,False,False,False
morgan_269,M1,reviewed CAS-to-PubChem canonical SMILES mapping,structure,"RDKit Morgan radius=2, 2048-bit fingerprint",none; raw/deterministic transform,False,False,False
morgan_270,M1,reviewed CAS-to-PubChem canonical SMILES mapping,structure,"RDKit Morgan radius=2, 2048-bit fingerprint",none; raw/deterministic transform,False,False,False
morgan_271,M1,reviewed CAS-to-PubChem canonical SMILES mapping,structure,"RDKit Morgan radius=2, 2048-bit fingerprint",none; raw/deterministic transform,False,False,False
morgan_272,M1,reviewed CAS-to-PubChem canonical SMILES mapping,structure,"RDKit Morgan radius=2, 2048-bit fingerprint",none; raw/deterministic transform,False,False,False
morgan_273,M1,reviewed CAS-to-PubChem canonical SMILES mapping,structure,"RDKit Morgan radius=2, 2048-bit fingerprint",none; raw/deterministic transform,False,False,False
morgan_274,M1,reviewed CAS-to-PubChem canonical SMILES mapping,structure,"RDKit Morgan radius=2, 2048-bit fingerprint",none; raw/deterministic transform,False,False,False
morgan_275,M1,reviewed CAS-to-PubChem canonical SMILES mapping,structure,"RDKit Morgan radius=2, 2048-bit fingerprint",none; raw/deterministic transform,False,False,False
morgan_276,M1,reviewed CAS-to-PubChem canonical SMILES mapping,structure,"RDKit Morgan radius=2, 2048-bit fingerprint",none; raw/deterministic transform,False,False,False
morgan_277,M1,reviewed CAS-to-PubChem canonical SMILES mapping,structure,"RDKit Morgan radius=2, 2048-bit fingerprint",none; raw/deterministic transform,False,False,False
morgan_278,M1,reviewed CAS-to-PubChem canonical SMILES mapping,structure,"RDKit Morgan radius=2, 2048-bit fingerprint",none; raw/deterministic transform,False,False,False
morgan_279,M1,reviewed CAS-to-PubChem canonical SMILES mapping,structure,"RDKit Morgan radius=2, 2048-bit fingerprint",none; raw/deterministic transform,False,False,False
morgan_280,M1,reviewed CAS-to-PubChem canonical SMILES mapping,structure,"RDKit Morgan radius=2, 2048-bit fingerprint",none; raw/deterministic transform,False,False,False
morgan_281,M1,reviewed CAS-to-PubChem canonical SMILES mapping,structure,"RDKit Morgan radius=2, 2048-bit fingerprint",none; raw/deterministic transform,False,False,False
morgan_282,M1,reviewed CAS-to-PubChem canonical SMILES mapping,structure,"RDKit Morgan radius=2, 2048-bit fingerprint",none; raw/deterministic transform,False,False,False
morgan_283,M1,reviewed CAS-to-PubChem canonical SMILES mapping,structure,"RDKit Morgan radius=2, 2048-bit fingerprint",none; raw/deterministic transform,False,False,False
morgan_284,M1,reviewed CAS-to-PubChem canonical SMILES mapping,structure,"RDKit Morgan radius=2, 2048-bit fingerprint",none; raw/deterministic transform,False,False,False
morgan_285,M1,reviewed CAS-to-PubChem canonical SMILES mapping,structure,"RDKit Morgan radius=2, 2048-bit fingerprint",none; raw/deterministic transform,False,False,False
morgan_286,M1,reviewed CAS-to-PubChem canonical SMILES mapping,structure,"RDKit Morgan radius=2, 2048-bit fingerprint",none; raw/deterministic transform,False,False,False
morgan_287,M1,reviewed CAS-to-PubChem canonical SMILES mapping,structure,"RDKit Morgan radius=2, 2048-bit fingerprint",none; raw/deterministic transform,False,False,False
morgan_288,M1,reviewed CAS-to-PubChem canonical SMILES mapping,structure,"RDKit Morgan radius=2, 2048-bit fingerprint",none; raw/deterministic transform,False,False,False
morgan_289,M1,reviewed CAS-to-PubChem canonical SMILES mapping,structure,"RDKit Morgan radius=2, 2048-bit fingerprint",none; raw/deterministic transform,False,False,False
morgan_290,M1,reviewed CAS-to-PubChem canonical SMILES mapping,structure,"RDKit Morgan radius=2, 2048-bit fingerprint",none; raw/deterministic transform,False,False,False
morgan_291,M1,reviewed CAS-to-PubChem canonical SMILES mapping,structure,"RDKit Morgan radius=2, 2048-bit fingerprint",none; raw/deterministic transform,False,False,False
morgan_292,M1,reviewed CAS-to-PubChem canonical SMILES mapping,structure,"RDKit Morgan radius=2, 2048-bit fingerprint",none; raw/deterministic transform,False,False,False
morgan_293,M1,reviewed CAS-to-PubChem canonical SMILES mapping,structure,"RDKit Morgan radius=2, 2048-bit fingerprint",none; raw/deterministic transform,False,False,False
morgan_294,M1,reviewed CAS-to-PubChem canonical SMILES mapping,structure,"RDKit Morgan radius=2, 2048-bit fingerprint",none; raw/deterministic transform,False,False,False
morgan_295,M1,reviewed CAS-to-PubChem canonical SMILES mapping,structure,"RDKit Morgan radius=2, 2048-bit fingerprint",none; raw/deterministic transform,False,False,False
morgan_296,M1,reviewed CAS-to-PubChem canonical SMILES mapping,structure,"RDKit Morgan radius=2, 2048-bit fingerprint",none; raw/deterministic transform,False,False,False
morgan_297,M1,reviewed CAS-to-PubChem canonical SMILES mapping,structure,"RDKit Morgan radius=2, 2048-bit fingerprint",none; raw/deterministic transform,False,False,False
morgan_298,M1,reviewed CAS-to-PubChem canonical SMILES mapping,structure,"RDKit Morgan radius=2, 2048-bit fingerprint",none; raw/deterministic transform,False,False,False
morgan_299,M1,reviewed CAS-to-PubChem canonical SMILES mapping,structure,"RDKit Morgan radius=2, 2048-bit fingerprint",none; raw/deterministic transform,False,False,False
morgan_300,M1,reviewed CAS-to-PubChem canonical SMILES mapping,structure,"RDKit Morgan radius=2, 2048-bit fingerprint",none; raw/deterministic transform,False,False,False
morgan_301,M1,reviewed CAS-to-PubChem canonical SMILES mapping,structure,"RDKit Morgan radius=2, 2048-bit fingerprint",none; raw/deterministic transform,False,False,False
morgan_302,M1,reviewed CAS-to-PubChem canonical SMILES mapping,structure,"RDKit Morgan radius=2, 2048-bit fingerprint",none; raw/deterministic transform,False,False,False
morgan_303,M1,reviewed CAS-to-PubChem canonical SMILES mapping,structure,"RDKit Morgan radius=2, 2048-bit fingerprint",none; raw/deterministic transform,False,False,False
morgan_304,M1,reviewed CAS-to-PubChem canonical SMILES mapping,structure,"RDKit Morgan radius=2, 2048-bit fingerprint",none; raw/deterministic transform,False,False,False
morgan_305,M1,reviewed CAS-to-PubChem canonical SMILES mapping,structure,"RDKit Morgan radius=2, 2048-bit fingerprint",none; raw/deterministic transform,False,False,False
morgan_306,M1,reviewed CAS-to-PubChem canonical SMILES mapping,structure,"RDKit Morgan radius=2, 2048-bit fingerprint",none; raw/deterministic transform,False,False,False
morgan_307,M1,reviewed CAS-to-PubChem canonical SMILES mapping,structure,"RDKit Morgan radius=2, 2048-bit fingerprint",none; raw/deterministic transform,False,False,False
morgan_308,M1,reviewed CAS-to-PubChem canonical SMILES mapping,structure,"RDKit Morgan radius=2, 2048-bit fingerprint",none; raw/deterministic transform,False,False,False
morgan_309,M1,reviewed CAS-to-PubChem canonical SMILES mapping,structure,"RDKit Morgan radius=2, 2048-bit fingerprint",none; raw/deterministic transform,False,False,False
morgan_310,M1,reviewed CAS-to-PubChem canonical SMILES mapping,structure,"RDKit Morgan radius=2, 2048-bit fingerprint",none; raw/deterministic transform,False,False,False
morgan_311,M1,reviewed CAS-to-PubChem canonical SMILES mapping,structure,"RDKit Morgan radius=2, 2048-bit fingerprint",none; raw/deterministic transform,False,False,False
morgan_312,M1,reviewed CAS-to-PubChem canonical SMILES mapping,structure,"RDKit Morgan radius=2, 2048-bit fingerprint",none; raw/deterministic transform,False,False,False
morgan_313,M1,reviewed CAS-to-PubChem canonical SMILES mapping,structure,"RDKit Morgan radius=2, 2048-bit fingerprint",none; raw/deterministic transform,False,False,False
morgan_314,M1,reviewed CAS-to-PubChem canonical SMILES mapping,structure,"RDKit Morgan radius=2, 2048-bit fingerprint",none; raw/deterministic transform,False,False,False
morgan_315,M1,reviewed CAS-to-PubChem canonical SMILES mapping,structure,"RDKit Morgan radius=2, 2048-bit fingerprint",none; raw/deterministic transform,False,False,False
morgan_316,M1,reviewed CAS-to-PubChem canonical SMILES mapping,structure,"RDKit Morgan radius=2, 2048-bit fingerprint",none; raw/deterministic transform,False,False,False
morgan_317,M1,reviewed CAS-to-PubChem canonical SMILES mapping,structure,"RDKit Morgan radius=2, 2048-bit fingerprint",none; raw/deterministic transform,False,False,False
morgan_318,M1,reviewed CAS-to-PubChem canonical SMILES mapping,structure,"RDKit Morgan radius=2, 2048-bit fingerprint",none; raw/deterministic transform,False,False,False
morgan_319,M1,reviewed CAS-to-PubChem canonical SMILES mapping,structure,"RDKit Morgan radius=2, 2048-bit fingerprint",none; raw/deterministic transform,False,False,False
morgan_320,M1,reviewed CAS-to-PubChem canonical SMILES mapping,structure,"RDKit Morgan radius=2, 2048-bit fingerprint",none; raw/deterministic transform,False,False,False
morgan_321,M1,reviewed CAS-to-PubChem canonical SMILES mapping,structure,"RDKit Morgan radius=2, 2048-bit fingerprint",none; raw/deterministic transform,False,False,False
morgan_322,M1,reviewed CAS-to-PubChem canonical SMILES mapping,structure,"RDKit Morgan radius=2, 2048-bit fingerprint",none; raw/deterministic transform,False,False,False
morgan_323,M1,reviewed CAS-to-PubChem canonical SMILES mapping,structure,"RDKit Morgan radius=2, 2048-bit fingerprint",none; raw/deterministic transform,False,False,False
morgan_324,M1,reviewed CAS-to-PubChem canonical SMILES mapping,structure,"RDKit Morgan radius=2, 2048-bit fingerprint",none; raw/deterministic transform,False,False,False
morgan_325,M1,reviewed CAS-to-PubChem canonical SMILES mapping,structure,"RDKit Morgan radius=2, 2048-bit fingerprint",none; raw/deterministic transform,False,False,False
morgan_326,M1,reviewed CAS-to-PubChem canonical SMILES mapping,structure,"RDKit Morgan radius=2, 2048-bit fingerprint",none; raw/deterministic transform,False,False,False
morgan_327,M1,reviewed CAS-to-PubChem canonical SMILES mapping,structure,"RDKit Morgan radius=2, 2048-bit fingerprint",none; raw/deterministic transform,False,False,False
morgan_328,M1,reviewed CAS-to-PubChem canonical SMILES mapping,structure,"RDKit Morgan radius=2, 2048-bit fingerprint",none; raw/deterministic transform,False,False,False
morgan_329,M1,reviewed CAS-to-PubChem canonical SMILES mapping,structure,"RDKit Morgan radius=2, 2048-bit fingerprint",none; raw/deterministic transform,False,False,False
morgan_330,M1,reviewed CAS-to-PubChem canonical SMILES mapping,structure,"RDKit Morgan radius=2, 2048-bit fingerprint",none; raw/deterministic transform,False,False,False
morgan_331,M1,reviewed CAS-to-PubChem canonical SMILES mapping,structure,"RDKit Morgan radius=2, 2048-bit fingerprint",none; raw/deterministic transform,False,False,False
morgan_332,M1,reviewed CAS-to-PubChem canonical SMILES mapping,structure,"RDKit Morgan radius=2, 2048-bit fingerprint",none; raw/deterministic transform,False,False,False
morgan_333,M1,reviewed CAS-to-PubChem canonical SMILES mapping,structure,"RDKit Morgan radius=2, 2048-bit fingerprint",none; raw/deterministic transform,False,False,False
morgan_334,M1,reviewed CAS-to-PubChem canonical SMILES mapping,structure,"RDKit Morgan radius=2, 2048-bit fingerprint",none; raw/deterministic transform,False,False,False
morgan_335,M1,reviewed CAS-to-PubChem canonical SMILES mapping,structure,"RDKit Morgan radius=2, 2048-bit fingerprint",none; raw/deterministic transform,False,False,False
morgan_336,M1,reviewed CAS-to-PubChem canonical SMILES mapping,structure,"RDKit Morgan radius=2, 2048-bit fingerprint",none; raw/deterministic transform,False,False,False
morgan_337,M1,reviewed CAS-to-PubChem canonical SMILES mapping,structure,"RDKit Morgan radius=2, 2048-bit fingerprint",none; raw/deterministic transform,False,False,False
morgan_338,M1,reviewed CAS-to-PubChem canonical SMILES mapping,structure,"RDKit Morgan radius=2, 2048-bit fingerprint",none; raw/deterministic transform,False,False,False
morgan_339,M1,reviewed CAS-to-PubChem canonical SMILES mapping,structure,"RDKit Morgan radius=2, 2048-bit fingerprint",none; raw/deterministic transform,False,False,False
morgan_340,M1,reviewed CAS-to-PubChem canonical SMILES mapping,structure,"RDKit Morgan radius=2, 2048-bit fingerprint",none; raw/deterministic transform,False,False,False
morgan_341,M1,reviewed CAS-to-PubChem canonical SMILES mapping,structure,"RDKit Morgan radius=2, 2048-bit fingerprint",none; raw/deterministic transform,False,False,False
morgan_342,M1,reviewed CAS-to-PubChem canonical SMILES mapping,structure,"RDKit Morgan radius=2, 2048-bit fingerprint",none; raw/deterministic transform,False,False,False
morgan_343,M1,reviewed CAS-to-PubChem canonical SMILES mapping,structure,"RDKit Morgan radius=2, 2048-bit fingerprint",none; raw/deterministic transform,False,False,False
morgan_344,M1,reviewed CAS-to-PubChem canonical SMILES mapping,structure,"RDKit Morgan radius=2, 2048-bit fingerprint",none; raw/deterministic transform,False,False,False
morgan_345,M1,reviewed CAS-to-PubChem canonical SMILES mapping,structure,"RDKit Morgan radius=2, 2048-bit fingerprint",none; raw/deterministic transform,False,False,False
morgan_346,M1,reviewed CAS-to-PubChem canonical SMILES mapping,structure,"RDKit Morgan radius=2, 2048-bit fingerprint",none; raw/deterministic transform,False,False,False
morgan_347,M1,reviewed CAS-to-PubChem canonical SMILES mapping,structure,"RDKit Morgan radius=2, 2048-bit fingerprint",none; raw/deterministic transform,False,False,False
morgan_348,M1,reviewed CAS-to-PubChem canonical SMILES mapping,structure,"RDKit Morgan radius=2, 2048-bit fingerprint",none; raw/deterministic transform,False,False,False
morgan_349,M1,reviewed CAS-to-PubChem canonical SMILES mapping,structure,"RDKit Morgan radius=2, 2048-bit fingerprint",none; raw/deterministic transform,False,False,False
morgan_350,M1,reviewed CAS-to-PubChem canonical SMILES mapping,structure,"RDKit Morgan radius=2, 2048-bit fingerprint",none; raw/deterministic transform,False,False,False
morgan_351,M1,reviewed CAS-to-PubChem canonical SMILES mapping,structure,"RDKit Morgan radius=2, 2048-bit fingerprint",none; raw/deterministic transform,False,False,False
morgan_352,M1,reviewed CAS-to-PubChem canonical SMILES mapping,structure,"RDKit Morgan radius=2, 2048-bit fingerprint",none; raw/deterministic transform,False,False,False
morgan_353,M1,reviewed CAS-to-PubChem canonical SMILES mapping,structure,"RDKit Morgan radius=2, 2048-bit fingerprint",none; raw/deterministic transform,False,False,False
morgan_354,M1,reviewed CAS-to-PubChem canonical SMILES mapping,structure,"RDKit Morgan radius=2, 2048-bit fingerprint",none; raw/deterministic transform,False,False,False
morgan_355,M1,reviewed CAS-to-PubChem canonical SMILES mapping,structure,"RDKit Morgan radius=2, 2048-bit fingerprint",none; raw/deterministic transform,False,False,False
morgan_356,M1,reviewed CAS-to-PubChem canonical SMILES mapping,structure,"RDKit Morgan radius=2, 2048-bit fingerprint",none; raw/deterministic transform,False,False,False
morgan_357,M1,reviewed CAS-to-PubChem canonical SMILES mapping,structure,"RDKit Morgan radius=2, 2048-bit fingerprint",none; raw/deterministic transform,False,False,False
morgan_358,M1,reviewed CAS-to-PubChem canonical SMILES mapping,structure,"RDKit Morgan radius=2, 2048-bit fingerprint",none; raw/deterministic transform,False,False,False
morgan_359,M1,reviewed CAS-to-PubChem canonical SMILES mapping,structure,"RDKit Morgan radius=2, 2048-bit fingerprint",none; raw/deterministic transform,False,False,False
morgan_360,M1,reviewed CAS-to-PubChem canonical SMILES mapping,structure,"RDKit Morgan radius=2, 2048-bit fingerprint",none; raw/deterministic transform,False,False,False
morgan_361,M1,reviewed CAS-to-PubChem canonical SMILES mapping,structure,"RDKit Morgan radius=2, 2048-bit fingerprint",none; raw/deterministic transform,False,False,False
morgan_362,M1,reviewed CAS-to-PubChem canonical SMILES mapping,structure,"RDKit Morgan radius=2, 2048-bit fingerprint",none; raw/deterministic transform,False,False,False
morgan_363,M1,reviewed CAS-to-PubChem canonical SMILES mapping,structure,"RDKit Morgan radius=2, 2048-bit fingerprint",none; raw/deterministic transform,False,False,False
morgan_364,M1,reviewed CAS-to-PubChem canonical SMILES mapping,structure,"RDKit Morgan radius=2, 2048-bit fingerprint",none; raw/deterministic transform,False,False,False
morgan_365,M1,reviewed CAS-to-PubChem canonical SMILES mapping,structure,"RDKit Morgan radius=2, 2048-bit fingerprint",none; raw/deterministic transform,False,False,False
morgan_366,M1,reviewed CAS-to-PubChem canonical SMILES mapping,structure,"RDKit Morgan radius=2, 2048-bit fingerprint",none; raw/deterministic transform,False,False,False
morgan_367,M1,reviewed CAS-to-PubChem canonical SMILES mapping,structure,"RDKit Morgan radius=2, 2048-bit fingerprint",none; raw/deterministic transform,False,False,False
morgan_368,M1,reviewed CAS-to-PubChem canonical SMILES mapping,structure,"RDKit Morgan radius=2, 2048-bit fingerprint",none; raw/deterministic transform,False,False,False
morgan_369,M1,reviewed CAS-to-PubChem canonical SMILES mapping,structure,"RDKit Morgan radius=2, 2048-bit fingerprint",none; raw/deterministic transform,False,False,False
morgan_370,M1,reviewed CAS-to-PubChem canonical SMILES mapping,structure,"RDKit Morgan radius=2, 2048-bit fingerprint",none; raw/deterministic transform,False,False,False
morgan_371,M1,reviewed CAS-to-PubChem canonical SMILES mapping,structure,"RDKit Morgan radius=2, 2048-bit fingerprint",none; raw/deterministic transform,False,False,False
morgan_372,M1,reviewed CAS-to-PubChem canonical SMILES mapping,structure,"RDKit Morgan radius=2, 2048-bit fingerprint",none; raw/deterministic transform,False,False,False
morgan_373,M1,reviewed CAS-to-PubChem canonical SMILES mapping,structure,"RDKit Morgan radius=2, 2048-bit fingerprint",none; raw/deterministic transform,False,False,False
morgan_374,M1,reviewed CAS-to-PubChem canonical SMILES mapping,structure,"RDKit Morgan radius=2, 2048-bit fingerprint",none; raw/deterministic transform,False,False,False
morgan_375,M1,reviewed CAS-to-PubChem canonical SMILES mapping,structure,"RDKit Morgan radius=2, 2048-bit fingerprint",none; raw/deterministic transform,False,False,False
morgan_376,M1,reviewed CAS-to-PubChem canonical SMILES mapping,structure,"RDKit Morgan radius=2, 2048-bit fingerprint",none; raw/deterministic transform,False,False,False
morgan_377,M1,reviewed CAS-to-PubChem canonical SMILES mapping,structure,"RDKit Morgan radius=2, 2048-bit fingerprint",none; raw/deterministic transform,False,False,False
morgan_378,M1,reviewed CAS-to-PubChem canonical SMILES mapping,structure,"RDKit Morgan radius=2, 2048-bit fingerprint",none; raw/deterministic transform,False,False,False
morgan_379,M1,reviewed CAS-to-PubChem canonical SMILES mapping,structure,"RDKit Morgan radius=2, 2048-bit fingerprint",none; raw/deterministic transform,False,False,False
morgan_380,M1,reviewed CAS-to-PubChem canonical SMILES mapping,structure,"RDKit Morgan radius=2, 2048-bit fingerprint",none; raw/deterministic transform,False,False,False
morgan_381,M1,reviewed CAS-to-PubChem canonical SMILES mapping,structure,"RDKit Morgan radius=2, 2048-bit fingerprint",none; raw/deterministic transform,False,False,False
morgan_382,M1,reviewed CAS-to-PubChem canonical SMILES mapping,structure,"RDKit Morgan radius=2, 2048-bit fingerprint",none; raw/deterministic transform,False,False,False
morgan_383,M1,reviewed CAS-to-PubChem canonical SMILES mapping,structure,"RDKit Morgan radius=2, 2048-bit fingerprint",none; raw/deterministic transform,False,False,False
morgan_384,M1,reviewed CAS-to-PubChem canonical SMILES mapping,structure,"RDKit Morgan radius=2, 2048-bit fingerprint",none; raw/deterministic transform,False,False,False
morgan_385,M1,reviewed CAS-to-PubChem canonical SMILES mapping,structure,"RDKit Morgan radius=2, 2048-bit fingerprint",none; raw/deterministic transform,False,False,False
morgan_386,M1,reviewed CAS-to-PubChem canonical SMILES mapping,structure,"RDKit Morgan radius=2, 2048-bit fingerprint",none; raw/deterministic transform,False,False,False
morgan_387,M1,reviewed CAS-to-PubChem canonical SMILES mapping,structure,"RDKit Morgan radius=2, 2048-bit fingerprint",none; raw/deterministic transform,False,False,False
morgan_388,M1,reviewed CAS-to-PubChem canonical SMILES mapping,structure,"RDKit Morgan radius=2, 2048-bit fingerprint",none; raw/deterministic transform,False,False,False
morgan_389,M1,reviewed CAS-to-PubChem canonical SMILES mapping,structure,"RDKit Morgan radius=2, 2048-bit fingerprint",none; raw/deterministic transform,False,False,False
morgan_390,M1,reviewed CAS-to-PubChem canonical SMILES mapping,structure,"RDKit Morgan radius=2, 2048-bit fingerprint",none; raw/deterministic transform,False,False,False
morgan_391,M1,reviewed CAS-to-PubChem canonical SMILES mapping,structure,"RDKit Morgan radius=2, 2048-bit fingerprint",none; raw/deterministic transform,False,False,False
morgan_392,M1,reviewed CAS-to-PubChem canonical SMILES mapping,structure,"RDKit Morgan radius=2, 2048-bit fingerprint",none; raw/deterministic transform,False,False,False
morgan_393,M1,reviewed CAS-to-PubChem canonical SMILES mapping,structure,"RDKit Morgan radius=2, 2048-bit fingerprint",none; raw/deterministic transform,False,False,False
morgan_394,M1,reviewed CAS-to-PubChem canonical SMILES mapping,structure,"RDKit Morgan radius=2, 2048-bit fingerprint",none; raw/deterministic transform,False,False,False
morgan_395,M1,reviewed CAS-to-PubChem canonical SMILES mapping,structure,"RDKit Morgan radius=2, 2048-bit fingerprint",none; raw/deterministic transform,False,False,False
morgan_396,M1,reviewed CAS-to-PubChem canonical SMILES mapping,structure,"RDKit Morgan radius=2, 2048-bit fingerprint",none; raw/deterministic transform,False,False,False
morgan_397,M1,reviewed CAS-to-PubChem canonical SMILES mapping,structure,"RDKit Morgan radius=2, 2048-bit fingerprint",none; raw/deterministic transform,False,False,False
morgan_398,M1,reviewed CAS-to-PubChem canonical SMILES mapping,structure,"RDKit Morgan radius=2, 2048-bit fingerprint",none; raw/deterministic transform,False,False,False
morgan_399,M1,reviewed CAS-to-PubChem canonical SMILES mapping,structure,"RDKit Morgan radius=2, 2048-bit fingerprint",none; raw/deterministic transform,False,False,False
morgan_400,M1,reviewed CAS-to-PubChem canonical SMILES mapping,structure,"RDKit Morgan radius=2, 2048-bit fingerprint",none; raw/deterministic transform,False,False,False
morgan_401,M1,reviewed CAS-to-PubChem canonical SMILES mapping,structure,"RDKit Morgan radius=2, 2048-bit fingerprint",none; raw/deterministic transform,False,False,False
morgan_402,M1,reviewed CAS-to-PubChem canonical SMILES mapping,structure,"RDKit Morgan radius=2, 2048-bit fingerprint",none; raw/deterministic transform,False,False,False
morgan_403,M1,reviewed CAS-to-PubChem canonical SMILES mapping,structure,"RDKit Morgan radius=2, 2048-bit fingerprint",none; raw/deterministic transform,False,False,False
morgan_404,M1,reviewed CAS-to-PubChem canonical SMILES mapping,structure,"RDKit Morgan radius=2, 2048-bit fingerprint",none; raw/deterministic transform,False,False,False
morgan_405,M1,reviewed CAS-to-PubChem canonical SMILES mapping,structure,"RDKit Morgan radius=2, 2048-bit fingerprint",none; raw/deterministic transform,False,False,False
morgan_406,M1,reviewed CAS-to-PubChem canonical SMILES mapping,structure,"RDKit Morgan radius=2, 2048-bit fingerprint",none; raw/deterministic transform,False,False,False
morgan_407,M1,reviewed CAS-to-PubChem canonical SMILES mapping,structure,"RDKit Morgan radius=2, 2048-bit fingerprint",none; raw/deterministic transform,False,False,False
morgan_408,M1,reviewed CAS-to-PubChem canonical SMILES mapping,structure,"RDKit Morgan radius=2, 2048-bit fingerprint",none; raw/deterministic transform,False,False,False
morgan_409,M1,reviewed CAS-to-PubChem canonical SMILES mapping,structure,"RDKit Morgan radius=2, 2048-bit fingerprint",none; raw/deterministic transform,False,False,False
morgan_410,M1,reviewed CAS-to-PubChem canonical SMILES mapping,structure,"RDKit Morgan radius=2, 2048-bit fingerprint",none; raw/deterministic transform,False,False,False
morgan_411,M1,reviewed CAS-to-PubChem canonical SMILES mapping,structure,"RDKit Morgan radius=2, 2048-bit fingerprint",none; raw/deterministic transform,False,False,False
morgan_412,M1,reviewed CAS-to-PubChem canonical SMILES mapping,structure,"RDKit Morgan radius=2, 2048-bit fingerprint",none; raw/deterministic transform,False,False,False
morgan_413,M1,reviewed CAS-to-PubChem canonical SMILES mapping,structure,"RDKit Morgan radius=2, 2048-bit fingerprint",none; raw/deterministic transform,False,False,False
morgan_414,M1,reviewed CAS-to-PubChem canonical SMILES mapping,structure,"RDKit Morgan radius=2, 2048-bit fingerprint",none; raw/deterministic transform,False,False,False
morgan_415,M1,reviewed CAS-to-PubChem canonical SMILES mapping,structure,"RDKit Morgan radius=2, 2048-bit fingerprint",none; raw/deterministic transform,False,False,False
morgan_416,M1,reviewed CAS-to-PubChem canonical SMILES mapping,structure,"RDKit Morgan radius=2, 2048-bit fingerprint",none; raw/deterministic transform,False,False,False
morgan_417,M1,reviewed CAS-to-PubChem canonical SMILES mapping,structure,"RDKit Morgan radius=2, 2048-bit fingerprint",none; raw/deterministic transform,False,False,False
morgan_418,M1,reviewed CAS-to-PubChem canonical SMILES mapping,structure,"RDKit Morgan radius=2, 2048-bit fingerprint",none; raw/deterministic transform,False,False,False
morgan_419,M1,reviewed CAS-to-PubChem canonical SMILES mapping,structure,"RDKit Morgan radius=2, 2048-bit fingerprint",none; raw/deterministic transform,False,False,False
morgan_420,M1,reviewed CAS-to-PubChem canonical SMILES mapping,structure,"RDKit Morgan radius=2, 2048-bit fingerprint",none; raw/deterministic transform,False,False,False
morgan_421,M1,reviewed CAS-to-PubChem canonical SMILES mapping,structure,"RDKit Morgan radius=2, 2048-bit fingerprint",none; raw/deterministic transform,False,False,False
morgan_422,M1,reviewed CAS-to-PubChem canonical SMILES mapping,structure,"RDKit Morgan radius=2, 2048-bit fingerprint",none; raw/deterministic transform,False,False,False
morgan_423,M1,reviewed CAS-to-PubChem canonical SMILES mapping,structure,"RDKit Morgan radius=2, 2048-bit fingerprint",none; raw/deterministic transform,False,False,False
morgan_424,M1,reviewed CAS-to-PubChem canonical SMILES mapping,structure,"RDKit Morgan radius=2, 2048-bit fingerprint",none; raw/deterministic transform,False,False,False
morgan_425,M1,reviewed CAS-to-PubChem canonical SMILES mapping,structure,"RDKit Morgan radius=2, 2048-bit fingerprint",none; raw/deterministic transform,False,False,False
morgan_426,M1,reviewed CAS-to-PubChem canonical SMILES mapping,structure,"RDKit Morgan radius=2, 2048-bit fingerprint",none; raw/deterministic transform,False,False,False
morgan_427,M1,reviewed CAS-to-PubChem canonical SMILES mapping,structure,"RDKit Morgan radius=2, 2048-bit fingerprint",none; raw/deterministic transform,False,False,False
morgan_428,M1,reviewed CAS-to-PubChem canonical SMILES mapping,structure,"RDKit Morgan radius=2, 2048-bit fingerprint",none; raw/deterministic transform,False,False,False
morgan_429,M1,reviewed CAS-to-PubChem canonical SMILES mapping,structure,"RDKit Morgan radius=2, 2048-bit fingerprint",none; raw/deterministic transform,False,False,False
morgan_430,M1,reviewed CAS-to-PubChem canonical SMILES mapping,structure,"RDKit Morgan radius=2, 2048-bit fingerprint",none; raw/deterministic transform,False,False,False
morgan_431,M1,reviewed CAS-to-PubChem canonical SMILES mapping,structure,"RDKit Morgan radius=2, 2048-bit fingerprint",none; raw/deterministic transform,False,False,False
morgan_432,M1,reviewed CAS-to-PubChem canonical SMILES mapping,structure,"RDKit Morgan radius=2, 2048-bit fingerprint",none; raw/deterministic transform,False,False,False
morgan_433,M1,reviewed CAS-to-PubChem canonical SMILES mapping,structure,"RDKit Morgan radius=2, 2048-bit fingerprint",none; raw/deterministic transform,False,False,False
morgan_434,M1,reviewed CAS-to-PubChem canonical SMILES mapping,structure,"RDKit Morgan radius=2, 2048-bit fingerprint",none; raw/deterministic transform,False,False,False
morgan_435,M1,reviewed CAS-to-PubChem canonical SMILES mapping,structure,"RDKit Morgan radius=2, 2048-bit fingerprint",none; raw/deterministic transform,False,False,False
morgan_436,M1,reviewed CAS-to-PubChem canonical SMILES mapping,structure,"RDKit Morgan radius=2, 2048-bit fingerprint",none; raw/deterministic transform,False,False,False
morgan_437,M1,reviewed CAS-to-PubChem canonical SMILES mapping,structure,"RDKit Morgan radius=2, 2048-bit fingerprint",none; raw/deterministic transform,False,False,False
morgan_438,M1,reviewed CAS-to-PubChem canonical SMILES mapping,structure,"RDKit Morgan radius=2, 2048-bit fingerprint",none; raw/deterministic transform,False,False,False
morgan_439,M1,reviewed CAS-to-PubChem canonical SMILES mapping,structure,"RDKit Morgan radius=2, 2048-bit fingerprint",none; raw/deterministic transform,False,False,False
morgan_440,M1,reviewed CAS-to-PubChem canonical SMILES mapping,structure,"RDKit Morgan radius=2, 2048-bit fingerprint",none; raw/deterministic transform,False,False,False
morgan_441,M1,reviewed CAS-to-PubChem canonical SMILES mapping,structure,"RDKit Morgan radius=2, 2048-bit fingerprint",none; raw/deterministic transform,False,False,False
morgan_442,M1,reviewed CAS-to-PubChem canonical SMILES mapping,structure,"RDKit Morgan radius=2, 2048-bit fingerprint",none; raw/deterministic transform,False,False,False
morgan_443,M1,reviewed CAS-to-PubChem canonical SMILES mapping,structure,"RDKit Morgan radius=2, 2048-bit fingerprint",none; raw/deterministic transform,False,False,False
morgan_444,M1,reviewed CAS-to-PubChem canonical SMILES mapping,structure,"RDKit Morgan radius=2, 2048-bit fingerprint",none; raw/deterministic transform,False,False,False
morgan_445,M1,reviewed CAS-to-PubChem canonical SMILES mapping,structure,"RDKit Morgan radius=2, 2048-bit fingerprint",none; raw/deterministic transform,False,False,False
morgan_446,M1,reviewed CAS-to-PubChem canonical SMILES mapping,structure,"RDKit Morgan radius=2, 2048-bit fingerprint",none; raw/deterministic transform,False,False,False
morgan_447,M1,reviewed CAS-to-PubChem canonical SMILES mapping,structure,"RDKit Morgan radius=2, 2048-bit fingerprint",none; raw/deterministic transform,False,False,False
morgan_448,M1,reviewed CAS-to-PubChem canonical SMILES mapping,structure,"RDKit Morgan radius=2, 2048-bit fingerprint",none; raw/deterministic transform,False,False,False
morgan_449,M1,reviewed CAS-to-PubChem canonical SMILES mapping,structure,"RDKit Morgan radius=2, 2048-bit fingerprint",none; raw/deterministic transform,False,False,False
morgan_450,M1,reviewed CAS-to-PubChem canonical SMILES mapping,structure,"RDKit Morgan radius=2, 2048-bit fingerprint",none; raw/deterministic transform,False,False,False
morgan_451,M1,reviewed CAS-to-PubChem canonical SMILES mapping,structure,"RDKit Morgan radius=2, 2048-bit fingerprint",none; raw/deterministic transform,False,False,False
morgan_452,M1,reviewed CAS-to-PubChem canonical SMILES mapping,structure,"RDKit Morgan radius=2, 2048-bit fingerprint",none; raw/deterministic transform,False,False,False
morgan_453,M1,reviewed CAS-to-PubChem canonical SMILES mapping,structure,"RDKit Morgan radius=2, 2048-bit fingerprint",none; raw/deterministic transform,False,False,False
morgan_454,M1,reviewed CAS-to-PubChem canonical SMILES mapping,structure,"RDKit Morgan radius=2, 2048-bit fingerprint",none; raw/deterministic transform,False,False,False
morgan_455,M1,reviewed CAS-to-PubChem canonical SMILES mapping,structure,"RDKit Morgan radius=2, 2048-bit fingerprint",none; raw/deterministic transform,False,False,False
morgan_456,M1,reviewed CAS-to-PubChem canonical SMILES mapping,structure,"RDKit Morgan radius=2, 2048-bit fingerprint",none; raw/deterministic transform,False,False,False
morgan_457,M1,reviewed CAS-to-PubChem canonical SMILES mapping,structure,"RDKit Morgan radius=2, 2048-bit fingerprint",none; raw/deterministic transform,False,False,False
morgan_458,M1,reviewed CAS-to-PubChem canonical SMILES mapping,structure,"RDKit Morgan radius=2, 2048-bit fingerprint",none; raw/deterministic transform,False,False,False
morgan_459,M1,reviewed CAS-to-PubChem canonical SMILES mapping,structure,"RDKit Morgan radius=2, 2048-bit fingerprint",none; raw/deterministic transform,False,False,False
morgan_460,M1,reviewed CAS-to-PubChem canonical SMILES mapping,structure,"RDKit Morgan radius=2, 2048-bit fingerprint",none; raw/deterministic transform,False,False,False
morgan_461,M1,reviewed CAS-to-PubChem canonical SMILES mapping,structure,"RDKit Morgan radius=2, 2048-bit fingerprint",none; raw/deterministic transform,False,False,False
morgan_462,M1,reviewed CAS-to-PubChem canonical SMILES mapping,structure,"RDKit Morgan radius=2, 2048-bit fingerprint",none; raw/deterministic transform,False,False,False
morgan_463,M1,reviewed CAS-to-PubChem canonical SMILES mapping,structure,"RDKit Morgan radius=2, 2048-bit fingerprint",none; raw/deterministic transform,False,False,False
morgan_464,M1,reviewed CAS-to-PubChem canonical SMILES mapping,structure,"RDKit Morgan radius=2, 2048-bit fingerprint",none; raw/deterministic transform,False,False,False
morgan_465,M1,reviewed CAS-to-PubChem canonical SMILES mapping,structure,"RDKit Morgan radius=2, 2048-bit fingerprint",none; raw/deterministic transform,False,False,False
morgan_466,M1,reviewed CAS-to-PubChem canonical SMILES mapping,structure,"RDKit Morgan radius=2, 2048-bit fingerprint",none; raw/deterministic transform,False,False,False
morgan_467,M1,reviewed CAS-to-PubChem canonical SMILES mapping,structure,"RDKit Morgan radius=2, 2048-bit fingerprint",none; raw/deterministic transform,False,False,False
morgan_468,M1,reviewed CAS-to-PubChem canonical SMILES mapping,structure,"RDKit Morgan radius=2, 2048-bit fingerprint",none; raw/deterministic transform,False,False,False
morgan_469,M1,reviewed CAS-to-PubChem canonical SMILES mapping,structure,"RDKit Morgan radius=2, 2048-bit fingerprint",none; raw/deterministic transform,False,False,False
morgan_470,M1,reviewed CAS-to-PubChem canonical SMILES mapping,structure,"RDKit Morgan radius=2, 2048-bit fingerprint",none; raw/deterministic transform,False,False,False
morgan_471,M1,reviewed CAS-to-PubChem canonical SMILES mapping,structure,"RDKit Morgan radius=2, 2048-bit fingerprint",none; raw/deterministic transform,False,False,False
morgan_472,M1,reviewed CAS-to-PubChem canonical SMILES mapping,structure,"RDKit Morgan radius=2, 2048-bit fingerprint",none; raw/deterministic transform,False,False,False
morgan_473,M1,reviewed CAS-to-PubChem canonical SMILES mapping,structure,"RDKit Morgan radius=2, 2048-bit fingerprint",none; raw/deterministic transform,False,False,False
morgan_474,M1,reviewed CAS-to-PubChem canonical SMILES mapping,structure,"RDKit Morgan radius=2, 2048-bit fingerprint",none; raw/deterministic transform,False,False,False
morgan_475,M1,reviewed CAS-to-PubChem canonical SMILES mapping,structure,"RDKit Morgan radius=2, 2048-bit fingerprint",none; raw/deterministic transform,False,False,False
morgan_476,M1,reviewed CAS-to-PubChem canonical SMILES mapping,structure,"RDKit Morgan radius=2, 2048-bit fingerprint",none; raw/deterministic transform,False,False,False
morgan_477,M1,reviewed CAS-to-PubChem canonical SMILES mapping,structure,"RDKit Morgan radius=2, 2048-bit fingerprint",none; raw/deterministic transform,False,False,False
morgan_478,M1,reviewed CAS-to-PubChem canonical SMILES mapping,structure,"RDKit Morgan radius=2, 2048-bit fingerprint",none; raw/deterministic transform,False,False,False
morgan_479,M1,reviewed CAS-to-PubChem canonical SMILES mapping,structure,"RDKit Morgan radius=2, 2048-bit fingerprint",none; raw/deterministic transform,False,False,False
morgan_480,M1,reviewed CAS-to-PubChem canonical SMILES mapping,structure,"RDKit Morgan radius=2, 2048-bit fingerprint",none; raw/deterministic transform,False,False,False
morgan_481,M1,reviewed CAS-to-PubChem canonical SMILES mapping,structure,"RDKit Morgan radius=2, 2048-bit fingerprint",none; raw/deterministic transform,False,False,False
morgan_482,M1,reviewed CAS-to-PubChem canonical SMILES mapping,structure,"RDKit Morgan radius=2, 2048-bit fingerprint",none; raw/deterministic transform,False,False,False
morgan_483,M1,reviewed CAS-to-PubChem canonical SMILES mapping,structure,"RDKit Morgan radius=2, 2048-bit fingerprint",none; raw/deterministic transform,False,False,False
morgan_484,M1,reviewed CAS-to-PubChem canonical SMILES mapping,structure,"RDKit Morgan radius=2, 2048-bit fingerprint",none; raw/deterministic transform,False,False,False
morgan_485,M1,reviewed CAS-to-PubChem canonical SMILES mapping,structure,"RDKit Morgan radius=2, 2048-bit fingerprint",none; raw/deterministic transform,False,False,False
morgan_486,M1,reviewed CAS-to-PubChem canonical SMILES mapping,structure,"RDKit Morgan radius=2, 2048-bit fingerprint",none; raw/deterministic transform,False,False,False
morgan_487,M1,reviewed CAS-to-PubChem canonical SMILES mapping,structure,"RDKit Morgan radius=2, 2048-bit fingerprint",none; raw/deterministic transform,False,False,False
morgan_488,M1,reviewed CAS-to-PubChem canonical SMILES mapping,structure,"RDKit Morgan radius=2, 2048-bit fingerprint",none; raw/deterministic transform,False,False,False
morgan_489,M1,reviewed CAS-to-PubChem canonical SMILES mapping,structure,"RDKit Morgan radius=2, 2048-bit fingerprint",none; raw/deterministic transform,False,False,False
morgan_490,M1,reviewed CAS-to-PubChem canonical SMILES mapping,structure,"RDKit Morgan radius=2, 2048-bit fingerprint",none; raw/deterministic transform,False,False,False
morgan_491,M1,reviewed CAS-to-PubChem canonical SMILES mapping,structure,"RDKit Morgan radius=2, 2048-bit fingerprint",none; raw/deterministic transform,False,False,False
morgan_492,M1,reviewed CAS-to-PubChem canonical SMILES mapping,structure,"RDKit Morgan radius=2, 2048-bit fingerprint",none; raw/deterministic transform,False,False,False
morgan_493,M1,reviewed CAS-to-PubChem canonical SMILES mapping,structure,"RDKit Morgan radius=2, 2048-bit fingerprint",none; raw/deterministic transform,False,False,False
morgan_494,M1,reviewed CAS-to-PubChem canonical SMILES mapping,structure,"RDKit Morgan radius=2, 2048-bit fingerprint",none; raw/deterministic transform,False,False,False
morgan_495,M1,reviewed CAS-to-PubChem canonical SMILES mapping,structure,"RDKit Morgan radius=2, 2048-bit fingerprint",none; raw/deterministic transform,False,False,False
morgan_496,M1,reviewed CAS-to-PubChem canonical SMILES mapping,structure,"RDKit Morgan radius=2, 2048-bit fingerprint",none; raw/deterministic transform,False,False,False
morgan_497,M1,reviewed CAS-to-PubChem canonical SMILES mapping,structure,"RDKit Morgan radius=2, 2048-bit fingerprint",none; raw/deterministic transform,False,False,False
morgan_498,M1,reviewed CAS-to-PubChem canonical SMILES mapping,structure,"RDKit Morgan radius=2, 2048-bit fingerprint",none; raw/deterministic transform,False,False,False
morgan_499,M1,reviewed CAS-to-PubChem canonical SMILES mapping,structure,"RDKit Morgan radius=2, 2048-bit fingerprint",none; raw/deterministic transform,False,False,False
morgan_500,M1,reviewed CAS-to-PubChem canonical SMILES mapping,structure,"RDKit Morgan radius=2, 2048-bit fingerprint",none; raw/deterministic transform,False,False,False
morgan_501,M1,reviewed CAS-to-PubChem canonical SMILES mapping,structure,"RDKit Morgan radius=2, 2048-bit fingerprint",none; raw/deterministic transform,False,False,False
morgan_502,M1,reviewed CAS-to-PubChem canonical SMILES mapping,structure,"RDKit Morgan radius=2, 2048-bit fingerprint",none; raw/deterministic transform,False,False,False
morgan_503,M1,reviewed CAS-to-PubChem canonical SMILES mapping,structure,"RDKit Morgan radius=2, 2048-bit fingerprint",none; raw/deterministic transform,False,False,False
morgan_504,M1,reviewed CAS-to-PubChem canonical SMILES mapping,structure,"RDKit Morgan radius=2, 2048-bit fingerprint",none; raw/deterministic transform,False,False,False
morgan_505,M1,reviewed CAS-to-PubChem canonical SMILES mapping,structure,"RDKit Morgan radius=2, 2048-bit fingerprint",none; raw/deterministic transform,False,False,False
morgan_506,M1,reviewed CAS-to-PubChem canonical SMILES mapping,structure,"RDKit Morgan radius=2, 2048-bit fingerprint",none; raw/deterministic transform,False,False,False
morgan_507,M1,reviewed CAS-to-PubChem canonical SMILES mapping,structure,"RDKit Morgan radius=2, 2048-bit fingerprint",none; raw/deterministic transform,False,False,False
morgan_508,M1,reviewed CAS-to-PubChem canonical SMILES mapping,structure,"RDKit Morgan radius=2, 2048-bit fingerprint",none; raw/deterministic transform,False,False,False
morgan_509,M1,reviewed CAS-to-PubChem canonical SMILES mapping,structure,"RDKit Morgan radius=2, 2048-bit fingerprint",none; raw/deterministic transform,False,False,False
morgan_510,M1,reviewed CAS-to-PubChem canonical SMILES mapping,structure,"RDKit Morgan radius=2, 2048-bit fingerprint",none; raw/deterministic transform,False,False,False
morgan_511,M1,reviewed CAS-to-PubChem canonical SMILES mapping,structure,"RDKit Morgan radius=2, 2048-bit fingerprint",none; raw/deterministic transform,False,False,False
morgan_512,M1,reviewed CAS-to-PubChem canonical SMILES mapping,structure,"RDKit Morgan radius=2, 2048-bit fingerprint",none; raw/deterministic transform,False,False,False
morgan_513,M1,reviewed CAS-to-PubChem canonical SMILES mapping,structure,"RDKit Morgan radius=2, 2048-bit fingerprint",none; raw/deterministic transform,False,False,False
morgan_514,M1,reviewed CAS-to-PubChem canonical SMILES mapping,structure,"RDKit Morgan radius=2, 2048-bit fingerprint",none; raw/deterministic transform,False,False,False
morgan_515,M1,reviewed CAS-to-PubChem canonical SMILES mapping,structure,"RDKit Morgan radius=2, 2048-bit fingerprint",none; raw/deterministic transform,False,False,False
morgan_516,M1,reviewed CAS-to-PubChem canonical SMILES mapping,structure,"RDKit Morgan radius=2, 2048-bit fingerprint",none; raw/deterministic transform,False,False,False
morgan_517,M1,reviewed CAS-to-PubChem canonical SMILES mapping,structure,"RDKit Morgan radius=2, 2048-bit fingerprint",none; raw/deterministic transform,False,False,False
morgan_518,M1,reviewed CAS-to-PubChem canonical SMILES mapping,structure,"RDKit Morgan radius=2, 2048-bit fingerprint",none; raw/deterministic transform,False,False,False
morgan_519,M1,reviewed CAS-to-PubChem canonical SMILES mapping,structure,"RDKit Morgan radius=2, 2048-bit fingerprint",none; raw/deterministic transform,False,False,False
morgan_520,M1,reviewed CAS-to-PubChem canonical SMILES mapping,structure,"RDKit Morgan radius=2, 2048-bit fingerprint",none; raw/deterministic transform,False,False,False
morgan_521,M1,reviewed CAS-to-PubChem canonical SMILES mapping,structure,"RDKit Morgan radius=2, 2048-bit fingerprint",none; raw/deterministic transform,False,False,False
morgan_522,M1,reviewed CAS-to-PubChem canonical SMILES mapping,structure,"RDKit Morgan radius=2, 2048-bit fingerprint",none; raw/deterministic transform,False,False,False
morgan_523,M1,reviewed CAS-to-PubChem canonical SMILES mapping,structure,"RDKit Morgan radius=2, 2048-bit fingerprint",none; raw/deterministic transform,False,False,False
morgan_524,M1,reviewed CAS-to-PubChem canonical SMILES mapping,structure,"RDKit Morgan radius=2, 2048-bit fingerprint",none; raw/deterministic transform,False,False,False
morgan_525,M1,reviewed CAS-to-PubChem canonical SMILES mapping,structure,"RDKit Morgan radius=2, 2048-bit fingerprint",none; raw/deterministic transform,False,False,False
morgan_526,M1,reviewed CAS-to-PubChem canonical SMILES mapping,structure,"RDKit Morgan radius=2, 2048-bit fingerprint",none; raw/deterministic transform,False,False,False
morgan_527,M1,reviewed CAS-to-PubChem canonical SMILES mapping,structure,"RDKit Morgan radius=2, 2048-bit fingerprint",none; raw/deterministic transform,False,False,False
morgan_528,M1,reviewed CAS-to-PubChem canonical SMILES mapping,structure,"RDKit Morgan radius=2, 2048-bit fingerprint",none; raw/deterministic transform,False,False,False
morgan_529,M1,reviewed CAS-to-PubChem canonical SMILES mapping,structure,"RDKit Morgan radius=2, 2048-bit fingerprint",none; raw/deterministic transform,False,False,False
morgan_530,M1,reviewed CAS-to-PubChem canonical SMILES mapping,structure,"RDKit Morgan radius=2, 2048-bit fingerprint",none; raw/deterministic transform,False,False,False
morgan_531,M1,reviewed CAS-to-PubChem canonical SMILES mapping,structure,"RDKit Morgan radius=2, 2048-bit fingerprint",none; raw/deterministic transform,False,False,False
morgan_532,M1,reviewed CAS-to-PubChem canonical SMILES mapping,structure,"RDKit Morgan radius=2, 2048-bit fingerprint",none; raw/deterministic transform,False,False,False
morgan_533,M1,reviewed CAS-to-PubChem canonical SMILES mapping,structure,"RDKit Morgan radius=2, 2048-bit fingerprint",none; raw/deterministic transform,False,False,False
morgan_534,M1,reviewed CAS-to-PubChem canonical SMILES mapping,structure,"RDKit Morgan radius=2, 2048-bit fingerprint",none; raw/deterministic transform,False,False,False
morgan_535,M1,reviewed CAS-to-PubChem canonical SMILES mapping,structure,"RDKit Morgan radius=2, 2048-bit fingerprint",none; raw/deterministic transform,False,False,False
morgan_536,M1,reviewed CAS-to-PubChem canonical SMILES mapping,structure,"RDKit Morgan radius=2, 2048-bit fingerprint",none; raw/deterministic transform,False,False,False
morgan_537,M1,reviewed CAS-to-PubChem canonical SMILES mapping,structure,"RDKit Morgan radius=2, 2048-bit fingerprint",none; raw/deterministic transform,False,False,False
morgan_538,M1,reviewed CAS-to-PubChem canonical SMILES mapping,structure,"RDKit Morgan radius=2, 2048-bit fingerprint",none; raw/deterministic transform,False,False,False
morgan_539,M1,reviewed CAS-to-PubChem canonical SMILES mapping,structure,"RDKit Morgan radius=2, 2048-bit fingerprint",none; raw/deterministic transform,False,False,False
morgan_540,M1,reviewed CAS-to-PubChem canonical SMILES mapping,structure,"RDKit Morgan radius=2, 2048-bit fingerprint",none; raw/deterministic transform,False,False,False
morgan_541,M1,reviewed CAS-to-PubChem canonical SMILES mapping,structure,"RDKit Morgan radius=2, 2048-bit fingerprint",none; raw/deterministic transform,False,False,False
morgan_542,M1,reviewed CAS-to-PubChem canonical SMILES mapping,structure,"RDKit Morgan radius=2, 2048-bit fingerprint",none; raw/deterministic transform,False,False,False
morgan_543,M1,reviewed CAS-to-PubChem canonical SMILES mapping,structure,"RDKit Morgan radius=2, 2048-bit fingerprint",none; raw/deterministic transform,False,False,False
morgan_544,M1,reviewed CAS-to-PubChem canonical SMILES mapping,structure,"RDKit Morgan radius=2, 2048-bit fingerprint",none; raw/deterministic transform,False,False,False
morgan_545,M1,reviewed CAS-to-PubChem canonical SMILES mapping,structure,"RDKit Morgan radius=2, 2048-bit fingerprint",none; raw/deterministic transform,False,False,False
morgan_546,M1,reviewed CAS-to-PubChem canonical SMILES mapping,structure,"RDKit Morgan radius=2, 2048-bit fingerprint",none; raw/deterministic transform,False,False,False
morgan_547,M1,reviewed CAS-to-PubChem canonical SMILES mapping,structure,"RDKit Morgan radius=2, 2048-bit fingerprint",none; raw/deterministic transform,False,False,False
morgan_548,M1,reviewed CAS-to-PubChem canonical SMILES mapping,structure,"RDKit Morgan radius=2, 2048-bit fingerprint",none; raw/deterministic transform,False,False,False
morgan_549,M1,reviewed CAS-to-PubChem canonical SMILES mapping,structure,"RDKit Morgan radius=2, 2048-bit fingerprint",none; raw/deterministic transform,False,False,False
morgan_550,M1,reviewed CAS-to-PubChem canonical SMILES mapping,structure,"RDKit Morgan radius=2, 2048-bit fingerprint",none; raw/deterministic transform,False,False,False
morgan_551,M1,reviewed CAS-to-PubChem canonical SMILES mapping,structure,"RDKit Morgan radius=2, 2048-bit fingerprint",none; raw/deterministic transform,False,False,False
morgan_552,M1,reviewed CAS-to-PubChem canonical SMILES mapping,structure,"RDKit Morgan radius=2, 2048-bit fingerprint",none; raw/deterministic transform,False,False,False
morgan_553,M1,reviewed CAS-to-PubChem canonical SMILES mapping,structure,"RDKit Morgan radius=2, 2048-bit fingerprint",none; raw/deterministic transform,False,False,False
morgan_554,M1,reviewed CAS-to-PubChem canonical SMILES mapping,structure,"RDKit Morgan radius=2, 2048-bit fingerprint",none; raw/deterministic transform,False,False,False
morgan_555,M1,reviewed CAS-to-PubChem canonical SMILES mapping,structure,"RDKit Morgan radius=2, 2048-bit fingerprint",none; raw/deterministic transform,False,False,False
morgan_556,M1,reviewed CAS-to-PubChem canonical SMILES mapping,structure,"RDKit Morgan radius=2, 2048-bit fingerprint",none; raw/deterministic transform,False,False,False
morgan_557,M1,reviewed CAS-to-PubChem canonical SMILES mapping,structure,"RDKit Morgan radius=2, 2048-bit fingerprint",none; raw/deterministic transform,False,False,False
morgan_558,M1,reviewed CAS-to-PubChem canonical SMILES mapping,structure,"RDKit Morgan radius=2, 2048-bit fingerprint",none; raw/deterministic transform,False,False,False
morgan_559,M1,reviewed CAS-to-PubChem canonical SMILES mapping,structure,"RDKit Morgan radius=2, 2048-bit fingerprint",none; raw/deterministic transform,False,False,False
morgan_560,M1,reviewed CAS-to-PubChem canonical SMILES mapping,structure,"RDKit Morgan radius=2, 2048-bit fingerprint",none; raw/deterministic transform,False,False,False
morgan_561,M1,reviewed CAS-to-PubChem canonical SMILES mapping,structure,"RDKit Morgan radius=2, 2048-bit fingerprint",none; raw/deterministic transform,False,False,False
morgan_562,M1,reviewed CAS-to-PubChem canonical SMILES mapping,structure,"RDKit Morgan radius=2, 2048-bit fingerprint",none; raw/deterministic transform,False,False,False
morgan_563,M1,reviewed CAS-to-PubChem canonical SMILES mapping,structure,"RDKit Morgan radius=2, 2048-bit fingerprint",none; raw/deterministic transform,False,False,False
morgan_564,M1,reviewed CAS-to-PubChem canonical SMILES mapping,structure,"RDKit Morgan radius=2, 2048-bit fingerprint",none; raw/deterministic transform,False,False,False
morgan_565,M1,reviewed CAS-to-PubChem canonical SMILES mapping,structure,"RDKit Morgan radius=2, 2048-bit fingerprint",none; raw/deterministic transform,False,False,False
morgan_566,M1,reviewed CAS-to-PubChem canonical SMILES mapping,structure,"RDKit Morgan radius=2, 2048-bit fingerprint",none; raw/deterministic transform,False,False,False
morgan_567,M1,reviewed CAS-to-PubChem canonical SMILES mapping,structure,"RDKit Morgan radius=2, 2048-bit fingerprint",none; raw/deterministic transform,False,False,False
morgan_568,M1,reviewed CAS-to-PubChem canonical SMILES mapping,structure,"RDKit Morgan radius=2, 2048-bit fingerprint",none; raw/deterministic transform,False,False,False
morgan_569,M1,reviewed CAS-to-PubChem canonical SMILES mapping,structure,"RDKit Morgan radius=2, 2048-bit fingerprint",none; raw/deterministic transform,False,False,False
morgan_570,M1,reviewed CAS-to-PubChem canonical SMILES mapping,structure,"RDKit Morgan radius=2, 2048-bit fingerprint",none; raw/deterministic transform,False,False,False
morgan_571,M1,reviewed CAS-to-PubChem canonical SMILES mapping,structure,"RDKit Morgan radius=2, 2048-bit fingerprint",none; raw/deterministic transform,False,False,False
morgan_572,M1,reviewed CAS-to-PubChem canonical SMILES mapping,structure,"RDKit Morgan radius=2, 2048-bit fingerprint",none; raw/deterministic transform,False,False,False
morgan_573,M1,reviewed CAS-to-PubChem canonical SMILES mapping,structure,"RDKit Morgan radius=2, 2048-bit fingerprint",none; raw/deterministic transform,False,False,False
morgan_574,M1,reviewed CAS-to-PubChem canonical SMILES mapping,structure,"RDKit Morgan radius=2, 2048-bit fingerprint",none; raw/deterministic transform,False,False,False
morgan_575,M1,reviewed CAS-to-PubChem canonical SMILES mapping,structure,"RDKit Morgan radius=2, 2048-bit fingerprint",none; raw/deterministic transform,False,False,False
morgan_576,M1,reviewed CAS-to-PubChem canonical SMILES mapping,structure,"RDKit Morgan radius=2, 2048-bit fingerprint",none; raw/deterministic transform,False,False,False
morgan_577,M1,reviewed CAS-to-PubChem canonical SMILES mapping,structure,"RDKit Morgan radius=2, 2048-bit fingerprint",none; raw/deterministic transform,False,False,False
morgan_578,M1,reviewed CAS-to-PubChem canonical SMILES mapping,structure,"RDKit Morgan radius=2, 2048-bit fingerprint",none; raw/deterministic transform,False,False,False
morgan_579,M1,reviewed CAS-to-PubChem canonical SMILES mapping,structure,"RDKit Morgan radius=2, 2048-bit fingerprint",none; raw/deterministic transform,False,False,False
morgan_580,M1,reviewed CAS-to-PubChem canonical SMILES mapping,structure,"RDKit Morgan radius=2, 2048-bit fingerprint",none; raw/deterministic transform,False,False,False
morgan_581,M1,reviewed CAS-to-PubChem canonical SMILES mapping,structure,"RDKit Morgan radius=2, 2048-bit fingerprint",none; raw/deterministic transform,False,False,False
morgan_582,M1,reviewed CAS-to-PubChem canonical SMILES mapping,structure,"RDKit Morgan radius=2, 2048-bit fingerprint",none; raw/deterministic transform,False,False,False
morgan_583,M1,reviewed CAS-to-PubChem canonical SMILES mapping,structure,"RDKit Morgan radius=2, 2048-bit fingerprint",none; raw/deterministic transform,False,False,False
morgan_584,M1,reviewed CAS-to-PubChem canonical SMILES mapping,structure,"RDKit Morgan radius=2, 2048-bit fingerprint",none; raw/deterministic transform,False,False,False
morgan_585,M1,reviewed CAS-to-PubChem canonical SMILES mapping,structure,"RDKit Morgan radius=2, 2048-bit fingerprint",none; raw/deterministic transform,False,False,False
morgan_586,M1,reviewed CAS-to-PubChem canonical SMILES mapping,structure,"RDKit Morgan radius=2, 2048-bit fingerprint",none; raw/deterministic transform,False,False,False
morgan_587,M1,reviewed CAS-to-PubChem canonical SMILES mapping,structure,"RDKit Morgan radius=2, 2048-bit fingerprint",none; raw/deterministic transform,False,False,False
morgan_588,M1,reviewed CAS-to-PubChem canonical SMILES mapping,structure,"RDKit Morgan radius=2, 2048-bit fingerprint",none; raw/deterministic transform,False,False,False
morgan_589,M1,reviewed CAS-to-PubChem canonical SMILES mapping,structure,"RDKit Morgan radius=2, 2048-bit fingerprint",none; raw/deterministic transform,False,False,False
morgan_590,M1,reviewed CAS-to-PubChem canonical SMILES mapping,structure,"RDKit Morgan radius=2, 2048-bit fingerprint",none; raw/deterministic transform,False,False,False
morgan_591,M1,reviewed CAS-to-PubChem canonical SMILES mapping,structure,"RDKit Morgan radius=2, 2048-bit fingerprint",none; raw/deterministic transform,False,False,False
morgan_592,M1,reviewed CAS-to-PubChem canonical SMILES mapping,structure,"RDKit Morgan radius=2, 2048-bit fingerprint",none; raw/deterministic transform,False,False,False
morgan_593,M1,reviewed CAS-to-PubChem canonical SMILES mapping,structure,"RDKit Morgan radius=2, 2048-bit fingerprint",none; raw/deterministic transform,False,False,False
morgan_594,M1,reviewed CAS-to-PubChem canonical SMILES mapping,structure,"RDKit Morgan radius=2, 2048-bit fingerprint",none; raw/deterministic transform,False,False,False
morgan_595,M1,reviewed CAS-to-PubChem canonical SMILES mapping,structure,"RDKit Morgan radius=2, 2048-bit fingerprint",none; raw/deterministic transform,False,False,False
morgan_596,M1,reviewed CAS-to-PubChem canonical SMILES mapping,structure,"RDKit Morgan radius=2, 2048-bit fingerprint",none; raw/deterministic transform,False,False,False
morgan_597,M1,reviewed CAS-to-PubChem canonical SMILES mapping,structure,"RDKit Morgan radius=2, 2048-bit fingerprint",none; raw/deterministic transform,False,False,False
morgan_598,M1,reviewed CAS-to-PubChem canonical SMILES mapping,structure,"RDKit Morgan radius=2, 2048-bit fingerprint",none; raw/deterministic transform,False,False,False
morgan_599,M1,reviewed CAS-to-PubChem canonical SMILES mapping,structure,"RDKit Morgan radius=2, 2048-bit fingerprint",none; raw/deterministic transform,False,False,False
morgan_600,M1,reviewed CAS-to-PubChem canonical SMILES mapping,structure,"RDKit Morgan radius=2, 2048-bit fingerprint",none; raw/deterministic transform,False,False,False
morgan_601,M1,reviewed CAS-to-PubChem canonical SMILES mapping,structure,"RDKit Morgan radius=2, 2048-bit fingerprint",none; raw/deterministic transform,False,False,False
morgan_602,M1,reviewed CAS-to-PubChem canonical SMILES mapping,structure,"RDKit Morgan radius=2, 2048-bit fingerprint",none; raw/deterministic transform,False,False,False
morgan_603,M1,reviewed CAS-to-PubChem canonical SMILES mapping,structure,"RDKit Morgan radius=2, 2048-bit fingerprint",none; raw/deterministic transform,False,False,False
morgan_604,M1,reviewed CAS-to-PubChem canonical SMILES mapping,structure,"RDKit Morgan radius=2, 2048-bit fingerprint",none; raw/deterministic transform,False,False,False
morgan_605,M1,reviewed CAS-to-PubChem canonical SMILES mapping,structure,"RDKit Morgan radius=2, 2048-bit fingerprint",none; raw/deterministic transform,False,False,False
morgan_606,M1,reviewed CAS-to-PubChem canonical SMILES mapping,structure,"RDKit Morgan radius=2, 2048-bit fingerprint",none; raw/deterministic transform,False,False,False
morgan_607,M1,reviewed CAS-to-PubChem canonical SMILES mapping,structure,"RDKit Morgan radius=2, 2048-bit fingerprint",none; raw/deterministic transform,False,False,False
morgan_608,M1,reviewed CAS-to-PubChem canonical SMILES mapping,structure,"RDKit Morgan radius=2, 2048-bit fingerprint",none; raw/deterministic transform,False,False,False
morgan_609,M1,reviewed CAS-to-PubChem canonical SMILES mapping,structure,"RDKit Morgan radius=2, 2048-bit fingerprint",none; raw/deterministic transform,False,False,False
morgan_610,M1,reviewed CAS-to-PubChem canonical SMILES mapping,structure,"RDKit Morgan radius=2, 2048-bit fingerprint",none; raw/deterministic transform,False,False,False
morgan_611,M1,reviewed CAS-to-PubChem canonical SMILES mapping,structure,"RDKit Morgan radius=2, 2048-bit fingerprint",none; raw/deterministic transform,False,False,False
morgan_612,M1,reviewed CAS-to-PubChem canonical SMILES mapping,structure,"RDKit Morgan radius=2, 2048-bit fingerprint",none; raw/deterministic transform,False,False,False
morgan_613,M1,reviewed CAS-to-PubChem canonical SMILES mapping,structure,"RDKit Morgan radius=2, 2048-bit fingerprint",none; raw/deterministic transform,False,False,False
morgan_614,M1,reviewed CAS-to-PubChem canonical SMILES mapping,structure,"RDKit Morgan radius=2, 2048-bit fingerprint",none; raw/deterministic transform,False,False,False
morgan_615,M1,reviewed CAS-to-PubChem canonical SMILES mapping,structure,"RDKit Morgan radius=2, 2048-bit fingerprint",none; raw/deterministic transform,False,False,False
morgan_616,M1,reviewed CAS-to-PubChem canonical SMILES mapping,structure,"RDKit Morgan radius=2, 2048-bit fingerprint",none; raw/deterministic transform,False,False,False
morgan_617,M1,reviewed CAS-to-PubChem canonical SMILES mapping,structure,"RDKit Morgan radius=2, 2048-bit fingerprint",none; raw/deterministic transform,False,False,False
morgan_618,M1,reviewed CAS-to-PubChem canonical SMILES mapping,structure,"RDKit Morgan radius=2, 2048-bit fingerprint",none; raw/deterministic transform,False,False,False
morgan_619,M1,reviewed CAS-to-PubChem canonical SMILES mapping,structure,"RDKit Morgan radius=2, 2048-bit fingerprint",none; raw/deterministic transform,False,False,False
morgan_620,M1,reviewed CAS-to-PubChem canonical SMILES mapping,structure,"RDKit Morgan radius=2, 2048-bit fingerprint",none; raw/deterministic transform,False,False,False
morgan_621,M1,reviewed CAS-to-PubChem canonical SMILES mapping,structure,"RDKit Morgan radius=2, 2048-bit fingerprint",none; raw/deterministic transform,False,False,False
morgan_622,M1,reviewed CAS-to-PubChem canonical SMILES mapping,structure,"RDKit Morgan radius=2, 2048-bit fingerprint",none; raw/deterministic transform,False,False,False
morgan_623,M1,reviewed CAS-to-PubChem canonical SMILES mapping,structure,"RDKit Morgan radius=2, 2048-bit fingerprint",none; raw/deterministic transform,False,False,False
morgan_624,M1,reviewed CAS-to-PubChem canonical SMILES mapping,structure,"RDKit Morgan radius=2, 2048-bit fingerprint",none; raw/deterministic transform,False,False,False
morgan_625,M1,reviewed CAS-to-PubChem canonical SMILES mapping,structure,"RDKit Morgan radius=2, 2048-bit fingerprint",none; raw/deterministic transform,False,False,False
morgan_626,M1,reviewed CAS-to-PubChem canonical SMILES mapping,structure,"RDKit Morgan radius=2, 2048-bit fingerprint",none; raw/deterministic transform,False,False,False
morgan_627,M1,reviewed CAS-to-PubChem canonical SMILES mapping,structure,"RDKit Morgan radius=2, 2048-bit fingerprint",none; raw/deterministic transform,False,False,False
morgan_628,M1,reviewed CAS-to-PubChem canonical SMILES mapping,structure,"RDKit Morgan radius=2, 2048-bit fingerprint",none; raw/deterministic transform,False,False,False
morgan_629,M1,reviewed CAS-to-PubChem canonical SMILES mapping,structure,"RDKit Morgan radius=2, 2048-bit fingerprint",none; raw/deterministic transform,False,False,False
morgan_630,M1,reviewed CAS-to-PubChem canonical SMILES mapping,structure,"RDKit Morgan radius=2, 2048-bit fingerprint",none; raw/deterministic transform,False,False,False
morgan_631,M1,reviewed CAS-to-PubChem canonical SMILES mapping,structure,"RDKit Morgan radius=2, 2048-bit fingerprint",none; raw/deterministic transform,False,False,False
morgan_632,M1,reviewed CAS-to-PubChem canonical SMILES mapping,structure,"RDKit Morgan radius=2, 2048-bit fingerprint",none; raw/deterministic transform,False,False,False
morgan_633,M1,reviewed CAS-to-PubChem canonical SMILES mapping,structure,"RDKit Morgan radius=2, 2048-bit fingerprint",none; raw/deterministic transform,False,False,False
morgan_634,M1,reviewed CAS-to-PubChem canonical SMILES mapping,structure,"RDKit Morgan radius=2, 2048-bit fingerprint",none; raw/deterministic transform,False,False,False
morgan_635,M1,reviewed CAS-to-PubChem canonical SMILES mapping,structure,"RDKit Morgan radius=2, 2048-bit fingerprint",none; raw/deterministic transform,False,False,False
morgan_636,M1,reviewed CAS-to-PubChem canonical SMILES mapping,structure,"RDKit Morgan radius=2, 2048-bit fingerprint",none; raw/deterministic transform,False,False,False
morgan_637,M1,reviewed CAS-to-PubChem canonical SMILES mapping,structure,"RDKit Morgan radius=2, 2048-bit fingerprint",none; raw/deterministic transform,False,False,False
morgan_638,M1,reviewed CAS-to-PubChem canonical SMILES mapping,structure,"RDKit Morgan radius=2, 2048-bit fingerprint",none; raw/deterministic transform,False,False,False
morgan_639,M1,reviewed CAS-to-PubChem canonical SMILES mapping,structure,"RDKit Morgan radius=2, 2048-bit fingerprint",none; raw/deterministic transform,False,False,False
morgan_640,M1,reviewed CAS-to-PubChem canonical SMILES mapping,structure,"RDKit Morgan radius=2, 2048-bit fingerprint",none; raw/deterministic transform,False,False,False
morgan_641,M1,reviewed CAS-to-PubChem canonical SMILES mapping,structure,"RDKit Morgan radius=2, 2048-bit fingerprint",none; raw/deterministic transform,False,False,False
morgan_642,M1,reviewed CAS-to-PubChem canonical SMILES mapping,structure,"RDKit Morgan radius=2, 2048-bit fingerprint",none; raw/deterministic transform,False,False,False
morgan_643,M1,reviewed CAS-to-PubChem canonical SMILES mapping,structure,"RDKit Morgan radius=2, 2048-bit fingerprint",none; raw/deterministic transform,False,False,False
morgan_644,M1,reviewed CAS-to-PubChem canonical SMILES mapping,structure,"RDKit Morgan radius=2, 2048-bit fingerprint",none; raw/deterministic transform,False,False,False
morgan_645,M1,reviewed CAS-to-PubChem canonical SMILES mapping,structure,"RDKit Morgan radius=2, 2048-bit fingerprint",none; raw/deterministic transform,False,False,False
morgan_646,M1,reviewed CAS-to-PubChem canonical SMILES mapping,structure,"RDKit Morgan radius=2, 2048-bit fingerprint",none; raw/deterministic transform,False,False,False
morgan_647,M1,reviewed CAS-to-PubChem canonical SMILES mapping,structure,"RDKit Morgan radius=2, 2048-bit fingerprint",none; raw/deterministic transform,False,False,False
morgan_648,M1,reviewed CAS-to-PubChem canonical SMILES mapping,structure,"RDKit Morgan radius=2, 2048-bit fingerprint",none; raw/deterministic transform,False,False,False
morgan_649,M1,reviewed CAS-to-PubChem canonical SMILES mapping,structure,"RDKit Morgan radius=2, 2048-bit fingerprint",none; raw/deterministic transform,False,False,False
morgan_650,M1,reviewed CAS-to-PubChem canonical SMILES mapping,structure,"RDKit Morgan radius=2, 2048-bit fingerprint",none; raw/deterministic transform,False,False,False
morgan_651,M1,reviewed CAS-to-PubChem canonical SMILES mapping,structure,"RDKit Morgan radius=2, 2048-bit fingerprint",none; raw/deterministic transform,False,False,False
morgan_652,M1,reviewed CAS-to-PubChem canonical SMILES mapping,structure,"RDKit Morgan radius=2, 2048-bit fingerprint",none; raw/deterministic transform,False,False,False
morgan_653,M1,reviewed CAS-to-PubChem canonical SMILES mapping,structure,"RDKit Morgan radius=2, 2048-bit fingerprint",none; raw/deterministic transform,False,False,False
morgan_654,M1,reviewed CAS-to-PubChem canonical SMILES mapping,structure,"RDKit Morgan radius=2, 2048-bit fingerprint",none; raw/deterministic transform,False,False,False
morgan_655,M1,reviewed CAS-to-PubChem canonical SMILES mapping,structure,"RDKit Morgan radius=2, 2048-bit fingerprint",none; raw/deterministic transform,False,False,False
morgan_656,M1,reviewed CAS-to-PubChem canonical SMILES mapping,structure,"RDKit Morgan radius=2, 2048-bit fingerprint",none; raw/deterministic transform,False,False,False
morgan_657,M1,reviewed CAS-to-PubChem canonical SMILES mapping,structure,"RDKit Morgan radius=2, 2048-bit fingerprint",none; raw/deterministic transform,False,False,False
morgan_658,M1,reviewed CAS-to-PubChem canonical SMILES mapping,structure,"RDKit Morgan radius=2, 2048-bit fingerprint",none; raw/deterministic transform,False,False,False
morgan_659,M1,reviewed CAS-to-PubChem canonical SMILES mapping,structure,"RDKit Morgan radius=2, 2048-bit fingerprint",none; raw/deterministic transform,False,False,False
morgan_660,M1,reviewed CAS-to-PubChem canonical SMILES mapping,structure,"RDKit Morgan radius=2, 2048-bit fingerprint",none; raw/deterministic transform,False,False,False
morgan_661,M1,reviewed CAS-to-PubChem canonical SMILES mapping,structure,"RDKit Morgan radius=2, 2048-bit fingerprint",none; raw/deterministic transform,False,False,False
morgan_662,M1,reviewed CAS-to-PubChem canonical SMILES mapping,structure,"RDKit Morgan radius=2, 2048-bit fingerprint",none; raw/deterministic transform,False,False,False
morgan_663,M1,reviewed CAS-to-PubChem canonical SMILES mapping,structure,"RDKit Morgan radius=2, 2048-bit fingerprint",none; raw/deterministic transform,False,False,False
morgan_664,M1,reviewed CAS-to-PubChem canonical SMILES mapping,structure,"RDKit Morgan radius=2, 2048-bit fingerprint",none; raw/deterministic transform,False,False,False
morgan_665,M1,reviewed CAS-to-PubChem canonical SMILES mapping,structure,"RDKit Morgan radius=2, 2048-bit fingerprint",none; raw/deterministic transform,False,False,False
morgan_666,M1,reviewed CAS-to-PubChem canonical SMILES mapping,structure,"RDKit Morgan radius=2, 2048-bit fingerprint",none; raw/deterministic transform,False,False,False
morgan_667,M1,reviewed CAS-to-PubChem canonical SMILES mapping,structure,"RDKit Morgan radius=2, 2048-bit fingerprint",none; raw/deterministic transform,False,False,False
morgan_668,M1,reviewed CAS-to-PubChem canonical SMILES mapping,structure,"RDKit Morgan radius=2, 2048-bit fingerprint",none; raw/deterministic transform,False,False,False
morgan_669,M1,reviewed CAS-to-PubChem canonical SMILES mapping,structure,"RDKit Morgan radius=2, 2048-bit fingerprint",none; raw/deterministic transform,False,False,False
morgan_670,M1,reviewed CAS-to-PubChem canonical SMILES mapping,structure,"RDKit Morgan radius=2, 2048-bit fingerprint",none; raw/deterministic transform,False,False,False
morgan_671,M1,reviewed CAS-to-PubChem canonical SMILES mapping,structure,"RDKit Morgan radius=2, 2048-bit fingerprint",none; raw/deterministic transform,False,False,False
morgan_672,M1,reviewed CAS-to-PubChem canonical SMILES mapping,structure,"RDKit Morgan radius=2, 2048-bit fingerprint",none; raw/deterministic transform,False,False,False
morgan_673,M1,reviewed CAS-to-PubChem canonical SMILES mapping,structure,"RDKit Morgan radius=2, 2048-bit fingerprint",none; raw/deterministic transform,False,False,False
morgan_674,M1,reviewed CAS-to-PubChem canonical SMILES mapping,structure,"RDKit Morgan radius=2, 2048-bit fingerprint",none; raw/deterministic transform,False,False,False
morgan_675,M1,reviewed CAS-to-PubChem canonical SMILES mapping,structure,"RDKit Morgan radius=2, 2048-bit fingerprint",none; raw/deterministic transform,False,False,False
morgan_676,M1,reviewed CAS-to-PubChem canonical SMILES mapping,structure,"RDKit Morgan radius=2, 2048-bit fingerprint",none; raw/deterministic transform,False,False,False
morgan_677,M1,reviewed CAS-to-PubChem canonical SMILES mapping,structure,"RDKit Morgan radius=2, 2048-bit fingerprint",none; raw/deterministic transform,False,False,False
morgan_678,M1,reviewed CAS-to-PubChem canonical SMILES mapping,structure,"RDKit Morgan radius=2, 2048-bit fingerprint",none; raw/deterministic transform,False,False,False
morgan_679,M1,reviewed CAS-to-PubChem canonical SMILES mapping,structure,"RDKit Morgan radius=2, 2048-bit fingerprint",none; raw/deterministic transform,False,False,False
morgan_680,M1,reviewed CAS-to-PubChem canonical SMILES mapping,structure,"RDKit Morgan radius=2, 2048-bit fingerprint",none; raw/deterministic transform,False,False,False
morgan_681,M1,reviewed CAS-to-PubChem canonical SMILES mapping,structure,"RDKit Morgan radius=2, 2048-bit fingerprint",none; raw/deterministic transform,False,False,False
morgan_682,M1,reviewed CAS-to-PubChem canonical SMILES mapping,structure,"RDKit Morgan radius=2, 2048-bit fingerprint",none; raw/deterministic transform,False,False,False
morgan_683,M1,reviewed CAS-to-PubChem canonical SMILES mapping,structure,"RDKit Morgan radius=2, 2048-bit fingerprint",none; raw/deterministic transform,False,False,False
morgan_684,M1,reviewed CAS-to-PubChem canonical SMILES mapping,structure,"RDKit Morgan radius=2, 2048-bit fingerprint",none; raw/deterministic transform,False,False,False
morgan_685,M1,reviewed CAS-to-PubChem canonical SMILES mapping,structure,"RDKit Morgan radius=2, 2048-bit fingerprint",none; raw/deterministic transform,False,False,False
morgan_686,M1,reviewed CAS-to-PubChem canonical SMILES mapping,structure,"RDKit Morgan radius=2, 2048-bit fingerprint",none; raw/deterministic transform,False,False,False
morgan_687,M1,reviewed CAS-to-PubChem canonical SMILES mapping,structure,"RDKit Morgan radius=2, 2048-bit fingerprint",none; raw/deterministic transform,False,False,False
morgan_688,M1,reviewed CAS-to-PubChem canonical SMILES mapping,structure,"RDKit Morgan radius=2, 2048-bit fingerprint",none; raw/deterministic transform,False,False,False
morgan_689,M1,reviewed CAS-to-PubChem canonical SMILES mapping,structure,"RDKit Morgan radius=2, 2048-bit fingerprint",none; raw/deterministic transform,False,False,False
morgan_690,M1,reviewed CAS-to-PubChem canonical SMILES mapping,structure,"RDKit Morgan radius=2, 2048-bit fingerprint",none; raw/deterministic transform,False,False,False
morgan_691,M1,reviewed CAS-to-PubChem canonical SMILES mapping,structure,"RDKit Morgan radius=2, 2048-bit fingerprint",none; raw/deterministic transform,False,False,False
morgan_692,M1,reviewed CAS-to-PubChem canonical SMILES mapping,structure,"RDKit Morgan radius=2, 2048-bit fingerprint",none; raw/deterministic transform,False,False,False
morgan_693,M1,reviewed CAS-to-PubChem canonical SMILES mapping,structure,"RDKit Morgan radius=2, 2048-bit fingerprint",none; raw/deterministic transform,False,False,False
morgan_694,M1,reviewed CAS-to-PubChem canonical SMILES mapping,structure,"RDKit Morgan radius=2, 2048-bit fingerprint",none; raw/deterministic transform,False,False,False
morgan_695,M1,reviewed CAS-to-PubChem canonical SMILES mapping,structure,"RDKit Morgan radius=2, 2048-bit fingerprint",none; raw/deterministic transform,False,False,False
morgan_696,M1,reviewed CAS-to-PubChem canonical SMILES mapping,structure,"RDKit Morgan radius=2, 2048-bit fingerprint",none; raw/deterministic transform,False,False,False
morgan_697,M1,reviewed CAS-to-PubChem canonical SMILES mapping,structure,"RDKit Morgan radius=2, 2048-bit fingerprint",none; raw/deterministic transform,False,False,False
morgan_698,M1,reviewed CAS-to-PubChem canonical SMILES mapping,structure,"RDKit Morgan radius=2, 2048-bit fingerprint",none; raw/deterministic transform,False,False,False
morgan_699,M1,reviewed CAS-to-PubChem canonical SMILES mapping,structure,"RDKit Morgan radius=2, 2048-bit fingerprint",none; raw/deterministic transform,False,False,False
morgan_700,M1,reviewed CAS-to-PubChem canonical SMILES mapping,structure,"RDKit Morgan radius=2, 2048-bit fingerprint",none; raw/deterministic transform,False,False,False
morgan_701,M1,reviewed CAS-to-PubChem canonical SMILES mapping,structure,"RDKit Morgan radius=2, 2048-bit fingerprint",none; raw/deterministic transform,False,False,False
morgan_702,M1,reviewed CAS-to-PubChem canonical SMILES mapping,structure,"RDKit Morgan radius=2, 2048-bit fingerprint",none; raw/deterministic transform,False,False,False
morgan_703,M1,reviewed CAS-to-PubChem canonical SMILES mapping,structure,"RDKit Morgan radius=2, 2048-bit fingerprint",none; raw/deterministic transform,False,False,False
morgan_704,M1,reviewed CAS-to-PubChem canonical SMILES mapping,structure,"RDKit Morgan radius=2, 2048-bit fingerprint",none; raw/deterministic transform,False,False,False
morgan_705,M1,reviewed CAS-to-PubChem canonical SMILES mapping,structure,"RDKit Morgan radius=2, 2048-bit fingerprint",none; raw/deterministic transform,False,False,False
morgan_706,M1,reviewed CAS-to-PubChem canonical SMILES mapping,structure,"RDKit Morgan radius=2, 2048-bit fingerprint",none; raw/deterministic transform,False,False,False
morgan_707,M1,reviewed CAS-to-PubChem canonical SMILES mapping,structure,"RDKit Morgan radius=2, 2048-bit fingerprint",none; raw/deterministic transform,False,False,False
morgan_708,M1,reviewed CAS-to-PubChem canonical SMILES mapping,structure,"RDKit Morgan radius=2, 2048-bit fingerprint",none; raw/deterministic transform,False,False,False
morgan_709,M1,reviewed CAS-to-PubChem canonical SMILES mapping,structure,"RDKit Morgan radius=2, 2048-bit fingerprint",none; raw/deterministic transform,False,False,False
morgan_710,M1,reviewed CAS-to-PubChem canonical SMILES mapping,structure,"RDKit Morgan radius=2, 2048-bit fingerprint",none; raw/deterministic transform,False,False,False
morgan_711,M1,reviewed CAS-to-PubChem canonical SMILES mapping,structure,"RDKit Morgan radius=2, 2048-bit fingerprint",none; raw/deterministic transform,False,False,False
morgan_712,M1,reviewed CAS-to-PubChem canonical SMILES mapping,structure,"RDKit Morgan radius=2, 2048-bit fingerprint",none; raw/deterministic transform,False,False,False
morgan_713,M1,reviewed CAS-to-PubChem canonical SMILES mapping,structure,"RDKit Morgan radius=2, 2048-bit fingerprint",none; raw/deterministic transform,False,False,False
morgan_714,M1,reviewed CAS-to-PubChem canonical SMILES mapping,structure,"RDKit Morgan radius=2, 2048-bit fingerprint",none; raw/deterministic transform,False,False,False
morgan_715,M1,reviewed CAS-to-PubChem canonical SMILES mapping,structure,"RDKit Morgan radius=2, 2048-bit fingerprint",none; raw/deterministic transform,False,False,False
morgan_716,M1,reviewed CAS-to-PubChem canonical SMILES mapping,structure,"RDKit Morgan radius=2, 2048-bit fingerprint",none; raw/deterministic transform,False,False,False
morgan_717,M1,reviewed CAS-to-PubChem canonical SMILES mapping,structure,"RDKit Morgan radius=2, 2048-bit fingerprint",none; raw/deterministic transform,False,False,False
morgan_718,M1,reviewed CAS-to-PubChem canonical SMILES mapping,structure,"RDKit Morgan radius=2, 2048-bit fingerprint",none; raw/deterministic transform,False,False,False
morgan_719,M1,reviewed CAS-to-PubChem canonical SMILES mapping,structure,"RDKit Morgan radius=2, 2048-bit fingerprint",none; raw/deterministic transform,False,False,False
morgan_720,M1,reviewed CAS-to-PubChem canonical SMILES mapping,structure,"RDKit Morgan radius=2, 2048-bit fingerprint",none; raw/deterministic transform,False,False,False
morgan_721,M1,reviewed CAS-to-PubChem canonical SMILES mapping,structure,"RDKit Morgan radius=2, 2048-bit fingerprint",none; raw/deterministic transform,False,False,False
morgan_722,M1,reviewed CAS-to-PubChem canonical SMILES mapping,structure,"RDKit Morgan radius=2, 2048-bit fingerprint",none; raw/deterministic transform,False,False,False
morgan_723,M1,reviewed CAS-to-PubChem canonical SMILES mapping,structure,"RDKit Morgan radius=2, 2048-bit fingerprint",none; raw/deterministic transform,False,False,False
morgan_724,M1,reviewed CAS-to-PubChem canonical SMILES mapping,structure,"RDKit Morgan radius=2, 2048-bit fingerprint",none; raw/deterministic transform,False,False,False
morgan_725,M1,reviewed CAS-to-PubChem canonical SMILES mapping,structure,"RDKit Morgan radius=2, 2048-bit fingerprint",none; raw/deterministic transform,False,False,False
morgan_726,M1,reviewed CAS-to-PubChem canonical SMILES mapping,structure,"RDKit Morgan radius=2, 2048-bit fingerprint",none; raw/deterministic transform,False,False,False
morgan_727,M1,reviewed CAS-to-PubChem canonical SMILES mapping,structure,"RDKit Morgan radius=2, 2048-bit fingerprint",none; raw/deterministic transform,False,False,False
morgan_728,M1,reviewed CAS-to-PubChem canonical SMILES mapping,structure,"RDKit Morgan radius=2, 2048-bit fingerprint",none; raw/deterministic transform,False,False,False
morgan_729,M1,reviewed CAS-to-PubChem canonical SMILES mapping,structure,"RDKit Morgan radius=2, 2048-bit fingerprint",none; raw/deterministic transform,False,False,False
morgan_730,M1,reviewed CAS-to-PubChem canonical SMILES mapping,structure,"RDKit Morgan radius=2, 2048-bit fingerprint",none; raw/deterministic transform,False,False,False
morgan_731,M1,reviewed CAS-to-PubChem canonical SMILES mapping,structure,"RDKit Morgan radius=2, 2048-bit fingerprint",none; raw/deterministic transform,False,False,False
morgan_732,M1,reviewed CAS-to-PubChem canonical SMILES mapping,structure,"RDKit Morgan radius=2, 2048-bit fingerprint",none; raw/deterministic transform,False,False,False
morgan_733,M1,reviewed CAS-to-PubChem canonical SMILES mapping,structure,"RDKit Morgan radius=2, 2048-bit fingerprint",none; raw/deterministic transform,False,False,False
morgan_734,M1,reviewed CAS-to-PubChem canonical SMILES mapping,structure,"RDKit Morgan radius=2, 2048-bit fingerprint",none; raw/deterministic transform,False,False,False
morgan_735,M1,reviewed CAS-to-PubChem canonical SMILES mapping,structure,"RDKit Morgan radius=2, 2048-bit fingerprint",none; raw/deterministic transform,False,False,False
morgan_736,M1,reviewed CAS-to-PubChem canonical SMILES mapping,structure,"RDKit Morgan radius=2, 2048-bit fingerprint",none; raw/deterministic transform,False,False,False
morgan_737,M1,reviewed CAS-to-PubChem canonical SMILES mapping,structure,"RDKit Morgan radius=2, 2048-bit fingerprint",none; raw/deterministic transform,False,False,False
morgan_738,M1,reviewed CAS-to-PubChem canonical SMILES mapping,structure,"RDKit Morgan radius=2, 2048-bit fingerprint",none; raw/deterministic transform,False,False,False
morgan_739,M1,reviewed CAS-to-PubChem canonical SMILES mapping,structure,"RDKit Morgan radius=2, 2048-bit fingerprint",none; raw/deterministic transform,False,False,False
morgan_740,M1,reviewed CAS-to-PubChem canonical SMILES mapping,structure,"RDKit Morgan radius=2, 2048-bit fingerprint",none; raw/deterministic transform,False,False,False
morgan_741,M1,reviewed CAS-to-PubChem canonical SMILES mapping,structure,"RDKit Morgan radius=2, 2048-bit fingerprint",none; raw/deterministic transform,False,False,False
morgan_742,M1,reviewed CAS-to-PubChem canonical SMILES mapping,structure,"RDKit Morgan radius=2, 2048-bit fingerprint",none; raw/deterministic transform,False,False,False
morgan_743,M1,reviewed CAS-to-PubChem canonical SMILES mapping,structure,"RDKit Morgan radius=2, 2048-bit fingerprint",none; raw/deterministic transform,False,False,False
morgan_744,M1,reviewed CAS-to-PubChem canonical SMILES mapping,structure,"RDKit Morgan radius=2, 2048-bit fingerprint",none; raw/deterministic transform,False,False,False
morgan_745,M1,reviewed CAS-to-PubChem canonical SMILES mapping,structure,"RDKit Morgan radius=2, 2048-bit fingerprint",none; raw/deterministic transform,False,False,False
morgan_746,M1,reviewed CAS-to-PubChem canonical SMILES mapping,structure,"RDKit Morgan radius=2, 2048-bit fingerprint",none; raw/deterministic transform,False,False,False
morgan_747,M1,reviewed CAS-to-PubChem canonical SMILES mapping,structure,"RDKit Morgan radius=2, 2048-bit fingerprint",none; raw/deterministic transform,False,False,False
morgan_748,M1,reviewed CAS-to-PubChem canonical SMILES mapping,structure,"RDKit Morgan radius=2, 2048-bit fingerprint",none; raw/deterministic transform,False,False,False
morgan_749,M1,reviewed CAS-to-PubChem canonical SMILES mapping,structure,"RDKit Morgan radius=2, 2048-bit fingerprint",none; raw/deterministic transform,False,False,False
morgan_750,M1,reviewed CAS-to-PubChem canonical SMILES mapping,structure,"RDKit Morgan radius=2, 2048-bit fingerprint",none; raw/deterministic transform,False,False,False
morgan_751,M1,reviewed CAS-to-PubChem canonical SMILES mapping,structure,"RDKit Morgan radius=2, 2048-bit fingerprint",none; raw/deterministic transform,False,False,False
morgan_752,M1,reviewed CAS-to-PubChem canonical SMILES mapping,structure,"RDKit Morgan radius=2, 2048-bit fingerprint",none; raw/deterministic transform,False,False,False
morgan_753,M1,reviewed CAS-to-PubChem canonical SMILES mapping,structure,"RDKit Morgan radius=2, 2048-bit fingerprint",none; raw/deterministic transform,False,False,False
morgan_754,M1,reviewed CAS-to-PubChem canonical SMILES mapping,structure,"RDKit Morgan radius=2, 2048-bit fingerprint",none; raw/deterministic transform,False,False,False
morgan_755,M1,reviewed CAS-to-PubChem canonical SMILES mapping,structure,"RDKit Morgan radius=2, 2048-bit fingerprint",none; raw/deterministic transform,False,False,False
morgan_756,M1,reviewed CAS-to-PubChem canonical SMILES mapping,structure,"RDKit Morgan radius=2, 2048-bit fingerprint",none; raw/deterministic transform,False,False,False
morgan_757,M1,reviewed CAS-to-PubChem canonical SMILES mapping,structure,"RDKit Morgan radius=2, 2048-bit fingerprint",none; raw/deterministic transform,False,False,False
morgan_758,M1,reviewed CAS-to-PubChem canonical SMILES mapping,structure,"RDKit Morgan radius=2, 2048-bit fingerprint",none; raw/deterministic transform,False,False,False
morgan_759,M1,reviewed CAS-to-PubChem canonical SMILES mapping,structure,"RDKit Morgan radius=2, 2048-bit fingerprint",none; raw/deterministic transform,False,False,False
morgan_760,M1,reviewed CAS-to-PubChem canonical SMILES mapping,structure,"RDKit Morgan radius=2, 2048-bit fingerprint",none; raw/deterministic transform,False,False,False
morgan_761,M1,reviewed CAS-to-PubChem canonical SMILES mapping,structure,"RDKit Morgan radius=2, 2048-bit fingerprint",none; raw/deterministic transform,False,False,False
morgan_762,M1,reviewed CAS-to-PubChem canonical SMILES mapping,structure,"RDKit Morgan radius=2, 2048-bit fingerprint",none; raw/deterministic transform,False,False,False
morgan_763,M1,reviewed CAS-to-PubChem canonical SMILES mapping,structure,"RDKit Morgan radius=2, 2048-bit fingerprint",none; raw/deterministic transform,False,False,False
morgan_764,M1,reviewed CAS-to-PubChem canonical SMILES mapping,structure,"RDKit Morgan radius=2, 2048-bit fingerprint",none; raw/deterministic transform,False,False,False
morgan_765,M1,reviewed CAS-to-PubChem canonical SMILES mapping,structure,"RDKit Morgan radius=2, 2048-bit fingerprint",none; raw/deterministic transform,False,False,False
morgan_766,M1,reviewed CAS-to-PubChem canonical SMILES mapping,structure,"RDKit Morgan radius=2, 2048-bit fingerprint",none; raw/deterministic transform,False,False,False
morgan_767,M1,reviewed CAS-to-PubChem canonical SMILES mapping,structure,"RDKit Morgan radius=2, 2048-bit fingerprint",none; raw/deterministic transform,False,False,False
morgan_768,M1,reviewed CAS-to-PubChem canonical SMILES mapping,structure,"RDKit Morgan radius=2, 2048-bit fingerprint",none; raw/deterministic transform,False,False,False
morgan_769,M1,reviewed CAS-to-PubChem canonical SMILES mapping,structure,"RDKit Morgan radius=2, 2048-bit fingerprint",none; raw/deterministic transform,False,False,False
morgan_770,M1,reviewed CAS-to-PubChem canonical SMILES mapping,structure,"RDKit Morgan radius=2, 2048-bit fingerprint",none; raw/deterministic transform,False,False,False
morgan_771,M1,reviewed CAS-to-PubChem canonical SMILES mapping,structure,"RDKit Morgan radius=2, 2048-bit fingerprint",none; raw/deterministic transform,False,False,False
morgan_772,M1,reviewed CAS-to-PubChem canonical SMILES mapping,structure,"RDKit Morgan radius=2, 2048-bit fingerprint",none; raw/deterministic transform,False,False,False
morgan_773,M1,reviewed CAS-to-PubChem canonical SMILES mapping,structure,"RDKit Morgan radius=2, 2048-bit fingerprint",none; raw/deterministic transform,False,False,False
morgan_774,M1,reviewed CAS-to-PubChem canonical SMILES mapping,structure,"RDKit Morgan radius=2, 2048-bit fingerprint",none; raw/deterministic transform,False,False,False
morgan_775,M1,reviewed CAS-to-PubChem canonical SMILES mapping,structure,"RDKit Morgan radius=2, 2048-bit fingerprint",none; raw/deterministic transform,False,False,False
morgan_776,M1,reviewed CAS-to-PubChem canonical SMILES mapping,structure,"RDKit Morgan radius=2, 2048-bit fingerprint",none; raw/deterministic transform,False,False,False
morgan_777,M1,reviewed CAS-to-PubChem canonical SMILES mapping,structure,"RDKit Morgan radius=2, 2048-bit fingerprint",none; raw/deterministic transform,False,False,False
morgan_778,M1,reviewed CAS-to-PubChem canonical SMILES mapping,structure,"RDKit Morgan radius=2, 2048-bit fingerprint",none; raw/deterministic transform,False,False,False
morgan_779,M1,reviewed CAS-to-PubChem canonical SMILES mapping,structure,"RDKit Morgan radius=2, 2048-bit fingerprint",none; raw/deterministic transform,False,False,False
morgan_780,M1,reviewed CAS-to-PubChem canonical SMILES mapping,structure,"RDKit Morgan radius=2, 2048-bit fingerprint",none; raw/deterministic transform,False,False,False
morgan_781,M1,reviewed CAS-to-PubChem canonical SMILES mapping,structure,"RDKit Morgan radius=2, 2048-bit fingerprint",none; raw/deterministic transform,False,False,False
morgan_782,M1,reviewed CAS-to-PubChem canonical SMILES mapping,structure,"RDKit Morgan radius=2, 2048-bit fingerprint",none; raw/deterministic transform,False,False,False
morgan_783,M1,reviewed CAS-to-PubChem canonical SMILES mapping,structure,"RDKit Morgan radius=2, 2048-bit fingerprint",none; raw/deterministic transform,False,False,False
morgan_784,M1,reviewed CAS-to-PubChem canonical SMILES mapping,structure,"RDKit Morgan radius=2, 2048-bit fingerprint",none; raw/deterministic transform,False,False,False
morgan_785,M1,reviewed CAS-to-PubChem canonical SMILES mapping,structure,"RDKit Morgan radius=2, 2048-bit fingerprint",none; raw/deterministic transform,False,False,False
morgan_786,M1,reviewed CAS-to-PubChem canonical SMILES mapping,structure,"RDKit Morgan radius=2, 2048-bit fingerprint",none; raw/deterministic transform,False,False,False
morgan_787,M1,reviewed CAS-to-PubChem canonical SMILES mapping,structure,"RDKit Morgan radius=2, 2048-bit fingerprint",none; raw/deterministic transform,False,False,False
morgan_788,M1,reviewed CAS-to-PubChem canonical SMILES mapping,structure,"RDKit Morgan radius=2, 2048-bit fingerprint",none; raw/deterministic transform,False,False,False
morgan_789,M1,reviewed CAS-to-PubChem canonical SMILES mapping,structure,"RDKit Morgan radius=2, 2048-bit fingerprint",none; raw/deterministic transform,False,False,False
morgan_790,M1,reviewed CAS-to-PubChem canonical SMILES mapping,structure,"RDKit Morgan radius=2, 2048-bit fingerprint",none; raw/deterministic transform,False,False,False
morgan_791,M1,reviewed CAS-to-PubChem canonical SMILES mapping,structure,"RDKit Morgan radius=2, 2048-bit fingerprint",none; raw/deterministic transform,False,False,False
morgan_792,M1,reviewed CAS-to-PubChem canonical SMILES mapping,structure,"RDKit Morgan radius=2, 2048-bit fingerprint",none; raw/deterministic transform,False,False,False
morgan_793,M1,reviewed CAS-to-PubChem canonical SMILES mapping,structure,"RDKit Morgan radius=2, 2048-bit fingerprint",none; raw/deterministic transform,False,False,False
morgan_794,M1,reviewed CAS-to-PubChem canonical SMILES mapping,structure,"RDKit Morgan radius=2, 2048-bit fingerprint",none; raw/deterministic transform,False,False,False
morgan_795,M1,reviewed CAS-to-PubChem canonical SMILES mapping,structure,"RDKit Morgan radius=2, 2048-bit fingerprint",none; raw/deterministic transform,False,False,False
morgan_796,M1,reviewed CAS-to-PubChem canonical SMILES mapping,structure,"RDKit Morgan radius=2, 2048-bit fingerprint",none; raw/deterministic transform,False,False,False
morgan_797,M1,reviewed CAS-to-PubChem canonical SMILES mapping,structure,"RDKit Morgan radius=2, 2048-bit fingerprint",none; raw/deterministic transform,False,False,False
morgan_798,M1,reviewed CAS-to-PubChem canonical SMILES mapping,structure,"RDKit Morgan radius=2, 2048-bit fingerprint",none; raw/deterministic transform,False,False,False
morgan_799,M1,reviewed CAS-to-PubChem canonical SMILES mapping,structure,"RDKit Morgan radius=2, 2048-bit fingerprint",none; raw/deterministic transform,False,False,False
morgan_800,M1,reviewed CAS-to-PubChem canonical SMILES mapping,structure,"RDKit Morgan radius=2, 2048-bit fingerprint",none; raw/deterministic transform,False,False,False
morgan_801,M1,reviewed CAS-to-PubChem canonical SMILES mapping,structure,"RDKit Morgan radius=2, 2048-bit fingerprint",none; raw/deterministic transform,False,False,False
morgan_802,M1,reviewed CAS-to-PubChem canonical SMILES mapping,structure,"RDKit Morgan radius=2, 2048-bit fingerprint",none; raw/deterministic transform,False,False,False
morgan_803,M1,reviewed CAS-to-PubChem canonical SMILES mapping,structure,"RDKit Morgan radius=2, 2048-bit fingerprint",none; raw/deterministic transform,False,False,False
morgan_804,M1,reviewed CAS-to-PubChem canonical SMILES mapping,structure,"RDKit Morgan radius=2, 2048-bit fingerprint",none; raw/deterministic transform,False,False,False
morgan_805,M1,reviewed CAS-to-PubChem canonical SMILES mapping,structure,"RDKit Morgan radius=2, 2048-bit fingerprint",none; raw/deterministic transform,False,False,False
morgan_806,M1,reviewed CAS-to-PubChem canonical SMILES mapping,structure,"RDKit Morgan radius=2, 2048-bit fingerprint",none; raw/deterministic transform,False,False,False
morgan_807,M1,reviewed CAS-to-PubChem canonical SMILES mapping,structure,"RDKit Morgan radius=2, 2048-bit fingerprint",none; raw/deterministic transform,False,False,False
morgan_808,M1,reviewed CAS-to-PubChem canonical SMILES mapping,structure,"RDKit Morgan radius=2, 2048-bit fingerprint",none; raw/deterministic transform,False,False,False
morgan_809,M1,reviewed CAS-to-PubChem canonical SMILES mapping,structure,"RDKit Morgan radius=2, 2048-bit fingerprint",none; raw/deterministic transform,False,False,False
morgan_810,M1,reviewed CAS-to-PubChem canonical SMILES mapping,structure,"RDKit Morgan radius=2, 2048-bit fingerprint",none; raw/deterministic transform,False,False,False
morgan_811,M1,reviewed CAS-to-PubChem canonical SMILES mapping,structure,"RDKit Morgan radius=2, 2048-bit fingerprint",none; raw/deterministic transform,False,False,False
morgan_812,M1,reviewed CAS-to-PubChem canonical SMILES mapping,structure,"RDKit Morgan radius=2, 2048-bit fingerprint",none; raw/deterministic transform,False,False,False
morgan_813,M1,reviewed CAS-to-PubChem canonical SMILES mapping,structure,"RDKit Morgan radius=2, 2048-bit fingerprint",none; raw/deterministic transform,False,False,False
morgan_814,M1,reviewed CAS-to-PubChem canonical SMILES mapping,structure,"RDKit Morgan radius=2, 2048-bit fingerprint",none; raw/deterministic transform,False,False,False
morgan_815,M1,reviewed CAS-to-PubChem canonical SMILES mapping,structure,"RDKit Morgan radius=2, 2048-bit fingerprint",none; raw/deterministic transform,False,False,False
morgan_816,M1,reviewed CAS-to-PubChem canonical SMILES mapping,structure,"RDKit Morgan radius=2, 2048-bit fingerprint",none; raw/deterministic transform,False,False,False
morgan_817,M1,reviewed CAS-to-PubChem canonical SMILES mapping,structure,"RDKit Morgan radius=2, 2048-bit fingerprint",none; raw/deterministic transform,False,False,False
morgan_818,M1,reviewed CAS-to-PubChem canonical SMILES mapping,structure,"RDKit Morgan radius=2, 2048-bit fingerprint",none; raw/deterministic transform,False,False,False
morgan_819,M1,reviewed CAS-to-PubChem canonical SMILES mapping,structure,"RDKit Morgan radius=2, 2048-bit fingerprint",none; raw/deterministic transform,False,False,False
morgan_820,M1,reviewed CAS-to-PubChem canonical SMILES mapping,structure,"RDKit Morgan radius=2, 2048-bit fingerprint",none; raw/deterministic transform,False,False,False
morgan_821,M1,reviewed CAS-to-PubChem canonical SMILES mapping,structure,"RDKit Morgan radius=2, 2048-bit fingerprint",none; raw/deterministic transform,False,False,False
morgan_822,M1,reviewed CAS-to-PubChem canonical SMILES mapping,structure,"RDKit Morgan radius=2, 2048-bit fingerprint",none; raw/deterministic transform,False,False,False
morgan_823,M1,reviewed CAS-to-PubChem canonical SMILES mapping,structure,"RDKit Morgan radius=2, 2048-bit fingerprint",none; raw/deterministic transform,False,False,False
morgan_824,M1,reviewed CAS-to-PubChem canonical SMILES mapping,structure,"RDKit Morgan radius=2, 2048-bit fingerprint",none; raw/deterministic transform,False,False,False
morgan_825,M1,reviewed CAS-to-PubChem canonical SMILES mapping,structure,"RDKit Morgan radius=2, 2048-bit fingerprint",none; raw/deterministic transform,False,False,False
morgan_826,M1,reviewed CAS-to-PubChem canonical SMILES mapping,structure,"RDKit Morgan radius=2, 2048-bit fingerprint",none; raw/deterministic transform,False,False,False
morgan_827,M1,reviewed CAS-to-PubChem canonical SMILES mapping,structure,"RDKit Morgan radius=2, 2048-bit fingerprint",none; raw/deterministic transform,False,False,False
morgan_828,M1,reviewed CAS-to-PubChem canonical SMILES mapping,structure,"RDKit Morgan radius=2, 2048-bit fingerprint",none; raw/deterministic transform,False,False,False
morgan_829,M1,reviewed CAS-to-PubChem canonical SMILES mapping,structure,"RDKit Morgan radius=2, 2048-bit fingerprint",none; raw/deterministic transform,False,False,False
morgan_830,M1,reviewed CAS-to-PubChem canonical SMILES mapping,structure,"RDKit Morgan radius=2, 2048-bit fingerprint",none; raw/deterministic transform,False,False,False
morgan_831,M1,reviewed CAS-to-PubChem canonical SMILES mapping,structure,"RDKit Morgan radius=2, 2048-bit fingerprint",none; raw/deterministic transform,False,False,False
morgan_832,M1,reviewed CAS-to-PubChem canonical SMILES mapping,structure,"RDKit Morgan radius=2, 2048-bit fingerprint",none; raw/deterministic transform,False,False,False
morgan_833,M1,reviewed CAS-to-PubChem canonical SMILES mapping,structure,"RDKit Morgan radius=2, 2048-bit fingerprint",none; raw/deterministic transform,False,False,False
morgan_834,M1,reviewed CAS-to-PubChem canonical SMILES mapping,structure,"RDKit Morgan radius=2, 2048-bit fingerprint",none; raw/deterministic transform,False,False,False
morgan_835,M1,reviewed CAS-to-PubChem canonical SMILES mapping,structure,"RDKit Morgan radius=2, 2048-bit fingerprint",none; raw/deterministic transform,False,False,False
morgan_836,M1,reviewed CAS-to-PubChem canonical SMILES mapping,structure,"RDKit Morgan radius=2, 2048-bit fingerprint",none; raw/deterministic transform,False,False,False
morgan_837,M1,reviewed CAS-to-PubChem canonical SMILES mapping,structure,"RDKit Morgan radius=2, 2048-bit fingerprint",none; raw/deterministic transform,False,False,False
morgan_838,M1,reviewed CAS-to-PubChem canonical SMILES mapping,structure,"RDKit Morgan radius=2, 2048-bit fingerprint",none; raw/deterministic transform,False,False,False
morgan_839,M1,reviewed CAS-to-PubChem canonical SMILES mapping,structure,"RDKit Morgan radius=2, 2048-bit fingerprint",none; raw/deterministic transform,False,False,False
morgan_840,M1,reviewed CAS-to-PubChem canonical SMILES mapping,structure,"RDKit Morgan radius=2, 2048-bit fingerprint",none; raw/deterministic transform,False,False,False
morgan_841,M1,reviewed CAS-to-PubChem canonical SMILES mapping,structure,"RDKit Morgan radius=2, 2048-bit fingerprint",none; raw/deterministic transform,False,False,False
morgan_842,M1,reviewed CAS-to-PubChem canonical SMILES mapping,structure,"RDKit Morgan radius=2, 2048-bit fingerprint",none; raw/deterministic transform,False,False,False
morgan_843,M1,reviewed CAS-to-PubChem canonical SMILES mapping,structure,"RDKit Morgan radius=2, 2048-bit fingerprint",none; raw/deterministic transform,False,False,False
morgan_844,M1,reviewed CAS-to-PubChem canonical SMILES mapping,structure,"RDKit Morgan radius=2, 2048-bit fingerprint",none; raw/deterministic transform,False,False,False
morgan_845,M1,reviewed CAS-to-PubChem canonical SMILES mapping,structure,"RDKit Morgan radius=2, 2048-bit fingerprint",none; raw/deterministic transform,False,False,False
morgan_846,M1,reviewed CAS-to-PubChem canonical SMILES mapping,structure,"RDKit Morgan radius=2, 2048-bit fingerprint",none; raw/deterministic transform,False,False,False
morgan_847,M1,reviewed CAS-to-PubChem canonical SMILES mapping,structure,"RDKit Morgan radius=2, 2048-bit fingerprint",none; raw/deterministic transform,False,False,False
morgan_848,M1,reviewed CAS-to-PubChem canonical SMILES mapping,structure,"RDKit Morgan radius=2, 2048-bit fingerprint",none; raw/deterministic transform,False,False,False
morgan_849,M1,reviewed CAS-to-PubChem canonical SMILES mapping,structure,"RDKit Morgan radius=2, 2048-bit fingerprint",none; raw/deterministic transform,False,False,False
morgan_850,M1,reviewed CAS-to-PubChem canonical SMILES mapping,structure,"RDKit Morgan radius=2, 2048-bit fingerprint",none; raw/deterministic transform,False,False,False
morgan_851,M1,reviewed CAS-to-PubChem canonical SMILES mapping,structure,"RDKit Morgan radius=2, 2048-bit fingerprint",none; raw/deterministic transform,False,False,False
morgan_852,M1,reviewed CAS-to-PubChem canonical SMILES mapping,structure,"RDKit Morgan radius=2, 2048-bit fingerprint",none; raw/deterministic transform,False,False,False
morgan_853,M1,reviewed CAS-to-PubChem canonical SMILES mapping,structure,"RDKit Morgan radius=2, 2048-bit fingerprint",none; raw/deterministic transform,False,False,False
morgan_854,M1,reviewed CAS-to-PubChem canonical SMILES mapping,structure,"RDKit Morgan radius=2, 2048-bit fingerprint",none; raw/deterministic transform,False,False,False
morgan_855,M1,reviewed CAS-to-PubChem canonical SMILES mapping,structure,"RDKit Morgan radius=2, 2048-bit fingerprint",none; raw/deterministic transform,False,False,False
morgan_856,M1,reviewed CAS-to-PubChem canonical SMILES mapping,structure,"RDKit Morgan radius=2, 2048-bit fingerprint",none; raw/deterministic transform,False,False,False
morgan_857,M1,reviewed CAS-to-PubChem canonical SMILES mapping,structure,"RDKit Morgan radius=2, 2048-bit fingerprint",none; raw/deterministic transform,False,False,False
morgan_858,M1,reviewed CAS-to-PubChem canonical SMILES mapping,structure,"RDKit Morgan radius=2, 2048-bit fingerprint",none; raw/deterministic transform,False,False,False
morgan_859,M1,reviewed CAS-to-PubChem canonical SMILES mapping,structure,"RDKit Morgan radius=2, 2048-bit fingerprint",none; raw/deterministic transform,False,False,False
morgan_860,M1,reviewed CAS-to-PubChem canonical SMILES mapping,structure,"RDKit Morgan radius=2, 2048-bit fingerprint",none; raw/deterministic transform,False,False,False
morgan_861,M1,reviewed CAS-to-PubChem canonical SMILES mapping,structure,"RDKit Morgan radius=2, 2048-bit fingerprint",none; raw/deterministic transform,False,False,False
morgan_862,M1,reviewed CAS-to-PubChem canonical SMILES mapping,structure,"RDKit Morgan radius=2, 2048-bit fingerprint",none; raw/deterministic transform,False,False,False
morgan_863,M1,reviewed CAS-to-PubChem canonical SMILES mapping,structure,"RDKit Morgan radius=2, 2048-bit fingerprint",none; raw/deterministic transform,False,False,False
morgan_864,M1,reviewed CAS-to-PubChem canonical SMILES mapping,structure,"RDKit Morgan radius=2, 2048-bit fingerprint",none; raw/deterministic transform,False,False,False
morgan_865,M1,reviewed CAS-to-PubChem canonical SMILES mapping,structure,"RDKit Morgan radius=2, 2048-bit fingerprint",none; raw/deterministic transform,False,False,False
morgan_866,M1,reviewed CAS-to-PubChem canonical SMILES mapping,structure,"RDKit Morgan radius=2, 2048-bit fingerprint",none; raw/deterministic transform,False,False,False
morgan_867,M1,reviewed CAS-to-PubChem canonical SMILES mapping,structure,"RDKit Morgan radius=2, 2048-bit fingerprint",none; raw/deterministic transform,False,False,False
morgan_868,M1,reviewed CAS-to-PubChem canonical SMILES mapping,structure,"RDKit Morgan radius=2, 2048-bit fingerprint",none; raw/deterministic transform,False,False,False
morgan_869,M1,reviewed CAS-to-PubChem canonical SMILES mapping,structure,"RDKit Morgan radius=2, 2048-bit fingerprint",none; raw/deterministic transform,False,False,False
morgan_870,M1,reviewed CAS-to-PubChem canonical SMILES mapping,structure,"RDKit Morgan radius=2, 2048-bit fingerprint",none; raw/deterministic transform,False,False,False
morgan_871,M1,reviewed CAS-to-PubChem canonical SMILES mapping,structure,"RDKit Morgan radius=2, 2048-bit fingerprint",none; raw/deterministic transform,False,False,False
morgan_872,M1,reviewed CAS-to-PubChem canonical SMILES mapping,structure,"RDKit Morgan radius=2, 2048-bit fingerprint",none; raw/deterministic transform,False,False,False
morgan_873,M1,reviewed CAS-to-PubChem canonical SMILES mapping,structure,"RDKit Morgan radius=2, 2048-bit fingerprint",none; raw/deterministic transform,False,False,False
morgan_874,M1,reviewed CAS-to-PubChem canonical SMILES mapping,structure,"RDKit Morgan radius=2, 2048-bit fingerprint",none; raw/deterministic transform,False,False,False
morgan_875,M1,reviewed CAS-to-PubChem canonical SMILES mapping,structure,"RDKit Morgan radius=2, 2048-bit fingerprint",none; raw/deterministic transform,False,False,False
morgan_876,M1,reviewed CAS-to-PubChem canonical SMILES mapping,structure,"RDKit Morgan radius=2, 2048-bit fingerprint",none; raw/deterministic transform,False,False,False
morgan_877,M1,reviewed CAS-to-PubChem canonical SMILES mapping,structure,"RDKit Morgan radius=2, 2048-bit fingerprint",none; raw/deterministic transform,False,False,False
morgan_878,M1,reviewed CAS-to-PubChem canonical SMILES mapping,structure,"RDKit Morgan radius=2, 2048-bit fingerprint",none; raw/deterministic transform,False,False,False
morgan_879,M1,reviewed CAS-to-PubChem canonical SMILES mapping,structure,"RDKit Morgan radius=2, 2048-bit fingerprint",none; raw/deterministic transform,False,False,False
morgan_880,M1,reviewed CAS-to-PubChem canonical SMILES mapping,structure,"RDKit Morgan radius=2, 2048-bit fingerprint",none; raw/deterministic transform,False,False,False
morgan_881,M1,reviewed CAS-to-PubChem canonical SMILES mapping,structure,"RDKit Morgan radius=2, 2048-bit fingerprint",none; raw/deterministic transform,False,False,False
morgan_882,M1,reviewed CAS-to-PubChem canonical SMILES mapping,structure,"RDKit Morgan radius=2, 2048-bit fingerprint",none; raw/deterministic transform,False,False,False
morgan_883,M1,reviewed CAS-to-PubChem canonical SMILES mapping,structure,"RDKit Morgan radius=2, 2048-bit fingerprint",none; raw/deterministic transform,False,False,False
morgan_884,M1,reviewed CAS-to-PubChem canonical SMILES mapping,structure,"RDKit Morgan radius=2, 2048-bit fingerprint",none; raw/deterministic transform,False,False,False
morgan_885,M1,reviewed CAS-to-PubChem canonical SMILES mapping,structure,"RDKit Morgan radius=2, 2048-bit fingerprint",none; raw/deterministic transform,False,False,False
morgan_886,M1,reviewed CAS-to-PubChem canonical SMILES mapping,structure,"RDKit Morgan radius=2, 2048-bit fingerprint",none; raw/deterministic transform,False,False,False
morgan_887,M1,reviewed CAS-to-PubChem canonical SMILES mapping,structure,"RDKit Morgan radius=2, 2048-bit fingerprint",none; raw/deterministic transform,False,False,False
morgan_888,M1,reviewed CAS-to-PubChem canonical SMILES mapping,structure,"RDKit Morgan radius=2, 2048-bit fingerprint",none; raw/deterministic transform,False,False,False
morgan_889,M1,reviewed CAS-to-PubChem canonical SMILES mapping,structure,"RDKit Morgan radius=2, 2048-bit fingerprint",none; raw/deterministic transform,False,False,False
morgan_890,M1,reviewed CAS-to-PubChem canonical SMILES mapping,structure,"RDKit Morgan radius=2, 2048-bit fingerprint",none; raw/deterministic transform,False,False,False
morgan_891,M1,reviewed CAS-to-PubChem canonical SMILES mapping,structure,"RDKit Morgan radius=2, 2048-bit fingerprint",none; raw/deterministic transform,False,False,False
morgan_892,M1,reviewed CAS-to-PubChem canonical SMILES mapping,structure,"RDKit Morgan radius=2, 2048-bit fingerprint",none; raw/deterministic transform,False,False,False
morgan_893,M1,reviewed CAS-to-PubChem canonical SMILES mapping,structure,"RDKit Morgan radius=2, 2048-bit fingerprint",none; raw/deterministic transform,False,False,False
morgan_894,M1,reviewed CAS-to-PubChem canonical SMILES mapping,structure,"RDKit Morgan radius=2, 2048-bit fingerprint",none; raw/deterministic transform,False,False,False
morgan_895,M1,reviewed CAS-to-PubChem canonical SMILES mapping,structure,"RDKit Morgan radius=2, 2048-bit fingerprint",none; raw/deterministic transform,False,False,False
morgan_896,M1,reviewed CAS-to-PubChem canonical SMILES mapping,structure,"RDKit Morgan radius=2, 2048-bit fingerprint",none; raw/deterministic transform,False,False,False
morgan_897,M1,reviewed CAS-to-PubChem canonical SMILES mapping,structure,"RDKit Morgan radius=2, 2048-bit fingerprint",none; raw/deterministic transform,False,False,False
morgan_898,M1,reviewed CAS-to-PubChem canonical SMILES mapping,structure,"RDKit Morgan radius=2, 2048-bit fingerprint",none; raw/deterministic transform,False,False,False
morgan_899,M1,reviewed CAS-to-PubChem canonical SMILES mapping,structure,"RDKit Morgan radius=2, 2048-bit fingerprint",none; raw/deterministic transform,False,False,False
morgan_900,M1,reviewed CAS-to-PubChem canonical SMILES mapping,structure,"RDKit Morgan radius=2, 2048-bit fingerprint",none; raw/deterministic transform,False,False,False
morgan_901,M1,reviewed CAS-to-PubChem canonical SMILES mapping,structure,"RDKit Morgan radius=2, 2048-bit fingerprint",none; raw/deterministic transform,False,False,False
morgan_902,M1,reviewed CAS-to-PubChem canonical SMILES mapping,structure,"RDKit Morgan radius=2, 2048-bit fingerprint",none; raw/deterministic transform,False,False,False
morgan_903,M1,reviewed CAS-to-PubChem canonical SMILES mapping,structure,"RDKit Morgan radius=2, 2048-bit fingerprint",none; raw/deterministic transform,False,False,False
morgan_904,M1,reviewed CAS-to-PubChem canonical SMILES mapping,structure,"RDKit Morgan radius=2, 2048-bit fingerprint",none; raw/deterministic transform,False,False,False
morgan_905,M1,reviewed CAS-to-PubChem canonical SMILES mapping,structure,"RDKit Morgan radius=2, 2048-bit fingerprint",none; raw/deterministic transform,False,False,False
morgan_906,M1,reviewed CAS-to-PubChem canonical SMILES mapping,structure,"RDKit Morgan radius=2, 2048-bit fingerprint",none; raw/deterministic transform,False,False,False
morgan_907,M1,reviewed CAS-to-PubChem canonical SMILES mapping,structure,"RDKit Morgan radius=2, 2048-bit fingerprint",none; raw/deterministic transform,False,False,False
morgan_908,M1,reviewed CAS-to-PubChem canonical SMILES mapping,structure,"RDKit Morgan radius=2, 2048-bit fingerprint",none; raw/deterministic transform,False,False,False
morgan_909,M1,reviewed CAS-to-PubChem canonical SMILES mapping,structure,"RDKit Morgan radius=2, 2048-bit fingerprint",none; raw/deterministic transform,False,False,False
morgan_910,M1,reviewed CAS-to-PubChem canonical SMILES mapping,structure,"RDKit Morgan radius=2, 2048-bit fingerprint",none; raw/deterministic transform,False,False,False
morgan_911,M1,reviewed CAS-to-PubChem canonical SMILES mapping,structure,"RDKit Morgan radius=2, 2048-bit fingerprint",none; raw/deterministic transform,False,False,False
morgan_912,M1,reviewed CAS-to-PubChem canonical SMILES mapping,structure,"RDKit Morgan radius=2, 2048-bit fingerprint",none; raw/deterministic transform,False,False,False
morgan_913,M1,reviewed CAS-to-PubChem canonical SMILES mapping,structure,"RDKit Morgan radius=2, 2048-bit fingerprint",none; raw/deterministic transform,False,False,False
morgan_914,M1,reviewed CAS-to-PubChem canonical SMILES mapping,structure,"RDKit Morgan radius=2, 2048-bit fingerprint",none; raw/deterministic transform,False,False,False
morgan_915,M1,reviewed CAS-to-PubChem canonical SMILES mapping,structure,"RDKit Morgan radius=2, 2048-bit fingerprint",none; raw/deterministic transform,False,False,False
morgan_916,M1,reviewed CAS-to-PubChem canonical SMILES mapping,structure,"RDKit Morgan radius=2, 2048-bit fingerprint",none; raw/deterministic transform,False,False,False
morgan_917,M1,reviewed CAS-to-PubChem canonical SMILES mapping,structure,"RDKit Morgan radius=2, 2048-bit fingerprint",none; raw/deterministic transform,False,False,False
morgan_918,M1,reviewed CAS-to-PubChem canonical SMILES mapping,structure,"RDKit Morgan radius=2, 2048-bit fingerprint",none; raw/deterministic transform,False,False,False
morgan_919,M1,reviewed CAS-to-PubChem canonical SMILES mapping,structure,"RDKit Morgan radius=2, 2048-bit fingerprint",none; raw/deterministic transform,False,False,False
morgan_920,M1,reviewed CAS-to-PubChem canonical SMILES mapping,structure,"RDKit Morgan radius=2, 2048-bit fingerprint",none; raw/deterministic transform,False,False,False
morgan_921,M1,reviewed CAS-to-PubChem canonical SMILES mapping,structure,"RDKit Morgan radius=2, 2048-bit fingerprint",none; raw/deterministic transform,False,False,False
morgan_922,M1,reviewed CAS-to-PubChem canonical SMILES mapping,structure,"RDKit Morgan radius=2, 2048-bit fingerprint",none; raw/deterministic transform,False,False,False
morgan_923,M1,reviewed CAS-to-PubChem canonical SMILES mapping,structure,"RDKit Morgan radius=2, 2048-bit fingerprint",none; raw/deterministic transform,False,False,False
morgan_924,M1,reviewed CAS-to-PubChem canonical SMILES mapping,structure,"RDKit Morgan radius=2, 2048-bit fingerprint",none; raw/deterministic transform,False,False,False
morgan_925,M1,reviewed CAS-to-PubChem canonical SMILES mapping,structure,"RDKit Morgan radius=2, 2048-bit fingerprint",none; raw/deterministic transform,False,False,False
morgan_926,M1,reviewed CAS-to-PubChem canonical SMILES mapping,structure,"RDKit Morgan radius=2, 2048-bit fingerprint",none; raw/deterministic transform,False,False,False
morgan_927,M1,reviewed CAS-to-PubChem canonical SMILES mapping,structure,"RDKit Morgan radius=2, 2048-bit fingerprint",none; raw/deterministic transform,False,False,False
morgan_928,M1,reviewed CAS-to-PubChem canonical SMILES mapping,structure,"RDKit Morgan radius=2, 2048-bit fingerprint",none; raw/deterministic transform,False,False,False
morgan_929,M1,reviewed CAS-to-PubChem canonical SMILES mapping,structure,"RDKit Morgan radius=2, 2048-bit fingerprint",none; raw/deterministic transform,False,False,False
morgan_930,M1,reviewed CAS-to-PubChem canonical SMILES mapping,structure,"RDKit Morgan radius=2, 2048-bit fingerprint",none; raw/deterministic transform,False,False,False
morgan_931,M1,reviewed CAS-to-PubChem canonical SMILES mapping,structure,"RDKit Morgan radius=2, 2048-bit fingerprint",none; raw/deterministic transform,False,False,False
morgan_932,M1,reviewed CAS-to-PubChem canonical SMILES mapping,structure,"RDKit Morgan radius=2, 2048-bit fingerprint",none; raw/deterministic transform,False,False,False
morgan_933,M1,reviewed CAS-to-PubChem canonical SMILES mapping,structure,"RDKit Morgan radius=2, 2048-bit fingerprint",none; raw/deterministic transform,False,False,False
morgan_934,M1,reviewed CAS-to-PubChem canonical SMILES mapping,structure,"RDKit Morgan radius=2, 2048-bit fingerprint",none; raw/deterministic transform,False,False,False
morgan_935,M1,reviewed CAS-to-PubChem canonical SMILES mapping,structure,"RDKit Morgan radius=2, 2048-bit fingerprint",none; raw/deterministic transform,False,False,False
morgan_936,M1,reviewed CAS-to-PubChem canonical SMILES mapping,structure,"RDKit Morgan radius=2, 2048-bit fingerprint",none; raw/deterministic transform,False,False,False
morgan_937,M1,reviewed CAS-to-PubChem canonical SMILES mapping,structure,"RDKit Morgan radius=2, 2048-bit fingerprint",none; raw/deterministic transform,False,False,False
morgan_938,M1,reviewed CAS-to-PubChem canonical SMILES mapping,structure,"RDKit Morgan radius=2, 2048-bit fingerprint",none; raw/deterministic transform,False,False,False
morgan_939,M1,reviewed CAS-to-PubChem canonical SMILES mapping,structure,"RDKit Morgan radius=2, 2048-bit fingerprint",none; raw/deterministic transform,False,False,False
morgan_940,M1,reviewed CAS-to-PubChem canonical SMILES mapping,structure,"RDKit Morgan radius=2, 2048-bit fingerprint",none; raw/deterministic transform,False,False,False
morgan_941,M1,reviewed CAS-to-PubChem canonical SMILES mapping,structure,"RDKit Morgan radius=2, 2048-bit fingerprint",none; raw/deterministic transform,False,False,False
morgan_942,M1,reviewed CAS-to-PubChem canonical SMILES mapping,structure,"RDKit Morgan radius=2, 2048-bit fingerprint",none; raw/deterministic transform,False,False,False
morgan_943,M1,reviewed CAS-to-PubChem canonical SMILES mapping,structure,"RDKit Morgan radius=2, 2048-bit fingerprint",none; raw/deterministic transform,False,False,False
morgan_944,M1,reviewed CAS-to-PubChem canonical SMILES mapping,structure,"RDKit Morgan radius=2, 2048-bit fingerprint",none; raw/deterministic transform,False,False,False
morgan_945,M1,reviewed CAS-to-PubChem canonical SMILES mapping,structure,"RDKit Morgan radius=2, 2048-bit fingerprint",none; raw/deterministic transform,False,False,False
morgan_946,M1,reviewed CAS-to-PubChem canonical SMILES mapping,structure,"RDKit Morgan radius=2, 2048-bit fingerprint",none; raw/deterministic transform,False,False,False
morgan_947,M1,reviewed CAS-to-PubChem canonical SMILES mapping,structure,"RDKit Morgan radius=2, 2048-bit fingerprint",none; raw/deterministic transform,False,False,False
morgan_948,M1,reviewed CAS-to-PubChem canonical SMILES mapping,structure,"RDKit Morgan radius=2, 2048-bit fingerprint",none; raw/deterministic transform,False,False,False
morgan_949,M1,reviewed CAS-to-PubChem canonical SMILES mapping,structure,"RDKit Morgan radius=2, 2048-bit fingerprint",none; raw/deterministic transform,False,False,False
morgan_950,M1,reviewed CAS-to-PubChem canonical SMILES mapping,structure,"RDKit Morgan radius=2, 2048-bit fingerprint",none; raw/deterministic transform,False,False,False
morgan_951,M1,reviewed CAS-to-PubChem canonical SMILES mapping,structure,"RDKit Morgan radius=2, 2048-bit fingerprint",none; raw/deterministic transform,False,False,False
morgan_952,M1,reviewed CAS-to-PubChem canonical SMILES mapping,structure,"RDKit Morgan radius=2, 2048-bit fingerprint",none; raw/deterministic transform,False,False,False
morgan_953,M1,reviewed CAS-to-PubChem canonical SMILES mapping,structure,"RDKit Morgan radius=2, 2048-bit fingerprint",none; raw/deterministic transform,False,False,False
morgan_954,M1,reviewed CAS-to-PubChem canonical SMILES mapping,structure,"RDKit Morgan radius=2, 2048-bit fingerprint",none; raw/deterministic transform,False,False,False
morgan_955,M1,reviewed CAS-to-PubChem canonical SMILES mapping,structure,"RDKit Morgan radius=2, 2048-bit fingerprint",none; raw/deterministic transform,False,False,False
morgan_956,M1,reviewed CAS-to-PubChem canonical SMILES mapping,structure,"RDKit Morgan radius=2, 2048-bit fingerprint",none; raw/deterministic transform,False,False,False
morgan_957,M1,reviewed CAS-to-PubChem canonical SMILES mapping,structure,"RDKit Morgan radius=2, 2048-bit fingerprint",none; raw/deterministic transform,False,False,False
morgan_958,M1,reviewed CAS-to-PubChem canonical SMILES mapping,structure,"RDKit Morgan radius=2, 2048-bit fingerprint",none; raw/deterministic transform,False,False,False
morgan_959,M1,reviewed CAS-to-PubChem canonical SMILES mapping,structure,"RDKit Morgan radius=2, 2048-bit fingerprint",none; raw/deterministic transform,False,False,False
morgan_960,M1,reviewed CAS-to-PubChem canonical SMILES mapping,structure,"RDKit Morgan radius=2, 2048-bit fingerprint",none; raw/deterministic transform,False,False,False
morgan_961,M1,reviewed CAS-to-PubChem canonical SMILES mapping,structure,"RDKit Morgan radius=2, 2048-bit fingerprint",none; raw/deterministic transform,False,False,False
morgan_962,M1,reviewed CAS-to-PubChem canonical SMILES mapping,structure,"RDKit Morgan radius=2, 2048-bit fingerprint",none; raw/deterministic transform,False,False,False
morgan_963,M1,reviewed CAS-to-PubChem canonical SMILES mapping,structure,"RDKit Morgan radius=2, 2048-bit fingerprint",none; raw/deterministic transform,False,False,False
morgan_964,M1,reviewed CAS-to-PubChem canonical SMILES mapping,structure,"RDKit Morgan radius=2, 2048-bit fingerprint",none; raw/deterministic transform,False,False,False
morgan_965,M1,reviewed CAS-to-PubChem canonical SMILES mapping,structure,"RDKit Morgan radius=2, 2048-bit fingerprint",none; raw/deterministic transform,False,False,False
morgan_966,M1,reviewed CAS-to-PubChem canonical SMILES mapping,structure,"RDKit Morgan radius=2, 2048-bit fingerprint",none; raw/deterministic transform,False,False,False
morgan_967,M1,reviewed CAS-to-PubChem canonical SMILES mapping,structure,"RDKit Morgan radius=2, 2048-bit fingerprint",none; raw/deterministic transform,False,False,False
morgan_968,M1,reviewed CAS-to-PubChem canonical SMILES mapping,structure,"RDKit Morgan radius=2, 2048-bit fingerprint",none; raw/deterministic transform,False,False,False
morgan_969,M1,reviewed CAS-to-PubChem canonical SMILES mapping,structure,"RDKit Morgan radius=2, 2048-bit fingerprint",none; raw/deterministic transform,False,False,False
morgan_970,M1,reviewed CAS-to-PubChem canonical SMILES mapping,structure,"RDKit Morgan radius=2, 2048-bit fingerprint",none; raw/deterministic transform,False,False,False
morgan_971,M1,reviewed CAS-to-PubChem canonical SMILES mapping,structure,"RDKit Morgan radius=2, 2048-bit fingerprint",none; raw/deterministic transform,False,False,False
morgan_972,M1,reviewed CAS-to-PubChem canonical SMILES mapping,structure,"RDKit Morgan radius=2, 2048-bit fingerprint",none; raw/deterministic transform,False,False,False
morgan_973,M1,reviewed CAS-to-PubChem canonical SMILES mapping,structure,"RDKit Morgan radius=2, 2048-bit fingerprint",none; raw/deterministic transform,False,False,False
morgan_974,M1,reviewed CAS-to-PubChem canonical SMILES mapping,structure,"RDKit Morgan radius=2, 2048-bit fingerprint",none; raw/deterministic transform,False,False,False
morgan_975,M1,reviewed CAS-to-PubChem canonical SMILES mapping,structure,"RDKit Morgan radius=2, 2048-bit fingerprint",none; raw/deterministic transform,False,False,False
morgan_976,M1,reviewed CAS-to-PubChem canonical SMILES mapping,structure,"RDKit Morgan radius=2, 2048-bit fingerprint",none; raw/deterministic transform,False,False,False
morgan_977,M1,reviewed CAS-to-PubChem canonical SMILES mapping,structure,"RDKit Morgan radius=2, 2048-bit fingerprint",none; raw/deterministic transform,False,False,False
morgan_978,M1,reviewed CAS-to-PubChem canonical SMILES mapping,structure,"RDKit Morgan radius=2, 2048-bit fingerprint",none; raw/deterministic transform,False,False,False
morgan_979,M1,reviewed CAS-to-PubChem canonical SMILES mapping,structure,"RDKit Morgan radius=2, 2048-bit fingerprint",none; raw/deterministic transform,False,False,False
morgan_980,M1,reviewed CAS-to-PubChem canonical SMILES mapping,structure,"RDKit Morgan radius=2, 2048-bit fingerprint",none; raw/deterministic transform,False,False,False
morgan_981,M1,reviewed CAS-to-PubChem canonical SMILES mapping,structure,"RDKit Morgan radius=2, 2048-bit fingerprint",none; raw/deterministic transform,False,False,False
morgan_982,M1,reviewed CAS-to-PubChem canonical SMILES mapping,structure,"RDKit Morgan radius=2, 2048-bit fingerprint",none; raw/deterministic transform,False,False,False
morgan_983,M1,reviewed CAS-to-PubChem canonical SMILES mapping,structure,"RDKit Morgan radius=2, 2048-bit fingerprint",none; raw/deterministic transform,False,False,False
morgan_984,M1,reviewed CAS-to-PubChem canonical SMILES mapping,structure,"RDKit Morgan radius=2, 2048-bit fingerprint",none; raw/deterministic transform,False,False,False
morgan_985,M1,reviewed CAS-to-PubChem canonical SMILES mapping,structure,"RDKit Morgan radius=2, 2048-bit fingerprint",none; raw/deterministic transform,False,False,False
morgan_986,M1,reviewed CAS-to-PubChem canonical SMILES mapping,structure,"RDKit Morgan radius=2, 2048-bit fingerprint",none; raw/deterministic transform,False,False,False
morgan_987,M1,reviewed CAS-to-PubChem canonical SMILES mapping,structure,"RDKit Morgan radius=2, 2048-bit fingerprint",none; raw/deterministic transform,False,False,False
morgan_988,M1,reviewed CAS-to-PubChem canonical SMILES mapping,structure,"RDKit Morgan radius=2, 2048-bit fingerprint",none; raw/deterministic transform,False,False,False
morgan_989,M1,reviewed CAS-to-PubChem canonical SMILES mapping,structure,"RDKit Morgan radius=2, 2048-bit fingerprint",none; raw/deterministic transform,False,False,False
morgan_990,M1,reviewed CAS-to-PubChem canonical SMILES mapping,structure,"RDKit Morgan radius=2, 2048-bit fingerprint",none; raw/deterministic transform,False,False,False
morgan_991,M1,reviewed CAS-to-PubChem canonical SMILES mapping,structure,"RDKit Morgan radius=2, 2048-bit fingerprint",none; raw/deterministic transform,False,False,False
morgan_992,M1,reviewed CAS-to-PubChem canonical SMILES mapping,structure,"RDKit Morgan radius=2, 2048-bit fingerprint",none; raw/deterministic transform,False,False,False
morgan_993,M1,reviewed CAS-to-PubChem canonical SMILES mapping,structure,"RDKit Morgan radius=2, 2048-bit fingerprint",none; raw/deterministic transform,False,False,False
morgan_994,M1,reviewed CAS-to-PubChem canonical SMILES mapping,structure,"RDKit Morgan radius=2, 2048-bit fingerprint",none; raw/deterministic transform,False,False,False
morgan_995,M1,reviewed CAS-to-PubChem canonical SMILES mapping,structure,"RDKit Morgan radius=2, 2048-bit fingerprint",none; raw/deterministic transform,False,False,False
morgan_996,M1,reviewed CAS-to-PubChem canonical SMILES mapping,structure,"RDKit Morgan radius=2, 2048-bit fingerprint",none; raw/deterministic transform,False,False,False
morgan_997,M1,reviewed CAS-to-PubChem canonical SMILES mapping,structure,"RDKit Morgan radius=2, 2048-bit fingerprint",none; raw/deterministic transform,False,False,False
morgan_998,M1,reviewed CAS-to-PubChem canonical SMILES mapping,structure,"RDKit Morgan radius=2, 2048-bit fingerprint",none; raw/deterministic transform,False,False,False
morgan_999,M1,reviewed CAS-to-PubChem canonical SMILES mapping,structure,"RDKit Morgan radius=2, 2048-bit fingerprint",none; raw/deterministic transform,False,False,False
morgan_1000,M1,reviewed CAS-to-PubChem canonical SMILES mapping,structure,"RDKit Morgan radius=2, 2048-bit fingerprint",none; raw/deterministic transform,False,False,False
morgan_1001,M1,reviewed CAS-to-PubChem canonical SMILES mapping,structure,"RDKit Morgan radius=2, 2048-bit fingerprint",none; raw/deterministic transform,False,False,False
morgan_1002,M1,reviewed CAS-to-PubChem canonical SMILES mapping,structure,"RDKit Morgan radius=2, 2048-bit fingerprint",none; raw/deterministic transform,False,False,False
morgan_1003,M1,reviewed CAS-to-PubChem canonical SMILES mapping,structure,"RDKit Morgan radius=2, 2048-bit fingerprint",none; raw/deterministic transform,False,False,False
morgan_1004,M1,reviewed CAS-to-PubChem canonical SMILES mapping,structure,"RDKit Morgan radius=2, 2048-bit fingerprint",none; raw/deterministic transform,False,False,False
morgan_1005,M1,reviewed CAS-to-PubChem canonical SMILES mapping,structure,"RDKit Morgan radius=2, 2048-bit fingerprint",none; raw/deterministic transform,False,False,False
morgan_1006,M1,reviewed CAS-to-PubChem canonical SMILES mapping,structure,"RDKit Morgan radius=2, 2048-bit fingerprint",none; raw/deterministic transform,False,False,False
morgan_1007,M1,reviewed CAS-to-PubChem canonical SMILES mapping,structure,"RDKit Morgan radius=2, 2048-bit fingerprint",none; raw/deterministic transform,False,False,False
morgan_1008,M1,reviewed CAS-to-PubChem canonical SMILES mapping,structure,"RDKit Morgan radius=2, 2048-bit fingerprint",none; raw/deterministic transform,False,False,False
morgan_1009,M1,reviewed CAS-to-PubChem canonical SMILES mapping,structure,"RDKit Morgan radius=2, 2048-bit fingerprint",none; raw/deterministic transform,False,False,False
morgan_1010,M1,reviewed CAS-to-PubChem canonical SMILES mapping,structure,"RDKit Morgan radius=2, 2048-bit fingerprint",none; raw/deterministic transform,False,False,False
morgan_1011,M1,reviewed CAS-to-PubChem canonical SMILES mapping,structure,"RDKit Morgan radius=2, 2048-bit fingerprint",none; raw/deterministic transform,False,False,False
morgan_1012,M1,reviewed CAS-to-PubChem canonical SMILES mapping,structure,"RDKit Morgan radius=2, 2048-bit fingerprint",none; raw/deterministic transform,False,False,False
morgan_1013,M1,reviewed CAS-to-PubChem canonical SMILES mapping,structure,"RDKit Morgan radius=2, 2048-bit fingerprint",none; raw/deterministic transform,False,False,False
morgan_1014,M1,reviewed CAS-to-PubChem canonical SMILES mapping,structure,"RDKit Morgan radius=2, 2048-bit fingerprint",none; raw/deterministic transform,False,False,False
morgan_1015,M1,reviewed CAS-to-PubChem canonical SMILES mapping,structure,"RDKit Morgan radius=2, 2048-bit fingerprint",none; raw/deterministic transform,False,False,False
morgan_1016,M1,reviewed CAS-to-PubChem canonical SMILES mapping,structure,"RDKit Morgan radius=2, 2048-bit fingerprint",none; raw/deterministic transform,False,False,False
morgan_1017,M1,reviewed CAS-to-PubChem canonical SMILES mapping,structure,"RDKit Morgan radius=2, 2048-bit fingerprint",none; raw/deterministic transform,False,False,False
morgan_1018,M1,reviewed CAS-to-PubChem canonical SMILES mapping,structure,"RDKit Morgan radius=2, 2048-bit fingerprint",none; raw/deterministic transform,False,False,False
morgan_1019,M1,reviewed CAS-to-PubChem canonical SMILES mapping,structure,"RDKit Morgan radius=2, 2048-bit fingerprint",none; raw/deterministic transform,False,False,False
morgan_1020,M1,reviewed CAS-to-PubChem canonical SMILES mapping,structure,"RDKit Morgan radius=2, 2048-bit fingerprint",none; raw/deterministic transform,False,False,False
morgan_1021,M1,reviewed CAS-to-PubChem canonical SMILES mapping,structure,"RDKit Morgan radius=2, 2048-bit fingerprint",none; raw/deterministic transform,False,False,False
morgan_1022,M1,reviewed CAS-to-PubChem canonical SMILES mapping,structure,"RDKit Morgan radius=2, 2048-bit fingerprint",none; raw/deterministic transform,False,False,False
morgan_1023,M1,reviewed CAS-to-PubChem canonical SMILES mapping,structure,"RDKit Morgan radius=2, 2048-bit fingerprint",none; raw/deterministic transform,False,False,False
morgan_1024,M1,reviewed CAS-to-PubChem canonical SMILES mapping,structure,"RDKit Morgan radius=2, 2048-bit fingerprint",none; raw/deterministic transform,False,False,False
morgan_1025,M1,reviewed CAS-to-PubChem canonical SMILES mapping,structure,"RDKit Morgan radius=2, 2048-bit fingerprint",none; raw/deterministic transform,False,False,False
morgan_1026,M1,reviewed CAS-to-PubChem canonical SMILES mapping,structure,"RDKit Morgan radius=2, 2048-bit fingerprint",none; raw/deterministic transform,False,False,False
morgan_1027,M1,reviewed CAS-to-PubChem canonical SMILES mapping,structure,"RDKit Morgan radius=2, 2048-bit fingerprint",none; raw/deterministic transform,False,False,False
morgan_1028,M1,reviewed CAS-to-PubChem canonical SMILES mapping,structure,"RDKit Morgan radius=2, 2048-bit fingerprint",none; raw/deterministic transform,False,False,False
morgan_1029,M1,reviewed CAS-to-PubChem canonical SMILES mapping,structure,"RDKit Morgan radius=2, 2048-bit fingerprint",none; raw/deterministic transform,False,False,False
morgan_1030,M1,reviewed CAS-to-PubChem canonical SMILES mapping,structure,"RDKit Morgan radius=2, 2048-bit fingerprint",none; raw/deterministic transform,False,False,False
morgan_1031,M1,reviewed CAS-to-PubChem canonical SMILES mapping,structure,"RDKit Morgan radius=2, 2048-bit fingerprint",none; raw/deterministic transform,False,False,False
morgan_1032,M1,reviewed CAS-to-PubChem canonical SMILES mapping,structure,"RDKit Morgan radius=2, 2048-bit fingerprint",none; raw/deterministic transform,False,False,False
morgan_1033,M1,reviewed CAS-to-PubChem canonical SMILES mapping,structure,"RDKit Morgan radius=2, 2048-bit fingerprint",none; raw/deterministic transform,False,False,False
morgan_1034,M1,reviewed CAS-to-PubChem canonical SMILES mapping,structure,"RDKit Morgan radius=2, 2048-bit fingerprint",none; raw/deterministic transform,False,False,False
morgan_1035,M1,reviewed CAS-to-PubChem canonical SMILES mapping,structure,"RDKit Morgan radius=2, 2048-bit fingerprint",none; raw/deterministic transform,False,False,False
morgan_1036,M1,reviewed CAS-to-PubChem canonical SMILES mapping,structure,"RDKit Morgan radius=2, 2048-bit fingerprint",none; raw/deterministic transform,False,False,False
morgan_1037,M1,reviewed CAS-to-PubChem canonical SMILES mapping,structure,"RDKit Morgan radius=2, 2048-bit fingerprint",none; raw/deterministic transform,False,False,False
morgan_1038,M1,reviewed CAS-to-PubChem canonical SMILES mapping,structure,"RDKit Morgan radius=2, 2048-bit fingerprint",none; raw/deterministic transform,False,False,False
morgan_1039,M1,reviewed CAS-to-PubChem canonical SMILES mapping,structure,"RDKit Morgan radius=2, 2048-bit fingerprint",none; raw/deterministic transform,False,False,False
morgan_1040,M1,reviewed CAS-to-PubChem canonical SMILES mapping,structure,"RDKit Morgan radius=2, 2048-bit fingerprint",none; raw/deterministic transform,False,False,False
morgan_1041,M1,reviewed CAS-to-PubChem canonical SMILES mapping,structure,"RDKit Morgan radius=2, 2048-bit fingerprint",none; raw/deterministic transform,False,False,False
morgan_1042,M1,reviewed CAS-to-PubChem canonical SMILES mapping,structure,"RDKit Morgan radius=2, 2048-bit fingerprint",none; raw/deterministic transform,False,False,False
morgan_1043,M1,reviewed CAS-to-PubChem canonical SMILES mapping,structure,"RDKit Morgan radius=2, 2048-bit fingerprint",none; raw/deterministic transform,False,False,False
morgan_1044,M1,reviewed CAS-to-PubChem canonical SMILES mapping,structure,"RDKit Morgan radius=2, 2048-bit fingerprint",none; raw/deterministic transform,False,False,False
morgan_1045,M1,reviewed CAS-to-PubChem canonical SMILES mapping,structure,"RDKit Morgan radius=2, 2048-bit fingerprint",none; raw/deterministic transform,False,False,False
morgan_1046,M1,reviewed CAS-to-PubChem canonical SMILES mapping,structure,"RDKit Morgan radius=2, 2048-bit fingerprint",none; raw/deterministic transform,False,False,False
morgan_1047,M1,reviewed CAS-to-PubChem canonical SMILES mapping,structure,"RDKit Morgan radius=2, 2048-bit fingerprint",none; raw/deterministic transform,False,False,False
morgan_1048,M1,reviewed CAS-to-PubChem canonical SMILES mapping,structure,"RDKit Morgan radius=2, 2048-bit fingerprint",none; raw/deterministic transform,False,False,False
morgan_1049,M1,reviewed CAS-to-PubChem canonical SMILES mapping,structure,"RDKit Morgan radius=2, 2048-bit fingerprint",none; raw/deterministic transform,False,False,False
morgan_1050,M1,reviewed CAS-to-PubChem canonical SMILES mapping,structure,"RDKit Morgan radius=2, 2048-bit fingerprint",none; raw/deterministic transform,False,False,False
morgan_1051,M1,reviewed CAS-to-PubChem canonical SMILES mapping,structure,"RDKit Morgan radius=2, 2048-bit fingerprint",none; raw/deterministic transform,False,False,False
morgan_1052,M1,reviewed CAS-to-PubChem canonical SMILES mapping,structure,"RDKit Morgan radius=2, 2048-bit fingerprint",none; raw/deterministic transform,False,False,False
morgan_1053,M1,reviewed CAS-to-PubChem canonical SMILES mapping,structure,"RDKit Morgan radius=2, 2048-bit fingerprint",none; raw/deterministic transform,False,False,False
morgan_1054,M1,reviewed CAS-to-PubChem canonical SMILES mapping,structure,"RDKit Morgan radius=2, 2048-bit fingerprint",none; raw/deterministic transform,False,False,False
morgan_1055,M1,reviewed CAS-to-PubChem canonical SMILES mapping,structure,"RDKit Morgan radius=2, 2048-bit fingerprint",none; raw/deterministic transform,False,False,False
morgan_1056,M1,reviewed CAS-to-PubChem canonical SMILES mapping,structure,"RDKit Morgan radius=2, 2048-bit fingerprint",none; raw/deterministic transform,False,False,False
morgan_1057,M1,reviewed CAS-to-PubChem canonical SMILES mapping,structure,"RDKit Morgan radius=2, 2048-bit fingerprint",none; raw/deterministic transform,False,False,False
morgan_1058,M1,reviewed CAS-to-PubChem canonical SMILES mapping,structure,"RDKit Morgan radius=2, 2048-bit fingerprint",none; raw/deterministic transform,False,False,False
morgan_1059,M1,reviewed CAS-to-PubChem canonical SMILES mapping,structure,"RDKit Morgan radius=2, 2048-bit fingerprint",none; raw/deterministic transform,False,False,False
morgan_1060,M1,reviewed CAS-to-PubChem canonical SMILES mapping,structure,"RDKit Morgan radius=2, 2048-bit fingerprint",none; raw/deterministic transform,False,False,False
morgan_1061,M1,reviewed CAS-to-PubChem canonical SMILES mapping,structure,"RDKit Morgan radius=2, 2048-bit fingerprint",none; raw/deterministic transform,False,False,False
morgan_1062,M1,reviewed CAS-to-PubChem canonical SMILES mapping,structure,"RDKit Morgan radius=2, 2048-bit fingerprint",none; raw/deterministic transform,False,False,False
morgan_1063,M1,reviewed CAS-to-PubChem canonical SMILES mapping,structure,"RDKit Morgan radius=2, 2048-bit fingerprint",none; raw/deterministic transform,False,False,False
morgan_1064,M1,reviewed CAS-to-PubChem canonical SMILES mapping,structure,"RDKit Morgan radius=2, 2048-bit fingerprint",none; raw/deterministic transform,False,False,False
morgan_1065,M1,reviewed CAS-to-PubChem canonical SMILES mapping,structure,"RDKit Morgan radius=2, 2048-bit fingerprint",none; raw/deterministic transform,False,False,False
morgan_1066,M1,reviewed CAS-to-PubChem canonical SMILES mapping,structure,"RDKit Morgan radius=2, 2048-bit fingerprint",none; raw/deterministic transform,False,False,False
morgan_1067,M1,reviewed CAS-to-PubChem canonical SMILES mapping,structure,"RDKit Morgan radius=2, 2048-bit fingerprint",none; raw/deterministic transform,False,False,False
morgan_1068,M1,reviewed CAS-to-PubChem canonical SMILES mapping,structure,"RDKit Morgan radius=2, 2048-bit fingerprint",none; raw/deterministic transform,False,False,False
morgan_1069,M1,reviewed CAS-to-PubChem canonical SMILES mapping,structure,"RDKit Morgan radius=2, 2048-bit fingerprint",none; raw/deterministic transform,False,False,False
morgan_1070,M1,reviewed CAS-to-PubChem canonical SMILES mapping,structure,"RDKit Morgan radius=2, 2048-bit fingerprint",none; raw/deterministic transform,False,False,False
morgan_1071,M1,reviewed CAS-to-PubChem canonical SMILES mapping,structure,"RDKit Morgan radius=2, 2048-bit fingerprint",none; raw/deterministic transform,False,False,False
morgan_1072,M1,reviewed CAS-to-PubChem canonical SMILES mapping,structure,"RDKit Morgan radius=2, 2048-bit fingerprint",none; raw/deterministic transform,False,False,False
morgan_1073,M1,reviewed CAS-to-PubChem canonical SMILES mapping,structure,"RDKit Morgan radius=2, 2048-bit fingerprint",none; raw/deterministic transform,False,False,False
morgan_1074,M1,reviewed CAS-to-PubChem canonical SMILES mapping,structure,"RDKit Morgan radius=2, 2048-bit fingerprint",none; raw/deterministic transform,False,False,False
morgan_1075,M1,reviewed CAS-to-PubChem canonical SMILES mapping,structure,"RDKit Morgan radius=2, 2048-bit fingerprint",none; raw/deterministic transform,False,False,False
morgan_1076,M1,reviewed CAS-to-PubChem canonical SMILES mapping,structure,"RDKit Morgan radius=2, 2048-bit fingerprint",none; raw/deterministic transform,False,False,False
morgan_1077,M1,reviewed CAS-to-PubChem canonical SMILES mapping,structure,"RDKit Morgan radius=2, 2048-bit fingerprint",none; raw/deterministic transform,False,False,False
morgan_1078,M1,reviewed CAS-to-PubChem canonical SMILES mapping,structure,"RDKit Morgan radius=2, 2048-bit fingerprint",none; raw/deterministic transform,False,False,False
morgan_1079,M1,reviewed CAS-to-PubChem canonical SMILES mapping,structure,"RDKit Morgan radius=2, 2048-bit fingerprint",none; raw/deterministic transform,False,False,False
morgan_1080,M1,reviewed CAS-to-PubChem canonical SMILES mapping,structure,"RDKit Morgan radius=2, 2048-bit fingerprint",none; raw/deterministic transform,False,False,False
morgan_1081,M1,reviewed CAS-to-PubChem canonical SMILES mapping,structure,"RDKit Morgan radius=2, 2048-bit fingerprint",none; raw/deterministic transform,False,False,False
morgan_1082,M1,reviewed CAS-to-PubChem canonical SMILES mapping,structure,"RDKit Morgan radius=2, 2048-bit fingerprint",none; raw/deterministic transform,False,False,False
morgan_1083,M1,reviewed CAS-to-PubChem canonical SMILES mapping,structure,"RDKit Morgan radius=2, 2048-bit fingerprint",none; raw/deterministic transform,False,False,False
morgan_1084,M1,reviewed CAS-to-PubChem canonical SMILES mapping,structure,"RDKit Morgan radius=2, 2048-bit fingerprint",none; raw/deterministic transform,False,False,False
morgan_1085,M1,reviewed CAS-to-PubChem canonical SMILES mapping,structure,"RDKit Morgan radius=2, 2048-bit fingerprint",none; raw/deterministic transform,False,False,False
morgan_1086,M1,reviewed CAS-to-PubChem canonical SMILES mapping,structure,"RDKit Morgan radius=2, 2048-bit fingerprint",none; raw/deterministic transform,False,False,False
morgan_1087,M1,reviewed CAS-to-PubChem canonical SMILES mapping,structure,"RDKit Morgan radius=2, 2048-bit fingerprint",none; raw/deterministic transform,False,False,False
morgan_1088,M1,reviewed CAS-to-PubChem canonical SMILES mapping,structure,"RDKit Morgan radius=2, 2048-bit fingerprint",none; raw/deterministic transform,False,False,False
morgan_1089,M1,reviewed CAS-to-PubChem canonical SMILES mapping,structure,"RDKit Morgan radius=2, 2048-bit fingerprint",none; raw/deterministic transform,False,False,False
morgan_1090,M1,reviewed CAS-to-PubChem canonical SMILES mapping,structure,"RDKit Morgan radius=2, 2048-bit fingerprint",none; raw/deterministic transform,False,False,False
morgan_1091,M1,reviewed CAS-to-PubChem canonical SMILES mapping,structure,"RDKit Morgan radius=2, 2048-bit fingerprint",none; raw/deterministic transform,False,False,False
morgan_1092,M1,reviewed CAS-to-PubChem canonical SMILES mapping,structure,"RDKit Morgan radius=2, 2048-bit fingerprint",none; raw/deterministic transform,False,False,False
morgan_1093,M1,reviewed CAS-to-PubChem canonical SMILES mapping,structure,"RDKit Morgan radius=2, 2048-bit fingerprint",none; raw/deterministic transform,False,False,False
morgan_1094,M1,reviewed CAS-to-PubChem canonical SMILES mapping,structure,"RDKit Morgan radius=2, 2048-bit fingerprint",none; raw/deterministic transform,False,False,False
morgan_1095,M1,reviewed CAS-to-PubChem canonical SMILES mapping,structure,"RDKit Morgan radius=2, 2048-bit fingerprint",none; raw/deterministic transform,False,False,False
morgan_1096,M1,reviewed CAS-to-PubChem canonical SMILES mapping,structure,"RDKit Morgan radius=2, 2048-bit fingerprint",none; raw/deterministic transform,False,False,False
morgan_1097,M1,reviewed CAS-to-PubChem canonical SMILES mapping,structure,"RDKit Morgan radius=2, 2048-bit fingerprint",none; raw/deterministic transform,False,False,False
morgan_1098,M1,reviewed CAS-to-PubChem canonical SMILES mapping,structure,"RDKit Morgan radius=2, 2048-bit fingerprint",none; raw/deterministic transform,False,False,False
morgan_1099,M1,reviewed CAS-to-PubChem canonical SMILES mapping,structure,"RDKit Morgan radius=2, 2048-bit fingerprint",none; raw/deterministic transform,False,False,False
morgan_1100,M1,reviewed CAS-to-PubChem canonical SMILES mapping,structure,"RDKit Morgan radius=2, 2048-bit fingerprint",none; raw/deterministic transform,False,False,False
morgan_1101,M1,reviewed CAS-to-PubChem canonical SMILES mapping,structure,"RDKit Morgan radius=2, 2048-bit fingerprint",none; raw/deterministic transform,False,False,False
morgan_1102,M1,reviewed CAS-to-PubChem canonical SMILES mapping,structure,"RDKit Morgan radius=2, 2048-bit fingerprint",none; raw/deterministic transform,False,False,False
morgan_1103,M1,reviewed CAS-to-PubChem canonical SMILES mapping,structure,"RDKit Morgan radius=2, 2048-bit fingerprint",none; raw/deterministic transform,False,False,False
morgan_1104,M1,reviewed CAS-to-PubChem canonical SMILES mapping,structure,"RDKit Morgan radius=2, 2048-bit fingerprint",none; raw/deterministic transform,False,False,False
morgan_1105,M1,reviewed CAS-to-PubChem canonical SMILES mapping,structure,"RDKit Morgan radius=2, 2048-bit fingerprint",none; raw/deterministic transform,False,False,False
morgan_1106,M1,reviewed CAS-to-PubChem canonical SMILES mapping,structure,"RDKit Morgan radius=2, 2048-bit fingerprint",none; raw/deterministic transform,False,False,False
morgan_1107,M1,reviewed CAS-to-PubChem canonical SMILES mapping,structure,"RDKit Morgan radius=2, 2048-bit fingerprint",none; raw/deterministic transform,False,False,False
morgan_1108,M1,reviewed CAS-to-PubChem canonical SMILES mapping,structure,"RDKit Morgan radius=2, 2048-bit fingerprint",none; raw/deterministic transform,False,False,False
morgan_1109,M1,reviewed CAS-to-PubChem canonical SMILES mapping,structure,"RDKit Morgan radius=2, 2048-bit fingerprint",none; raw/deterministic transform,False,False,False
morgan_1110,M1,reviewed CAS-to-PubChem canonical SMILES mapping,structure,"RDKit Morgan radius=2, 2048-bit fingerprint",none; raw/deterministic transform,False,False,False
morgan_1111,M1,reviewed CAS-to-PubChem canonical SMILES mapping,structure,"RDKit Morgan radius=2, 2048-bit fingerprint",none; raw/deterministic transform,False,False,False
morgan_1112,M1,reviewed CAS-to-PubChem canonical SMILES mapping,structure,"RDKit Morgan radius=2, 2048-bit fingerprint",none; raw/deterministic transform,False,False,False
morgan_1113,M1,reviewed CAS-to-PubChem canonical SMILES mapping,structure,"RDKit Morgan radius=2, 2048-bit fingerprint",none; raw/deterministic transform,False,False,False
morgan_1114,M1,reviewed CAS-to-PubChem canonical SMILES mapping,structure,"RDKit Morgan radius=2, 2048-bit fingerprint",none; raw/deterministic transform,False,False,False
morgan_1115,M1,reviewed CAS-to-PubChem canonical SMILES mapping,structure,"RDKit Morgan radius=2, 2048-bit fingerprint",none; raw/deterministic transform,False,False,False
morgan_1116,M1,reviewed CAS-to-PubChem canonical SMILES mapping,structure,"RDKit Morgan radius=2, 2048-bit fingerprint",none; raw/deterministic transform,False,False,False
morgan_1117,M1,reviewed CAS-to-PubChem canonical SMILES mapping,structure,"RDKit Morgan radius=2, 2048-bit fingerprint",none; raw/deterministic transform,False,False,False
morgan_1118,M1,reviewed CAS-to-PubChem canonical SMILES mapping,structure,"RDKit Morgan radius=2, 2048-bit fingerprint",none; raw/deterministic transform,False,False,False
morgan_1119,M1,reviewed CAS-to-PubChem canonical SMILES mapping,structure,"RDKit Morgan radius=2, 2048-bit fingerprint",none; raw/deterministic transform,False,False,False
morgan_1120,M1,reviewed CAS-to-PubChem canonical SMILES mapping,structure,"RDKit Morgan radius=2, 2048-bit fingerprint",none; raw/deterministic transform,False,False,False
morgan_1121,M1,reviewed CAS-to-PubChem canonical SMILES mapping,structure,"RDKit Morgan radius=2, 2048-bit fingerprint",none; raw/deterministic transform,False,False,False
morgan_1122,M1,reviewed CAS-to-PubChem canonical SMILES mapping,structure,"RDKit Morgan radius=2, 2048-bit fingerprint",none; raw/deterministic transform,False,False,False
morgan_1123,M1,reviewed CAS-to-PubChem canonical SMILES mapping,structure,"RDKit Morgan radius=2, 2048-bit fingerprint",none; raw/deterministic transform,False,False,False
morgan_1124,M1,reviewed CAS-to-PubChem canonical SMILES mapping,structure,"RDKit Morgan radius=2, 2048-bit fingerprint",none; raw/deterministic transform,False,False,False
morgan_1125,M1,reviewed CAS-to-PubChem canonical SMILES mapping,structure,"RDKit Morgan radius=2, 2048-bit fingerprint",none; raw/deterministic transform,False,False,False
morgan_1126,M1,reviewed CAS-to-PubChem canonical SMILES mapping,structure,"RDKit Morgan radius=2, 2048-bit fingerprint",none; raw/deterministic transform,False,False,False
morgan_1127,M1,reviewed CAS-to-PubChem canonical SMILES mapping,structure,"RDKit Morgan radius=2, 2048-bit fingerprint",none; raw/deterministic transform,False,False,False
morgan_1128,M1,reviewed CAS-to-PubChem canonical SMILES mapping,structure,"RDKit Morgan radius=2, 2048-bit fingerprint",none; raw/deterministic transform,False,False,False
morgan_1129,M1,reviewed CAS-to-PubChem canonical SMILES mapping,structure,"RDKit Morgan radius=2, 2048-bit fingerprint",none; raw/deterministic transform,False,False,False
morgan_1130,M1,reviewed CAS-to-PubChem canonical SMILES mapping,structure,"RDKit Morgan radius=2, 2048-bit fingerprint",none; raw/deterministic transform,False,False,False
morgan_1131,M1,reviewed CAS-to-PubChem canonical SMILES mapping,structure,"RDKit Morgan radius=2, 2048-bit fingerprint",none; raw/deterministic transform,False,False,False
morgan_1132,M1,reviewed CAS-to-PubChem canonical SMILES mapping,structure,"RDKit Morgan radius=2, 2048-bit fingerprint",none; raw/deterministic transform,False,False,False
morgan_1133,M1,reviewed CAS-to-PubChem canonical SMILES mapping,structure,"RDKit Morgan radius=2, 2048-bit fingerprint",none; raw/deterministic transform,False,False,False
morgan_1134,M1,reviewed CAS-to-PubChem canonical SMILES mapping,structure,"RDKit Morgan radius=2, 2048-bit fingerprint",none; raw/deterministic transform,False,False,False
morgan_1135,M1,reviewed CAS-to-PubChem canonical SMILES mapping,structure,"RDKit Morgan radius=2, 2048-bit fingerprint",none; raw/deterministic transform,False,False,False
morgan_1136,M1,reviewed CAS-to-PubChem canonical SMILES mapping,structure,"RDKit Morgan radius=2, 2048-bit fingerprint",none; raw/deterministic transform,False,False,False
morgan_1137,M1,reviewed CAS-to-PubChem canonical SMILES mapping,structure,"RDKit Morgan radius=2, 2048-bit fingerprint",none; raw/deterministic transform,False,False,False
morgan_1138,M1,reviewed CAS-to-PubChem canonical SMILES mapping,structure,"RDKit Morgan radius=2, 2048-bit fingerprint",none; raw/deterministic transform,False,False,False
morgan_1139,M1,reviewed CAS-to-PubChem canonical SMILES mapping,structure,"RDKit Morgan radius=2, 2048-bit fingerprint",none; raw/deterministic transform,False,False,False
morgan_1140,M1,reviewed CAS-to-PubChem canonical SMILES mapping,structure,"RDKit Morgan radius=2, 2048-bit fingerprint",none; raw/deterministic transform,False,False,False
morgan_1141,M1,reviewed CAS-to-PubChem canonical SMILES mapping,structure,"RDKit Morgan radius=2, 2048-bit fingerprint",none; raw/deterministic transform,False,False,False
morgan_1142,M1,reviewed CAS-to-PubChem canonical SMILES mapping,structure,"RDKit Morgan radius=2, 2048-bit fingerprint",none; raw/deterministic transform,False,False,False
morgan_1143,M1,reviewed CAS-to-PubChem canonical SMILES mapping,structure,"RDKit Morgan radius=2, 2048-bit fingerprint",none; raw/deterministic transform,False,False,False
morgan_1144,M1,reviewed CAS-to-PubChem canonical SMILES mapping,structure,"RDKit Morgan radius=2, 2048-bit fingerprint",none; raw/deterministic transform,False,False,False
morgan_1145,M1,reviewed CAS-to-PubChem canonical SMILES mapping,structure,"RDKit Morgan radius=2, 2048-bit fingerprint",none; raw/deterministic transform,False,False,False
morgan_1146,M1,reviewed CAS-to-PubChem canonical SMILES mapping,structure,"RDKit Morgan radius=2, 2048-bit fingerprint",none; raw/deterministic transform,False,False,False
morgan_1147,M1,reviewed CAS-to-PubChem canonical SMILES mapping,structure,"RDKit Morgan radius=2, 2048-bit fingerprint",none; raw/deterministic transform,False,False,False
morgan_1148,M1,reviewed CAS-to-PubChem canonical SMILES mapping,structure,"RDKit Morgan radius=2, 2048-bit fingerprint",none; raw/deterministic transform,False,False,False
morgan_1149,M1,reviewed CAS-to-PubChem canonical SMILES mapping,structure,"RDKit Morgan radius=2, 2048-bit fingerprint",none; raw/deterministic transform,False,False,False
morgan_1150,M1,reviewed CAS-to-PubChem canonical SMILES mapping,structure,"RDKit Morgan radius=2, 2048-bit fingerprint",none; raw/deterministic transform,False,False,False
morgan_1151,M1,reviewed CAS-to-PubChem canonical SMILES mapping,structure,"RDKit Morgan radius=2, 2048-bit fingerprint",none; raw/deterministic transform,False,False,False
morgan_1152,M1,reviewed CAS-to-PubChem canonical SMILES mapping,structure,"RDKit Morgan radius=2, 2048-bit fingerprint",none; raw/deterministic transform,False,False,False
morgan_1153,M1,reviewed CAS-to-PubChem canonical SMILES mapping,structure,"RDKit Morgan radius=2, 2048-bit fingerprint",none; raw/deterministic transform,False,False,False
morgan_1154,M1,reviewed CAS-to-PubChem canonical SMILES mapping,structure,"RDKit Morgan radius=2, 2048-bit fingerprint",none; raw/deterministic transform,False,False,False
morgan_1155,M1,reviewed CAS-to-PubChem canonical SMILES mapping,structure,"RDKit Morgan radius=2, 2048-bit fingerprint",none; raw/deterministic transform,False,False,False
morgan_1156,M1,reviewed CAS-to-PubChem canonical SMILES mapping,structure,"RDKit Morgan radius=2, 2048-bit fingerprint",none; raw/deterministic transform,False,False,False
morgan_1157,M1,reviewed CAS-to-PubChem canonical SMILES mapping,structure,"RDKit Morgan radius=2, 2048-bit fingerprint",none; raw/deterministic transform,False,False,False
morgan_1158,M1,reviewed CAS-to-PubChem canonical SMILES mapping,structure,"RDKit Morgan radius=2, 2048-bit fingerprint",none; raw/deterministic transform,False,False,False
morgan_1159,M1,reviewed CAS-to-PubChem canonical SMILES mapping,structure,"RDKit Morgan radius=2, 2048-bit fingerprint",none; raw/deterministic transform,False,False,False
morgan_1160,M1,reviewed CAS-to-PubChem canonical SMILES mapping,structure,"RDKit Morgan radius=2, 2048-bit fingerprint",none; raw/deterministic transform,False,False,False
morgan_1161,M1,reviewed CAS-to-PubChem canonical SMILES mapping,structure,"RDKit Morgan radius=2, 2048-bit fingerprint",none; raw/deterministic transform,False,False,False
morgan_1162,M1,reviewed CAS-to-PubChem canonical SMILES mapping,structure,"RDKit Morgan radius=2, 2048-bit fingerprint",none; raw/deterministic transform,False,False,False
morgan_1163,M1,reviewed CAS-to-PubChem canonical SMILES mapping,structure,"RDKit Morgan radius=2, 2048-bit fingerprint",none; raw/deterministic transform,False,False,False
morgan_1164,M1,reviewed CAS-to-PubChem canonical SMILES mapping,structure,"RDKit Morgan radius=2, 2048-bit fingerprint",none; raw/deterministic transform,False,False,False
morgan_1165,M1,reviewed CAS-to-PubChem canonical SMILES mapping,structure,"RDKit Morgan radius=2, 2048-bit fingerprint",none; raw/deterministic transform,False,False,False
morgan_1166,M1,reviewed CAS-to-PubChem canonical SMILES mapping,structure,"RDKit Morgan radius=2, 2048-bit fingerprint",none; raw/deterministic transform,False,False,False
morgan_1167,M1,reviewed CAS-to-PubChem canonical SMILES mapping,structure,"RDKit Morgan radius=2, 2048-bit fingerprint",none; raw/deterministic transform,False,False,False
morgan_1168,M1,reviewed CAS-to-PubChem canonical SMILES mapping,structure,"RDKit Morgan radius=2, 2048-bit fingerprint",none; raw/deterministic transform,False,False,False
morgan_1169,M1,reviewed CAS-to-PubChem canonical SMILES mapping,structure,"RDKit Morgan radius=2, 2048-bit fingerprint",none; raw/deterministic transform,False,False,False
morgan_1170,M1,reviewed CAS-to-PubChem canonical SMILES mapping,structure,"RDKit Morgan radius=2, 2048-bit fingerprint",none; raw/deterministic transform,False,False,False
morgan_1171,M1,reviewed CAS-to-PubChem canonical SMILES mapping,structure,"RDKit Morgan radius=2, 2048-bit fingerprint",none; raw/deterministic transform,False,False,False
morgan_1172,M1,reviewed CAS-to-PubChem canonical SMILES mapping,structure,"RDKit Morgan radius=2, 2048-bit fingerprint",none; raw/deterministic transform,False,False,False
morgan_1173,M1,reviewed CAS-to-PubChem canonical SMILES mapping,structure,"RDKit Morgan radius=2, 2048-bit fingerprint",none; raw/deterministic transform,False,False,False
morgan_1174,M1,reviewed CAS-to-PubChem canonical SMILES mapping,structure,"RDKit Morgan radius=2, 2048-bit fingerprint",none; raw/deterministic transform,False,False,False
morgan_1175,M1,reviewed CAS-to-PubChem canonical SMILES mapping,structure,"RDKit Morgan radius=2, 2048-bit fingerprint",none; raw/deterministic transform,False,False,False
morgan_1176,M1,reviewed CAS-to-PubChem canonical SMILES mapping,structure,"RDKit Morgan radius=2, 2048-bit fingerprint",none; raw/deterministic transform,False,False,False
morgan_1177,M1,reviewed CAS-to-PubChem canonical SMILES mapping,structure,"RDKit Morgan radius=2, 2048-bit fingerprint",none; raw/deterministic transform,False,False,False
morgan_1178,M1,reviewed CAS-to-PubChem canonical SMILES mapping,structure,"RDKit Morgan radius=2, 2048-bit fingerprint",none; raw/deterministic transform,False,False,False
morgan_1179,M1,reviewed CAS-to-PubChem canonical SMILES mapping,structure,"RDKit Morgan radius=2, 2048-bit fingerprint",none; raw/deterministic transform,False,False,False
morgan_1180,M1,reviewed CAS-to-PubChem canonical SMILES mapping,structure,"RDKit Morgan radius=2, 2048-bit fingerprint",none; raw/deterministic transform,False,False,False
morgan_1181,M1,reviewed CAS-to-PubChem canonical SMILES mapping,structure,"RDKit Morgan radius=2, 2048-bit fingerprint",none; raw/deterministic transform,False,False,False
morgan_1182,M1,reviewed CAS-to-PubChem canonical SMILES mapping,structure,"RDKit Morgan radius=2, 2048-bit fingerprint",none; raw/deterministic transform,False,False,False
morgan_1183,M1,reviewed CAS-to-PubChem canonical SMILES mapping,structure,"RDKit Morgan radius=2, 2048-bit fingerprint",none; raw/deterministic transform,False,False,False
morgan_1184,M1,reviewed CAS-to-PubChem canonical SMILES mapping,structure,"RDKit Morgan radius=2, 2048-bit fingerprint",none; raw/deterministic transform,False,False,False
morgan_1185,M1,reviewed CAS-to-PubChem canonical SMILES mapping,structure,"RDKit Morgan radius=2, 2048-bit fingerprint",none; raw/deterministic transform,False,False,False
morgan_1186,M1,reviewed CAS-to-PubChem canonical SMILES mapping,structure,"RDKit Morgan radius=2, 2048-bit fingerprint",none; raw/deterministic transform,False,False,False
morgan_1187,M1,reviewed CAS-to-PubChem canonical SMILES mapping,structure,"RDKit Morgan radius=2, 2048-bit fingerprint",none; raw/deterministic transform,False,False,False
morgan_1188,M1,reviewed CAS-to-PubChem canonical SMILES mapping,structure,"RDKit Morgan radius=2, 2048-bit fingerprint",none; raw/deterministic transform,False,False,False
morgan_1189,M1,reviewed CAS-to-PubChem canonical SMILES mapping,structure,"RDKit Morgan radius=2, 2048-bit fingerprint",none; raw/deterministic transform,False,False,False
morgan_1190,M1,reviewed CAS-to-PubChem canonical SMILES mapping,structure,"RDKit Morgan radius=2, 2048-bit fingerprint",none; raw/deterministic transform,False,False,False
morgan_1191,M1,reviewed CAS-to-PubChem canonical SMILES mapping,structure,"RDKit Morgan radius=2, 2048-bit fingerprint",none; raw/deterministic transform,False,False,False
morgan_1192,M1,reviewed CAS-to-PubChem canonical SMILES mapping,structure,"RDKit Morgan radius=2, 2048-bit fingerprint",none; raw/deterministic transform,False,False,False
morgan_1193,M1,reviewed CAS-to-PubChem canonical SMILES mapping,structure,"RDKit Morgan radius=2, 2048-bit fingerprint",none; raw/deterministic transform,False,False,False
morgan_1194,M1,reviewed CAS-to-PubChem canonical SMILES mapping,structure,"RDKit Morgan radius=2, 2048-bit fingerprint",none; raw/deterministic transform,False,False,False
morgan_1195,M1,reviewed CAS-to-PubChem canonical SMILES mapping,structure,"RDKit Morgan radius=2, 2048-bit fingerprint",none; raw/deterministic transform,False,False,False
morgan_1196,M1,reviewed CAS-to-PubChem canonical SMILES mapping,structure,"RDKit Morgan radius=2, 2048-bit fingerprint",none; raw/deterministic transform,False,False,False
morgan_1197,M1,reviewed CAS-to-PubChem canonical SMILES mapping,structure,"RDKit Morgan radius=2, 2048-bit fingerprint",none; raw/deterministic transform,False,False,False
morgan_1198,M1,reviewed CAS-to-PubChem canonical SMILES mapping,structure,"RDKit Morgan radius=2, 2048-bit fingerprint",none; raw/deterministic transform,False,False,False
morgan_1199,M1,reviewed CAS-to-PubChem canonical SMILES mapping,structure,"RDKit Morgan radius=2, 2048-bit fingerprint",none; raw/deterministic transform,False,False,False
morgan_1200,M1,reviewed CAS-to-PubChem canonical SMILES mapping,structure,"RDKit Morgan radius=2, 2048-bit fingerprint",none; raw/deterministic transform,False,False,False
morgan_1201,M1,reviewed CAS-to-PubChem canonical SMILES mapping,structure,"RDKit Morgan radius=2, 2048-bit fingerprint",none; raw/deterministic transform,False,False,False
morgan_1202,M1,reviewed CAS-to-PubChem canonical SMILES mapping,structure,"RDKit Morgan radius=2, 2048-bit fingerprint",none; raw/deterministic transform,False,False,False
morgan_1203,M1,reviewed CAS-to-PubChem canonical SMILES mapping,structure,"RDKit Morgan radius=2, 2048-bit fingerprint",none; raw/deterministic transform,False,False,False
morgan_1204,M1,reviewed CAS-to-PubChem canonical SMILES mapping,structure,"RDKit Morgan radius=2, 2048-bit fingerprint",none; raw/deterministic transform,False,False,False
morgan_1205,M1,reviewed CAS-to-PubChem canonical SMILES mapping,structure,"RDKit Morgan radius=2, 2048-bit fingerprint",none; raw/deterministic transform,False,False,False
morgan_1206,M1,reviewed CAS-to-PubChem canonical SMILES mapping,structure,"RDKit Morgan radius=2, 2048-bit fingerprint",none; raw/deterministic transform,False,False,False
morgan_1207,M1,reviewed CAS-to-PubChem canonical SMILES mapping,structure,"RDKit Morgan radius=2, 2048-bit fingerprint",none; raw/deterministic transform,False,False,False
morgan_1208,M1,reviewed CAS-to-PubChem canonical SMILES mapping,structure,"RDKit Morgan radius=2, 2048-bit fingerprint",none; raw/deterministic transform,False,False,False
morgan_1209,M1,reviewed CAS-to-PubChem canonical SMILES mapping,structure,"RDKit Morgan radius=2, 2048-bit fingerprint",none; raw/deterministic transform,False,False,False
morgan_1210,M1,reviewed CAS-to-PubChem canonical SMILES mapping,structure,"RDKit Morgan radius=2, 2048-bit fingerprint",none; raw/deterministic transform,False,False,False
morgan_1211,M1,reviewed CAS-to-PubChem canonical SMILES mapping,structure,"RDKit Morgan radius=2, 2048-bit fingerprint",none; raw/deterministic transform,False,False,False
morgan_1212,M1,reviewed CAS-to-PubChem canonical SMILES mapping,structure,"RDKit Morgan radius=2, 2048-bit fingerprint",none; raw/deterministic transform,False,False,False
morgan_1213,M1,reviewed CAS-to-PubChem canonical SMILES mapping,structure,"RDKit Morgan radius=2, 2048-bit fingerprint",none; raw/deterministic transform,False,False,False
morgan_1214,M1,reviewed CAS-to-PubChem canonical SMILES mapping,structure,"RDKit Morgan radius=2, 2048-bit fingerprint",none; raw/deterministic transform,False,False,False
morgan_1215,M1,reviewed CAS-to-PubChem canonical SMILES mapping,structure,"RDKit Morgan radius=2, 2048-bit fingerprint",none; raw/deterministic transform,False,False,False
morgan_1216,M1,reviewed CAS-to-PubChem canonical SMILES mapping,structure,"RDKit Morgan radius=2, 2048-bit fingerprint",none; raw/deterministic transform,False,False,False
morgan_1217,M1,reviewed CAS-to-PubChem canonical SMILES mapping,structure,"RDKit Morgan radius=2, 2048-bit fingerprint",none; raw/deterministic transform,False,False,False
morgan_1218,M1,reviewed CAS-to-PubChem canonical SMILES mapping,structure,"RDKit Morgan radius=2, 2048-bit fingerprint",none; raw/deterministic transform,False,False,False
morgan_1219,M1,reviewed CAS-to-PubChem canonical SMILES mapping,structure,"RDKit Morgan radius=2, 2048-bit fingerprint",none; raw/deterministic transform,False,False,False
morgan_1220,M1,reviewed CAS-to-PubChem canonical SMILES mapping,structure,"RDKit Morgan radius=2, 2048-bit fingerprint",none; raw/deterministic transform,False,False,False
morgan_1221,M1,reviewed CAS-to-PubChem canonical SMILES mapping,structure,"RDKit Morgan radius=2, 2048-bit fingerprint",none; raw/deterministic transform,False,False,False
morgan_1222,M1,reviewed CAS-to-PubChem canonical SMILES mapping,structure,"RDKit Morgan radius=2, 2048-bit fingerprint",none; raw/deterministic transform,False,False,False
morgan_1223,M1,reviewed CAS-to-PubChem canonical SMILES mapping,structure,"RDKit Morgan radius=2, 2048-bit fingerprint",none; raw/deterministic transform,False,False,False
morgan_1224,M1,reviewed CAS-to-PubChem canonical SMILES mapping,structure,"RDKit Morgan radius=2, 2048-bit fingerprint",none; raw/deterministic transform,False,False,False
morgan_1225,M1,reviewed CAS-to-PubChem canonical SMILES mapping,structure,"RDKit Morgan radius=2, 2048-bit fingerprint",none; raw/deterministic transform,False,False,False
morgan_1226,M1,reviewed CAS-to-PubChem canonical SMILES mapping,structure,"RDKit Morgan radius=2, 2048-bit fingerprint",none; raw/deterministic transform,False,False,False
morgan_1227,M1,reviewed CAS-to-PubChem canonical SMILES mapping,structure,"RDKit Morgan radius=2, 2048-bit fingerprint",none; raw/deterministic transform,False,False,False
morgan_1228,M1,reviewed CAS-to-PubChem canonical SMILES mapping,structure,"RDKit Morgan radius=2, 2048-bit fingerprint",none; raw/deterministic transform,False,False,False
morgan_1229,M1,reviewed CAS-to-PubChem canonical SMILES mapping,structure,"RDKit Morgan radius=2, 2048-bit fingerprint",none; raw/deterministic transform,False,False,False
morgan_1230,M1,reviewed CAS-to-PubChem canonical SMILES mapping,structure,"RDKit Morgan radius=2, 2048-bit fingerprint",none; raw/deterministic transform,False,False,False
morgan_1231,M1,reviewed CAS-to-PubChem canonical SMILES mapping,structure,"RDKit Morgan radius=2, 2048-bit fingerprint",none; raw/deterministic transform,False,False,False
morgan_1232,M1,reviewed CAS-to-PubChem canonical SMILES mapping,structure,"RDKit Morgan radius=2, 2048-bit fingerprint",none; raw/deterministic transform,False,False,False
morgan_1233,M1,reviewed CAS-to-PubChem canonical SMILES mapping,structure,"RDKit Morgan radius=2, 2048-bit fingerprint",none; raw/deterministic transform,False,False,False
morgan_1234,M1,reviewed CAS-to-PubChem canonical SMILES mapping,structure,"RDKit Morgan radius=2, 2048-bit fingerprint",none; raw/deterministic transform,False,False,False
morgan_1235,M1,reviewed CAS-to-PubChem canonical SMILES mapping,structure,"RDKit Morgan radius=2, 2048-bit fingerprint",none; raw/deterministic transform,False,False,False
morgan_1236,M1,reviewed CAS-to-PubChem canonical SMILES mapping,structure,"RDKit Morgan radius=2, 2048-bit fingerprint",none; raw/deterministic transform,False,False,False
morgan_1237,M1,reviewed CAS-to-PubChem canonical SMILES mapping,structure,"RDKit Morgan radius=2, 2048-bit fingerprint",none; raw/deterministic transform,False,False,False
morgan_1238,M1,reviewed CAS-to-PubChem canonical SMILES mapping,structure,"RDKit Morgan radius=2, 2048-bit fingerprint",none; raw/deterministic transform,False,False,False
morgan_1239,M1,reviewed CAS-to-PubChem canonical SMILES mapping,structure,"RDKit Morgan radius=2, 2048-bit fingerprint",none; raw/deterministic transform,False,False,False
morgan_1240,M1,reviewed CAS-to-PubChem canonical SMILES mapping,structure,"RDKit Morgan radius=2, 2048-bit fingerprint",none; raw/deterministic transform,False,False,False
morgan_1241,M1,reviewed CAS-to-PubChem canonical SMILES mapping,structure,"RDKit Morgan radius=2, 2048-bit fingerprint",none; raw/deterministic transform,False,False,False
morgan_1242,M1,reviewed CAS-to-PubChem canonical SMILES mapping,structure,"RDKit Morgan radius=2, 2048-bit fingerprint",none; raw/deterministic transform,False,False,False
morgan_1243,M1,reviewed CAS-to-PubChem canonical SMILES mapping,structure,"RDKit Morgan radius=2, 2048-bit fingerprint",none; raw/deterministic transform,False,False,False
morgan_1244,M1,reviewed CAS-to-PubChem canonical SMILES mapping,structure,"RDKit Morgan radius=2, 2048-bit fingerprint",none; raw/deterministic transform,False,False,False
morgan_1245,M1,reviewed CAS-to-PubChem canonical SMILES mapping,structure,"RDKit Morgan radius=2, 2048-bit fingerprint",none; raw/deterministic transform,False,False,False
morgan_1246,M1,reviewed CAS-to-PubChem canonical SMILES mapping,structure,"RDKit Morgan radius=2, 2048-bit fingerprint",none; raw/deterministic transform,False,False,False
morgan_1247,M1,reviewed CAS-to-PubChem canonical SMILES mapping,structure,"RDKit Morgan radius=2, 2048-bit fingerprint",none; raw/deterministic transform,False,False,False
morgan_1248,M1,reviewed CAS-to-PubChem canonical SMILES mapping,structure,"RDKit Morgan radius=2, 2048-bit fingerprint",none; raw/deterministic transform,False,False,False
morgan_1249,M1,reviewed CAS-to-PubChem canonical SMILES mapping,structure,"RDKit Morgan radius=2, 2048-bit fingerprint",none; raw/deterministic transform,False,False,False
morgan_1250,M1,reviewed CAS-to-PubChem canonical SMILES mapping,structure,"RDKit Morgan radius=2, 2048-bit fingerprint",none; raw/deterministic transform,False,False,False
morgan_1251,M1,reviewed CAS-to-PubChem canonical SMILES mapping,structure,"RDKit Morgan radius=2, 2048-bit fingerprint",none; raw/deterministic transform,False,False,False
morgan_1252,M1,reviewed CAS-to-PubChem canonical SMILES mapping,structure,"RDKit Morgan radius=2, 2048-bit fingerprint",none; raw/deterministic transform,False,False,False
morgan_1253,M1,reviewed CAS-to-PubChem canonical SMILES mapping,structure,"RDKit Morgan radius=2, 2048-bit fingerprint",none; raw/deterministic transform,False,False,False
morgan_1254,M1,reviewed CAS-to-PubChem canonical SMILES mapping,structure,"RDKit Morgan radius=2, 2048-bit fingerprint",none; raw/deterministic transform,False,False,False
morgan_1255,M1,reviewed CAS-to-PubChem canonical SMILES mapping,structure,"RDKit Morgan radius=2, 2048-bit fingerprint",none; raw/deterministic transform,False,False,False
morgan_1256,M1,reviewed CAS-to-PubChem canonical SMILES mapping,structure,"RDKit Morgan radius=2, 2048-bit fingerprint",none; raw/deterministic transform,False,False,False
morgan_1257,M1,reviewed CAS-to-PubChem canonical SMILES mapping,structure,"RDKit Morgan radius=2, 2048-bit fingerprint",none; raw/deterministic transform,False,False,False
morgan_1258,M1,reviewed CAS-to-PubChem canonical SMILES mapping,structure,"RDKit Morgan radius=2, 2048-bit fingerprint",none; raw/deterministic transform,False,False,False
morgan_1259,M1,reviewed CAS-to-PubChem canonical SMILES mapping,structure,"RDKit Morgan radius=2, 2048-bit fingerprint",none; raw/deterministic transform,False,False,False
morgan_1260,M1,reviewed CAS-to-PubChem canonical SMILES mapping,structure,"RDKit Morgan radius=2, 2048-bit fingerprint",none; raw/deterministic transform,False,False,False
morgan_1261,M1,reviewed CAS-to-PubChem canonical SMILES mapping,structure,"RDKit Morgan radius=2, 2048-bit fingerprint",none; raw/deterministic transform,False,False,False
morgan_1262,M1,reviewed CAS-to-PubChem canonical SMILES mapping,structure,"RDKit Morgan radius=2, 2048-bit fingerprint",none; raw/deterministic transform,False,False,False
morgan_1263,M1,reviewed CAS-to-PubChem canonical SMILES mapping,structure,"RDKit Morgan radius=2, 2048-bit fingerprint",none; raw/deterministic transform,False,False,False
morgan_1264,M1,reviewed CAS-to-PubChem canonical SMILES mapping,structure,"RDKit Morgan radius=2, 2048-bit fingerprint",none; raw/deterministic transform,False,False,False
morgan_1265,M1,reviewed CAS-to-PubChem canonical SMILES mapping,structure,"RDKit Morgan radius=2, 2048-bit fingerprint",none; raw/deterministic transform,False,False,False
morgan_1266,M1,reviewed CAS-to-PubChem canonical SMILES mapping,structure,"RDKit Morgan radius=2, 2048-bit fingerprint",none; raw/deterministic transform,False,False,False
morgan_1267,M1,reviewed CAS-to-PubChem canonical SMILES mapping,structure,"RDKit Morgan radius=2, 2048-bit fingerprint",none; raw/deterministic transform,False,False,False
morgan_1268,M1,reviewed CAS-to-PubChem canonical SMILES mapping,structure,"RDKit Morgan radius=2, 2048-bit fingerprint",none; raw/deterministic transform,False,False,False
morgan_1269,M1,reviewed CAS-to-PubChem canonical SMILES mapping,structure,"RDKit Morgan radius=2, 2048-bit fingerprint",none; raw/deterministic transform,False,False,False
morgan_1270,M1,reviewed CAS-to-PubChem canonical SMILES mapping,structure,"RDKit Morgan radius=2, 2048-bit fingerprint",none; raw/deterministic transform,False,False,False
morgan_1271,M1,reviewed CAS-to-PubChem canonical SMILES mapping,structure,"RDKit Morgan radius=2, 2048-bit fingerprint",none; raw/deterministic transform,False,False,False
morgan_1272,M1,reviewed CAS-to-PubChem canonical SMILES mapping,structure,"RDKit Morgan radius=2, 2048-bit fingerprint",none; raw/deterministic transform,False,False,False
morgan_1273,M1,reviewed CAS-to-PubChem canonical SMILES mapping,structure,"RDKit Morgan radius=2, 2048-bit fingerprint",none; raw/deterministic transform,False,False,False
morgan_1274,M1,reviewed CAS-to-PubChem canonical SMILES mapping,structure,"RDKit Morgan radius=2, 2048-bit fingerprint",none; raw/deterministic transform,False,False,False
morgan_1275,M1,reviewed CAS-to-PubChem canonical SMILES mapping,structure,"RDKit Morgan radius=2, 2048-bit fingerprint",none; raw/deterministic transform,False,False,False
morgan_1276,M1,reviewed CAS-to-PubChem canonical SMILES mapping,structure,"RDKit Morgan radius=2, 2048-bit fingerprint",none; raw/deterministic transform,False,False,False
morgan_1277,M1,reviewed CAS-to-PubChem canonical SMILES mapping,structure,"RDKit Morgan radius=2, 2048-bit fingerprint",none; raw/deterministic transform,False,False,False
morgan_1278,M1,reviewed CAS-to-PubChem canonical SMILES mapping,structure,"RDKit Morgan radius=2, 2048-bit fingerprint",none; raw/deterministic transform,False,False,False
morgan_1279,M1,reviewed CAS-to-PubChem canonical SMILES mapping,structure,"RDKit Morgan radius=2, 2048-bit fingerprint",none; raw/deterministic transform,False,False,False
morgan_1280,M1,reviewed CAS-to-PubChem canonical SMILES mapping,structure,"RDKit Morgan radius=2, 2048-bit fingerprint",none; raw/deterministic transform,False,False,False
morgan_1281,M1,reviewed CAS-to-PubChem canonical SMILES mapping,structure,"RDKit Morgan radius=2, 2048-bit fingerprint",none; raw/deterministic transform,False,False,False
morgan_1282,M1,reviewed CAS-to-PubChem canonical SMILES mapping,structure,"RDKit Morgan radius=2, 2048-bit fingerprint",none; raw/deterministic transform,False,False,False
morgan_1283,M1,reviewed CAS-to-PubChem canonical SMILES mapping,structure,"RDKit Morgan radius=2, 2048-bit fingerprint",none; raw/deterministic transform,False,False,False
morgan_1284,M1,reviewed CAS-to-PubChem canonical SMILES mapping,structure,"RDKit Morgan radius=2, 2048-bit fingerprint",none; raw/deterministic transform,False,False,False
morgan_1285,M1,reviewed CAS-to-PubChem canonical SMILES mapping,structure,"RDKit Morgan radius=2, 2048-bit fingerprint",none; raw/deterministic transform,False,False,False
morgan_1286,M1,reviewed CAS-to-PubChem canonical SMILES mapping,structure,"RDKit Morgan radius=2, 2048-bit fingerprint",none; raw/deterministic transform,False,False,False
morgan_1287,M1,reviewed CAS-to-PubChem canonical SMILES mapping,structure,"RDKit Morgan radius=2, 2048-bit fingerprint",none; raw/deterministic transform,False,False,False
morgan_1288,M1,reviewed CAS-to-PubChem canonical SMILES mapping,structure,"RDKit Morgan radius=2, 2048-bit fingerprint",none; raw/deterministic transform,False,False,False
morgan_1289,M1,reviewed CAS-to-PubChem canonical SMILES mapping,structure,"RDKit Morgan radius=2, 2048-bit fingerprint",none; raw/deterministic transform,False,False,False
morgan_1290,M1,reviewed CAS-to-PubChem canonical SMILES mapping,structure,"RDKit Morgan radius=2, 2048-bit fingerprint",none; raw/deterministic transform,False,False,False
morgan_1291,M1,reviewed CAS-to-PubChem canonical SMILES mapping,structure,"RDKit Morgan radius=2, 2048-bit fingerprint",none; raw/deterministic transform,False,False,False
morgan_1292,M1,reviewed CAS-to-PubChem canonical SMILES mapping,structure,"RDKit Morgan radius=2, 2048-bit fingerprint",none; raw/deterministic transform,False,False,False
morgan_1293,M1,reviewed CAS-to-PubChem canonical SMILES mapping,structure,"RDKit Morgan radius=2, 2048-bit fingerprint",none; raw/deterministic transform,False,False,False
morgan_1294,M1,reviewed CAS-to-PubChem canonical SMILES mapping,structure,"RDKit Morgan radius=2, 2048-bit fingerprint",none; raw/deterministic transform,False,False,False
morgan_1295,M1,reviewed CAS-to-PubChem canonical SMILES mapping,structure,"RDKit Morgan radius=2, 2048-bit fingerprint",none; raw/deterministic transform,False,False,False
morgan_1296,M1,reviewed CAS-to-PubChem canonical SMILES mapping,structure,"RDKit Morgan radius=2, 2048-bit fingerprint",none; raw/deterministic transform,False,False,False
morgan_1297,M1,reviewed CAS-to-PubChem canonical SMILES mapping,structure,"RDKit Morgan radius=2, 2048-bit fingerprint",none; raw/deterministic transform,False,False,False
morgan_1298,M1,reviewed CAS-to-PubChem canonical SMILES mapping,structure,"RDKit Morgan radius=2, 2048-bit fingerprint",none; raw/deterministic transform,False,False,False
morgan_1299,M1,reviewed CAS-to-PubChem canonical SMILES mapping,structure,"RDKit Morgan radius=2, 2048-bit fingerprint",none; raw/deterministic transform,False,False,False
morgan_1300,M1,reviewed CAS-to-PubChem canonical SMILES mapping,structure,"RDKit Morgan radius=2, 2048-bit fingerprint",none; raw/deterministic transform,False,False,False
morgan_1301,M1,reviewed CAS-to-PubChem canonical SMILES mapping,structure,"RDKit Morgan radius=2, 2048-bit fingerprint",none; raw/deterministic transform,False,False,False
morgan_1302,M1,reviewed CAS-to-PubChem canonical SMILES mapping,structure,"RDKit Morgan radius=2, 2048-bit fingerprint",none; raw/deterministic transform,False,False,False
morgan_1303,M1,reviewed CAS-to-PubChem canonical SMILES mapping,structure,"RDKit Morgan radius=2, 2048-bit fingerprint",none; raw/deterministic transform,False,False,False
morgan_1304,M1,reviewed CAS-to-PubChem canonical SMILES mapping,structure,"RDKit Morgan radius=2, 2048-bit fingerprint",none; raw/deterministic transform,False,False,False
morgan_1305,M1,reviewed CAS-to-PubChem canonical SMILES mapping,structure,"RDKit Morgan radius=2, 2048-bit fingerprint",none; raw/deterministic transform,False,False,False
morgan_1306,M1,reviewed CAS-to-PubChem canonical SMILES mapping,structure,"RDKit Morgan radius=2, 2048-bit fingerprint",none; raw/deterministic transform,False,False,False
morgan_1307,M1,reviewed CAS-to-PubChem canonical SMILES mapping,structure,"RDKit Morgan radius=2, 2048-bit fingerprint",none; raw/deterministic transform,False,False,False
morgan_1308,M1,reviewed CAS-to-PubChem canonical SMILES mapping,structure,"RDKit Morgan radius=2, 2048-bit fingerprint",none; raw/deterministic transform,False,False,False
morgan_1309,M1,reviewed CAS-to-PubChem canonical SMILES mapping,structure,"RDKit Morgan radius=2, 2048-bit fingerprint",none; raw/deterministic transform,False,False,False
morgan_1310,M1,reviewed CAS-to-PubChem canonical SMILES mapping,structure,"RDKit Morgan radius=2, 2048-bit fingerprint",none; raw/deterministic transform,False,False,False
morgan_1311,M1,reviewed CAS-to-PubChem canonical SMILES mapping,structure,"RDKit Morgan radius=2, 2048-bit fingerprint",none; raw/deterministic transform,False,False,False
morgan_1312,M1,reviewed CAS-to-PubChem canonical SMILES mapping,structure,"RDKit Morgan radius=2, 2048-bit fingerprint",none; raw/deterministic transform,False,False,False
morgan_1313,M1,reviewed CAS-to-PubChem canonical SMILES mapping,structure,"RDKit Morgan radius=2, 2048-bit fingerprint",none; raw/deterministic transform,False,False,False
morgan_1314,M1,reviewed CAS-to-PubChem canonical SMILES mapping,structure,"RDKit Morgan radius=2, 2048-bit fingerprint",none; raw/deterministic transform,False,False,False
morgan_1315,M1,reviewed CAS-to-PubChem canonical SMILES mapping,structure,"RDKit Morgan radius=2, 2048-bit fingerprint",none; raw/deterministic transform,False,False,False
morgan_1316,M1,reviewed CAS-to-PubChem canonical SMILES mapping,structure,"RDKit Morgan radius=2, 2048-bit fingerprint",none; raw/deterministic transform,False,False,False
morgan_1317,M1,reviewed CAS-to-PubChem canonical SMILES mapping,structure,"RDKit Morgan radius=2, 2048-bit fingerprint",none; raw/deterministic transform,False,False,False
morgan_1318,M1,reviewed CAS-to-PubChem canonical SMILES mapping,structure,"RDKit Morgan radius=2, 2048-bit fingerprint",none; raw/deterministic transform,False,False,False
morgan_1319,M1,reviewed CAS-to-PubChem canonical SMILES mapping,structure,"RDKit Morgan radius=2, 2048-bit fingerprint",none; raw/deterministic transform,False,False,False
morgan_1320,M1,reviewed CAS-to-PubChem canonical SMILES mapping,structure,"RDKit Morgan radius=2, 2048-bit fingerprint",none; raw/deterministic transform,False,False,False
morgan_1321,M1,reviewed CAS-to-PubChem canonical SMILES mapping,structure,"RDKit Morgan radius=2, 2048-bit fingerprint",none; raw/deterministic transform,False,False,False
morgan_1322,M1,reviewed CAS-to-PubChem canonical SMILES mapping,structure,"RDKit Morgan radius=2, 2048-bit fingerprint",none; raw/deterministic transform,False,False,False
morgan_1323,M1,reviewed CAS-to-PubChem canonical SMILES mapping,structure,"RDKit Morgan radius=2, 2048-bit fingerprint",none; raw/deterministic transform,False,False,False
morgan_1324,M1,reviewed CAS-to-PubChem canonical SMILES mapping,structure,"RDKit Morgan radius=2, 2048-bit fingerprint",none; raw/deterministic transform,False,False,False
morgan_1325,M1,reviewed CAS-to-PubChem canonical SMILES mapping,structure,"RDKit Morgan radius=2, 2048-bit fingerprint",none; raw/deterministic transform,False,False,False
morgan_1326,M1,reviewed CAS-to-PubChem canonical SMILES mapping,structure,"RDKit Morgan radius=2, 2048-bit fingerprint",none; raw/deterministic transform,False,False,False
morgan_1327,M1,reviewed CAS-to-PubChem canonical SMILES mapping,structure,"RDKit Morgan radius=2, 2048-bit fingerprint",none; raw/deterministic transform,False,False,False
morgan_1328,M1,reviewed CAS-to-PubChem canonical SMILES mapping,structure,"RDKit Morgan radius=2, 2048-bit fingerprint",none; raw/deterministic transform,False,False,False
morgan_1329,M1,reviewed CAS-to-PubChem canonical SMILES mapping,structure,"RDKit Morgan radius=2, 2048-bit fingerprint",none; raw/deterministic transform,False,False,False
morgan_1330,M1,reviewed CAS-to-PubChem canonical SMILES mapping,structure,"RDKit Morgan radius=2, 2048-bit fingerprint",none; raw/deterministic transform,False,False,False
morgan_1331,M1,reviewed CAS-to-PubChem canonical SMILES mapping,structure,"RDKit Morgan radius=2, 2048-bit fingerprint",none; raw/deterministic transform,False,False,False
morgan_1332,M1,reviewed CAS-to-PubChem canonical SMILES mapping,structure,"RDKit Morgan radius=2, 2048-bit fingerprint",none; raw/deterministic transform,False,False,False
morgan_1333,M1,reviewed CAS-to-PubChem canonical SMILES mapping,structure,"RDKit Morgan radius=2, 2048-bit fingerprint",none; raw/deterministic transform,False,False,False
morgan_1334,M1,reviewed CAS-to-PubChem canonical SMILES mapping,structure,"RDKit Morgan radius=2, 2048-bit fingerprint",none; raw/deterministic transform,False,False,False
morgan_1335,M1,reviewed CAS-to-PubChem canonical SMILES mapping,structure,"RDKit Morgan radius=2, 2048-bit fingerprint",none; raw/deterministic transform,False,False,False
morgan_1336,M1,reviewed CAS-to-PubChem canonical SMILES mapping,structure,"RDKit Morgan radius=2, 2048-bit fingerprint",none; raw/deterministic transform,False,False,False
morgan_1337,M1,reviewed CAS-to-PubChem canonical SMILES mapping,structure,"RDKit Morgan radius=2, 2048-bit fingerprint",none; raw/deterministic transform,False,False,False
morgan_1338,M1,reviewed CAS-to-PubChem canonical SMILES mapping,structure,"RDKit Morgan radius=2, 2048-bit fingerprint",none; raw/deterministic transform,False,False,False
morgan_1339,M1,reviewed CAS-to-PubChem canonical SMILES mapping,structure,"RDKit Morgan radius=2, 2048-bit fingerprint",none; raw/deterministic transform,False,False,False
morgan_1340,M1,reviewed CAS-to-PubChem canonical SMILES mapping,structure,"RDKit Morgan radius=2, 2048-bit fingerprint",none; raw/deterministic transform,False,False,False
morgan_1341,M1,reviewed CAS-to-PubChem canonical SMILES mapping,structure,"RDKit Morgan radius=2, 2048-bit fingerprint",none; raw/deterministic transform,False,False,False
morgan_1342,M1,reviewed CAS-to-PubChem canonical SMILES mapping,structure,"RDKit Morgan radius=2, 2048-bit fingerprint",none; raw/deterministic transform,False,False,False
morgan_1343,M1,reviewed CAS-to-PubChem canonical SMILES mapping,structure,"RDKit Morgan radius=2, 2048-bit fingerprint",none; raw/deterministic transform,False,False,False
morgan_1344,M1,reviewed CAS-to-PubChem canonical SMILES mapping,structure,"RDKit Morgan radius=2, 2048-bit fingerprint",none; raw/deterministic transform,False,False,False
morgan_1345,M1,reviewed CAS-to-PubChem canonical SMILES mapping,structure,"RDKit Morgan radius=2, 2048-bit fingerprint",none; raw/deterministic transform,False,False,False
morgan_1346,M1,reviewed CAS-to-PubChem canonical SMILES mapping,structure,"RDKit Morgan radius=2, 2048-bit fingerprint",none; raw/deterministic transform,False,False,False
morgan_1347,M1,reviewed CAS-to-PubChem canonical SMILES mapping,structure,"RDKit Morgan radius=2, 2048-bit fingerprint",none; raw/deterministic transform,False,False,False
morgan_1348,M1,reviewed CAS-to-PubChem canonical SMILES mapping,structure,"RDKit Morgan radius=2, 2048-bit fingerprint",none; raw/deterministic transform,False,False,False
morgan_1349,M1,reviewed CAS-to-PubChem canonical SMILES mapping,structure,"RDKit Morgan radius=2, 2048-bit fingerprint",none; raw/deterministic transform,False,False,False
morgan_1350,M1,reviewed CAS-to-PubChem canonical SMILES mapping,structure,"RDKit Morgan radius=2, 2048-bit fingerprint",none; raw/deterministic transform,False,False,False
morgan_1351,M1,reviewed CAS-to-PubChem canonical SMILES mapping,structure,"RDKit Morgan radius=2, 2048-bit fingerprint",none; raw/deterministic transform,False,False,False
morgan_1352,M1,reviewed CAS-to-PubChem canonical SMILES mapping,structure,"RDKit Morgan radius=2, 2048-bit fingerprint",none; raw/deterministic transform,False,False,False
morgan_1353,M1,reviewed CAS-to-PubChem canonical SMILES mapping,structure,"RDKit Morgan radius=2, 2048-bit fingerprint",none; raw/deterministic transform,False,False,False
morgan_1354,M1,reviewed CAS-to-PubChem canonical SMILES mapping,structure,"RDKit Morgan radius=2, 2048-bit fingerprint",none; raw/deterministic transform,False,False,False
morgan_1355,M1,reviewed CAS-to-PubChem canonical SMILES mapping,structure,"RDKit Morgan radius=2, 2048-bit fingerprint",none; raw/deterministic transform,False,False,False
morgan_1356,M1,reviewed CAS-to-PubChem canonical SMILES mapping,structure,"RDKit Morgan radius=2, 2048-bit fingerprint",none; raw/deterministic transform,False,False,False
morgan_1357,M1,reviewed CAS-to-PubChem canonical SMILES mapping,structure,"RDKit Morgan radius=2, 2048-bit fingerprint",none; raw/deterministic transform,False,False,False
morgan_1358,M1,reviewed CAS-to-PubChem canonical SMILES mapping,structure,"RDKit Morgan radius=2, 2048-bit fingerprint",none; raw/deterministic transform,False,False,False
morgan_1359,M1,reviewed CAS-to-PubChem canonical SMILES mapping,structure,"RDKit Morgan radius=2, 2048-bit fingerprint",none; raw/deterministic transform,False,False,False
morgan_1360,M1,reviewed CAS-to-PubChem canonical SMILES mapping,structure,"RDKit Morgan radius=2, 2048-bit fingerprint",none; raw/deterministic transform,False,False,False
morgan_1361,M1,reviewed CAS-to-PubChem canonical SMILES mapping,structure,"RDKit Morgan radius=2, 2048-bit fingerprint",none; raw/deterministic transform,False,False,False
morgan_1362,M1,reviewed CAS-to-PubChem canonical SMILES mapping,structure,"RDKit Morgan radius=2, 2048-bit fingerprint",none; raw/deterministic transform,False,False,False
morgan_1363,M1,reviewed CAS-to-PubChem canonical SMILES mapping,structure,"RDKit Morgan radius=2, 2048-bit fingerprint",none; raw/deterministic transform,False,False,False
morgan_1364,M1,reviewed CAS-to-PubChem canonical SMILES mapping,structure,"RDKit Morgan radius=2, 2048-bit fingerprint",none; raw/deterministic transform,False,False,False
morgan_1365,M1,reviewed CAS-to-PubChem canonical SMILES mapping,structure,"RDKit Morgan radius=2, 2048-bit fingerprint",none; raw/deterministic transform,False,False,False
morgan_1366,M1,reviewed CAS-to-PubChem canonical SMILES mapping,structure,"RDKit Morgan radius=2, 2048-bit fingerprint",none; raw/deterministic transform,False,False,False
morgan_1367,M1,reviewed CAS-to-PubChem canonical SMILES mapping,structure,"RDKit Morgan radius=2, 2048-bit fingerprint",none; raw/deterministic transform,False,False,False
morgan_1368,M1,reviewed CAS-to-PubChem canonical SMILES mapping,structure,"RDKit Morgan radius=2, 2048-bit fingerprint",none; raw/deterministic transform,False,False,False
morgan_1369,M1,reviewed CAS-to-PubChem canonical SMILES mapping,structure,"RDKit Morgan radius=2, 2048-bit fingerprint",none; raw/deterministic transform,False,False,False
morgan_1370,M1,reviewed CAS-to-PubChem canonical SMILES mapping,structure,"RDKit Morgan radius=2, 2048-bit fingerprint",none; raw/deterministic transform,False,False,False
morgan_1371,M1,reviewed CAS-to-PubChem canonical SMILES mapping,structure,"RDKit Morgan radius=2, 2048-bit fingerprint",none; raw/deterministic transform,False,False,False
morgan_1372,M1,reviewed CAS-to-PubChem canonical SMILES mapping,structure,"RDKit Morgan radius=2, 2048-bit fingerprint",none; raw/deterministic transform,False,False,False
morgan_1373,M1,reviewed CAS-to-PubChem canonical SMILES mapping,structure,"RDKit Morgan radius=2, 2048-bit fingerprint",none; raw/deterministic transform,False,False,False
morgan_1374,M1,reviewed CAS-to-PubChem canonical SMILES mapping,structure,"RDKit Morgan radius=2, 2048-bit fingerprint",none; raw/deterministic transform,False,False,False
morgan_1375,M1,reviewed CAS-to-PubChem canonical SMILES mapping,structure,"RDKit Morgan radius=2, 2048-bit fingerprint",none; raw/deterministic transform,False,False,False
morgan_1376,M1,reviewed CAS-to-PubChem canonical SMILES mapping,structure,"RDKit Morgan radius=2, 2048-bit fingerprint",none; raw/deterministic transform,False,False,False
morgan_1377,M1,reviewed CAS-to-PubChem canonical SMILES mapping,structure,"RDKit Morgan radius=2, 2048-bit fingerprint",none; raw/deterministic transform,False,False,False
morgan_1378,M1,reviewed CAS-to-PubChem canonical SMILES mapping,structure,"RDKit Morgan radius=2, 2048-bit fingerprint",none; raw/deterministic transform,False,False,False
morgan_1379,M1,reviewed CAS-to-PubChem canonical SMILES mapping,structure,"RDKit Morgan radius=2, 2048-bit fingerprint",none; raw/deterministic transform,False,False,False
morgan_1380,M1,reviewed CAS-to-PubChem canonical SMILES mapping,structure,"RDKit Morgan radius=2, 2048-bit fingerprint",none; raw/deterministic transform,False,False,False
morgan_1381,M1,reviewed CAS-to-PubChem canonical SMILES mapping,structure,"RDKit Morgan radius=2, 2048-bit fingerprint",none; raw/deterministic transform,False,False,False
morgan_1382,M1,reviewed CAS-to-PubChem canonical SMILES mapping,structure,"RDKit Morgan radius=2, 2048-bit fingerprint",none; raw/deterministic transform,False,False,False
morgan_1383,M1,reviewed CAS-to-PubChem canonical SMILES mapping,structure,"RDKit Morgan radius=2, 2048-bit fingerprint",none; raw/deterministic transform,False,False,False
morgan_1384,M1,reviewed CAS-to-PubChem canonical SMILES mapping,structure,"RDKit Morgan radius=2, 2048-bit fingerprint",none; raw/deterministic transform,False,False,False
morgan_1385,M1,reviewed CAS-to-PubChem canonical SMILES mapping,structure,"RDKit Morgan radius=2, 2048-bit fingerprint",none; raw/deterministic transform,False,False,False
morgan_1386,M1,reviewed CAS-to-PubChem canonical SMILES mapping,structure,"RDKit Morgan radius=2, 2048-bit fingerprint",none; raw/deterministic transform,False,False,False
morgan_1387,M1,reviewed CAS-to-PubChem canonical SMILES mapping,structure,"RDKit Morgan radius=2, 2048-bit fingerprint",none; raw/deterministic transform,False,False,False
morgan_1388,M1,reviewed CAS-to-PubChem canonical SMILES mapping,structure,"RDKit Morgan radius=2, 2048-bit fingerprint",none; raw/deterministic transform,False,False,False
morgan_1389,M1,reviewed CAS-to-PubChem canonical SMILES mapping,structure,"RDKit Morgan radius=2, 2048-bit fingerprint",none; raw/deterministic transform,False,False,False
morgan_1390,M1,reviewed CAS-to-PubChem canonical SMILES mapping,structure,"RDKit Morgan radius=2, 2048-bit fingerprint",none; raw/deterministic transform,False,False,False
morgan_1391,M1,reviewed CAS-to-PubChem canonical SMILES mapping,structure,"RDKit Morgan radius=2, 2048-bit fingerprint",none; raw/deterministic transform,False,False,False
morgan_1392,M1,reviewed CAS-to-PubChem canonical SMILES mapping,structure,"RDKit Morgan radius=2, 2048-bit fingerprint",none; raw/deterministic transform,False,False,False
morgan_1393,M1,reviewed CAS-to-PubChem canonical SMILES mapping,structure,"RDKit Morgan radius=2, 2048-bit fingerprint",none; raw/deterministic transform,False,False,False
morgan_1394,M1,reviewed CAS-to-PubChem canonical SMILES mapping,structure,"RDKit Morgan radius=2, 2048-bit fingerprint",none; raw/deterministic transform,False,False,False
morgan_1395,M1,reviewed CAS-to-PubChem canonical SMILES mapping,structure,"RDKit Morgan radius=2, 2048-bit fingerprint",none; raw/deterministic transform,False,False,False
morgan_1396,M1,reviewed CAS-to-PubChem canonical SMILES mapping,structure,"RDKit Morgan radius=2, 2048-bit fingerprint",none; raw/deterministic transform,False,False,False
morgan_1397,M1,reviewed CAS-to-PubChem canonical SMILES mapping,structure,"RDKit Morgan radius=2, 2048-bit fingerprint",none; raw/deterministic transform,False,False,False
morgan_1398,M1,reviewed CAS-to-PubChem canonical SMILES mapping,structure,"RDKit Morgan radius=2, 2048-bit fingerprint",none; raw/deterministic transform,False,False,False
morgan_1399,M1,reviewed CAS-to-PubChem canonical SMILES mapping,structure,"RDKit Morgan radius=2, 2048-bit fingerprint",none; raw/deterministic transform,False,False,False
morgan_1400,M1,reviewed CAS-to-PubChem canonical SMILES mapping,structure,"RDKit Morgan radius=2, 2048-bit fingerprint",none; raw/deterministic transform,False,False,False
morgan_1401,M1,reviewed CAS-to-PubChem canonical SMILES mapping,structure,"RDKit Morgan radius=2, 2048-bit fingerprint",none; raw/deterministic transform,False,False,False
morgan_1402,M1,reviewed CAS-to-PubChem canonical SMILES mapping,structure,"RDKit Morgan radius=2, 2048-bit fingerprint",none; raw/deterministic transform,False,False,False
morgan_1403,M1,reviewed CAS-to-PubChem canonical SMILES mapping,structure,"RDKit Morgan radius=2, 2048-bit fingerprint",none; raw/deterministic transform,False,False,False
morgan_1404,M1,reviewed CAS-to-PubChem canonical SMILES mapping,structure,"RDKit Morgan radius=2, 2048-bit fingerprint",none; raw/deterministic transform,False,False,False
morgan_1405,M1,reviewed CAS-to-PubChem canonical SMILES mapping,structure,"RDKit Morgan radius=2, 2048-bit fingerprint",none; raw/deterministic transform,False,False,False
morgan_1406,M1,reviewed CAS-to-PubChem canonical SMILES mapping,structure,"RDKit Morgan radius=2, 2048-bit fingerprint",none; raw/deterministic transform,False,False,False
morgan_1407,M1,reviewed CAS-to-PubChem canonical SMILES mapping,structure,"RDKit Morgan radius=2, 2048-bit fingerprint",none; raw/deterministic transform,False,False,False
morgan_1408,M1,reviewed CAS-to-PubChem canonical SMILES mapping,structure,"RDKit Morgan radius=2, 2048-bit fingerprint",none; raw/deterministic transform,False,False,False
morgan_1409,M1,reviewed CAS-to-PubChem canonical SMILES mapping,structure,"RDKit Morgan radius=2, 2048-bit fingerprint",none; raw/deterministic transform,False,False,False
morgan_1410,M1,reviewed CAS-to-PubChem canonical SMILES mapping,structure,"RDKit Morgan radius=2, 2048-bit fingerprint",none; raw/deterministic transform,False,False,False
morgan_1411,M1,reviewed CAS-to-PubChem canonical SMILES mapping,structure,"RDKit Morgan radius=2, 2048-bit fingerprint",none; raw/deterministic transform,False,False,False
morgan_1412,M1,reviewed CAS-to-PubChem canonical SMILES mapping,structure,"RDKit Morgan radius=2, 2048-bit fingerprint",none; raw/deterministic transform,False,False,False
morgan_1413,M1,reviewed CAS-to-PubChem canonical SMILES mapping,structure,"RDKit Morgan radius=2, 2048-bit fingerprint",none; raw/deterministic transform,False,False,False
morgan_1414,M1,reviewed CAS-to-PubChem canonical SMILES mapping,structure,"RDKit Morgan radius=2, 2048-bit fingerprint",none; raw/deterministic transform,False,False,False
morgan_1415,M1,reviewed CAS-to-PubChem canonical SMILES mapping,structure,"RDKit Morgan radius=2, 2048-bit fingerprint",none; raw/deterministic transform,False,False,False
morgan_1416,M1,reviewed CAS-to-PubChem canonical SMILES mapping,structure,"RDKit Morgan radius=2, 2048-bit fingerprint",none; raw/deterministic transform,False,False,False
morgan_1417,M1,reviewed CAS-to-PubChem canonical SMILES mapping,structure,"RDKit Morgan radius=2, 2048-bit fingerprint",none; raw/deterministic transform,False,False,False
morgan_1418,M1,reviewed CAS-to-PubChem canonical SMILES mapping,structure,"RDKit Morgan radius=2, 2048-bit fingerprint",none; raw/deterministic transform,False,False,False
morgan_1419,M1,reviewed CAS-to-PubChem canonical SMILES mapping,structure,"RDKit Morgan radius=2, 2048-bit fingerprint",none; raw/deterministic transform,False,False,False
morgan_1420,M1,reviewed CAS-to-PubChem canonical SMILES mapping,structure,"RDKit Morgan radius=2, 2048-bit fingerprint",none; raw/deterministic transform,False,False,False
morgan_1421,M1,reviewed CAS-to-PubChem canonical SMILES mapping,structure,"RDKit Morgan radius=2, 2048-bit fingerprint",none; raw/deterministic transform,False,False,False
morgan_1422,M1,reviewed CAS-to-PubChem canonical SMILES mapping,structure,"RDKit Morgan radius=2, 2048-bit fingerprint",none; raw/deterministic transform,False,False,False
morgan_1423,M1,reviewed CAS-to-PubChem canonical SMILES mapping,structure,"RDKit Morgan radius=2, 2048-bit fingerprint",none; raw/deterministic transform,False,False,False
morgan_1424,M1,reviewed CAS-to-PubChem canonical SMILES mapping,structure,"RDKit Morgan radius=2, 2048-bit fingerprint",none; raw/deterministic transform,False,False,False
morgan_1425,M1,reviewed CAS-to-PubChem canonical SMILES mapping,structure,"RDKit Morgan radius=2, 2048-bit fingerprint",none; raw/deterministic transform,False,False,False
morgan_1426,M1,reviewed CAS-to-PubChem canonical SMILES mapping,structure,"RDKit Morgan radius=2, 2048-bit fingerprint",none; raw/deterministic transform,False,False,False
morgan_1427,M1,reviewed CAS-to-PubChem canonical SMILES mapping,structure,"RDKit Morgan radius=2, 2048-bit fingerprint",none; raw/deterministic transform,False,False,False
morgan_1428,M1,reviewed CAS-to-PubChem canonical SMILES mapping,structure,"RDKit Morgan radius=2, 2048-bit fingerprint",none; raw/deterministic transform,False,False,False
morgan_1429,M1,reviewed CAS-to-PubChem canonical SMILES mapping,structure,"RDKit Morgan radius=2, 2048-bit fingerprint",none; raw/deterministic transform,False,False,False
morgan_1430,M1,reviewed CAS-to-PubChem canonical SMILES mapping,structure,"RDKit Morgan radius=2, 2048-bit fingerprint",none; raw/deterministic transform,False,False,False
morgan_1431,M1,reviewed CAS-to-PubChem canonical SMILES mapping,structure,"RDKit Morgan radius=2, 2048-bit fingerprint",none; raw/deterministic transform,False,False,False
morgan_1432,M1,reviewed CAS-to-PubChem canonical SMILES mapping,structure,"RDKit Morgan radius=2, 2048-bit fingerprint",none; raw/deterministic transform,False,False,False
morgan_1433,M1,reviewed CAS-to-PubChem canonical SMILES mapping,structure,"RDKit Morgan radius=2, 2048-bit fingerprint",none; raw/deterministic transform,False,False,False
morgan_1434,M1,reviewed CAS-to-PubChem canonical SMILES mapping,structure,"RDKit Morgan radius=2, 2048-bit fingerprint",none; raw/deterministic transform,False,False,False
morgan_1435,M1,reviewed CAS-to-PubChem canonical SMILES mapping,structure,"RDKit Morgan radius=2, 2048-bit fingerprint",none; raw/deterministic transform,False,False,False
morgan_1436,M1,reviewed CAS-to-PubChem canonical SMILES mapping,structure,"RDKit Morgan radius=2, 2048-bit fingerprint",none; raw/deterministic transform,False,False,False
morgan_1437,M1,reviewed CAS-to-PubChem canonical SMILES mapping,structure,"RDKit Morgan radius=2, 2048-bit fingerprint",none; raw/deterministic transform,False,False,False
morgan_1438,M1,reviewed CAS-to-PubChem canonical SMILES mapping,structure,"RDKit Morgan radius=2, 2048-bit fingerprint",none; raw/deterministic transform,False,False,False
morgan_1439,M1,reviewed CAS-to-PubChem canonical SMILES mapping,structure,"RDKit Morgan radius=2, 2048-bit fingerprint",none; raw/deterministic transform,False,False,False
morgan_1440,M1,reviewed CAS-to-PubChem canonical SMILES mapping,structure,"RDKit Morgan radius=2, 2048-bit fingerprint",none; raw/deterministic transform,False,False,False
morgan_1441,M1,reviewed CAS-to-PubChem canonical SMILES mapping,structure,"RDKit Morgan radius=2, 2048-bit fingerprint",none; raw/deterministic transform,False,False,False
morgan_1442,M1,reviewed CAS-to-PubChem canonical SMILES mapping,structure,"RDKit Morgan radius=2, 2048-bit fingerprint",none; raw/deterministic transform,False,False,False
morgan_1443,M1,reviewed CAS-to-PubChem canonical SMILES mapping,structure,"RDKit Morgan radius=2, 2048-bit fingerprint",none; raw/deterministic transform,False,False,False
morgan_1444,M1,reviewed CAS-to-PubChem canonical SMILES mapping,structure,"RDKit Morgan radius=2, 2048-bit fingerprint",none; raw/deterministic transform,False,False,False
morgan_1445,M1,reviewed CAS-to-PubChem canonical SMILES mapping,structure,"RDKit Morgan radius=2, 2048-bit fingerprint",none; raw/deterministic transform,False,False,False
morgan_1446,M1,reviewed CAS-to-PubChem canonical SMILES mapping,structure,"RDKit Morgan radius=2, 2048-bit fingerprint",none; raw/deterministic transform,False,False,False
morgan_1447,M1,reviewed CAS-to-PubChem canonical SMILES mapping,structure,"RDKit Morgan radius=2, 2048-bit fingerprint",none; raw/deterministic transform,False,False,False
morgan_1448,M1,reviewed CAS-to-PubChem canonical SMILES mapping,structure,"RDKit Morgan radius=2, 2048-bit fingerprint",none; raw/deterministic transform,False,False,False
morgan_1449,M1,reviewed CAS-to-PubChem canonical SMILES mapping,structure,"RDKit Morgan radius=2, 2048-bit fingerprint",none; raw/deterministic transform,False,False,False
morgan_1450,M1,reviewed CAS-to-PubChem canonical SMILES mapping,structure,"RDKit Morgan radius=2, 2048-bit fingerprint",none; raw/deterministic transform,False,False,False
morgan_1451,M1,reviewed CAS-to-PubChem canonical SMILES mapping,structure,"RDKit Morgan radius=2, 2048-bit fingerprint",none; raw/deterministic transform,False,False,False
morgan_1452,M1,reviewed CAS-to-PubChem canonical SMILES mapping,structure,"RDKit Morgan radius=2, 2048-bit fingerprint",none; raw/deterministic transform,False,False,False
morgan_1453,M1,reviewed CAS-to-PubChem canonical SMILES mapping,structure,"RDKit Morgan radius=2, 2048-bit fingerprint",none; raw/deterministic transform,False,False,False
morgan_1454,M1,reviewed CAS-to-PubChem canonical SMILES mapping,structure,"RDKit Morgan radius=2, 2048-bit fingerprint",none; raw/deterministic transform,False,False,False
morgan_1455,M1,reviewed CAS-to-PubChem canonical SMILES mapping,structure,"RDKit Morgan radius=2, 2048-bit fingerprint",none; raw/deterministic transform,False,False,False
morgan_1456,M1,reviewed CAS-to-PubChem canonical SMILES mapping,structure,"RDKit Morgan radius=2, 2048-bit fingerprint",none; raw/deterministic transform,False,False,False
morgan_1457,M1,reviewed CAS-to-PubChem canonical SMILES mapping,structure,"RDKit Morgan radius=2, 2048-bit fingerprint",none; raw/deterministic transform,False,False,False
morgan_1458,M1,reviewed CAS-to-PubChem canonical SMILES mapping,structure,"RDKit Morgan radius=2, 2048-bit fingerprint",none; raw/deterministic transform,False,False,False
morgan_1459,M1,reviewed CAS-to-PubChem canonical SMILES mapping,structure,"RDKit Morgan radius=2, 2048-bit fingerprint",none; raw/deterministic transform,False,False,False
morgan_1460,M1,reviewed CAS-to-PubChem canonical SMILES mapping,structure,"RDKit Morgan radius=2, 2048-bit fingerprint",none; raw/deterministic transform,False,False,False
morgan_1461,M1,reviewed CAS-to-PubChem canonical SMILES mapping,structure,"RDKit Morgan radius=2, 2048-bit fingerprint",none; raw/deterministic transform,False,False,False
morgan_1462,M1,reviewed CAS-to-PubChem canonical SMILES mapping,structure,"RDKit Morgan radius=2, 2048-bit fingerprint",none; raw/deterministic transform,False,False,False
morgan_1463,M1,reviewed CAS-to-PubChem canonical SMILES mapping,structure,"RDKit Morgan radius=2, 2048-bit fingerprint",none; raw/deterministic transform,False,False,False
morgan_1464,M1,reviewed CAS-to-PubChem canonical SMILES mapping,structure,"RDKit Morgan radius=2, 2048-bit fingerprint",none; raw/deterministic transform,False,False,False
morgan_1465,M1,reviewed CAS-to-PubChem canonical SMILES mapping,structure,"RDKit Morgan radius=2, 2048-bit fingerprint",none; raw/deterministic transform,False,False,False
morgan_1466,M1,reviewed CAS-to-PubChem canonical SMILES mapping,structure,"RDKit Morgan radius=2, 2048-bit fingerprint",none; raw/deterministic transform,False,False,False
morgan_1467,M1,reviewed CAS-to-PubChem canonical SMILES mapping,structure,"RDKit Morgan radius=2, 2048-bit fingerprint",none; raw/deterministic transform,False,False,False
morgan_1468,M1,reviewed CAS-to-PubChem canonical SMILES mapping,structure,"RDKit Morgan radius=2, 2048-bit fingerprint",none; raw/deterministic transform,False,False,False
morgan_1469,M1,reviewed CAS-to-PubChem canonical SMILES mapping,structure,"RDKit Morgan radius=2, 2048-bit fingerprint",none; raw/deterministic transform,False,False,False
morgan_1470,M1,reviewed CAS-to-PubChem canonical SMILES mapping,structure,"RDKit Morgan radius=2, 2048-bit fingerprint",none; raw/deterministic transform,False,False,False
morgan_1471,M1,reviewed CAS-to-PubChem canonical SMILES mapping,structure,"RDKit Morgan radius=2, 2048-bit fingerprint",none; raw/deterministic transform,False,False,False
morgan_1472,M1,reviewed CAS-to-PubChem canonical SMILES mapping,structure,"RDKit Morgan radius=2, 2048-bit fingerprint",none; raw/deterministic transform,False,False,False
morgan_1473,M1,reviewed CAS-to-PubChem canonical SMILES mapping,structure,"RDKit Morgan radius=2, 2048-bit fingerprint",none; raw/deterministic transform,False,False,False
morgan_1474,M1,reviewed CAS-to-PubChem canonical SMILES mapping,structure,"RDKit Morgan radius=2, 2048-bit fingerprint",none; raw/deterministic transform,False,False,False
morgan_1475,M1,reviewed CAS-to-PubChem canonical SMILES mapping,structure,"RDKit Morgan radius=2, 2048-bit fingerprint",none; raw/deterministic transform,False,False,False
morgan_1476,M1,reviewed CAS-to-PubChem canonical SMILES mapping,structure,"RDKit Morgan radius=2, 2048-bit fingerprint",none; raw/deterministic transform,False,False,False
morgan_1477,M1,reviewed CAS-to-PubChem canonical SMILES mapping,structure,"RDKit Morgan radius=2, 2048-bit fingerprint",none; raw/deterministic transform,False,False,False
morgan_1478,M1,reviewed CAS-to-PubChem canonical SMILES mapping,structure,"RDKit Morgan radius=2, 2048-bit fingerprint",none; raw/deterministic transform,False,False,False
morgan_1479,M1,reviewed CAS-to-PubChem canonical SMILES mapping,structure,"RDKit Morgan radius=2, 2048-bit fingerprint",none; raw/deterministic transform,False,False,False
morgan_1480,M1,reviewed CAS-to-PubChem canonical SMILES mapping,structure,"RDKit Morgan radius=2, 2048-bit fingerprint",none; raw/deterministic transform,False,False,False
morgan_1481,M1,reviewed CAS-to-PubChem canonical SMILES mapping,structure,"RDKit Morgan radius=2, 2048-bit fingerprint",none; raw/deterministic transform,False,False,False
morgan_1482,M1,reviewed CAS-to-PubChem canonical SMILES mapping,structure,"RDKit Morgan radius=2, 2048-bit fingerprint",none; raw/deterministic transform,False,False,False
morgan_1483,M1,reviewed CAS-to-PubChem canonical SMILES mapping,structure,"RDKit Morgan radius=2, 2048-bit fingerprint",none; raw/deterministic transform,False,False,False
morgan_1484,M1,reviewed CAS-to-PubChem canonical SMILES mapping,structure,"RDKit Morgan radius=2, 2048-bit fingerprint",none; raw/deterministic transform,False,False,False
morgan_1485,M1,reviewed CAS-to-PubChem canonical SMILES mapping,structure,"RDKit Morgan radius=2, 2048-bit fingerprint",none; raw/deterministic transform,False,False,False
morgan_1486,M1,reviewed CAS-to-PubChem canonical SMILES mapping,structure,"RDKit Morgan radius=2, 2048-bit fingerprint",none; raw/deterministic transform,False,False,False
morgan_1487,M1,reviewed CAS-to-PubChem canonical SMILES mapping,structure,"RDKit Morgan radius=2, 2048-bit fingerprint",none; raw/deterministic transform,False,False,False
morgan_1488,M1,reviewed CAS-to-PubChem canonical SMILES mapping,structure,"RDKit Morgan radius=2, 2048-bit fingerprint",none; raw/deterministic transform,False,False,False
morgan_1489,M1,reviewed CAS-to-PubChem canonical SMILES mapping,structure,"RDKit Morgan radius=2, 2048-bit fingerprint",none; raw/deterministic transform,False,False,False
morgan_1490,M1,reviewed CAS-to-PubChem canonical SMILES mapping,structure,"RDKit Morgan radius=2, 2048-bit fingerprint",none; raw/deterministic transform,False,False,False
morgan_1491,M1,reviewed CAS-to-PubChem canonical SMILES mapping,structure,"RDKit Morgan radius=2, 2048-bit fingerprint",none; raw/deterministic transform,False,False,False
morgan_1492,M1,reviewed CAS-to-PubChem canonical SMILES mapping,structure,"RDKit Morgan radius=2, 2048-bit fingerprint",none; raw/deterministic transform,False,False,False
morgan_1493,M1,reviewed CAS-to-PubChem canonical SMILES mapping,structure,"RDKit Morgan radius=2, 2048-bit fingerprint",none; raw/deterministic transform,False,False,False
morgan_1494,M1,reviewed CAS-to-PubChem canonical SMILES mapping,structure,"RDKit Morgan radius=2, 2048-bit fingerprint",none; raw/deterministic transform,False,False,False
morgan_1495,M1,reviewed CAS-to-PubChem canonical SMILES mapping,structure,"RDKit Morgan radius=2, 2048-bit fingerprint",none; raw/deterministic transform,False,False,False
morgan_1496,M1,reviewed CAS-to-PubChem canonical SMILES mapping,structure,"RDKit Morgan radius=2, 2048-bit fingerprint",none; raw/deterministic transform,False,False,False
morgan_1497,M1,reviewed CAS-to-PubChem canonical SMILES mapping,structure,"RDKit Morgan radius=2, 2048-bit fingerprint",none; raw/deterministic transform,False,False,False
morgan_1498,M1,reviewed CAS-to-PubChem canonical SMILES mapping,structure,"RDKit Morgan radius=2, 2048-bit fingerprint",none; raw/deterministic transform,False,False,False
morgan_1499,M1,reviewed CAS-to-PubChem canonical SMILES mapping,structure,"RDKit Morgan radius=2, 2048-bit fingerprint",none; raw/deterministic transform,False,False,False
morgan_1500,M1,reviewed CAS-to-PubChem canonical SMILES mapping,structure,"RDKit Morgan radius=2, 2048-bit fingerprint",none; raw/deterministic transform,False,False,False
morgan_1501,M1,reviewed CAS-to-PubChem canonical SMILES mapping,structure,"RDKit Morgan radius=2, 2048-bit fingerprint",none; raw/deterministic transform,False,False,False
morgan_1502,M1,reviewed CAS-to-PubChem canonical SMILES mapping,structure,"RDKit Morgan radius=2, 2048-bit fingerprint",none; raw/deterministic transform,False,False,False
morgan_1503,M1,reviewed CAS-to-PubChem canonical SMILES mapping,structure,"RDKit Morgan radius=2, 2048-bit fingerprint",none; raw/deterministic transform,False,False,False
morgan_1504,M1,reviewed CAS-to-PubChem canonical SMILES mapping,structure,"RDKit Morgan radius=2, 2048-bit fingerprint",none; raw/deterministic transform,False,False,False
morgan_1505,M1,reviewed CAS-to-PubChem canonical SMILES mapping,structure,"RDKit Morgan radius=2, 2048-bit fingerprint",none; raw/deterministic transform,False,False,False
morgan_1506,M1,reviewed CAS-to-PubChem canonical SMILES mapping,structure,"RDKit Morgan radius=2, 2048-bit fingerprint",none; raw/deterministic transform,False,False,False
morgan_1507,M1,reviewed CAS-to-PubChem canonical SMILES mapping,structure,"RDKit Morgan radius=2, 2048-bit fingerprint",none; raw/deterministic transform,False,False,False
morgan_1508,M1,reviewed CAS-to-PubChem canonical SMILES mapping,structure,"RDKit Morgan radius=2, 2048-bit fingerprint",none; raw/deterministic transform,False,False,False
morgan_1509,M1,reviewed CAS-to-PubChem canonical SMILES mapping,structure,"RDKit Morgan radius=2, 2048-bit fingerprint",none; raw/deterministic transform,False,False,False
morgan_1510,M1,reviewed CAS-to-PubChem canonical SMILES mapping,structure,"RDKit Morgan radius=2, 2048-bit fingerprint",none; raw/deterministic transform,False,False,False
morgan_1511,M1,reviewed CAS-to-PubChem canonical SMILES mapping,structure,"RDKit Morgan radius=2, 2048-bit fingerprint",none; raw/deterministic transform,False,False,False
morgan_1512,M1,reviewed CAS-to-PubChem canonical SMILES mapping,structure,"RDKit Morgan radius=2, 2048-bit fingerprint",none; raw/deterministic transform,False,False,False
morgan_1513,M1,reviewed CAS-to-PubChem canonical SMILES mapping,structure,"RDKit Morgan radius=2, 2048-bit fingerprint",none; raw/deterministic transform,False,False,False
morgan_1514,M1,reviewed CAS-to-PubChem canonical SMILES mapping,structure,"RDKit Morgan radius=2, 2048-bit fingerprint",none; raw/deterministic transform,False,False,False
morgan_1515,M1,reviewed CAS-to-PubChem canonical SMILES mapping,structure,"RDKit Morgan radius=2, 2048-bit fingerprint",none; raw/deterministic transform,False,False,False
morgan_1516,M1,reviewed CAS-to-PubChem canonical SMILES mapping,structure,"RDKit Morgan radius=2, 2048-bit fingerprint",none; raw/deterministic transform,False,False,False
morgan_1517,M1,reviewed CAS-to-PubChem canonical SMILES mapping,structure,"RDKit Morgan radius=2, 2048-bit fingerprint",none; raw/deterministic transform,False,False,False
morgan_1518,M1,reviewed CAS-to-PubChem canonical SMILES mapping,structure,"RDKit Morgan radius=2, 2048-bit fingerprint",none; raw/deterministic transform,False,False,False
morgan_1519,M1,reviewed CAS-to-PubChem canonical SMILES mapping,structure,"RDKit Morgan radius=2, 2048-bit fingerprint",none; raw/deterministic transform,False,False,False
morgan_1520,M1,reviewed CAS-to-PubChem canonical SMILES mapping,structure,"RDKit Morgan radius=2, 2048-bit fingerprint",none; raw/deterministic transform,False,False,False
morgan_1521,M1,reviewed CAS-to-PubChem canonical SMILES mapping,structure,"RDKit Morgan radius=2, 2048-bit fingerprint",none; raw/deterministic transform,False,False,False
morgan_1522,M1,reviewed CAS-to-PubChem canonical SMILES mapping,structure,"RDKit Morgan radius=2, 2048-bit fingerprint",none; raw/deterministic transform,False,False,False
morgan_1523,M1,reviewed CAS-to-PubChem canonical SMILES mapping,structure,"RDKit Morgan radius=2, 2048-bit fingerprint",none; raw/deterministic transform,False,False,False
morgan_1524,M1,reviewed CAS-to-PubChem canonical SMILES mapping,structure,"RDKit Morgan radius=2, 2048-bit fingerprint",none; raw/deterministic transform,False,False,False
morgan_1525,M1,reviewed CAS-to-PubChem canonical SMILES mapping,structure,"RDKit Morgan radius=2, 2048-bit fingerprint",none; raw/deterministic transform,False,False,False
morgan_1526,M1,reviewed CAS-to-PubChem canonical SMILES mapping,structure,"RDKit Morgan radius=2, 2048-bit fingerprint",none; raw/deterministic transform,False,False,False
morgan_1527,M1,reviewed CAS-to-PubChem canonical SMILES mapping,structure,"RDKit Morgan radius=2, 2048-bit fingerprint",none; raw/deterministic transform,False,False,False
morgan_1528,M1,reviewed CAS-to-PubChem canonical SMILES mapping,structure,"RDKit Morgan radius=2, 2048-bit fingerprint",none; raw/deterministic transform,False,False,False
morgan_1529,M1,reviewed CAS-to-PubChem canonical SMILES mapping,structure,"RDKit Morgan radius=2, 2048-bit fingerprint",none; raw/deterministic transform,False,False,False
morgan_1530,M1,reviewed CAS-to-PubChem canonical SMILES mapping,structure,"RDKit Morgan radius=2, 2048-bit fingerprint",none; raw/deterministic transform,False,False,False
morgan_1531,M1,reviewed CAS-to-PubChem canonical SMILES mapping,structure,"RDKit Morgan radius=2, 2048-bit fingerprint",none; raw/deterministic transform,False,False,False
morgan_1532,M1,reviewed CAS-to-PubChem canonical SMILES mapping,structure,"RDKit Morgan radius=2, 2048-bit fingerprint",none; raw/deterministic transform,False,False,False
morgan_1533,M1,reviewed CAS-to-PubChem canonical SMILES mapping,structure,"RDKit Morgan radius=2, 2048-bit fingerprint",none; raw/deterministic transform,False,False,False
morgan_1534,M1,reviewed CAS-to-PubChem canonical SMILES mapping,structure,"RDKit Morgan radius=2, 2048-bit fingerprint",none; raw/deterministic transform,False,False,False
morgan_1535,M1,reviewed CAS-to-PubChem canonical SMILES mapping,structure,"RDKit Morgan radius=2, 2048-bit fingerprint",none; raw/deterministic transform,False,False,False
morgan_1536,M1,reviewed CAS-to-PubChem canonical SMILES mapping,structure,"RDKit Morgan radius=2, 2048-bit fingerprint",none; raw/deterministic transform,False,False,False
morgan_1537,M1,reviewed CAS-to-PubChem canonical SMILES mapping,structure,"RDKit Morgan radius=2, 2048-bit fingerprint",none; raw/deterministic transform,False,False,False
morgan_1538,M1,reviewed CAS-to-PubChem canonical SMILES mapping,structure,"RDKit Morgan radius=2, 2048-bit fingerprint",none; raw/deterministic transform,False,False,False
morgan_1539,M1,reviewed CAS-to-PubChem canonical SMILES mapping,structure,"RDKit Morgan radius=2, 2048-bit fingerprint",none; raw/deterministic transform,False,False,False
morgan_1540,M1,reviewed CAS-to-PubChem canonical SMILES mapping,structure,"RDKit Morgan radius=2, 2048-bit fingerprint",none; raw/deterministic transform,False,False,False
morgan_1541,M1,reviewed CAS-to-PubChem canonical SMILES mapping,structure,"RDKit Morgan radius=2, 2048-bit fingerprint",none; raw/deterministic transform,False,False,False
morgan_1542,M1,reviewed CAS-to-PubChem canonical SMILES mapping,structure,"RDKit Morgan radius=2, 2048-bit fingerprint",none; raw/deterministic transform,False,False,False
morgan_1543,M1,reviewed CAS-to-PubChem canonical SMILES mapping,structure,"RDKit Morgan radius=2, 2048-bit fingerprint",none; raw/deterministic transform,False,False,False
morgan_1544,M1,reviewed CAS-to-PubChem canonical SMILES mapping,structure,"RDKit Morgan radius=2, 2048-bit fingerprint",none; raw/deterministic transform,False,False,False
morgan_1545,M1,reviewed CAS-to-PubChem canonical SMILES mapping,structure,"RDKit Morgan radius=2, 2048-bit fingerprint",none; raw/deterministic transform,False,False,False
morgan_1546,M1,reviewed CAS-to-PubChem canonical SMILES mapping,structure,"RDKit Morgan radius=2, 2048-bit fingerprint",none; raw/deterministic transform,False,False,False
morgan_1547,M1,reviewed CAS-to-PubChem canonical SMILES mapping,structure,"RDKit Morgan radius=2, 2048-bit fingerprint",none; raw/deterministic transform,False,False,False
morgan_1548,M1,reviewed CAS-to-PubChem canonical SMILES mapping,structure,"RDKit Morgan radius=2, 2048-bit fingerprint",none; raw/deterministic transform,False,False,False
morgan_1549,M1,reviewed CAS-to-PubChem canonical SMILES mapping,structure,"RDKit Morgan radius=2, 2048-bit fingerprint",none; raw/deterministic transform,False,False,False
morgan_1550,M1,reviewed CAS-to-PubChem canonical SMILES mapping,structure,"RDKit Morgan radius=2, 2048-bit fingerprint",none; raw/deterministic transform,False,False,False
morgan_1551,M1,reviewed CAS-to-PubChem canonical SMILES mapping,structure,"RDKit Morgan radius=2, 2048-bit fingerprint",none; raw/deterministic transform,False,False,False
morgan_1552,M1,reviewed CAS-to-PubChem canonical SMILES mapping,structure,"RDKit Morgan radius=2, 2048-bit fingerprint",none; raw/deterministic transform,False,False,False
morgan_1553,M1,reviewed CAS-to-PubChem canonical SMILES mapping,structure,"RDKit Morgan radius=2, 2048-bit fingerprint",none; raw/deterministic transform,False,False,False
morgan_1554,M1,reviewed CAS-to-PubChem canonical SMILES mapping,structure,"RDKit Morgan radius=2, 2048-bit fingerprint",none; raw/deterministic transform,False,False,False
morgan_1555,M1,reviewed CAS-to-PubChem canonical SMILES mapping,structure,"RDKit Morgan radius=2, 2048-bit fingerprint",none; raw/deterministic transform,False,False,False
morgan_1556,M1,reviewed CAS-to-PubChem canonical SMILES mapping,structure,"RDKit Morgan radius=2, 2048-bit fingerprint",none; raw/deterministic transform,False,False,False
morgan_1557,M1,reviewed CAS-to-PubChem canonical SMILES mapping,structure,"RDKit Morgan radius=2, 2048-bit fingerprint",none; raw/deterministic transform,False,False,False
morgan_1558,M1,reviewed CAS-to-PubChem canonical SMILES mapping,structure,"RDKit Morgan radius=2, 2048-bit fingerprint",none; raw/deterministic transform,False,False,False
morgan_1559,M1,reviewed CAS-to-PubChem canonical SMILES mapping,structure,"RDKit Morgan radius=2, 2048-bit fingerprint",none; raw/deterministic transform,False,False,False
morgan_1560,M1,reviewed CAS-to-PubChem canonical SMILES mapping,structure,"RDKit Morgan radius=2, 2048-bit fingerprint",none; raw/deterministic transform,False,False,False
morgan_1561,M1,reviewed CAS-to-PubChem canonical SMILES mapping,structure,"RDKit Morgan radius=2, 2048-bit fingerprint",none; raw/deterministic transform,False,False,False
morgan_1562,M1,reviewed CAS-to-PubChem canonical SMILES mapping,structure,"RDKit Morgan radius=2, 2048-bit fingerprint",none; raw/deterministic transform,False,False,False
morgan_1563,M1,reviewed CAS-to-PubChem canonical SMILES mapping,structure,"RDKit Morgan radius=2, 2048-bit fingerprint",none; raw/deterministic transform,False,False,False
morgan_1564,M1,reviewed CAS-to-PubChem canonical SMILES mapping,structure,"RDKit Morgan radius=2, 2048-bit fingerprint",none; raw/deterministic transform,False,False,False
morgan_1565,M1,reviewed CAS-to-PubChem canonical SMILES mapping,structure,"RDKit Morgan radius=2, 2048-bit fingerprint",none; raw/deterministic transform,False,False,False
morgan_1566,M1,reviewed CAS-to-PubChem canonical SMILES mapping,structure,"RDKit Morgan radius=2, 2048-bit fingerprint",none; raw/deterministic transform,False,False,False
morgan_1567,M1,reviewed CAS-to-PubChem canonical SMILES mapping,structure,"RDKit Morgan radius=2, 2048-bit fingerprint",none; raw/deterministic transform,False,False,False
morgan_1568,M1,reviewed CAS-to-PubChem canonical SMILES mapping,structure,"RDKit Morgan radius=2, 2048-bit fingerprint",none; raw/deterministic transform,False,False,False
morgan_1569,M1,reviewed CAS-to-PubChem canonical SMILES mapping,structure,"RDKit Morgan radius=2, 2048-bit fingerprint",none; raw/deterministic transform,False,False,False
morgan_1570,M1,reviewed CAS-to-PubChem canonical SMILES mapping,structure,"RDKit Morgan radius=2, 2048-bit fingerprint",none; raw/deterministic transform,False,False,False
morgan_1571,M1,reviewed CAS-to-PubChem canonical SMILES mapping,structure,"RDKit Morgan radius=2, 2048-bit fingerprint",none; raw/deterministic transform,False,False,False
morgan_1572,M1,reviewed CAS-to-PubChem canonical SMILES mapping,structure,"RDKit Morgan radius=2, 2048-bit fingerprint",none; raw/deterministic transform,False,False,False
morgan_1573,M1,reviewed CAS-to-PubChem canonical SMILES mapping,structure,"RDKit Morgan radius=2, 2048-bit fingerprint",none; raw/deterministic transform,False,False,False
morgan_1574,M1,reviewed CAS-to-PubChem canonical SMILES mapping,structure,"RDKit Morgan radius=2, 2048-bit fingerprint",none; raw/deterministic transform,False,False,False
morgan_1575,M1,reviewed CAS-to-PubChem canonical SMILES mapping,structure,"RDKit Morgan radius=2, 2048-bit fingerprint",none; raw/deterministic transform,False,False,False
morgan_1576,M1,reviewed CAS-to-PubChem canonical SMILES mapping,structure,"RDKit Morgan radius=2, 2048-bit fingerprint",none; raw/deterministic transform,False,False,False
morgan_1577,M1,reviewed CAS-to-PubChem canonical SMILES mapping,structure,"RDKit Morgan radius=2, 2048-bit fingerprint",none; raw/deterministic transform,False,False,False
morgan_1578,M1,reviewed CAS-to-PubChem canonical SMILES mapping,structure,"RDKit Morgan radius=2, 2048-bit fingerprint",none; raw/deterministic transform,False,False,False
morgan_1579,M1,reviewed CAS-to-PubChem canonical SMILES mapping,structure,"RDKit Morgan radius=2, 2048-bit fingerprint",none; raw/deterministic transform,False,False,False
morgan_1580,M1,reviewed CAS-to-PubChem canonical SMILES mapping,structure,"RDKit Morgan radius=2, 2048-bit fingerprint",none; raw/deterministic transform,False,False,False
morgan_1581,M1,reviewed CAS-to-PubChem canonical SMILES mapping,structure,"RDKit Morgan radius=2, 2048-bit fingerprint",none; raw/deterministic transform,False,False,False
morgan_1582,M1,reviewed CAS-to-PubChem canonical SMILES mapping,structure,"RDKit Morgan radius=2, 2048-bit fingerprint",none; raw/deterministic transform,False,False,False
morgan_1583,M1,reviewed CAS-to-PubChem canonical SMILES mapping,structure,"RDKit Morgan radius=2, 2048-bit fingerprint",none; raw/deterministic transform,False,False,False
morgan_1584,M1,reviewed CAS-to-PubChem canonical SMILES mapping,structure,"RDKit Morgan radius=2, 2048-bit fingerprint",none; raw/deterministic transform,False,False,False
morgan_1585,M1,reviewed CAS-to-PubChem canonical SMILES mapping,structure,"RDKit Morgan radius=2, 2048-bit fingerprint",none; raw/deterministic transform,False,False,False
morgan_1586,M1,reviewed CAS-to-PubChem canonical SMILES mapping,structure,"RDKit Morgan radius=2, 2048-bit fingerprint",none; raw/deterministic transform,False,False,False
morgan_1587,M1,reviewed CAS-to-PubChem canonical SMILES mapping,structure,"RDKit Morgan radius=2, 2048-bit fingerprint",none; raw/deterministic transform,False,False,False
morgan_1588,M1,reviewed CAS-to-PubChem canonical SMILES mapping,structure,"RDKit Morgan radius=2, 2048-bit fingerprint",none; raw/deterministic transform,False,False,False
morgan_1589,M1,reviewed CAS-to-PubChem canonical SMILES mapping,structure,"RDKit Morgan radius=2, 2048-bit fingerprint",none; raw/deterministic transform,False,False,False
morgan_1590,M1,reviewed CAS-to-PubChem canonical SMILES mapping,structure,"RDKit Morgan radius=2, 2048-bit fingerprint",none; raw/deterministic transform,False,False,False
morgan_1591,M1,reviewed CAS-to-PubChem canonical SMILES mapping,structure,"RDKit Morgan radius=2, 2048-bit fingerprint",none; raw/deterministic transform,False,False,False
morgan_1592,M1,reviewed CAS-to-PubChem canonical SMILES mapping,structure,"RDKit Morgan radius=2, 2048-bit fingerprint",none; raw/deterministic transform,False,False,False
morgan_1593,M1,reviewed CAS-to-PubChem canonical SMILES mapping,structure,"RDKit Morgan radius=2, 2048-bit fingerprint",none; raw/deterministic transform,False,False,False
morgan_1594,M1,reviewed CAS-to-PubChem canonical SMILES mapping,structure,"RDKit Morgan radius=2, 2048-bit fingerprint",none; raw/deterministic transform,False,False,False
morgan_1595,M1,reviewed CAS-to-PubChem canonical SMILES mapping,structure,"RDKit Morgan radius=2, 2048-bit fingerprint",none; raw/deterministic transform,False,False,False
morgan_1596,M1,reviewed CAS-to-PubChem canonical SMILES mapping,structure,"RDKit Morgan radius=2, 2048-bit fingerprint",none; raw/deterministic transform,False,False,False
morgan_1597,M1,reviewed CAS-to-PubChem canonical SMILES mapping,structure,"RDKit Morgan radius=2, 2048-bit fingerprint",none; raw/deterministic transform,False,False,False
morgan_1598,M1,reviewed CAS-to-PubChem canonical SMILES mapping,structure,"RDKit Morgan radius=2, 2048-bit fingerprint",none; raw/deterministic transform,False,False,False
morgan_1599,M1,reviewed CAS-to-PubChem canonical SMILES mapping,structure,"RDKit Morgan radius=2, 2048-bit fingerprint",none; raw/deterministic transform,False,False,False
morgan_1600,M1,reviewed CAS-to-PubChem canonical SMILES mapping,structure,"RDKit Morgan radius=2, 2048-bit fingerprint",none; raw/deterministic transform,False,False,False
morgan_1601,M1,reviewed CAS-to-PubChem canonical SMILES mapping,structure,"RDKit Morgan radius=2, 2048-bit fingerprint",none; raw/deterministic transform,False,False,False
morgan_1602,M1,reviewed CAS-to-PubChem canonical SMILES mapping,structure,"RDKit Morgan radius=2, 2048-bit fingerprint",none; raw/deterministic transform,False,False,False
morgan_1603,M1,reviewed CAS-to-PubChem canonical SMILES mapping,structure,"RDKit Morgan radius=2, 2048-bit fingerprint",none; raw/deterministic transform,False,False,False
morgan_1604,M1,reviewed CAS-to-PubChem canonical SMILES mapping,structure,"RDKit Morgan radius=2, 2048-bit fingerprint",none; raw/deterministic transform,False,False,False
morgan_1605,M1,reviewed CAS-to-PubChem canonical SMILES mapping,structure,"RDKit Morgan radius=2, 2048-bit fingerprint",none; raw/deterministic transform,False,False,False
morgan_1606,M1,reviewed CAS-to-PubChem canonical SMILES mapping,structure,"RDKit Morgan radius=2, 2048-bit fingerprint",none; raw/deterministic transform,False,False,False
morgan_1607,M1,reviewed CAS-to-PubChem canonical SMILES mapping,structure,"RDKit Morgan radius=2, 2048-bit fingerprint",none; raw/deterministic transform,False,False,False
morgan_1608,M1,reviewed CAS-to-PubChem canonical SMILES mapping,structure,"RDKit Morgan radius=2, 2048-bit fingerprint",none; raw/deterministic transform,False,False,False
morgan_1609,M1,reviewed CAS-to-PubChem canonical SMILES mapping,structure,"RDKit Morgan radius=2, 2048-bit fingerprint",none; raw/deterministic transform,False,False,False
morgan_1610,M1,reviewed CAS-to-PubChem canonical SMILES mapping,structure,"RDKit Morgan radius=2, 2048-bit fingerprint",none; raw/deterministic transform,False,False,False
morgan_1611,M1,reviewed CAS-to-PubChem canonical SMILES mapping,structure,"RDKit Morgan radius=2, 2048-bit fingerprint",none; raw/deterministic transform,False,False,False
morgan_1612,M1,reviewed CAS-to-PubChem canonical SMILES mapping,structure,"RDKit Morgan radius=2, 2048-bit fingerprint",none; raw/deterministic transform,False,False,False
morgan_1613,M1,reviewed CAS-to-PubChem canonical SMILES mapping,structure,"RDKit Morgan radius=2, 2048-bit fingerprint",none; raw/deterministic transform,False,False,False
morgan_1614,M1,reviewed CAS-to-PubChem canonical SMILES mapping,structure,"RDKit Morgan radius=2, 2048-bit fingerprint",none; raw/deterministic transform,False,False,False
morgan_1615,M1,reviewed CAS-to-PubChem canonical SMILES mapping,structure,"RDKit Morgan radius=2, 2048-bit fingerprint",none; raw/deterministic transform,False,False,False
morgan_1616,M1,reviewed CAS-to-PubChem canonical SMILES mapping,structure,"RDKit Morgan radius=2, 2048-bit fingerprint",none; raw/deterministic transform,False,False,False
morgan_1617,M1,reviewed CAS-to-PubChem canonical SMILES mapping,structure,"RDKit Morgan radius=2, 2048-bit fingerprint",none; raw/deterministic transform,False,False,False
morgan_1618,M1,reviewed CAS-to-PubChem canonical SMILES mapping,structure,"RDKit Morgan radius=2, 2048-bit fingerprint",none; raw/deterministic transform,False,False,False
morgan_1619,M1,reviewed CAS-to-PubChem canonical SMILES mapping,structure,"RDKit Morgan radius=2, 2048-bit fingerprint",none; raw/deterministic transform,False,False,False
morgan_1620,M1,reviewed CAS-to-PubChem canonical SMILES mapping,structure,"RDKit Morgan radius=2, 2048-bit fingerprint",none; raw/deterministic transform,False,False,False
morgan_1621,M1,reviewed CAS-to-PubChem canonical SMILES mapping,structure,"RDKit Morgan radius=2, 2048-bit fingerprint",none; raw/deterministic transform,False,False,False
morgan_1622,M1,reviewed CAS-to-PubChem canonical SMILES mapping,structure,"RDKit Morgan radius=2, 2048-bit fingerprint",none; raw/deterministic transform,False,False,False
morgan_1623,M1,reviewed CAS-to-PubChem canonical SMILES mapping,structure,"RDKit Morgan radius=2, 2048-bit fingerprint",none; raw/deterministic transform,False,False,False
morgan_1624,M1,reviewed CAS-to-PubChem canonical SMILES mapping,structure,"RDKit Morgan radius=2, 2048-bit fingerprint",none; raw/deterministic transform,False,False,False
morgan_1625,M1,reviewed CAS-to-PubChem canonical SMILES mapping,structure,"RDKit Morgan radius=2, 2048-bit fingerprint",none; raw/deterministic transform,False,False,False
morgan_1626,M1,reviewed CAS-to-PubChem canonical SMILES mapping,structure,"RDKit Morgan radius=2, 2048-bit fingerprint",none; raw/deterministic transform,False,False,False
morgan_1627,M1,reviewed CAS-to-PubChem canonical SMILES mapping,structure,"RDKit Morgan radius=2, 2048-bit fingerprint",none; raw/deterministic transform,False,False,False
morgan_1628,M1,reviewed CAS-to-PubChem canonical SMILES mapping,structure,"RDKit Morgan radius=2, 2048-bit fingerprint",none; raw/deterministic transform,False,False,False
morgan_1629,M1,reviewed CAS-to-PubChem canonical SMILES mapping,structure,"RDKit Morgan radius=2, 2048-bit fingerprint",none; raw/deterministic transform,False,False,False
morgan_1630,M1,reviewed CAS-to-PubChem canonical SMILES mapping,structure,"RDKit Morgan radius=2, 2048-bit fingerprint",none; raw/deterministic transform,False,False,False
morgan_1631,M1,reviewed CAS-to-PubChem canonical SMILES mapping,structure,"RDKit Morgan radius=2, 2048-bit fingerprint",none; raw/deterministic transform,False,False,False
morgan_1632,M1,reviewed CAS-to-PubChem canonical SMILES mapping,structure,"RDKit Morgan radius=2, 2048-bit fingerprint",none; raw/deterministic transform,False,False,False
morgan_1633,M1,reviewed CAS-to-PubChem canonical SMILES mapping,structure,"RDKit Morgan radius=2, 2048-bit fingerprint",none; raw/deterministic transform,False,False,False
morgan_1634,M1,reviewed CAS-to-PubChem canonical SMILES mapping,structure,"RDKit Morgan radius=2, 2048-bit fingerprint",none; raw/deterministic transform,False,False,False
morgan_1635,M1,reviewed CAS-to-PubChem canonical SMILES mapping,structure,"RDKit Morgan radius=2, 2048-bit fingerprint",none; raw/deterministic transform,False,False,False
morgan_1636,M1,reviewed CAS-to-PubChem canonical SMILES mapping,structure,"RDKit Morgan radius=2, 2048-bit fingerprint",none; raw/deterministic transform,False,False,False
morgan_1637,M1,reviewed CAS-to-PubChem canonical SMILES mapping,structure,"RDKit Morgan radius=2, 2048-bit fingerprint",none; raw/deterministic transform,False,False,False
morgan_1638,M1,reviewed CAS-to-PubChem canonical SMILES mapping,structure,"RDKit Morgan radius=2, 2048-bit fingerprint",none; raw/deterministic transform,False,False,False
morgan_1639,M1,reviewed CAS-to-PubChem canonical SMILES mapping,structure,"RDKit Morgan radius=2, 2048-bit fingerprint",none; raw/deterministic transform,False,False,False
morgan_1640,M1,reviewed CAS-to-PubChem canonical SMILES mapping,structure,"RDKit Morgan radius=2, 2048-bit fingerprint",none; raw/deterministic transform,False,False,False
morgan_1641,M1,reviewed CAS-to-PubChem canonical SMILES mapping,structure,"RDKit Morgan radius=2, 2048-bit fingerprint",none; raw/deterministic transform,False,False,False
morgan_1642,M1,reviewed CAS-to-PubChem canonical SMILES mapping,structure,"RDKit Morgan radius=2, 2048-bit fingerprint",none; raw/deterministic transform,False,False,False
morgan_1643,M1,reviewed CAS-to-PubChem canonical SMILES mapping,structure,"RDKit Morgan radius=2, 2048-bit fingerprint",none; raw/deterministic transform,False,False,False
morgan_1644,M1,reviewed CAS-to-PubChem canonical SMILES mapping,structure,"RDKit Morgan radius=2, 2048-bit fingerprint",none; raw/deterministic transform,False,False,False
morgan_1645,M1,reviewed CAS-to-PubChem canonical SMILES mapping,structure,"RDKit Morgan radius=2, 2048-bit fingerprint",none; raw/deterministic transform,False,False,False
morgan_1646,M1,reviewed CAS-to-PubChem canonical SMILES mapping,structure,"RDKit Morgan radius=2, 2048-bit fingerprint",none; raw/deterministic transform,False,False,False
morgan_1647,M1,reviewed CAS-to-PubChem canonical SMILES mapping,structure,"RDKit Morgan radius=2, 2048-bit fingerprint",none; raw/deterministic transform,False,False,False
morgan_1648,M1,reviewed CAS-to-PubChem canonical SMILES mapping,structure,"RDKit Morgan radius=2, 2048-bit fingerprint",none; raw/deterministic transform,False,False,False
morgan_1649,M1,reviewed CAS-to-PubChem canonical SMILES mapping,structure,"RDKit Morgan radius=2, 2048-bit fingerprint",none; raw/deterministic transform,False,False,False
morgan_1650,M1,reviewed CAS-to-PubChem canonical SMILES mapping,structure,"RDKit Morgan radius=2, 2048-bit fingerprint",none; raw/deterministic transform,False,False,False
morgan_1651,M1,reviewed CAS-to-PubChem canonical SMILES mapping,structure,"RDKit Morgan radius=2, 2048-bit fingerprint",none; raw/deterministic transform,False,False,False
morgan_1652,M1,reviewed CAS-to-PubChem canonical SMILES mapping,structure,"RDKit Morgan radius=2, 2048-bit fingerprint",none; raw/deterministic transform,False,False,False
morgan_1653,M1,reviewed CAS-to-PubChem canonical SMILES mapping,structure,"RDKit Morgan radius=2, 2048-bit fingerprint",none; raw/deterministic transform,False,False,False
morgan_1654,M1,reviewed CAS-to-PubChem canonical SMILES mapping,structure,"RDKit Morgan radius=2, 2048-bit fingerprint",none; raw/deterministic transform,False,False,False
morgan_1655,M1,reviewed CAS-to-PubChem canonical SMILES mapping,structure,"RDKit Morgan radius=2, 2048-bit fingerprint",none; raw/deterministic transform,False,False,False
morgan_1656,M1,reviewed CAS-to-PubChem canonical SMILES mapping,structure,"RDKit Morgan radius=2, 2048-bit fingerprint",none; raw/deterministic transform,False,False,False
morgan_1657,M1,reviewed CAS-to-PubChem canonical SMILES mapping,structure,"RDKit Morgan radius=2, 2048-bit fingerprint",none; raw/deterministic transform,False,False,False
morgan_1658,M1,reviewed CAS-to-PubChem canonical SMILES mapping,structure,"RDKit Morgan radius=2, 2048-bit fingerprint",none; raw/deterministic transform,False,False,False
morgan_1659,M1,reviewed CAS-to-PubChem canonical SMILES mapping,structure,"RDKit Morgan radius=2, 2048-bit fingerprint",none; raw/deterministic transform,False,False,False
morgan_1660,M1,reviewed CAS-to-PubChem canonical SMILES mapping,structure,"RDKit Morgan radius=2, 2048-bit fingerprint",none; raw/deterministic transform,False,False,False
morgan_1661,M1,reviewed CAS-to-PubChem canonical SMILES mapping,structure,"RDKit Morgan radius=2, 2048-bit fingerprint",none; raw/deterministic transform,False,False,False
morgan_1662,M1,reviewed CAS-to-PubChem canonical SMILES mapping,structure,"RDKit Morgan radius=2, 2048-bit fingerprint",none; raw/deterministic transform,False,False,False
morgan_1663,M1,reviewed CAS-to-PubChem canonical SMILES mapping,structure,"RDKit Morgan radius=2, 2048-bit fingerprint",none; raw/deterministic transform,False,False,False
morgan_1664,M1,reviewed CAS-to-PubChem canonical SMILES mapping,structure,"RDKit Morgan radius=2, 2048-bit fingerprint",none; raw/deterministic transform,False,False,False
morgan_1665,M1,reviewed CAS-to-PubChem canonical SMILES mapping,structure,"RDKit Morgan radius=2, 2048-bit fingerprint",none; raw/deterministic transform,False,False,False
morgan_1666,M1,reviewed CAS-to-PubChem canonical SMILES mapping,structure,"RDKit Morgan radius=2, 2048-bit fingerprint",none; raw/deterministic transform,False,False,False
morgan_1667,M1,reviewed CAS-to-PubChem canonical SMILES mapping,structure,"RDKit Morgan radius=2, 2048-bit fingerprint",none; raw/deterministic transform,False,False,False
morgan_1668,M1,reviewed CAS-to-PubChem canonical SMILES mapping,structure,"RDKit Morgan radius=2, 2048-bit fingerprint",none; raw/deterministic transform,False,False,False
morgan_1669,M1,reviewed CAS-to-PubChem canonical SMILES mapping,structure,"RDKit Morgan radius=2, 2048-bit fingerprint",none; raw/deterministic transform,False,False,False
morgan_1670,M1,reviewed CAS-to-PubChem canonical SMILES mapping,structure,"RDKit Morgan radius=2, 2048-bit fingerprint",none; raw/deterministic transform,False,False,False
morgan_1671,M1,reviewed CAS-to-PubChem canonical SMILES mapping,structure,"RDKit Morgan radius=2, 2048-bit fingerprint",none; raw/deterministic transform,False,False,False
morgan_1672,M1,reviewed CAS-to-PubChem canonical SMILES mapping,structure,"RDKit Morgan radius=2, 2048-bit fingerprint",none; raw/deterministic transform,False,False,False
morgan_1673,M1,reviewed CAS-to-PubChem canonical SMILES mapping,structure,"RDKit Morgan radius=2, 2048-bit fingerprint",none; raw/deterministic transform,False,False,False
morgan_1674,M1,reviewed CAS-to-PubChem canonical SMILES mapping,structure,"RDKit Morgan radius=2, 2048-bit fingerprint",none; raw/deterministic transform,False,False,False
morgan_1675,M1,reviewed CAS-to-PubChem canonical SMILES mapping,structure,"RDKit Morgan radius=2, 2048-bit fingerprint",none; raw/deterministic transform,False,False,False
morgan_1676,M1,reviewed CAS-to-PubChem canonical SMILES mapping,structure,"RDKit Morgan radius=2, 2048-bit fingerprint",none; raw/deterministic transform,False,False,False
morgan_1677,M1,reviewed CAS-to-PubChem canonical SMILES mapping,structure,"RDKit Morgan radius=2, 2048-bit fingerprint",none; raw/deterministic transform,False,False,False
morgan_1678,M1,reviewed CAS-to-PubChem canonical SMILES mapping,structure,"RDKit Morgan radius=2, 2048-bit fingerprint",none; raw/deterministic transform,False,False,False
morgan_1679,M1,reviewed CAS-to-PubChem canonical SMILES mapping,structure,"RDKit Morgan radius=2, 2048-bit fingerprint",none; raw/deterministic transform,False,False,False
morgan_1680,M1,reviewed CAS-to-PubChem canonical SMILES mapping,structure,"RDKit Morgan radius=2, 2048-bit fingerprint",none; raw/deterministic transform,False,False,False
morgan_1681,M1,reviewed CAS-to-PubChem canonical SMILES mapping,structure,"RDKit Morgan radius=2, 2048-bit fingerprint",none; raw/deterministic transform,False,False,False
morgan_1682,M1,reviewed CAS-to-PubChem canonical SMILES mapping,structure,"RDKit Morgan radius=2, 2048-bit fingerprint",none; raw/deterministic transform,False,False,False
morgan_1683,M1,reviewed CAS-to-PubChem canonical SMILES mapping,structure,"RDKit Morgan radius=2, 2048-bit fingerprint",none; raw/deterministic transform,False,False,False
morgan_1684,M1,reviewed CAS-to-PubChem canonical SMILES mapping,structure,"RDKit Morgan radius=2, 2048-bit fingerprint",none; raw/deterministic transform,False,False,False
morgan_1685,M1,reviewed CAS-to-PubChem canonical SMILES mapping,structure,"RDKit Morgan radius=2, 2048-bit fingerprint",none; raw/deterministic transform,False,False,False
morgan_1686,M1,reviewed CAS-to-PubChem canonical SMILES mapping,structure,"RDKit Morgan radius=2, 2048-bit fingerprint",none; raw/deterministic transform,False,False,False
morgan_1687,M1,reviewed CAS-to-PubChem canonical SMILES mapping,structure,"RDKit Morgan radius=2, 2048-bit fingerprint",none; raw/deterministic transform,False,False,False
morgan_1688,M1,reviewed CAS-to-PubChem canonical SMILES mapping,structure,"RDKit Morgan radius=2, 2048-bit fingerprint",none; raw/deterministic transform,False,False,False
morgan_1689,M1,reviewed CAS-to-PubChem canonical SMILES mapping,structure,"RDKit Morgan radius=2, 2048-bit fingerprint",none; raw/deterministic transform,False,False,False
morgan_1690,M1,reviewed CAS-to-PubChem canonical SMILES mapping,structure,"RDKit Morgan radius=2, 2048-bit fingerprint",none; raw/deterministic transform,False,False,False
morgan_1691,M1,reviewed CAS-to-PubChem canonical SMILES mapping,structure,"RDKit Morgan radius=2, 2048-bit fingerprint",none; raw/deterministic transform,False,False,False
morgan_1692,M1,reviewed CAS-to-PubChem canonical SMILES mapping,structure,"RDKit Morgan radius=2, 2048-bit fingerprint",none; raw/deterministic transform,False,False,False
morgan_1693,M1,reviewed CAS-to-PubChem canonical SMILES mapping,structure,"RDKit Morgan radius=2, 2048-bit fingerprint",none; raw/deterministic transform,False,False,False
morgan_1694,M1,reviewed CAS-to-PubChem canonical SMILES mapping,structure,"RDKit Morgan radius=2, 2048-bit fingerprint",none; raw/deterministic transform,False,False,False
morgan_1695,M1,reviewed CAS-to-PubChem canonical SMILES mapping,structure,"RDKit Morgan radius=2, 2048-bit fingerprint",none; raw/deterministic transform,False,False,False
morgan_1696,M1,reviewed CAS-to-PubChem canonical SMILES mapping,structure,"RDKit Morgan radius=2, 2048-bit fingerprint",none; raw/deterministic transform,False,False,False
morgan_1697,M1,reviewed CAS-to-PubChem canonical SMILES mapping,structure,"RDKit Morgan radius=2, 2048-bit fingerprint",none; raw/deterministic transform,False,False,False
morgan_1698,M1,reviewed CAS-to-PubChem canonical SMILES mapping,structure,"RDKit Morgan radius=2, 2048-bit fingerprint",none; raw/deterministic transform,False,False,False
morgan_1699,M1,reviewed CAS-to-PubChem canonical SMILES mapping,structure,"RDKit Morgan radius=2, 2048-bit fingerprint",none; raw/deterministic transform,False,False,False
morgan_1700,M1,reviewed CAS-to-PubChem canonical SMILES mapping,structure,"RDKit Morgan radius=2, 2048-bit fingerprint",none; raw/deterministic transform,False,False,False
morgan_1701,M1,reviewed CAS-to-PubChem canonical SMILES mapping,structure,"RDKit Morgan radius=2, 2048-bit fingerprint",none; raw/deterministic transform,False,False,False
morgan_1702,M1,reviewed CAS-to-PubChem canonical SMILES mapping,structure,"RDKit Morgan radius=2, 2048-bit fingerprint",none; raw/deterministic transform,False,False,False
morgan_1703,M1,reviewed CAS-to-PubChem canonical SMILES mapping,structure,"RDKit Morgan radius=2, 2048-bit fingerprint",none; raw/deterministic transform,False,False,False
morgan_1704,M1,reviewed CAS-to-PubChem canonical SMILES mapping,structure,"RDKit Morgan radius=2, 2048-bit fingerprint",none; raw/deterministic transform,False,False,False
morgan_1705,M1,reviewed CAS-to-PubChem canonical SMILES mapping,structure,"RDKit Morgan radius=2, 2048-bit fingerprint",none; raw/deterministic transform,False,False,False
morgan_1706,M1,reviewed CAS-to-PubChem canonical SMILES mapping,structure,"RDKit Morgan radius=2, 2048-bit fingerprint",none; raw/deterministic transform,False,False,False
morgan_1707,M1,reviewed CAS-to-PubChem canonical SMILES mapping,structure,"RDKit Morgan radius=2, 2048-bit fingerprint",none; raw/deterministic transform,False,False,False
morgan_1708,M1,reviewed CAS-to-PubChem canonical SMILES mapping,structure,"RDKit Morgan radius=2, 2048-bit fingerprint",none; raw/deterministic transform,False,False,False
morgan_1709,M1,reviewed CAS-to-PubChem canonical SMILES mapping,structure,"RDKit Morgan radius=2, 2048-bit fingerprint",none; raw/deterministic transform,False,False,False
morgan_1710,M1,reviewed CAS-to-PubChem canonical SMILES mapping,structure,"RDKit Morgan radius=2, 2048-bit fingerprint",none; raw/deterministic transform,False,False,False
morgan_1711,M1,reviewed CAS-to-PubChem canonical SMILES mapping,structure,"RDKit Morgan radius=2, 2048-bit fingerprint",none; raw/deterministic transform,False,False,False
morgan_1712,M1,reviewed CAS-to-PubChem canonical SMILES mapping,structure,"RDKit Morgan radius=2, 2048-bit fingerprint",none; raw/deterministic transform,False,False,False
morgan_1713,M1,reviewed CAS-to-PubChem canonical SMILES mapping,structure,"RDKit Morgan radius=2, 2048-bit fingerprint",none; raw/deterministic transform,False,False,False
morgan_1714,M1,reviewed CAS-to-PubChem canonical SMILES mapping,structure,"RDKit Morgan radius=2, 2048-bit fingerprint",none; raw/deterministic transform,False,False,False
morgan_1715,M1,reviewed CAS-to-PubChem canonical SMILES mapping,structure,"RDKit Morgan radius=2, 2048-bit fingerprint",none; raw/deterministic transform,False,False,False
morgan_1716,M1,reviewed CAS-to-PubChem canonical SMILES mapping,structure,"RDKit Morgan radius=2, 2048-bit fingerprint",none; raw/deterministic transform,False,False,False
morgan_1717,M1,reviewed CAS-to-PubChem canonical SMILES mapping,structure,"RDKit Morgan radius=2, 2048-bit fingerprint",none; raw/deterministic transform,False,False,False
morgan_1718,M1,reviewed CAS-to-PubChem canonical SMILES mapping,structure,"RDKit Morgan radius=2, 2048-bit fingerprint",none; raw/deterministic transform,False,False,False
morgan_1719,M1,reviewed CAS-to-PubChem canonical SMILES mapping,structure,"RDKit Morgan radius=2, 2048-bit fingerprint",none; raw/deterministic transform,False,False,False
morgan_1720,M1,reviewed CAS-to-PubChem canonical SMILES mapping,structure,"RDKit Morgan radius=2, 2048-bit fingerprint",none; raw/deterministic transform,False,False,False
morgan_1721,M1,reviewed CAS-to-PubChem canonical SMILES mapping,structure,"RDKit Morgan radius=2, 2048-bit fingerprint",none; raw/deterministic transform,False,False,False
morgan_1722,M1,reviewed CAS-to-PubChem canonical SMILES mapping,structure,"RDKit Morgan radius=2, 2048-bit fingerprint",none; raw/deterministic transform,False,False,False
morgan_1723,M1,reviewed CAS-to-PubChem canonical SMILES mapping,structure,"RDKit Morgan radius=2, 2048-bit fingerprint",none; raw/deterministic transform,False,False,False
morgan_1724,M1,reviewed CAS-to-PubChem canonical SMILES mapping,structure,"RDKit Morgan radius=2, 2048-bit fingerprint",none; raw/deterministic transform,False,False,False
morgan_1725,M1,reviewed CAS-to-PubChem canonical SMILES mapping,structure,"RDKit Morgan radius=2, 2048-bit fingerprint",none; raw/deterministic transform,False,False,False
morgan_1726,M1,reviewed CAS-to-PubChem canonical SMILES mapping,structure,"RDKit Morgan radius=2, 2048-bit fingerprint",none; raw/deterministic transform,False,False,False
morgan_1727,M1,reviewed CAS-to-PubChem canonical SMILES mapping,structure,"RDKit Morgan radius=2, 2048-bit fingerprint",none; raw/deterministic transform,False,False,False
morgan_1728,M1,reviewed CAS-to-PubChem canonical SMILES mapping,structure,"RDKit Morgan radius=2, 2048-bit fingerprint",none; raw/deterministic transform,False,False,False
morgan_1729,M1,reviewed CAS-to-PubChem canonical SMILES mapping,structure,"RDKit Morgan radius=2, 2048-bit fingerprint",none; raw/deterministic transform,False,False,False
morgan_1730,M1,reviewed CAS-to-PubChem canonical SMILES mapping,structure,"RDKit Morgan radius=2, 2048-bit fingerprint",none; raw/deterministic transform,False,False,False
morgan_1731,M1,reviewed CAS-to-PubChem canonical SMILES mapping,structure,"RDKit Morgan radius=2, 2048-bit fingerprint",none; raw/deterministic transform,False,False,False
morgan_1732,M1,reviewed CAS-to-PubChem canonical SMILES mapping,structure,"RDKit Morgan radius=2, 2048-bit fingerprint",none; raw/deterministic transform,False,False,False
morgan_1733,M1,reviewed CAS-to-PubChem canonical SMILES mapping,structure,"RDKit Morgan radius=2, 2048-bit fingerprint",none; raw/deterministic transform,False,False,False
morgan_1734,M1,reviewed CAS-to-PubChem canonical SMILES mapping,structure,"RDKit Morgan radius=2, 2048-bit fingerprint",none; raw/deterministic transform,False,False,False
morgan_1735,M1,reviewed CAS-to-PubChem canonical SMILES mapping,structure,"RDKit Morgan radius=2, 2048-bit fingerprint",none; raw/deterministic transform,False,False,False
morgan_1736,M1,reviewed CAS-to-PubChem canonical SMILES mapping,structure,"RDKit Morgan radius=2, 2048-bit fingerprint",none; raw/deterministic transform,False,False,False
morgan_1737,M1,reviewed CAS-to-PubChem canonical SMILES mapping,structure,"RDKit Morgan radius=2, 2048-bit fingerprint",none; raw/deterministic transform,False,False,False
morgan_1738,M1,reviewed CAS-to-PubChem canonical SMILES mapping,structure,"RDKit Morgan radius=2, 2048-bit fingerprint",none; raw/deterministic transform,False,False,False
morgan_1739,M1,reviewed CAS-to-PubChem canonical SMILES mapping,structure,"RDKit Morgan radius=2, 2048-bit fingerprint",none; raw/deterministic transform,False,False,False
morgan_1740,M1,reviewed CAS-to-PubChem canonical SMILES mapping,structure,"RDKit Morgan radius=2, 2048-bit fingerprint",none; raw/deterministic transform,False,False,False
morgan_1741,M1,reviewed CAS-to-PubChem canonical SMILES mapping,structure,"RDKit Morgan radius=2, 2048-bit fingerprint",none; raw/deterministic transform,False,False,False
morgan_1742,M1,reviewed CAS-to-PubChem canonical SMILES mapping,structure,"RDKit Morgan radius=2, 2048-bit fingerprint",none; raw/deterministic transform,False,False,False
morgan_1743,M1,reviewed CAS-to-PubChem canonical SMILES mapping,structure,"RDKit Morgan radius=2, 2048-bit fingerprint",none; raw/deterministic transform,False,False,False
morgan_1744,M1,reviewed CAS-to-PubChem canonical SMILES mapping,structure,"RDKit Morgan radius=2, 2048-bit fingerprint",none; raw/deterministic transform,False,False,False
morgan_1745,M1,reviewed CAS-to-PubChem canonical SMILES mapping,structure,"RDKit Morgan radius=2, 2048-bit fingerprint",none; raw/deterministic transform,False,False,False
morgan_1746,M1,reviewed CAS-to-PubChem canonical SMILES mapping,structure,"RDKit Morgan radius=2, 2048-bit fingerprint",none; raw/deterministic transform,False,False,False
morgan_1747,M1,reviewed CAS-to-PubChem canonical SMILES mapping,structure,"RDKit Morgan radius=2, 2048-bit fingerprint",none; raw/deterministic transform,False,False,False
morgan_1748,M1,reviewed CAS-to-PubChem canonical SMILES mapping,structure,"RDKit Morgan radius=2, 2048-bit fingerprint",none; raw/deterministic transform,False,False,False
morgan_1749,M1,reviewed CAS-to-PubChem canonical SMILES mapping,structure,"RDKit Morgan radius=2, 2048-bit fingerprint",none; raw/deterministic transform,False,False,False
morgan_1750,M1,reviewed CAS-to-PubChem canonical SMILES mapping,structure,"RDKit Morgan radius=2, 2048-bit fingerprint",none; raw/deterministic transform,False,False,False
morgan_1751,M1,reviewed CAS-to-PubChem canonical SMILES mapping,structure,"RDKit Morgan radius=2, 2048-bit fingerprint",none; raw/deterministic transform,False,False,False
morgan_1752,M1,reviewed CAS-to-PubChem canonical SMILES mapping,structure,"RDKit Morgan radius=2, 2048-bit fingerprint",none; raw/deterministic transform,False,False,False
morgan_1753,M1,reviewed CAS-to-PubChem canonical SMILES mapping,structure,"RDKit Morgan radius=2, 2048-bit fingerprint",none; raw/deterministic transform,False,False,False
morgan_1754,M1,reviewed CAS-to-PubChem canonical SMILES mapping,structure,"RDKit Morgan radius=2, 2048-bit fingerprint",none; raw/deterministic transform,False,False,False
morgan_1755,M1,reviewed CAS-to-PubChem canonical SMILES mapping,structure,"RDKit Morgan radius=2, 2048-bit fingerprint",none; raw/deterministic transform,False,False,False
morgan_1756,M1,reviewed CAS-to-PubChem canonical SMILES mapping,structure,"RDKit Morgan radius=2, 2048-bit fingerprint",none; raw/deterministic transform,False,False,False
morgan_1757,M1,reviewed CAS-to-PubChem canonical SMILES mapping,structure,"RDKit Morgan radius=2, 2048-bit fingerprint",none; raw/deterministic transform,False,False,False
morgan_1758,M1,reviewed CAS-to-PubChem canonical SMILES mapping,structure,"RDKit Morgan radius=2, 2048-bit fingerprint",none; raw/deterministic transform,False,False,False
morgan_1759,M1,reviewed CAS-to-PubChem canonical SMILES mapping,structure,"RDKit Morgan radius=2, 2048-bit fingerprint",none; raw/deterministic transform,False,False,False
morgan_1760,M1,reviewed CAS-to-PubChem canonical SMILES mapping,structure,"RDKit Morgan radius=2, 2048-bit fingerprint",none; raw/deterministic transform,False,False,False
morgan_1761,M1,reviewed CAS-to-PubChem canonical SMILES mapping,structure,"RDKit Morgan radius=2, 2048-bit fingerprint",none; raw/deterministic transform,False,False,False
morgan_1762,M1,reviewed CAS-to-PubChem canonical SMILES mapping,structure,"RDKit Morgan radius=2, 2048-bit fingerprint",none; raw/deterministic transform,False,False,False
morgan_1763,M1,reviewed CAS-to-PubChem canonical SMILES mapping,structure,"RDKit Morgan radius=2, 2048-bit fingerprint",none; raw/deterministic transform,False,False,False
morgan_1764,M1,reviewed CAS-to-PubChem canonical SMILES mapping,structure,"RDKit Morgan radius=2, 2048-bit fingerprint",none; raw/deterministic transform,False,False,False
morgan_1765,M1,reviewed CAS-to-PubChem canonical SMILES mapping,structure,"RDKit Morgan radius=2, 2048-bit fingerprint",none; raw/deterministic transform,False,False,False
morgan_1766,M1,reviewed CAS-to-PubChem canonical SMILES mapping,structure,"RDKit Morgan radius=2, 2048-bit fingerprint",none; raw/deterministic transform,False,False,False
morgan_1767,M1,reviewed CAS-to-PubChem canonical SMILES mapping,structure,"RDKit Morgan radius=2, 2048-bit fingerprint",none; raw/deterministic transform,False,False,False
morgan_1768,M1,reviewed CAS-to-PubChem canonical SMILES mapping,structure,"RDKit Morgan radius=2, 2048-bit fingerprint",none; raw/deterministic transform,False,False,False
morgan_1769,M1,reviewed CAS-to-PubChem canonical SMILES mapping,structure,"RDKit Morgan radius=2, 2048-bit fingerprint",none; raw/deterministic transform,False,False,False
morgan_1770,M1,reviewed CAS-to-PubChem canonical SMILES mapping,structure,"RDKit Morgan radius=2, 2048-bit fingerprint",none; raw/deterministic transform,False,False,False
morgan_1771,M1,reviewed CAS-to-PubChem canonical SMILES mapping,structure,"RDKit Morgan radius=2, 2048-bit fingerprint",none; raw/deterministic transform,False,False,False
morgan_1772,M1,reviewed CAS-to-PubChem canonical SMILES mapping,structure,"RDKit Morgan radius=2, 2048-bit fingerprint",none; raw/deterministic transform,False,False,False
morgan_1773,M1,reviewed CAS-to-PubChem canonical SMILES mapping,structure,"RDKit Morgan radius=2, 2048-bit fingerprint",none; raw/deterministic transform,False,False,False
morgan_1774,M1,reviewed CAS-to-PubChem canonical SMILES mapping,structure,"RDKit Morgan radius=2, 2048-bit fingerprint",none; raw/deterministic transform,False,False,False
morgan_1775,M1,reviewed CAS-to-PubChem canonical SMILES mapping,structure,"RDKit Morgan radius=2, 2048-bit fingerprint",none; raw/deterministic transform,False,False,False
morgan_1776,M1,reviewed CAS-to-PubChem canonical SMILES mapping,structure,"RDKit Morgan radius=2, 2048-bit fingerprint",none; raw/deterministic transform,False,False,False
morgan_1777,M1,reviewed CAS-to-PubChem canonical SMILES mapping,structure,"RDKit Morgan radius=2, 2048-bit fingerprint",none; raw/deterministic transform,False,False,False
morgan_1778,M1,reviewed CAS-to-PubChem canonical SMILES mapping,structure,"RDKit Morgan radius=2, 2048-bit fingerprint",none; raw/deterministic transform,False,False,False
morgan_1779,M1,reviewed CAS-to-PubChem canonical SMILES mapping,structure,"RDKit Morgan radius=2, 2048-bit fingerprint",none; raw/deterministic transform,False,False,False
morgan_1780,M1,reviewed CAS-to-PubChem canonical SMILES mapping,structure,"RDKit Morgan radius=2, 2048-bit fingerprint",none; raw/deterministic transform,False,False,False
morgan_1781,M1,reviewed CAS-to-PubChem canonical SMILES mapping,structure,"RDKit Morgan radius=2, 2048-bit fingerprint",none; raw/deterministic transform,False,False,False
morgan_1782,M1,reviewed CAS-to-PubChem canonical SMILES mapping,structure,"RDKit Morgan radius=2, 2048-bit fingerprint",none; raw/deterministic transform,False,False,False
morgan_1783,M1,reviewed CAS-to-PubChem canonical SMILES mapping,structure,"RDKit Morgan radius=2, 2048-bit fingerprint",none; raw/deterministic transform,False,False,False
morgan_1784,M1,reviewed CAS-to-PubChem canonical SMILES mapping,structure,"RDKit Morgan radius=2, 2048-bit fingerprint",none; raw/deterministic transform,False,False,False
morgan_1785,M1,reviewed CAS-to-PubChem canonical SMILES mapping,structure,"RDKit Morgan radius=2, 2048-bit fingerprint",none; raw/deterministic transform,False,False,False
morgan_1786,M1,reviewed CAS-to-PubChem canonical SMILES mapping,structure,"RDKit Morgan radius=2, 2048-bit fingerprint",none; raw/deterministic transform,False,False,False
morgan_1787,M1,reviewed CAS-to-PubChem canonical SMILES mapping,structure,"RDKit Morgan radius=2, 2048-bit fingerprint",none; raw/deterministic transform,False,False,False
morgan_1788,M1,reviewed CAS-to-PubChem canonical SMILES mapping,structure,"RDKit Morgan radius=2, 2048-bit fingerprint",none; raw/deterministic transform,False,False,False
morgan_1789,M1,reviewed CAS-to-PubChem canonical SMILES mapping,structure,"RDKit Morgan radius=2, 2048-bit fingerprint",none; raw/deterministic transform,False,False,False
morgan_1790,M1,reviewed CAS-to-PubChem canonical SMILES mapping,structure,"RDKit Morgan radius=2, 2048-bit fingerprint",none; raw/deterministic transform,False,False,False
morgan_1791,M1,reviewed CAS-to-PubChem canonical SMILES mapping,structure,"RDKit Morgan radius=2, 2048-bit fingerprint",none; raw/deterministic transform,False,False,False
morgan_1792,M1,reviewed CAS-to-PubChem canonical SMILES mapping,structure,"RDKit Morgan radius=2, 2048-bit fingerprint",none; raw/deterministic transform,False,False,False
morgan_1793,M1,reviewed CAS-to-PubChem canonical SMILES mapping,structure,"RDKit Morgan radius=2, 2048-bit fingerprint",none; raw/deterministic transform,False,False,False
morgan_1794,M1,reviewed CAS-to-PubChem canonical SMILES mapping,structure,"RDKit Morgan radius=2, 2048-bit fingerprint",none; raw/deterministic transform,False,False,False
morgan_1795,M1,reviewed CAS-to-PubChem canonical SMILES mapping,structure,"RDKit Morgan radius=2, 2048-bit fingerprint",none; raw/deterministic transform,False,False,False
morgan_1796,M1,reviewed CAS-to-PubChem canonical SMILES mapping,structure,"RDKit Morgan radius=2, 2048-bit fingerprint",none; raw/deterministic transform,False,False,False
morgan_1797,M1,reviewed CAS-to-PubChem canonical SMILES mapping,structure,"RDKit Morgan radius=2, 2048-bit fingerprint",none; raw/deterministic transform,False,False,False
morgan_1798,M1,reviewed CAS-to-PubChem canonical SMILES mapping,structure,"RDKit Morgan radius=2, 2048-bit fingerprint",none; raw/deterministic transform,False,False,False
morgan_1799,M1,reviewed CAS-to-PubChem canonical SMILES mapping,structure,"RDKit Morgan radius=2, 2048-bit fingerprint",none; raw/deterministic transform,False,False,False
morgan_1800,M1,reviewed CAS-to-PubChem canonical SMILES mapping,structure,"RDKit Morgan radius=2, 2048-bit fingerprint",none; raw/deterministic transform,False,False,False
morgan_1801,M1,reviewed CAS-to-PubChem canonical SMILES mapping,structure,"RDKit Morgan radius=2, 2048-bit fingerprint",none; raw/deterministic transform,False,False,False
morgan_1802,M1,reviewed CAS-to-PubChem canonical SMILES mapping,structure,"RDKit Morgan radius=2, 2048-bit fingerprint",none; raw/deterministic transform,False,False,False
morgan_1803,M1,reviewed CAS-to-PubChem canonical SMILES mapping,structure,"RDKit Morgan radius=2, 2048-bit fingerprint",none; raw/deterministic transform,False,False,False
morgan_1804,M1,reviewed CAS-to-PubChem canonical SMILES mapping,structure,"RDKit Morgan radius=2, 2048-bit fingerprint",none; raw/deterministic transform,False,False,False
morgan_1805,M1,reviewed CAS-to-PubChem canonical SMILES mapping,structure,"RDKit Morgan radius=2, 2048-bit fingerprint",none; raw/deterministic transform,False,False,False
morgan_1806,M1,reviewed CAS-to-PubChem canonical SMILES mapping,structure,"RDKit Morgan radius=2, 2048-bit fingerprint",none; raw/deterministic transform,False,False,False
morgan_1807,M1,reviewed CAS-to-PubChem canonical SMILES mapping,structure,"RDKit Morgan radius=2, 2048-bit fingerprint",none; raw/deterministic transform,False,False,False
morgan_1808,M1,reviewed CAS-to-PubChem canonical SMILES mapping,structure,"RDKit Morgan radius=2, 2048-bit fingerprint",none; raw/deterministic transform,False,False,False
morgan_1809,M1,reviewed CAS-to-PubChem canonical SMILES mapping,structure,"RDKit Morgan radius=2, 2048-bit fingerprint",none; raw/deterministic transform,False,False,False
morgan_1810,M1,reviewed CAS-to-PubChem canonical SMILES mapping,structure,"RDKit Morgan radius=2, 2048-bit fingerprint",none; raw/deterministic transform,False,False,False
morgan_1811,M1,reviewed CAS-to-PubChem canonical SMILES mapping,structure,"RDKit Morgan radius=2, 2048-bit fingerprint",none; raw/deterministic transform,False,False,False
morgan_1812,M1,reviewed CAS-to-PubChem canonical SMILES mapping,structure,"RDKit Morgan radius=2, 2048-bit fingerprint",none; raw/deterministic transform,False,False,False
morgan_1813,M1,reviewed CAS-to-PubChem canonical SMILES mapping,structure,"RDKit Morgan radius=2, 2048-bit fingerprint",none; raw/deterministic transform,False,False,False
morgan_1814,M1,reviewed CAS-to-PubChem canonical SMILES mapping,structure,"RDKit Morgan radius=2, 2048-bit fingerprint",none; raw/deterministic transform,False,False,False
morgan_1815,M1,reviewed CAS-to-PubChem canonical SMILES mapping,structure,"RDKit Morgan radius=2, 2048-bit fingerprint",none; raw/deterministic transform,False,False,False
morgan_1816,M1,reviewed CAS-to-PubChem canonical SMILES mapping,structure,"RDKit Morgan radius=2, 2048-bit fingerprint",none; raw/deterministic transform,False,False,False
morgan_1817,M1,reviewed CAS-to-PubChem canonical SMILES mapping,structure,"RDKit Morgan radius=2, 2048-bit fingerprint",none; raw/deterministic transform,False,False,False
morgan_1818,M1,reviewed CAS-to-PubChem canonical SMILES mapping,structure,"RDKit Morgan radius=2, 2048-bit fingerprint",none; raw/deterministic transform,False,False,False
morgan_1819,M1,reviewed CAS-to-PubChem canonical SMILES mapping,structure,"RDKit Morgan radius=2, 2048-bit fingerprint",none; raw/deterministic transform,False,False,False
morgan_1820,M1,reviewed CAS-to-PubChem canonical SMILES mapping,structure,"RDKit Morgan radius=2, 2048-bit fingerprint",none; raw/deterministic transform,False,False,False
morgan_1821,M1,reviewed CAS-to-PubChem canonical SMILES mapping,structure,"RDKit Morgan radius=2, 2048-bit fingerprint",none; raw/deterministic transform,False,False,False
morgan_1822,M1,reviewed CAS-to-PubChem canonical SMILES mapping,structure,"RDKit Morgan radius=2, 2048-bit fingerprint",none; raw/deterministic transform,False,False,False
morgan_1823,M1,reviewed CAS-to-PubChem canonical SMILES mapping,structure,"RDKit Morgan radius=2, 2048-bit fingerprint",none; raw/deterministic transform,False,False,False
morgan_1824,M1,reviewed CAS-to-PubChem canonical SMILES mapping,structure,"RDKit Morgan radius=2, 2048-bit fingerprint",none; raw/deterministic transform,False,False,False
morgan_1825,M1,reviewed CAS-to-PubChem canonical SMILES mapping,structure,"RDKit Morgan radius=2, 2048-bit fingerprint",none; raw/deterministic transform,False,False,False
morgan_1826,M1,reviewed CAS-to-PubChem canonical SMILES mapping,structure,"RDKit Morgan radius=2, 2048-bit fingerprint",none; raw/deterministic transform,False,False,False
morgan_1827,M1,reviewed CAS-to-PubChem canonical SMILES mapping,structure,"RDKit Morgan radius=2, 2048-bit fingerprint",none; raw/deterministic transform,False,False,False
morgan_1828,M1,reviewed CAS-to-PubChem canonical SMILES mapping,structure,"RDKit Morgan radius=2, 2048-bit fingerprint",none; raw/deterministic transform,False,False,False
morgan_1829,M1,reviewed CAS-to-PubChem canonical SMILES mapping,structure,"RDKit Morgan radius=2, 2048-bit fingerprint",none; raw/deterministic transform,False,False,False
morgan_1830,M1,reviewed CAS-to-PubChem canonical SMILES mapping,structure,"RDKit Morgan radius=2, 2048-bit fingerprint",none; raw/deterministic transform,False,False,False
morgan_1831,M1,reviewed CAS-to-PubChem canonical SMILES mapping,structure,"RDKit Morgan radius=2, 2048-bit fingerprint",none; raw/deterministic transform,False,False,False
morgan_1832,M1,reviewed CAS-to-PubChem canonical SMILES mapping,structure,"RDKit Morgan radius=2, 2048-bit fingerprint",none; raw/deterministic transform,False,False,False
morgan_1833,M1,reviewed CAS-to-PubChem canonical SMILES mapping,structure,"RDKit Morgan radius=2, 2048-bit fingerprint",none; raw/deterministic transform,False,False,False
morgan_1834,M1,reviewed CAS-to-PubChem canonical SMILES mapping,structure,"RDKit Morgan radius=2, 2048-bit fingerprint",none; raw/deterministic transform,False,False,False
morgan_1835,M1,reviewed CAS-to-PubChem canonical SMILES mapping,structure,"RDKit Morgan radius=2, 2048-bit fingerprint",none; raw/deterministic transform,False,False,False
morgan_1836,M1,reviewed CAS-to-PubChem canonical SMILES mapping,structure,"RDKit Morgan radius=2, 2048-bit fingerprint",none; raw/deterministic transform,False,False,False
morgan_1837,M1,reviewed CAS-to-PubChem canonical SMILES mapping,structure,"RDKit Morgan radius=2, 2048-bit fingerprint",none; raw/deterministic transform,False,False,False
morgan_1838,M1,reviewed CAS-to-PubChem canonical SMILES mapping,structure,"RDKit Morgan radius=2, 2048-bit fingerprint",none; raw/deterministic transform,False,False,False
morgan_1839,M1,reviewed CAS-to-PubChem canonical SMILES mapping,structure,"RDKit Morgan radius=2, 2048-bit fingerprint",none; raw/deterministic transform,False,False,False
morgan_1840,M1,reviewed CAS-to-PubChem canonical SMILES mapping,structure,"RDKit Morgan radius=2, 2048-bit fingerprint",none; raw/deterministic transform,False,False,False
morgan_1841,M1,reviewed CAS-to-PubChem canonical SMILES mapping,structure,"RDKit Morgan radius=2, 2048-bit fingerprint",none; raw/deterministic transform,False,False,False
morgan_1842,M1,reviewed CAS-to-PubChem canonical SMILES mapping,structure,"RDKit Morgan radius=2, 2048-bit fingerprint",none; raw/deterministic transform,False,False,False
morgan_1843,M1,reviewed CAS-to-PubChem canonical SMILES mapping,structure,"RDKit Morgan radius=2, 2048-bit fingerprint",none; raw/deterministic transform,False,False,False
morgan_1844,M1,reviewed CAS-to-PubChem canonical SMILES mapping,structure,"RDKit Morgan radius=2, 2048-bit fingerprint",none; raw/deterministic transform,False,False,False
morgan_1845,M1,reviewed CAS-to-PubChem canonical SMILES mapping,structure,"RDKit Morgan radius=2, 2048-bit fingerprint",none; raw/deterministic transform,False,False,False
morgan_1846,M1,reviewed CAS-to-PubChem canonical SMILES mapping,structure,"RDKit Morgan radius=2, 2048-bit fingerprint",none; raw/deterministic transform,False,False,False
morgan_1847,M1,reviewed CAS-to-PubChem canonical SMILES mapping,structure,"RDKit Morgan radius=2, 2048-bit fingerprint",none; raw/deterministic transform,False,False,False
morgan_1848,M1,reviewed CAS-to-PubChem canonical SMILES mapping,structure,"RDKit Morgan radius=2, 2048-bit fingerprint",none; raw/deterministic transform,False,False,False
morgan_1849,M1,reviewed CAS-to-PubChem canonical SMILES mapping,structure,"RDKit Morgan radius=2, 2048-bit fingerprint",none; raw/deterministic transform,False,False,False
morgan_1850,M1,reviewed CAS-to-PubChem canonical SMILES mapping,structure,"RDKit Morgan radius=2, 2048-bit fingerprint",none; raw/deterministic transform,False,False,False
morgan_1851,M1,reviewed CAS-to-PubChem canonical SMILES mapping,structure,"RDKit Morgan radius=2, 2048-bit fingerprint",none; raw/deterministic transform,False,False,False
morgan_1852,M1,reviewed CAS-to-PubChem canonical SMILES mapping,structure,"RDKit Morgan radius=2, 2048-bit fingerprint",none; raw/deterministic transform,False,False,False
morgan_1853,M1,reviewed CAS-to-PubChem canonical SMILES mapping,structure,"RDKit Morgan radius=2, 2048-bit fingerprint",none; raw/deterministic transform,False,False,False
morgan_1854,M1,reviewed CAS-to-PubChem canonical SMILES mapping,structure,"RDKit Morgan radius=2, 2048-bit fingerprint",none; raw/deterministic transform,False,False,False
morgan_1855,M1,reviewed CAS-to-PubChem canonical SMILES mapping,structure,"RDKit Morgan radius=2, 2048-bit fingerprint",none; raw/deterministic transform,False,False,False
morgan_1856,M1,reviewed CAS-to-PubChem canonical SMILES mapping,structure,"RDKit Morgan radius=2, 2048-bit fingerprint",none; raw/deterministic transform,False,False,False
morgan_1857,M1,reviewed CAS-to-PubChem canonical SMILES mapping,structure,"RDKit Morgan radius=2, 2048-bit fingerprint",none; raw/deterministic transform,False,False,False
morgan_1858,M1,reviewed CAS-to-PubChem canonical SMILES mapping,structure,"RDKit Morgan radius=2, 2048-bit fingerprint",none; raw/deterministic transform,False,False,False
morgan_1859,M1,reviewed CAS-to-PubChem canonical SMILES mapping,structure,"RDKit Morgan radius=2, 2048-bit fingerprint",none; raw/deterministic transform,False,False,False
morgan_1860,M1,reviewed CAS-to-PubChem canonical SMILES mapping,structure,"RDKit Morgan radius=2, 2048-bit fingerprint",none; raw/deterministic transform,False,False,False
morgan_1861,M1,reviewed CAS-to-PubChem canonical SMILES mapping,structure,"RDKit Morgan radius=2, 2048-bit fingerprint",none; raw/deterministic transform,False,False,False
morgan_1862,M1,reviewed CAS-to-PubChem canonical SMILES mapping,structure,"RDKit Morgan radius=2, 2048-bit fingerprint",none; raw/deterministic transform,False,False,False
morgan_1863,M1,reviewed CAS-to-PubChem canonical SMILES mapping,structure,"RDKit Morgan radius=2, 2048-bit fingerprint",none; raw/deterministic transform,False,False,False
morgan_1864,M1,reviewed CAS-to-PubChem canonical SMILES mapping,structure,"RDKit Morgan radius=2, 2048-bit fingerprint",none; raw/deterministic transform,False,False,False
morgan_1865,M1,reviewed CAS-to-PubChem canonical SMILES mapping,structure,"RDKit Morgan radius=2, 2048-bit fingerprint",none; raw/deterministic transform,False,False,False
morgan_1866,M1,reviewed CAS-to-PubChem canonical SMILES mapping,structure,"RDKit Morgan radius=2, 2048-bit fingerprint",none; raw/deterministic transform,False,False,False
morgan_1867,M1,reviewed CAS-to-PubChem canonical SMILES mapping,structure,"RDKit Morgan radius=2, 2048-bit fingerprint",none; raw/deterministic transform,False,False,False
morgan_1868,M1,reviewed CAS-to-PubChem canonical SMILES mapping,structure,"RDKit Morgan radius=2, 2048-bit fingerprint",none; raw/deterministic transform,False,False,False
morgan_1869,M1,reviewed CAS-to-PubChem canonical SMILES mapping,structure,"RDKit Morgan radius=2, 2048-bit fingerprint",none; raw/deterministic transform,False,False,False
morgan_1870,M1,reviewed CAS-to-PubChem canonical SMILES mapping,structure,"RDKit Morgan radius=2, 2048-bit fingerprint",none; raw/deterministic transform,False,False,False
morgan_1871,M1,reviewed CAS-to-PubChem canonical SMILES mapping,structure,"RDKit Morgan radius=2, 2048-bit fingerprint",none; raw/deterministic transform,False,False,False
morgan_1872,M1,reviewed CAS-to-PubChem canonical SMILES mapping,structure,"RDKit Morgan radius=2, 2048-bit fingerprint",none; raw/deterministic transform,False,False,False
morgan_1873,M1,reviewed CAS-to-PubChem canonical SMILES mapping,structure,"RDKit Morgan radius=2, 2048-bit fingerprint",none; raw/deterministic transform,False,False,False
morgan_1874,M1,reviewed CAS-to-PubChem canonical SMILES mapping,structure,"RDKit Morgan radius=2, 2048-bit fingerprint",none; raw/deterministic transform,False,False,False
morgan_1875,M1,reviewed CAS-to-PubChem canonical SMILES mapping,structure,"RDKit Morgan radius=2, 2048-bit fingerprint",none; raw/deterministic transform,False,False,False
morgan_1876,M1,reviewed CAS-to-PubChem canonical SMILES mapping,structure,"RDKit Morgan radius=2, 2048-bit fingerprint",none; raw/deterministic transform,False,False,False
morgan_1877,M1,reviewed CAS-to-PubChem canonical SMILES mapping,structure,"RDKit Morgan radius=2, 2048-bit fingerprint",none; raw/deterministic transform,False,False,False
morgan_1878,M1,reviewed CAS-to-PubChem canonical SMILES mapping,structure,"RDKit Morgan radius=2, 2048-bit fingerprint",none; raw/deterministic transform,False,False,False
morgan_1879,M1,reviewed CAS-to-PubChem canonical SMILES mapping,structure,"RDKit Morgan radius=2, 2048-bit fingerprint",none; raw/deterministic transform,False,False,False
morgan_1880,M1,reviewed CAS-to-PubChem canonical SMILES mapping,structure,"RDKit Morgan radius=2, 2048-bit fingerprint",none; raw/deterministic transform,False,False,False
morgan_1881,M1,reviewed CAS-to-PubChem canonical SMILES mapping,structure,"RDKit Morgan radius=2, 2048-bit fingerprint",none; raw/deterministic transform,False,False,False
morgan_1882,M1,reviewed CAS-to-PubChem canonical SMILES mapping,structure,"RDKit Morgan radius=2, 2048-bit fingerprint",none; raw/deterministic transform,False,False,False
morgan_1883,M1,reviewed CAS-to-PubChem canonical SMILES mapping,structure,"RDKit Morgan radius=2, 2048-bit fingerprint",none; raw/deterministic transform,False,False,False
morgan_1884,M1,reviewed CAS-to-PubChem canonical SMILES mapping,structure,"RDKit Morgan radius=2, 2048-bit fingerprint",none; raw/deterministic transform,False,False,False
morgan_1885,M1,reviewed CAS-to-PubChem canonical SMILES mapping,structure,"RDKit Morgan radius=2, 2048-bit fingerprint",none; raw/deterministic transform,False,False,False
morgan_1886,M1,reviewed CAS-to-PubChem canonical SMILES mapping,structure,"RDKit Morgan radius=2, 2048-bit fingerprint",none; raw/deterministic transform,False,False,False
morgan_1887,M1,reviewed CAS-to-PubChem canonical SMILES mapping,structure,"RDKit Morgan radius=2, 2048-bit fingerprint",none; raw/deterministic transform,False,False,False
morgan_1888,M1,reviewed CAS-to-PubChem canonical SMILES mapping,structure,"RDKit Morgan radius=2, 2048-bit fingerprint",none; raw/deterministic transform,False,False,False
morgan_1889,M1,reviewed CAS-to-PubChem canonical SMILES mapping,structure,"RDKit Morgan radius=2, 2048-bit fingerprint",none; raw/deterministic transform,False,False,False
morgan_1890,M1,reviewed CAS-to-PubChem canonical SMILES mapping,structure,"RDKit Morgan radius=2, 2048-bit fingerprint",none; raw/deterministic transform,False,False,False
morgan_1891,M1,reviewed CAS-to-PubChem canonical SMILES mapping,structure,"RDKit Morgan radius=2, 2048-bit fingerprint",none; raw/deterministic transform,False,False,False
morgan_1892,M1,reviewed CAS-to-PubChem canonical SMILES mapping,structure,"RDKit Morgan radius=2, 2048-bit fingerprint",none; raw/deterministic transform,False,False,False
morgan_1893,M1,reviewed CAS-to-PubChem canonical SMILES mapping,structure,"RDKit Morgan radius=2, 2048-bit fingerprint",none; raw/deterministic transform,False,False,False
morgan_1894,M1,reviewed CAS-to-PubChem canonical SMILES mapping,structure,"RDKit Morgan radius=2, 2048-bit fingerprint",none; raw/deterministic transform,False,False,False
morgan_1895,M1,reviewed CAS-to-PubChem canonical SMILES mapping,structure,"RDKit Morgan radius=2, 2048-bit fingerprint",none; raw/deterministic transform,False,False,False
morgan_1896,M1,reviewed CAS-to-PubChem canonical SMILES mapping,structure,"RDKit Morgan radius=2, 2048-bit fingerprint",none; raw/deterministic transform,False,False,False
morgan_1897,M1,reviewed CAS-to-PubChem canonical SMILES mapping,structure,"RDKit Morgan radius=2, 2048-bit fingerprint",none; raw/deterministic transform,False,False,False
morgan_1898,M1,reviewed CAS-to-PubChem canonical SMILES mapping,structure,"RDKit Morgan radius=2, 2048-bit fingerprint",none; raw/deterministic transform,False,False,False
morgan_1899,M1,reviewed CAS-to-PubChem canonical SMILES mapping,structure,"RDKit Morgan radius=2, 2048-bit fingerprint",none; raw/deterministic transform,False,False,False
morgan_1900,M1,reviewed CAS-to-PubChem canonical SMILES mapping,structure,"RDKit Morgan radius=2, 2048-bit fingerprint",none; raw/deterministic transform,False,False,False
morgan_1901,M1,reviewed CAS-to-PubChem canonical SMILES mapping,structure,"RDKit Morgan radius=2, 2048-bit fingerprint",none; raw/deterministic transform,False,False,False
morgan_1902,M1,reviewed CAS-to-PubChem canonical SMILES mapping,structure,"RDKit Morgan radius=2, 2048-bit fingerprint",none; raw/deterministic transform,False,False,False
morgan_1903,M1,reviewed CAS-to-PubChem canonical SMILES mapping,structure,"RDKit Morgan radius=2, 2048-bit fingerprint",none; raw/deterministic transform,False,False,False
morgan_1904,M1,reviewed CAS-to-PubChem canonical SMILES mapping,structure,"RDKit Morgan radius=2, 2048-bit fingerprint",none; raw/deterministic transform,False,False,False
morgan_1905,M1,reviewed CAS-to-PubChem canonical SMILES mapping,structure,"RDKit Morgan radius=2, 2048-bit fingerprint",none; raw/deterministic transform,False,False,False
morgan_1906,M1,reviewed CAS-to-PubChem canonical SMILES mapping,structure,"RDKit Morgan radius=2, 2048-bit fingerprint",none; raw/deterministic transform,False,False,False
morgan_1907,M1,reviewed CAS-to-PubChem canonical SMILES mapping,structure,"RDKit Morgan radius=2, 2048-bit fingerprint",none; raw/deterministic transform,False,False,False
morgan_1908,M1,reviewed CAS-to-PubChem canonical SMILES mapping,structure,"RDKit Morgan radius=2, 2048-bit fingerprint",none; raw/deterministic transform,False,False,False
morgan_1909,M1,reviewed CAS-to-PubChem canonical SMILES mapping,structure,"RDKit Morgan radius=2, 2048-bit fingerprint",none; raw/deterministic transform,False,False,False
morgan_1910,M1,reviewed CAS-to-PubChem canonical SMILES mapping,structure,"RDKit Morgan radius=2, 2048-bit fingerprint",none; raw/deterministic transform,False,False,False
morgan_1911,M1,reviewed CAS-to-PubChem canonical SMILES mapping,structure,"RDKit Morgan radius=2, 2048-bit fingerprint",none; raw/deterministic transform,False,False,False
morgan_1912,M1,reviewed CAS-to-PubChem canonical SMILES mapping,structure,"RDKit Morgan radius=2, 2048-bit fingerprint",none; raw/deterministic transform,False,False,False
morgan_1913,M1,reviewed CAS-to-PubChem canonical SMILES mapping,structure,"RDKit Morgan radius=2, 2048-bit fingerprint",none; raw/deterministic transform,False,False,False
morgan_1914,M1,reviewed CAS-to-PubChem canonical SMILES mapping,structure,"RDKit Morgan radius=2, 2048-bit fingerprint",none; raw/deterministic transform,False,False,False
morgan_1915,M1,reviewed CAS-to-PubChem canonical SMILES mapping,structure,"RDKit Morgan radius=2, 2048-bit fingerprint",none; raw/deterministic transform,False,False,False
morgan_1916,M1,reviewed CAS-to-PubChem canonical SMILES mapping,structure,"RDKit Morgan radius=2, 2048-bit fingerprint",none; raw/deterministic transform,False,False,False
morgan_1917,M1,reviewed CAS-to-PubChem canonical SMILES mapping,structure,"RDKit Morgan radius=2, 2048-bit fingerprint",none; raw/deterministic transform,False,False,False
morgan_1918,M1,reviewed CAS-to-PubChem canonical SMILES mapping,structure,"RDKit Morgan radius=2, 2048-bit fingerprint",none; raw/deterministic transform,False,False,False
morgan_1919,M1,reviewed CAS-to-PubChem canonical SMILES mapping,structure,"RDKit Morgan radius=2, 2048-bit fingerprint",none; raw/deterministic transform,False,False,False
morgan_1920,M1,reviewed CAS-to-PubChem canonical SMILES mapping,structure,"RDKit Morgan radius=2, 2048-bit fingerprint",none; raw/deterministic transform,False,False,False
morgan_1921,M1,reviewed CAS-to-PubChem canonical SMILES mapping,structure,"RDKit Morgan radius=2, 2048-bit fingerprint",none; raw/deterministic transform,False,False,False
morgan_1922,M1,reviewed CAS-to-PubChem canonical SMILES mapping,structure,"RDKit Morgan radius=2, 2048-bit fingerprint",none; raw/deterministic transform,False,False,False
morgan_1923,M1,reviewed CAS-to-PubChem canonical SMILES mapping,structure,"RDKit Morgan radius=2, 2048-bit fingerprint",none; raw/deterministic transform,False,False,False
morgan_1924,M1,reviewed CAS-to-PubChem canonical SMILES mapping,structure,"RDKit Morgan radius=2, 2048-bit fingerprint",none; raw/deterministic transform,False,False,False
morgan_1925,M1,reviewed CAS-to-PubChem canonical SMILES mapping,structure,"RDKit Morgan radius=2, 2048-bit fingerprint",none; raw/deterministic transform,False,False,False
morgan_1926,M1,reviewed CAS-to-PubChem canonical SMILES mapping,structure,"RDKit Morgan radius=2, 2048-bit fingerprint",none; raw/deterministic transform,False,False,False
morgan_1927,M1,reviewed CAS-to-PubChem canonical SMILES mapping,structure,"RDKit Morgan radius=2, 2048-bit fingerprint",none; raw/deterministic transform,False,False,False
morgan_1928,M1,reviewed CAS-to-PubChem canonical SMILES mapping,structure,"RDKit Morgan radius=2, 2048-bit fingerprint",none; raw/deterministic transform,False,False,False
morgan_1929,M1,reviewed CAS-to-PubChem canonical SMILES mapping,structure,"RDKit Morgan radius=2, 2048-bit fingerprint",none; raw/deterministic transform,False,False,False
morgan_1930,M1,reviewed CAS-to-PubChem canonical SMILES mapping,structure,"RDKit Morgan radius=2, 2048-bit fingerprint",none; raw/deterministic transform,False,False,False
morgan_1931,M1,reviewed CAS-to-PubChem canonical SMILES mapping,structure,"RDKit Morgan radius=2, 2048-bit fingerprint",none; raw/deterministic transform,False,False,False
morgan_1932,M1,reviewed CAS-to-PubChem canonical SMILES mapping,structure,"RDKit Morgan radius=2, 2048-bit fingerprint",none; raw/deterministic transform,False,False,False
morgan_1933,M1,reviewed CAS-to-PubChem canonical SMILES mapping,structure,"RDKit Morgan radius=2, 2048-bit fingerprint",none; raw/deterministic transform,False,False,False
morgan_1934,M1,reviewed CAS-to-PubChem canonical SMILES mapping,structure,"RDKit Morgan radius=2, 2048-bit fingerprint",none; raw/deterministic transform,False,False,False
morgan_1935,M1,reviewed CAS-to-PubChem canonical SMILES mapping,structure,"RDKit Morgan radius=2, 2048-bit fingerprint",none; raw/deterministic transform,False,False,False
morgan_1936,M1,reviewed CAS-to-PubChem canonical SMILES mapping,structure,"RDKit Morgan radius=2, 2048-bit fingerprint",none; raw/deterministic transform,False,False,False
morgan_1937,M1,reviewed CAS-to-PubChem canonical SMILES mapping,structure,"RDKit Morgan radius=2, 2048-bit fingerprint",none; raw/deterministic transform,False,False,False
morgan_1938,M1,reviewed CAS-to-PubChem canonical SMILES mapping,structure,"RDKit Morgan radius=2, 2048-bit fingerprint",none; raw/deterministic transform,False,False,False
morgan_1939,M1,reviewed CAS-to-PubChem canonical SMILES mapping,structure,"RDKit Morgan radius=2, 2048-bit fingerprint",none; raw/deterministic transform,False,False,False
morgan_1940,M1,reviewed CAS-to-PubChem canonical SMILES mapping,structure,"RDKit Morgan radius=2, 2048-bit fingerprint",none; raw/deterministic transform,False,False,False
morgan_1941,M1,reviewed CAS-to-PubChem canonical SMILES mapping,structure,"RDKit Morgan radius=2, 2048-bit fingerprint",none; raw/deterministic transform,False,False,False
morgan_1942,M1,reviewed CAS-to-PubChem canonical SMILES mapping,structure,"RDKit Morgan radius=2, 2048-bit fingerprint",none; raw/deterministic transform,False,False,False
morgan_1943,M1,reviewed CAS-to-PubChem canonical SMILES mapping,structure,"RDKit Morgan radius=2, 2048-bit fingerprint",none; raw/deterministic transform,False,False,False
morgan_1944,M1,reviewed CAS-to-PubChem canonical SMILES mapping,structure,"RDKit Morgan radius=2, 2048-bit fingerprint",none; raw/deterministic transform,False,False,False
morgan_1945,M1,reviewed CAS-to-PubChem canonical SMILES mapping,structure,"RDKit Morgan radius=2, 2048-bit fingerprint",none; raw/deterministic transform,False,False,False
morgan_1946,M1,reviewed CAS-to-PubChem canonical SMILES mapping,structure,"RDKit Morgan radius=2, 2048-bit fingerprint",none; raw/deterministic transform,False,False,False
morgan_1947,M1,reviewed CAS-to-PubChem canonical SMILES mapping,structure,"RDKit Morgan radius=2, 2048-bit fingerprint",none; raw/deterministic transform,False,False,False
morgan_1948,M1,reviewed CAS-to-PubChem canonical SMILES mapping,structure,"RDKit Morgan radius=2, 2048-bit fingerprint",none; raw/deterministic transform,False,False,False
morgan_1949,M1,reviewed CAS-to-PubChem canonical SMILES mapping,structure,"RDKit Morgan radius=2, 2048-bit fingerprint",none; raw/deterministic transform,False,False,False
morgan_1950,M1,reviewed CAS-to-PubChem canonical SMILES mapping,structure,"RDKit Morgan radius=2, 2048-bit fingerprint",none; raw/deterministic transform,False,False,False
morgan_1951,M1,reviewed CAS-to-PubChem canonical SMILES mapping,structure,"RDKit Morgan radius=2, 2048-bit fingerprint",none; raw/deterministic transform,False,False,False
morgan_1952,M1,reviewed CAS-to-PubChem canonical SMILES mapping,structure,"RDKit Morgan radius=2, 2048-bit fingerprint",none; raw/deterministic transform,False,False,False
morgan_1953,M1,reviewed CAS-to-PubChem canonical SMILES mapping,structure,"RDKit Morgan radius=2, 2048-bit fingerprint",none; raw/deterministic transform,False,False,False
morgan_1954,M1,reviewed CAS-to-PubChem canonical SMILES mapping,structure,"RDKit Morgan radius=2, 2048-bit fingerprint",none; raw/deterministic transform,False,False,False
morgan_1955,M1,reviewed CAS-to-PubChem canonical SMILES mapping,structure,"RDKit Morgan radius=2, 2048-bit fingerprint",none; raw/deterministic transform,False,False,False
morgan_1956,M1,reviewed CAS-to-PubChem canonical SMILES mapping,structure,"RDKit Morgan radius=2, 2048-bit fingerprint",none; raw/deterministic transform,False,False,False
morgan_1957,M1,reviewed CAS-to-PubChem canonical SMILES mapping,structure,"RDKit Morgan radius=2, 2048-bit fingerprint",none; raw/deterministic transform,False,False,False
morgan_1958,M1,reviewed CAS-to-PubChem canonical SMILES mapping,structure,"RDKit Morgan radius=2, 2048-bit fingerprint",none; raw/deterministic transform,False,False,False
morgan_1959,M1,reviewed CAS-to-PubChem canonical SMILES mapping,structure,"RDKit Morgan radius=2, 2048-bit fingerprint",none; raw/deterministic transform,False,False,False
morgan_1960,M1,reviewed CAS-to-PubChem canonical SMILES mapping,structure,"RDKit Morgan radius=2, 2048-bit fingerprint",none; raw/deterministic transform,False,False,False
morgan_1961,M1,reviewed CAS-to-PubChem canonical SMILES mapping,structure,"RDKit Morgan radius=2, 2048-bit fingerprint",none; raw/deterministic transform,False,False,False
morgan_1962,M1,reviewed CAS-to-PubChem canonical SMILES mapping,structure,"RDKit Morgan radius=2, 2048-bit fingerprint",none; raw/deterministic transform,False,False,False
morgan_1963,M1,reviewed CAS-to-PubChem canonical SMILES mapping,structure,"RDKit Morgan radius=2, 2048-bit fingerprint",none; raw/deterministic transform,False,False,False
morgan_1964,M1,reviewed CAS-to-PubChem canonical SMILES mapping,structure,"RDKit Morgan radius=2, 2048-bit fingerprint",none; raw/deterministic transform,False,False,False
morgan_1965,M1,reviewed CAS-to-PubChem canonical SMILES mapping,structure,"RDKit Morgan radius=2, 2048-bit fingerprint",none; raw/deterministic transform,False,False,False
morgan_1966,M1,reviewed CAS-to-PubChem canonical SMILES mapping,structure,"RDKit Morgan radius=2, 2048-bit fingerprint",none; raw/deterministic transform,False,False,False
morgan_1967,M1,reviewed CAS-to-PubChem canonical SMILES mapping,structure,"RDKit Morgan radius=2, 2048-bit fingerprint",none; raw/deterministic transform,False,False,False
morgan_1968,M1,reviewed CAS-to-PubChem canonical SMILES mapping,structure,"RDKit Morgan radius=2, 2048-bit fingerprint",none; raw/deterministic transform,False,False,False
morgan_1969,M1,reviewed CAS-to-PubChem canonical SMILES mapping,structure,"RDKit Morgan radius=2, 2048-bit fingerprint",none; raw/deterministic transform,False,False,False
morgan_1970,M1,reviewed CAS-to-PubChem canonical SMILES mapping,structure,"RDKit Morgan radius=2, 2048-bit fingerprint",none; raw/deterministic transform,False,False,False
morgan_1971,M1,reviewed CAS-to-PubChem canonical SMILES mapping,structure,"RDKit Morgan radius=2, 2048-bit fingerprint",none; raw/deterministic transform,False,False,False
morgan_1972,M1,reviewed CAS-to-PubChem canonical SMILES mapping,structure,"RDKit Morgan radius=2, 2048-bit fingerprint",none; raw/deterministic transform,False,False,False
morgan_1973,M1,reviewed CAS-to-PubChem canonical SMILES mapping,structure,"RDKit Morgan radius=2, 2048-bit fingerprint",none; raw/deterministic transform,False,False,False
morgan_1974,M1,reviewed CAS-to-PubChem canonical SMILES mapping,structure,"RDKit Morgan radius=2, 2048-bit fingerprint",none; raw/deterministic transform,False,False,False
morgan_1975,M1,reviewed CAS-to-PubChem canonical SMILES mapping,structure,"RDKit Morgan radius=2, 2048-bit fingerprint",none; raw/deterministic transform,False,False,False
morgan_1976,M1,reviewed CAS-to-PubChem canonical SMILES mapping,structure,"RDKit Morgan radius=2, 2048-bit fingerprint",none; raw/deterministic transform,False,False,False
morgan_1977,M1,reviewed CAS-to-PubChem canonical SMILES mapping,structure,"RDKit Morgan radius=2, 2048-bit fingerprint",none; raw/deterministic transform,False,False,False
morgan_1978,M1,reviewed CAS-to-PubChem canonical SMILES mapping,structure,"RDKit Morgan radius=2, 2048-bit fingerprint",none; raw/deterministic transform,False,False,False
morgan_1979,M1,reviewed CAS-to-PubChem canonical SMILES mapping,structure,"RDKit Morgan radius=2, 2048-bit fingerprint",none; raw/deterministic transform,False,False,False
morgan_1980,M1,reviewed CAS-to-PubChem canonical SMILES mapping,structure,"RDKit Morgan radius=2, 2048-bit fingerprint",none; raw/deterministic transform,False,False,False
morgan_1981,M1,reviewed CAS-to-PubChem canonical SMILES mapping,structure,"RDKit Morgan radius=2, 2048-bit fingerprint",none; raw/deterministic transform,False,False,False
morgan_1982,M1,reviewed CAS-to-PubChem canonical SMILES mapping,structure,"RDKit Morgan radius=2, 2048-bit fingerprint",none; raw/deterministic transform,False,False,False
morgan_1983,M1,reviewed CAS-to-PubChem canonical SMILES mapping,structure,"RDKit Morgan radius=2, 2048-bit fingerprint",none; raw/deterministic transform,False,False,False
morgan_1984,M1,reviewed CAS-to-PubChem canonical SMILES mapping,structure,"RDKit Morgan radius=2, 2048-bit fingerprint",none; raw/deterministic transform,False,False,False
morgan_1985,M1,reviewed CAS-to-PubChem canonical SMILES mapping,structure,"RDKit Morgan radius=2, 2048-bit fingerprint",none; raw/deterministic transform,False,False,False
morgan_1986,M1,reviewed CAS-to-PubChem canonical SMILES mapping,structure,"RDKit Morgan radius=2, 2048-bit fingerprint",none; raw/deterministic transform,False,False,False
morgan_1987,M1,reviewed CAS-to-PubChem canonical SMILES mapping,structure,"RDKit Morgan radius=2, 2048-bit fingerprint",none; raw/deterministic transform,False,False,False
morgan_1988,M1,reviewed CAS-to-PubChem canonical SMILES mapping,structure,"RDKit Morgan radius=2, 2048-bit fingerprint",none; raw/deterministic transform,False,False,False
morgan_1989,M1,reviewed CAS-to-PubChem canonical SMILES mapping,structure,"RDKit Morgan radius=2, 2048-bit fingerprint",none; raw/deterministic transform,False,False,False
morgan_1990,M1,reviewed CAS-to-PubChem canonical SMILES mapping,structure,"RDKit Morgan radius=2, 2048-bit fingerprint",none; raw/deterministic transform,False,False,False
morgan_1991,M1,reviewed CAS-to-PubChem canonical SMILES mapping,structure,"RDKit Morgan radius=2, 2048-bit fingerprint",none; raw/deterministic transform,False,False,False
morgan_1992,M1,reviewed CAS-to-PubChem canonical SMILES mapping,structure,"RDKit Morgan radius=2, 2048-bit fingerprint",none; raw/deterministic transform,False,False,False
morgan_1993,M1,reviewed CAS-to-PubChem canonical SMILES mapping,structure,"RDKit Morgan radius=2, 2048-bit fingerprint",none; raw/deterministic transform,False,False,False
morgan_1994,M1,reviewed CAS-to-PubChem canonical SMILES mapping,structure,"RDKit Morgan radius=2, 2048-bit fingerprint",none; raw/deterministic transform,False,False,False
morgan_1995,M1,reviewed CAS-to-PubChem canonical SMILES mapping,structure,"RDKit Morgan radius=2, 2048-bit fingerprint",none; raw/deterministic transform,False,False,False
morgan_1996,M1,reviewed CAS-to-PubChem canonical SMILES mapping,structure,"RDKit Morgan radius=2, 2048-bit fingerprint",none; raw/deterministic transform,False,False,False
morgan_1997,M1,reviewed CAS-to-PubChem canonical SMILES mapping,structure,"RDKit Morgan radius=2, 2048-bit fingerprint",none; raw/deterministic transform,False,False,False
morgan_1998,M1,reviewed CAS-to-PubChem canonical SMILES mapping,structure,"RDKit Morgan radius=2, 2048-bit fingerprint",none; raw/deterministic transform,False,False,False
morgan_1999,M1,reviewed CAS-to-PubChem canonical SMILES mapping,structure,"RDKit Morgan radius=2, 2048-bit fingerprint",none; raw/deterministic transform,False,False,False
morgan_2000,M1,reviewed CAS-to-PubChem canonical SMILES mapping,structure,"RDKit Morgan radius=2, 2048-bit fingerprint",none; raw/deterministic transform,False,False,False
morgan_2001,M1,reviewed CAS-to-PubChem canonical SMILES mapping,structure,"RDKit Morgan radius=2, 2048-bit fingerprint",none; raw/deterministic transform,False,False,False
morgan_2002,M1,reviewed CAS-to-PubChem canonical SMILES mapping,structure,"RDKit Morgan radius=2, 2048-bit fingerprint",none; raw/deterministic transform,False,False,False
morgan_2003,M1,reviewed CAS-to-PubChem canonical SMILES mapping,structure,"RDKit Morgan radius=2, 2048-bit fingerprint",none; raw/deterministic transform,False,False,False
morgan_2004,M1,reviewed CAS-to-PubChem canonical SMILES mapping,structure,"RDKit Morgan radius=2, 2048-bit fingerprint",none; raw/deterministic transform,False,False,False
morgan_2005,M1,reviewed CAS-to-PubChem canonical SMILES mapping,structure,"RDKit Morgan radius=2, 2048-bit fingerprint",none; raw/deterministic transform,False,False,False
morgan_2006,M1,reviewed CAS-to-PubChem canonical SMILES mapping,structure,"RDKit Morgan radius=2, 2048-bit fingerprint",none; raw/deterministic transform,False,False,False
morgan_2007,M1,reviewed CAS-to-PubChem canonical SMILES mapping,structure,"RDKit Morgan radius=2, 2048-bit fingerprint",none; raw/deterministic transform,False,False,False
morgan_2008,M1,reviewed CAS-to-PubChem canonical SMILES mapping,structure,"RDKit Morgan radius=2, 2048-bit fingerprint",none; raw/deterministic transform,False,False,False
morgan_2009,M1,reviewed CAS-to-PubChem canonical SMILES mapping,structure,"RDKit Morgan radius=2, 2048-bit fingerprint",none; raw/deterministic transform,False,False,False
morgan_2010,M1,reviewed CAS-to-PubChem canonical SMILES mapping,structure,"RDKit Morgan radius=2, 2048-bit fingerprint",none; raw/deterministic transform,False,False,False
morgan_2011,M1,reviewed CAS-to-PubChem canonical SMILES mapping,structure,"RDKit Morgan radius=2, 2048-bit fingerprint",none; raw/deterministic transform,False,False,False
morgan_2012,M1,reviewed CAS-to-PubChem canonical SMILES mapping,structure,"RDKit Morgan radius=2, 2048-bit fingerprint",none; raw/deterministic transform,False,False,False
morgan_2013,M1,reviewed CAS-to-PubChem canonical SMILES mapping,structure,"RDKit Morgan radius=2, 2048-bit fingerprint",none; raw/deterministic transform,False,False,False
morgan_2014,M1,reviewed CAS-to-PubChem canonical SMILES mapping,structure,"RDKit Morgan radius=2, 2048-bit fingerprint",none; raw/deterministic transform,False,False,False
morgan_2015,M1,reviewed CAS-to-PubChem canonical SMILES mapping,structure,"RDKit Morgan radius=2, 2048-bit fingerprint",none; raw/deterministic transform,False,False,False
morgan_2016,M1,reviewed CAS-to-PubChem canonical SMILES mapping,structure,"RDKit Morgan radius=2, 2048-bit fingerprint",none; raw/deterministic transform,False,False,False
morgan_2017,M1,reviewed CAS-to-PubChem canonical SMILES mapping,structure,"RDKit Morgan radius=2, 2048-bit fingerprint",none; raw/deterministic transform,False,False,False
morgan_2018,M1,reviewed CAS-to-PubChem canonical SMILES mapping,structure,"RDKit Morgan radius=2, 2048-bit fingerprint",none; raw/deterministic transform,False,False,False
morgan_2019,M1,reviewed CAS-to-PubChem canonical SMILES mapping,structure,"RDKit Morgan radius=2, 2048-bit fingerprint",none; raw/deterministic transform,False,False,False
morgan_2020,M1,reviewed CAS-to-PubChem canonical SMILES mapping,structure,"RDKit Morgan radius=2, 2048-bit fingerprint",none; raw/deterministic transform,False,False,False
morgan_2021,M1,reviewed CAS-to-PubChem canonical SMILES mapping,structure,"RDKit Morgan radius=2, 2048-bit fingerprint",none; raw/deterministic transform,False,False,False
morgan_2022,M1,reviewed CAS-to-PubChem canonical SMILES mapping,structure,"RDKit Morgan radius=2, 2048-bit fingerprint",none; raw/deterministic transform,False,False,False
morgan_2023,M1,reviewed CAS-to-PubChem canonical SMILES mapping,structure,"RDKit Morgan radius=2, 2048-bit fingerprint",none; raw/deterministic transform,False,False,False
morgan_2024,M1,reviewed CAS-to-PubChem canonical SMILES mapping,structure,"RDKit Morgan radius=2, 2048-bit fingerprint",none; raw/deterministic transform,False,False,False
morgan_2025,M1,reviewed CAS-to-PubChem canonical SMILES mapping,structure,"RDKit Morgan radius=2, 2048-bit fingerprint",none; raw/deterministic transform,False,False,False
morgan_2026,M1,reviewed CAS-to-PubChem canonical SMILES mapping,structure,"RDKit Morgan radius=2, 2048-bit fingerprint",none; raw/deterministic transform,False,False,False
morgan_2027,M1,reviewed CAS-to-PubChem canonical SMILES mapping,structure,"RDKit Morgan radius=2, 2048-bit fingerprint",none; raw/deterministic transform,False,False,False
morgan_2028,M1,reviewed CAS-to-PubChem canonical SMILES mapping,structure,"RDKit Morgan radius=2, 2048-bit fingerprint",none; raw/deterministic transform,False,False,False
morgan_2029,M1,reviewed CAS-to-PubChem canonical SMILES mapping,structure,"RDKit Morgan radius=2, 2048-bit fingerprint",none; raw/deterministic transform,False,False,False
morgan_2030,M1,reviewed CAS-to-PubChem canonical SMILES mapping,structure,"RDKit Morgan radius=2, 2048-bit fingerprint",none; raw/deterministic transform,False,False,False
morgan_2031,M1,reviewed CAS-to-PubChem canonical SMILES mapping,structure,"RDKit Morgan radius=2, 2048-bit fingerprint",none; raw/deterministic transform,False,False,False
morgan_2032,M1,reviewed CAS-to-PubChem canonical SMILES mapping,structure,"RDKit Morgan radius=2, 2048-bit fingerprint",none; raw/deterministic transform,False,False,False
morgan_2033,M1,reviewed CAS-to-PubChem canonical SMILES mapping,structure,"RDKit Morgan radius=2, 2048-bit fingerprint",none; raw/deterministic transform,False,False,False
morgan_2034,M1,reviewed CAS-to-PubChem canonical SMILES mapping,structure,"RDKit Morgan radius=2, 2048-bit fingerprint",none; raw/deterministic transform,False,False,False
morgan_2035,M1,reviewed CAS-to-PubChem canonical SMILES mapping,structure,"RDKit Morgan radius=2, 2048-bit fingerprint",none; raw/deterministic transform,False,False,False
morgan_2036,M1,reviewed CAS-to-PubChem canonical SMILES mapping,structure,"RDKit Morgan radius=2, 2048-bit fingerprint",none; raw/deterministic transform,False,False,False
morgan_2037,M1,reviewed CAS-to-PubChem canonical SMILES mapping,structure,"RDKit Morgan radius=2, 2048-bit fingerprint",none; raw/deterministic transform,False,False,False
morgan_2038,M1,reviewed CAS-to-PubChem canonical SMILES mapping,structure,"RDKit Morgan radius=2, 2048-bit fingerprint",none; raw/deterministic transform,False,False,False
morgan_2039,M1,reviewed CAS-to-PubChem canonical SMILES mapping,structure,"RDKit Morgan radius=2, 2048-bit fingerprint",none; raw/deterministic transform,False,False,False
morgan_2040,M1,reviewed CAS-to-PubChem canonical SMILES mapping,structure,"RDKit Morgan radius=2, 2048-bit fingerprint",none; raw/deterministic transform,False,False,False
morgan_2041,M1,reviewed CAS-to-PubChem canonical SMILES mapping,structure,"RDKit Morgan radius=2, 2048-bit fingerprint",none; raw/deterministic transform,False,False,False
morgan_2042,M1,reviewed CAS-to-PubChem canonical SMILES mapping,structure,"RDKit Morgan radius=2, 2048-bit fingerprint",none; raw/deterministic transform,False,False,False
morgan_2043,M1,reviewed CAS-to-PubChem canonical SMILES mapping,structure,"RDKit Morgan radius=2, 2048-bit fingerprint",none; raw/deterministic transform,False,False,False
morgan_2044,M1,reviewed CAS-to-PubChem canonical SMILES mapping,structure,"RDKit Morgan radius=2, 2048-bit fingerprint",none; raw/deterministic transform,False,False,False
morgan_2045,M1,reviewed CAS-to-PubChem canonical SMILES mapping,structure,"RDKit Morgan radius=2, 2048-bit fingerprint",none; raw/deterministic transform,False,False,False
morgan_2046,M1,reviewed CAS-to-PubChem canonical SMILES mapping,structure,"RDKit Morgan radius=2, 2048-bit fingerprint",none; raw/deterministic transform,False,False,False
morgan_2047,M1,reviewed CAS-to-PubChem canonical SMILES mapping,structure,"RDKit Morgan radius=2, 2048-bit fingerprint",none; raw/deterministic transform,False,False,False
structure_missing,M1,reviewed CAS-to-PubChem canonical SMILES mapping,structure,canonical SMILES unresolved indicator,none; raw/deterministic transform,False,False,False
