outer_fold,endpoint,recipient_chemical,donor_chemical,self_mapped,groups,groups_changed,fraction_groups_changed,target_correlation,mapping_sha256,outer_test_targets_touched
0,meanfiringrate,10043-35-3,36913-39-0,False,109,109,1.0,0.012064444522560667,e004b13c5d7bea25f66a3e2d2255cc65c945555f65fe5eed542dac6078228234,False
0,meanfiringrate,101-02-0,81131-70-6,False,109,109,1.0,0.012064444522560667,e004b13c5d7bea25f66a3e2d2255cc65c945555f65fe5eed542dac6078228234,False
0,meanfiringrate,101-10-0,122-14-5,False,109,109,1.0,0.012064444522560667,e004b13c5d7bea25f66a3e2d2255cc65c945555f65fe5eed542dac6078228234,False
0,meanfiringrate,10453-86-8,22224-92-6,False,109,109,1.0,0.012064444522560667,e004b13c5d7bea25f66a3e2d2255cc65c945555f65fe5eed542dac6078228234,False
0,meanfiringrate,10540-29-1,2001-95-8,False,109,109,1.0,0.012064444522560667,e004b13c5d7bea25f66a3e2d2255cc65c945555f65fe5eed542dac6078228234,False
0,meanfiringrate,105512-06-9,5436-43-1,False,109,109,1.0,0.012064444522560667,e004b13c5d7bea25f66a3e2d2255cc65c945555f65fe5eed542dac6078228234,False
0,meanfiringrate,109-86-4,1912-24-9,False,109,109,1.0,0.012064444522560667,e004b13c5d7bea25f66a3e2d2255cc65c945555f65fe5eed542dac6078228234,False
0,meanfiringrate,1095-90-5,80-09-1,False,109,109,1.0,0.012064444522560667,e004b13c5d7bea25f66a3e2d2255cc65c945555f65fe5eed542dac6078228234,False
0,meanfiringrate,111-94-4,148477-71-8,False,109,109,1.0,0.012064444522560667,e004b13c5d7bea25f66a3e2d2255cc65c945555f65fe5eed542dac6078228234,False
0,meanfiringrate,111988-49-9,1563-66-2,False,109,109,1.0,0.012064444522560667,e004b13c5d7bea25f66a3e2d2255cc65c945555f65fe5eed542dac6078228234,False
0,meanfiringrate,114-07-8,2155-70-6,False,109,109,1.0,0.012064444522560667,e004b13c5d7bea25f66a3e2d2255cc65c945555f65fe5eed542dac6078228234,False
0,meanfiringrate,115-28-6,205-99-2,False,109,109,1.0,0.012064444522560667,e004b13c5d7bea25f66a3e2d2255cc65c945555f65fe5eed542dac6078228234,False
0,meanfiringrate,117428-22-5,207-08-9,False,109,109,1.0,0.012064444522560667,e004b13c5d7bea25f66a3e2d2255cc65c945555f65fe5eed542dac6078228234,False
0,meanfiringrate,120-12-7,633-65-8,False,109,109,1.0,0.012064444522560667,e004b13c5d7bea25f66a3e2d2255cc65c945555f65fe5eed542dac6078228234,False
0,meanfiringrate,12108-13-3,50-32-8,False,109,109,1.0,0.012064444522560667,e004b13c5d7bea25f66a3e2d2255cc65c945555f65fe5eed542dac6078228234,False
0,meanfiringrate,122-14-5,59-30-3,False,109,109,1.0,0.012064444522560667,e004b13c5d7bea25f66a3e2d2255cc65c945555f65fe5eed542dac6078228234,False
0,meanfiringrate,1241-94-7,1461-22-9,False,109,109,1.0,0.012064444522560667,e004b13c5d7bea25f66a3e2d2255cc65c945555f65fe5eed542dac6078228234,False
0,meanfiringrate,129-00-0,109-86-4,False,109,109,1.0,0.012064444522560667,e004b13c5d7bea25f66a3e2d2255cc65c945555f65fe5eed542dac6078228234,False
0,meanfiringrate,131860-33-8,638-38-0,False,109,109,1.0,0.012064444522560667,e004b13c5d7bea25f66a3e2d2255cc65c945555f65fe5eed542dac6078228234,False
0,meanfiringrate,1330-78-5,57-74-9,False,109,109,1.0,0.012064444522560667,e004b13c5d7bea25f66a3e2d2255cc65c945555f65fe5eed542dac6078228234,False
0,meanfiringrate,13674-84-5,129-00-0,False,109,109,1.0,0.012064444522560667,e004b13c5d7bea25f66a3e2d2255cc65c945555f65fe5eed542dac6078228234,False
0,meanfiringrate,142459-58-3,10453-86-8,False,109,109,1.0,0.012064444522560667,e004b13c5d7bea25f66a3e2d2255cc65c945555f65fe5eed542dac6078228234,False
0,meanfiringrate,1461-22-9,60-54-8,False,109,109,1.0,0.012064444522560667,e004b13c5d7bea25f66a3e2d2255cc65c945555f65fe5eed542dac6078228234,False
0,meanfiringrate,147-24-0,72-54-8,False,109,109,1.0,0.012064444522560667,e004b13c5d7bea25f66a3e2d2255cc65c945555f65fe5eed542dac6078228234,False
0,meanfiringrate,1478-61-1,131860-33-8,False,109,109,1.0,0.012064444522560667,e004b13c5d7bea25f66a3e2d2255cc65c945555f65fe5eed542dac6078228234,False
0,meanfiringrate,148477-71-8,114-07-8,False,109,109,1.0,0.012064444522560667,e004b13c5d7bea25f66a3e2d2255cc65c945555f65fe5eed542dac6078228234,False
0,meanfiringrate,151506-44-4,147-24-0,False,109,109,1.0,0.012064444522560667,e004b13c5d7bea25f66a3e2d2255cc65c945555f65fe5eed542dac6078228234,False
0,meanfiringrate,153719-23-4,142459-58-3,False,109,109,1.0,0.012064444522560667,e004b13c5d7bea25f66a3e2d2255cc65c945555f65fe5eed542dac6078228234,False
0,meanfiringrate,1563-66-2,51-03-6,False,109,109,1.0,0.012064444522560667,e004b13c5d7bea25f66a3e2d2255cc65c945555f65fe5eed542dac6078228234,False
0,meanfiringrate,175013-18-0,56-55-3,False,109,109,1.0,0.012064444522560667,e004b13c5d7bea25f66a3e2d2255cc65c945555f65fe5eed542dac6078228234,False
0,meanfiringrate,183658-27-7,220860-50-4,False,109,109,1.0,0.012064444522560667,e004b13c5d7bea25f66a3e2d2255cc65c945555f65fe5eed542dac6078228234,False
0,meanfiringrate,188425-85-6,85-01-8,False,109,109,1.0,0.012064444522560667,e004b13c5d7bea25f66a3e2d2255cc65c945555f65fe5eed542dac6078228234,False
0,meanfiringrate,1912-24-9,151506-44-4,False,109,109,1.0,0.012064444522560667,e004b13c5d7bea25f66a3e2d2255cc65c945555f65fe5eed542dac6078228234,False
0,meanfiringrate,192-97-2,2971-36-0,False,109,109,1.0,0.012064444522560667,e004b13c5d7bea25f66a3e2d2255cc65c945555f65fe5eed542dac6078228234,False
0,meanfiringrate,194098-25-4,50-06-6,False,109,109,1.0,0.012064444522560667,e004b13c5d7bea25f66a3e2d2255cc65c945555f65fe5eed542dac6078228234,False
0,meanfiringrate,1948-33-0,101-10-0,False,109,109,1.0,0.012064444522560667,e004b13c5d7bea25f66a3e2d2255cc65c945555f65fe5eed542dac6078228234,False
0,meanfiringrate,2001-95-8,53-70-3,False,109,109,1.0,0.012064444522560667,e004b13c5d7bea25f66a3e2d2255cc65c945555f65fe5eed542dac6078228234,False
0,meanfiringrate,203-64-5,1478-61-1,False,109,109,1.0,0.012064444522560667,e004b13c5d7bea25f66a3e2d2255cc65c945555f65fe5eed542dac6078228234,False
0,meanfiringrate,205-99-2,7487-94-7,False,109,109,1.0,0.012064444522560667,e004b13c5d7bea25f66a3e2d2255cc65c945555f65fe5eed542dac6078228234,False
0,meanfiringrate,207-08-9,215-58-7,False,109,109,1.0,0.012064444522560667,e004b13c5d7bea25f66a3e2d2255cc65c945555f65fe5eed542dac6078228234,False
0,meanfiringrate,208-96-8,91-20-3,False,109,109,1.0,0.012064444522560667,e004b13c5d7bea25f66a3e2d2255cc65c945555f65fe5eed542dac6078228234,False
0,meanfiringrate,210880-92-5,153719-23-4,False,109,109,1.0,0.012064444522560667,e004b13c5d7bea25f66a3e2d2255cc65c945555f65fe5eed542dac6078228234,False
0,meanfiringrate,215-58-7,3380-34-5,False,109,109,1.0,0.012064444522560667,e004b13c5d7bea25f66a3e2d2255cc65c945555f65fe5eed542dac6078228234,False
0,meanfiringrate,2155-70-6,NOCAS_47330,False,109,109,1.0,0.012064444522560667,e004b13c5d7bea25f66a3e2d2255cc65c945555f65fe5eed542dac6078228234,False
0,meanfiringrate,220860-50-4,50-70-4,False,109,109,1.0,0.012064444522560667,e004b13c5d7bea25f66a3e2d2255cc65c945555f65fe5eed542dac6078228234,False
0,meanfiringrate,2212-67-1,83-32-9,False,109,109,1.0,0.012064444522560667,e004b13c5d7bea25f66a3e2d2255cc65c945555f65fe5eed542dac6078228234,False
0,meanfiringrate,22224-92-6,26040-51-7,False,109,109,1.0,0.012064444522560667,e004b13c5d7bea25f66a3e2d2255cc65c945555f65fe5eed542dac6078228234,False
0,meanfiringrate,26040-51-7,309-00-2,False,109,109,1.0,0.012064444522560667,e004b13c5d7bea25f66a3e2d2255cc65c945555f65fe5eed542dac6078228234,False
0,meanfiringrate,28094-15-7,50-81-7,False,109,109,1.0,0.012064444522560667,e004b13c5d7bea25f66a3e2d2255cc65c945555f65fe5eed542dac6078228234,False
0,meanfiringrate,28434-00-6,55406-53-6,False,109,109,1.0,0.012064444522560667,e004b13c5d7bea25f66a3e2d2255cc65c945555f65fe5eed542dac6078228234,False
0,meanfiringrate,2971-36-0,66230-04-4,False,109,109,1.0,0.012064444522560667,e004b13c5d7bea25f66a3e2d2255cc65c945555f65fe5eed542dac6078228234,False
0,meanfiringrate,309-00-2,86-73-7,False,109,109,1.0,0.012064444522560667,e004b13c5d7bea25f66a3e2d2255cc65c945555f65fe5eed542dac6078228234,False
0,meanfiringrate,3380-34-5,50-28-2,False,109,109,1.0,0.012064444522560667,e004b13c5d7bea25f66a3e2d2255cc65c945555f65fe5eed542dac6078228234,False
0,meanfiringrate,361377-29-9,75330-75-5,False,109,109,1.0,0.012064444522560667,e004b13c5d7bea25f66a3e2d2255cc65c945555f65fe5eed542dac6078228234,False
0,meanfiringrate,36913-39-0,56-81-5,False,109,109,1.0,0.012064444522560667,e004b13c5d7bea25f66a3e2d2255cc65c945555f65fe5eed542dac6078228234,False
0,meanfiringrate,39515-41-8,97-53-0,False,109,109,1.0,0.012064444522560667,e004b13c5d7bea25f66a3e2d2255cc65c945555f65fe5eed542dac6078228234,False
0,meanfiringrate,50-06-6,10540-29-1,False,109,109,1.0,0.012064444522560667,e004b13c5d7bea25f66a3e2d2255cc65c945555f65fe5eed542dac6078228234,False
0,meanfiringrate,50-28-2,55-98-1,False,109,109,1.0,0.012064444522560667,e004b13c5d7bea25f66a3e2d2255cc65c945555f65fe5eed542dac6078228234,False
0,meanfiringrate,50-32-8,68631-49-2,False,109,109,1.0,0.012064444522560667,e004b13c5d7bea25f66a3e2d2255cc65c945555f65fe5eed542dac6078228234,False
0,meanfiringrate,50-55-5,28434-00-6,False,109,109,1.0,0.012064444522560667,e004b13c5d7bea25f66a3e2d2255cc65c945555f65fe5eed542dac6078228234,False
0,meanfiringrate,50-70-4,192-97-2,False,109,109,1.0,0.012064444522560667,e004b13c5d7bea25f66a3e2d2255cc65c945555f65fe5eed542dac6078228234,False
0,meanfiringrate,50-78-2,83-79-4,False,109,109,1.0,0.012064444522560667,e004b13c5d7bea25f66a3e2d2255cc65c945555f65fe5eed542dac6078228234,False
0,meanfiringrate,50-81-7,115-28-6,False,109,109,1.0,0.012064444522560667,e004b13c5d7bea25f66a3e2d2255cc65c945555f65fe5eed542dac6078228234,False
0,meanfiringrate,51-03-6,175013-18-0,False,109,109,1.0,0.012064444522560667,e004b13c5d7bea25f66a3e2d2255cc65c945555f65fe5eed542dac6078228234,False
0,meanfiringrate,51-52-5,60348-60-9,False,109,109,1.0,0.012064444522560667,e004b13c5d7bea25f66a3e2d2255cc65c945555f65fe5eed542dac6078228234,False
0,meanfiringrate,53-70-3,210880-92-5,False,109,109,1.0,0.012064444522560667,e004b13c5d7bea25f66a3e2d2255cc65c945555f65fe5eed542dac6078228234,False
0,meanfiringrate,5436-43-1,72-20-8,False,109,109,1.0,0.012064444522560667,e004b13c5d7bea25f66a3e2d2255cc65c945555f65fe5eed542dac6078228234,False
0,meanfiringrate,55-98-1,860302-33-6,False,109,109,1.0,0.012064444522560667,e004b13c5d7bea25f66a3e2d2255cc65c945555f65fe5eed542dac6078228234,False
0,meanfiringrate,55406-53-6,111988-49-9,False,109,109,1.0,0.012064444522560667,e004b13c5d7bea25f66a3e2d2255cc65c945555f65fe5eed542dac6078228234,False
0,meanfiringrate,56-55-3,208-96-8,False,109,109,1.0,0.012064444522560667,e004b13c5d7bea25f66a3e2d2255cc65c945555f65fe5eed542dac6078228234,False
0,meanfiringrate,56-81-5,101-02-0,False,109,109,1.0,0.012064444522560667,e004b13c5d7bea25f66a3e2d2255cc65c945555f65fe5eed542dac6078228234,False
0,meanfiringrate,56803-37-3,117428-22-5,False,109,109,1.0,0.012064444522560667,e004b13c5d7bea25f66a3e2d2255cc65c945555f65fe5eed542dac6078228234,False
0,meanfiringrate,57-74-9,72-55-9,False,109,109,1.0,0.012064444522560667,e004b13c5d7bea25f66a3e2d2255cc65c945555f65fe5eed542dac6078228234,False
0,meanfiringrate,584-79-2,361377-29-9,False,109,109,1.0,0.012064444522560667,e004b13c5d7bea25f66a3e2d2255cc65c945555f65fe5eed542dac6078228234,False
0,meanfiringrate,59-30-3,10043-35-3,False,109,109,1.0,0.012064444522560667,e004b13c5d7bea25f66a3e2d2255cc65c945555f65fe5eed542dac6078228234,False
0,meanfiringrate,60-54-8,105512-06-9,False,109,109,1.0,0.012064444522560667,e004b13c5d7bea25f66a3e2d2255cc65c945555f65fe5eed542dac6078228234,False
0,meanfiringrate,60-56-0,50-55-5,False,109,109,1.0,0.012064444522560667,e004b13c5d7bea25f66a3e2d2255cc65c945555f65fe5eed542dac6078228234,False
0,meanfiringrate,60348-60-9,51-52-5,False,109,109,1.0,0.012064444522560667,e004b13c5d7bea25f66a3e2d2255cc65c945555f65fe5eed542dac6078228234,False
0,meanfiringrate,633-65-8,8000-34-8,False,109,109,1.0,0.012064444522560667,e004b13c5d7bea25f66a3e2d2255cc65c945555f65fe5eed542dac6078228234,False
0,meanfiringrate,638-38-0,39515-41-8,False,109,109,1.0,0.012064444522560667,e004b13c5d7bea25f66a3e2d2255cc65c945555f65fe5eed542dac6078228234,False
0,meanfiringrate,66230-04-4,1241-94-7,False,109,109,1.0,0.012064444522560667,e004b13c5d7bea25f66a3e2d2255cc65c945555f65fe5eed542dac6078228234,False
0,meanfiringrate,68359-37-5,70-30-4,False,109,109,1.0,0.012064444522560667,e004b13c5d7bea25f66a3e2d2255cc65c945555f65fe5eed542dac6078228234,False
0,meanfiringrate,68631-49-2,2212-67-1,False,109,109,1.0,0.012064444522560667,e004b13c5d7bea25f66a3e2d2255cc65c945555f65fe5eed542dac6078228234,False
0,meanfiringrate,68937-41-7,69-65-8,False,109,109,1.0,0.012064444522560667,e004b13c5d7bea25f66a3e2d2255cc65c945555f65fe5eed542dac6078228234,False
0,meanfiringrate,69-65-8,56803-37-3,False,109,109,1.0,0.012064444522560667,e004b13c5d7bea25f66a3e2d2255cc65c945555f65fe5eed542dac6078228234,False
0,meanfiringrate,70-30-4,183658-27-7,False,109,109,1.0,0.012064444522560667,e004b13c5d7bea25f66a3e2d2255cc65c945555f65fe5eed542dac6078228234,False
0,meanfiringrate,71751-41-2,79538-32-2,False,109,109,1.0,0.012064444522560667,e004b13c5d7bea25f66a3e2d2255cc65c945555f65fe5eed542dac6078228234,False
0,meanfiringrate,72-20-8,8018-01-7,False,109,109,1.0,0.012064444522560667,e004b13c5d7bea25f66a3e2d2255cc65c945555f65fe5eed542dac6078228234,False
0,meanfiringrate,72-43-5,12108-13-3,False,109,109,1.0,0.012064444522560667,e004b13c5d7bea25f66a3e2d2255cc65c945555f65fe5eed542dac6078228234,False
0,meanfiringrate,72-54-8,120-12-7,False,109,109,1.0,0.012064444522560667,e004b13c5d7bea25f66a3e2d2255cc65c945555f65fe5eed542dac6078228234,False
0,meanfiringrate,72-55-9,759-94-4,False,109,109,1.0,0.012064444522560667,e004b13c5d7bea25f66a3e2d2255cc65c945555f65fe5eed542dac6078228234,False
0,meanfiringrate,7487-94-7,111-94-4,False,109,109,1.0,0.012064444522560667,e004b13c5d7bea25f66a3e2d2255cc65c945555f65fe5eed542dac6078228234,False
0,meanfiringrate,75330-75-5,584-79-2,False,109,109,1.0,0.012064444522560667,e004b13c5d7bea25f66a3e2d2255cc65c945555f65fe5eed542dac6078228234,False
0,meanfiringrate,759-94-4,1330-78-5,False,109,109,1.0,0.012064444522560667,e004b13c5d7bea25f66a3e2d2255cc65c945555f65fe5eed542dac6078228234,False
0,meanfiringrate,79538-32-2,203-64-5,False,109,109,1.0,0.012064444522560667,e004b13c5d7bea25f66a3e2d2255cc65c945555f65fe5eed542dac6078228234,False
0,meanfiringrate,80-09-1,72-43-5,False,109,109,1.0,0.012064444522560667,e004b13c5d7bea25f66a3e2d2255cc65c945555f65fe5eed542dac6078228234,False
0,meanfiringrate,8000-34-8,13674-84-5,False,109,109,1.0,0.012064444522560667,e004b13c5d7bea25f66a3e2d2255cc65c945555f65fe5eed542dac6078228234,False
0,meanfiringrate,8018-01-7,71751-41-2,False,109,109,1.0,0.012064444522560667,e004b13c5d7bea25f66a3e2d2255cc65c945555f65fe5eed542dac6078228234,False
0,meanfiringrate,81131-70-6,50-78-2,False,109,109,1.0,0.012064444522560667,e004b13c5d7bea25f66a3e2d2255cc65c945555f65fe5eed542dac6078228234,False
0,meanfiringrate,82657-04-3,28094-15-7,False,109,109,1.0,0.012064444522560667,e004b13c5d7bea25f66a3e2d2255cc65c945555f65fe5eed542dac6078228234,False
0,meanfiringrate,83-32-9,194098-25-4,False,109,109,1.0,0.012064444522560667,e004b13c5d7bea25f66a3e2d2255cc65c945555f65fe5eed542dac6078228234,False
0,meanfiringrate,83-79-4,82657-04-3,False,109,109,1.0,0.012064444522560667,e004b13c5d7bea25f66a3e2d2255cc65c945555f65fe5eed542dac6078228234,False
0,meanfiringrate,85-01-8,1095-90-5,False,109,109,1.0,0.012064444522560667,e004b13c5d7bea25f66a3e2d2255cc65c945555f65fe5eed542dac6078228234,False
0,meanfiringrate,86-73-7,1948-33-0,False,109,109,1.0,0.012064444522560667,e004b13c5d7bea25f66a3e2d2255cc65c945555f65fe5eed542dac6078228234,False
0,meanfiringrate,860302-33-6,68937-41-7,False,109,109,1.0,0.012064444522560667,e004b13c5d7bea25f66a3e2d2255cc65c945555f65fe5eed542dac6078228234,False
0,meanfiringrate,91-20-3,188425-85-6,False,109,109,1.0,0.012064444522560667,e004b13c5d7bea25f66a3e2d2255cc65c945555f65fe5eed542dac6078228234,False
0,meanfiringrate,97-53-0,97-77-8,False,109,109,1.0,0.012064444522560667,e004b13c5d7bea25f66a3e2d2255cc65c945555f65fe5eed542dac6078228234,False
0,meanfiringrate,97-77-8,60-56-0,False,109,109,1.0,0.012064444522560667,e004b13c5d7bea25f66a3e2d2255cc65c945555f65fe5eed542dac6078228234,False
0,meanfiringrate,NOCAS_47330,68359-37-5,False,109,109,1.0,0.012064444522560667,e004b13c5d7bea25f66a3e2d2255cc65c945555f65fe5eed542dac6078228234,False
0,burst.per.min,10043-35-3,220860-50-4,False,109,109,1.0,0.059436919421294525,18dbe49fac2a1aa5623ab50888b82bcbb69c47a3249bc8ce8fdab8fe0a0fa823,False
0,burst.per.min,101-02-0,2212-67-1,False,109,109,1.0,0.059436919421294525,18dbe49fac2a1aa5623ab50888b82bcbb69c47a3249bc8ce8fdab8fe0a0fa823,False
0,burst.per.min,101-10-0,10453-86-8,False,109,109,1.0,0.059436919421294525,18dbe49fac2a1aa5623ab50888b82bcbb69c47a3249bc8ce8fdab8fe0a0fa823,False
0,burst.per.min,10453-86-8,309-00-2,False,109,109,1.0,0.059436919421294525,18dbe49fac2a1aa5623ab50888b82bcbb69c47a3249bc8ce8fdab8fe0a0fa823,False
0,burst.per.min,10540-29-1,13674-84-5,False,109,109,1.0,0.059436919421294525,18dbe49fac2a1aa5623ab50888b82bcbb69c47a3249bc8ce8fdab8fe0a0fa823,False
0,burst.per.min,105512-06-9,208-96-8,False,109,109,1.0,0.059436919421294525,18dbe49fac2a1aa5623ab50888b82bcbb69c47a3249bc8ce8fdab8fe0a0fa823,False
0,burst.per.min,109-86-4,2155-70-6,False,109,109,1.0,0.059436919421294525,18dbe49fac2a1aa5623ab50888b82bcbb69c47a3249bc8ce8fdab8fe0a0fa823,False
0,burst.per.min,1095-90-5,3380-34-5,False,109,109,1.0,0.059436919421294525,18dbe49fac2a1aa5623ab50888b82bcbb69c47a3249bc8ce8fdab8fe0a0fa823,False
0,burst.per.min,111-94-4,66230-04-4,False,109,109,1.0,0.059436919421294525,18dbe49fac2a1aa5623ab50888b82bcbb69c47a3249bc8ce8fdab8fe0a0fa823,False
0,burst.per.min,111988-49-9,71751-41-2,False,109,109,1.0,0.059436919421294525,18dbe49fac2a1aa5623ab50888b82bcbb69c47a3249bc8ce8fdab8fe0a0fa823,False
0,burst.per.min,114-07-8,NOCAS_47330,False,109,109,1.0,0.059436919421294525,18dbe49fac2a1aa5623ab50888b82bcbb69c47a3249bc8ce8fdab8fe0a0fa823,False
0,burst.per.min,115-28-6,183658-27-7,False,109,109,1.0,0.059436919421294525,18dbe49fac2a1aa5623ab50888b82bcbb69c47a3249bc8ce8fdab8fe0a0fa823,False
0,burst.per.min,117428-22-5,111988-49-9,False,109,109,1.0,0.059436919421294525,18dbe49fac2a1aa5623ab50888b82bcbb69c47a3249bc8ce8fdab8fe0a0fa823,False
0,burst.per.min,120-12-7,1330-78-5,False,109,109,1.0,0.059436919421294525,18dbe49fac2a1aa5623ab50888b82bcbb69c47a3249bc8ce8fdab8fe0a0fa823,False
0,burst.per.min,12108-13-3,111-94-4,False,109,109,1.0,0.059436919421294525,18dbe49fac2a1aa5623ab50888b82bcbb69c47a3249bc8ce8fdab8fe0a0fa823,False
0,burst.per.min,122-14-5,175013-18-0,False,109,109,1.0,0.059436919421294525,18dbe49fac2a1aa5623ab50888b82bcbb69c47a3249bc8ce8fdab8fe0a0fa823,False
0,burst.per.min,1241-94-7,205-99-2,False,109,109,1.0,0.059436919421294525,18dbe49fac2a1aa5623ab50888b82bcbb69c47a3249bc8ce8fdab8fe0a0fa823,False
0,burst.per.min,129-00-0,28094-15-7,False,109,109,1.0,0.059436919421294525,18dbe49fac2a1aa5623ab50888b82bcbb69c47a3249bc8ce8fdab8fe0a0fa823,False
0,burst.per.min,131860-33-8,147-24-0,False,109,109,1.0,0.059436919421294525,18dbe49fac2a1aa5623ab50888b82bcbb69c47a3249bc8ce8fdab8fe0a0fa823,False
0,burst.per.min,1330-78-5,53-70-3,False,109,109,1.0,0.059436919421294525,18dbe49fac2a1aa5623ab50888b82bcbb69c47a3249bc8ce8fdab8fe0a0fa823,False
0,burst.per.min,13674-84-5,10540-29-1,False,109,109,1.0,0.059436919421294525,18dbe49fac2a1aa5623ab50888b82bcbb69c47a3249bc8ce8fdab8fe0a0fa823,False
0,burst.per.min,142459-58-3,115-28-6,False,109,109,1.0,0.059436919421294525,18dbe49fac2a1aa5623ab50888b82bcbb69c47a3249bc8ce8fdab8fe0a0fa823,False
0,burst.per.min,1461-22-9,68937-41-7,False,109,109,1.0,0.059436919421294525,18dbe49fac2a1aa5623ab50888b82bcbb69c47a3249bc8ce8fdab8fe0a0fa823,False
0,burst.per.min,147-24-0,60-56-0,False,109,109,1.0,0.059436919421294525,18dbe49fac2a1aa5623ab50888b82bcbb69c47a3249bc8ce8fdab8fe0a0fa823,False
0,burst.per.min,1478-61-1,60348-60-9,False,109,109,1.0,0.059436919421294525,18dbe49fac2a1aa5623ab50888b82bcbb69c47a3249bc8ce8fdab8fe0a0fa823,False
0,burst.per.min,148477-71-8,91-20-3,False,109,109,1.0,0.059436919421294525,18dbe49fac2a1aa5623ab50888b82bcbb69c47a3249bc8ce8fdab8fe0a0fa823,False
0,burst.per.min,151506-44-4,83-79-4,False,109,109,1.0,0.059436919421294525,18dbe49fac2a1aa5623ab50888b82bcbb69c47a3249bc8ce8fdab8fe0a0fa823,False
0,burst.per.min,153719-23-4,192-97-2,False,109,109,1.0,0.059436919421294525,18dbe49fac2a1aa5623ab50888b82bcbb69c47a3249bc8ce8fdab8fe0a0fa823,False
0,burst.per.min,1563-66-2,72-20-8,False,109,109,1.0,0.059436919421294525,18dbe49fac2a1aa5623ab50888b82bcbb69c47a3249bc8ce8fdab8fe0a0fa823,False
0,burst.per.min,175013-18-0,194098-25-4,False,109,109,1.0,0.059436919421294525,18dbe49fac2a1aa5623ab50888b82bcbb69c47a3249bc8ce8fdab8fe0a0fa823,False
0,burst.per.min,183658-27-7,51-03-6,False,109,109,1.0,0.059436919421294525,18dbe49fac2a1aa5623ab50888b82bcbb69c47a3249bc8ce8fdab8fe0a0fa823,False
0,burst.per.min,188425-85-6,81131-70-6,False,109,109,1.0,0.059436919421294525,18dbe49fac2a1aa5623ab50888b82bcbb69c47a3249bc8ce8fdab8fe0a0fa823,False
0,burst.per.min,1912-24-9,28434-00-6,False,109,109,1.0,0.059436919421294525,18dbe49fac2a1aa5623ab50888b82bcbb69c47a3249bc8ce8fdab8fe0a0fa823,False
0,burst.per.min,192-97-2,129-00-0,False,109,109,1.0,0.059436919421294525,18dbe49fac2a1aa5623ab50888b82bcbb69c47a3249bc8ce8fdab8fe0a0fa823,False
0,burst.per.min,194098-25-4,75330-75-5,False,109,109,1.0,0.059436919421294525,18dbe49fac2a1aa5623ab50888b82bcbb69c47a3249bc8ce8fdab8fe0a0fa823,False
0,burst.per.min,1948-33-0,97-77-8,False,109,109,1.0,0.059436919421294525,18dbe49fac2a1aa5623ab50888b82bcbb69c47a3249bc8ce8fdab8fe0a0fa823,False
0,burst.per.min,2001-95-8,105512-06-9,False,109,109,1.0,0.059436919421294525,18dbe49fac2a1aa5623ab50888b82bcbb69c47a3249bc8ce8fdab8fe0a0fa823,False
0,burst.per.min,203-64-5,1095-90-5,False,109,109,1.0,0.059436919421294525,18dbe49fac2a1aa5623ab50888b82bcbb69c47a3249bc8ce8fdab8fe0a0fa823,False
0,burst.per.min,205-99-2,638-38-0,False,109,109,1.0,0.059436919421294525,18dbe49fac2a1aa5623ab50888b82bcbb69c47a3249bc8ce8fdab8fe0a0fa823,False
0,burst.per.min,207-08-9,361377-29-9,False,109,109,1.0,0.059436919421294525,18dbe49fac2a1aa5623ab50888b82bcbb69c47a3249bc8ce8fdab8fe0a0fa823,False
0,burst.per.min,208-96-8,70-30-4,False,109,109,1.0,0.059436919421294525,18dbe49fac2a1aa5623ab50888b82bcbb69c47a3249bc8ce8fdab8fe0a0fa823,False
0,burst.per.min,210880-92-5,60-54-8,False,109,109,1.0,0.059436919421294525,18dbe49fac2a1aa5623ab50888b82bcbb69c47a3249bc8ce8fdab8fe0a0fa823,False
0,burst.per.min,215-58-7,117428-22-5,False,109,109,1.0,0.059436919421294525,18dbe49fac2a1aa5623ab50888b82bcbb69c47a3249bc8ce8fdab8fe0a0fa823,False
0,burst.per.min,2155-70-6,57-74-9,False,109,109,1.0,0.059436919421294525,18dbe49fac2a1aa5623ab50888b82bcbb69c47a3249bc8ce8fdab8fe0a0fa823,False
0,burst.per.min,220860-50-4,151506-44-4,False,109,109,1.0,0.059436919421294525,18dbe49fac2a1aa5623ab50888b82bcbb69c47a3249bc8ce8fdab8fe0a0fa823,False
0,burst.per.min,2212-67-1,72-43-5,False,109,109,1.0,0.059436919421294525,18dbe49fac2a1aa5623ab50888b82bcbb69c47a3249bc8ce8fdab8fe0a0fa823,False
0,burst.per.min,22224-92-6,50-70-4,False,109,109,1.0,0.059436919421294525,18dbe49fac2a1aa5623ab50888b82bcbb69c47a3249bc8ce8fdab8fe0a0fa823,False
0,burst.per.min,26040-51-7,86-73-7,False,109,109,1.0,0.059436919421294525,18dbe49fac2a1aa5623ab50888b82bcbb69c47a3249bc8ce8fdab8fe0a0fa823,False
0,burst.per.min,28094-15-7,69-65-8,False,109,109,1.0,0.059436919421294525,18dbe49fac2a1aa5623ab50888b82bcbb69c47a3249bc8ce8fdab8fe0a0fa823,False
0,burst.per.min,28434-00-6,131860-33-8,False,109,109,1.0,0.059436919421294525,18dbe49fac2a1aa5623ab50888b82bcbb69c47a3249bc8ce8fdab8fe0a0fa823,False
0,burst.per.min,2971-36-0,56803-37-3,False,109,109,1.0,0.059436919421294525,18dbe49fac2a1aa5623ab50888b82bcbb69c47a3249bc8ce8fdab8fe0a0fa823,False
0,burst.per.min,309-00-2,2971-36-0,False,109,109,1.0,0.059436919421294525,18dbe49fac2a1aa5623ab50888b82bcbb69c47a3249bc8ce8fdab8fe0a0fa823,False
0,burst.per.min,3380-34-5,114-07-8,False,109,109,1.0,0.059436919421294525,18dbe49fac2a1aa5623ab50888b82bcbb69c47a3249bc8ce8fdab8fe0a0fa823,False
0,burst.per.min,361377-29-9,68359-37-5,False,109,109,1.0,0.059436919421294525,18dbe49fac2a1aa5623ab50888b82bcbb69c47a3249bc8ce8fdab8fe0a0fa823,False
0,burst.per.min,36913-39-0,55406-53-6,False,109,109,1.0,0.059436919421294525,18dbe49fac2a1aa5623ab50888b82bcbb69c47a3249bc8ce8fdab8fe0a0fa823,False
0,burst.per.min,39515-41-8,83-32-9,False,109,109,1.0,0.059436919421294525,18dbe49fac2a1aa5623ab50888b82bcbb69c47a3249bc8ce8fdab8fe0a0fa823,False
0,burst.per.min,50-06-6,1563-66-2,False,109,109,1.0,0.059436919421294525,18dbe49fac2a1aa5623ab50888b82bcbb69c47a3249bc8ce8fdab8fe0a0fa823,False
0,burst.per.min,50-28-2,5436-43-1,False,109,109,1.0,0.059436919421294525,18dbe49fac2a1aa5623ab50888b82bcbb69c47a3249bc8ce8fdab8fe0a0fa823,False
0,burst.per.min,50-32-8,7487-94-7,False,109,109,1.0,0.059436919421294525,18dbe49fac2a1aa5623ab50888b82bcbb69c47a3249bc8ce8fdab8fe0a0fa823,False
0,burst.per.min,50-55-5,109-86-4,False,109,109,1.0,0.059436919421294525,18dbe49fac2a1aa5623ab50888b82bcbb69c47a3249bc8ce8fdab8fe0a0fa823,False
0,burst.per.min,50-70-4,39515-41-8,False,109,109,1.0,0.059436919421294525,18dbe49fac2a1aa5623ab50888b82bcbb69c47a3249bc8ce8fdab8fe0a0fa823,False
0,burst.per.min,50-78-2,50-81-7,False,109,109,1.0,0.059436919421294525,18dbe49fac2a1aa5623ab50888b82bcbb69c47a3249bc8ce8fdab8fe0a0fa823,False
0,burst.per.min,50-81-7,68631-49-2,False,109,109,1.0,0.059436919421294525,18dbe49fac2a1aa5623ab50888b82bcbb69c47a3249bc8ce8fdab8fe0a0fa823,False
0,burst.per.min,51-03-6,1912-24-9,False,109,109,1.0,0.059436919421294525,18dbe49fac2a1aa5623ab50888b82bcbb69c47a3249bc8ce8fdab8fe0a0fa823,False
0,burst.per.min,51-52-5,59-30-3,False,109,109,1.0,0.059436919421294525,18dbe49fac2a1aa5623ab50888b82bcbb69c47a3249bc8ce8fdab8fe0a0fa823,False
0,burst.per.min,53-70-3,50-28-2,False,109,109,1.0,0.059436919421294525,18dbe49fac2a1aa5623ab50888b82bcbb69c47a3249bc8ce8fdab8fe0a0fa823,False
0,burst.per.min,5436-43-1,584-79-2,False,109,109,1.0,0.059436919421294525,18dbe49fac2a1aa5623ab50888b82bcbb69c47a3249bc8ce8fdab8fe0a0fa823,False
0,burst.per.min,55-98-1,101-02-0,False,109,109,1.0,0.059436919421294525,18dbe49fac2a1aa5623ab50888b82bcbb69c47a3249bc8ce8fdab8fe0a0fa823,False
0,burst.per.min,55406-53-6,2001-95-8,False,109,109,1.0,0.059436919421294525,18dbe49fac2a1aa5623ab50888b82bcbb69c47a3249bc8ce8fdab8fe0a0fa823,False
0,burst.per.min,56-55-3,97-53-0,False,109,109,1.0,0.059436919421294525,18dbe49fac2a1aa5623ab50888b82bcbb69c47a3249bc8ce8fdab8fe0a0fa823,False
0,burst.per.min,56-81-5,633-65-8,False,109,109,1.0,0.059436919421294525,18dbe49fac2a1aa5623ab50888b82bcbb69c47a3249bc8ce8fdab8fe0a0fa823,False
0,burst.per.min,56803-37-3,12108-13-3,False,109,109,1.0,0.059436919421294525,18dbe49fac2a1aa5623ab50888b82bcbb69c47a3249bc8ce8fdab8fe0a0fa823,False
0,burst.per.min,57-74-9,8000-34-8,False,109,109,1.0,0.059436919421294525,18dbe49fac2a1aa5623ab50888b82bcbb69c47a3249bc8ce8fdab8fe0a0fa823,False
0,burst.per.min,584-79-2,8018-01-7,False,109,109,1.0,0.059436919421294525,18dbe49fac2a1aa5623ab50888b82bcbb69c47a3249bc8ce8fdab8fe0a0fa823,False
0,burst.per.min,59-30-3,10043-35-3,False,109,109,1.0,0.059436919421294525,18dbe49fac2a1aa5623ab50888b82bcbb69c47a3249bc8ce8fdab8fe0a0fa823,False
0,burst.per.min,60-54-8,759-94-4,False,109,109,1.0,0.059436919421294525,18dbe49fac2a1aa5623ab50888b82bcbb69c47a3249bc8ce8fdab8fe0a0fa823,False
0,burst.per.min,60-56-0,80-09-1,False,109,109,1.0,0.059436919421294525,18dbe49fac2a1aa5623ab50888b82bcbb69c47a3249bc8ce8fdab8fe0a0fa823,False
0,burst.per.min,60348-60-9,860302-33-6,False,109,109,1.0,0.059436919421294525,18dbe49fac2a1aa5623ab50888b82bcbb69c47a3249bc8ce8fdab8fe0a0fa823,False
0,burst.per.min,633-65-8,50-78-2,False,109,109,1.0,0.059436919421294525,18dbe49fac2a1aa5623ab50888b82bcbb69c47a3249bc8ce8fdab8fe0a0fa823,False
0,burst.per.min,638-38-0,51-52-5,False,109,109,1.0,0.059436919421294525,18dbe49fac2a1aa5623ab50888b82bcbb69c47a3249bc8ce8fdab8fe0a0fa823,False
0,burst.per.min,66230-04-4,1948-33-0,False,109,109,1.0,0.059436919421294525,18dbe49fac2a1aa5623ab50888b82bcbb69c47a3249bc8ce8fdab8fe0a0fa823,False
0,burst.per.min,68359-37-5,153719-23-4,False,109,109,1.0,0.059436919421294525,18dbe49fac2a1aa5623ab50888b82bcbb69c47a3249bc8ce8fdab8fe0a0fa823,False
0,burst.per.min,68631-49-2,36913-39-0,False,109,109,1.0,0.059436919421294525,18dbe49fac2a1aa5623ab50888b82bcbb69c47a3249bc8ce8fdab8fe0a0fa823,False
0,burst.per.min,68937-41-7,1241-94-7,False,109,109,1.0,0.059436919421294525,18dbe49fac2a1aa5623ab50888b82bcbb69c47a3249bc8ce8fdab8fe0a0fa823,False
0,burst.per.min,69-65-8,72-55-9,False,109,109,1.0,0.059436919421294525,18dbe49fac2a1aa5623ab50888b82bcbb69c47a3249bc8ce8fdab8fe0a0fa823,False
0,burst.per.min,70-30-4,22224-92-6,False,109,109,1.0,0.059436919421294525,18dbe49fac2a1aa5623ab50888b82bcbb69c47a3249bc8ce8fdab8fe0a0fa823,False
0,burst.per.min,71751-41-2,207-08-9,False,109,109,1.0,0.059436919421294525,18dbe49fac2a1aa5623ab50888b82bcbb69c47a3249bc8ce8fdab8fe0a0fa823,False
0,burst.per.min,72-20-8,101-10-0,False,109,109,1.0,0.059436919421294525,18dbe49fac2a1aa5623ab50888b82bcbb69c47a3249bc8ce8fdab8fe0a0fa823,False
0,burst.per.min,72-43-5,210880-92-5,False,109,109,1.0,0.059436919421294525,18dbe49fac2a1aa5623ab50888b82bcbb69c47a3249bc8ce8fdab8fe0a0fa823,False
0,burst.per.min,72-54-8,203-64-5,False,109,109,1.0,0.059436919421294525,18dbe49fac2a1aa5623ab50888b82bcbb69c47a3249bc8ce8fdab8fe0a0fa823,False
0,burst.per.min,72-55-9,142459-58-3,False,109,109,1.0,0.059436919421294525,18dbe49fac2a1aa5623ab50888b82bcbb69c47a3249bc8ce8fdab8fe0a0fa823,False
0,burst.per.min,7487-94-7,26040-51-7,False,109,109,1.0,0.059436919421294525,18dbe49fac2a1aa5623ab50888b82bcbb69c47a3249bc8ce8fdab8fe0a0fa823,False
0,burst.per.min,75330-75-5,50-32-8,False,109,109,1.0,0.059436919421294525,18dbe49fac2a1aa5623ab50888b82bcbb69c47a3249bc8ce8fdab8fe0a0fa823,False
0,burst.per.min,759-94-4,50-06-6,False,109,109,1.0,0.059436919421294525,18dbe49fac2a1aa5623ab50888b82bcbb69c47a3249bc8ce8fdab8fe0a0fa823,False
0,burst.per.min,79538-32-2,85-01-8,False,109,109,1.0,0.059436919421294525,18dbe49fac2a1aa5623ab50888b82bcbb69c47a3249bc8ce8fdab8fe0a0fa823,False
0,burst.per.min,80-09-1,1478-61-1,False,109,109,1.0,0.059436919421294525,18dbe49fac2a1aa5623ab50888b82bcbb69c47a3249bc8ce8fdab8fe0a0fa823,False
0,burst.per.min,8000-34-8,215-58-7,False,109,109,1.0,0.059436919421294525,18dbe49fac2a1aa5623ab50888b82bcbb69c47a3249bc8ce8fdab8fe0a0fa823,False
0,burst.per.min,8018-01-7,50-55-5,False,109,109,1.0,0.059436919421294525,18dbe49fac2a1aa5623ab50888b82bcbb69c47a3249bc8ce8fdab8fe0a0fa823,False
0,burst.per.min,81131-70-6,122-14-5,False,109,109,1.0,0.059436919421294525,18dbe49fac2a1aa5623ab50888b82bcbb69c47a3249bc8ce8fdab8fe0a0fa823,False
0,burst.per.min,82657-04-3,148477-71-8,False,109,109,1.0,0.059436919421294525,18dbe49fac2a1aa5623ab50888b82bcbb69c47a3249bc8ce8fdab8fe0a0fa823,False
0,burst.per.min,83-32-9,79538-32-2,False,109,109,1.0,0.059436919421294525,18dbe49fac2a1aa5623ab50888b82bcbb69c47a3249bc8ce8fdab8fe0a0fa823,False
0,burst.per.min,83-79-4,120-12-7,False,109,109,1.0,0.059436919421294525,18dbe49fac2a1aa5623ab50888b82bcbb69c47a3249bc8ce8fdab8fe0a0fa823,False
0,burst.per.min,85-01-8,82657-04-3,False,109,109,1.0,0.059436919421294525,18dbe49fac2a1aa5623ab50888b82bcbb69c47a3249bc8ce8fdab8fe0a0fa823,False
0,burst.per.min,86-73-7,188425-85-6,False,109,109,1.0,0.059436919421294525,18dbe49fac2a1aa5623ab50888b82bcbb69c47a3249bc8ce8fdab8fe0a0fa823,False
0,burst.per.min,860302-33-6,56-81-5,False,109,109,1.0,0.059436919421294525,18dbe49fac2a1aa5623ab50888b82bcbb69c47a3249bc8ce8fdab8fe0a0fa823,False
0,burst.per.min,91-20-3,55-98-1,False,109,109,1.0,0.059436919421294525,18dbe49fac2a1aa5623ab50888b82bcbb69c47a3249bc8ce8fdab8fe0a0fa823,False
0,burst.per.min,97-53-0,1461-22-9,False,109,109,1.0,0.059436919421294525,18dbe49fac2a1aa5623ab50888b82bcbb69c47a3249bc8ce8fdab8fe0a0fa823,False
0,burst.per.min,97-77-8,56-55-3,False,109,109,1.0,0.059436919421294525,18dbe49fac2a1aa5623ab50888b82bcbb69c47a3249bc8ce8fdab8fe0a0fa823,False
0,burst.per.min,NOCAS_47330,72-54-8,False,109,109,1.0,0.059436919421294525,18dbe49fac2a1aa5623ab50888b82bcbb69c47a3249bc8ce8fdab8fe0a0fa823,False
0,nAE,10043-35-3,53-70-3,False,109,109,1.0,0.009935229183668478,e126b915a9830e2153f77e24ae64046d652407dfd5ff63df5b04506c70dc965e,False
0,nAE,101-02-0,97-77-8,False,109,109,1.0,0.009935229183668478,e126b915a9830e2153f77e24ae64046d652407dfd5ff63df5b04506c70dc965e,False
0,nAE,101-10-0,66230-04-4,False,109,109,1.0,0.009935229183668478,e126b915a9830e2153f77e24ae64046d652407dfd5ff63df5b04506c70dc965e,False
0,nAE,10453-86-8,131860-33-8,False,109,109,1.0,0.009935229183668478,e126b915a9830e2153f77e24ae64046d652407dfd5ff63df5b04506c70dc965e,False
0,nAE,10540-29-1,81131-70-6,False,109,109,1.0,0.009935229183668478,e126b915a9830e2153f77e24ae64046d652407dfd5ff63df5b04506c70dc965e,False
0,nAE,105512-06-9,208-96-8,False,109,109,1.0,0.009935229183668478,e126b915a9830e2153f77e24ae64046d652407dfd5ff63df5b04506c70dc965e,False
0,nAE,109-86-4,56-55-3,False,109,109,1.0,0.009935229183668478,e126b915a9830e2153f77e24ae64046d652407dfd5ff63df5b04506c70dc965e,False
0,nAE,1095-90-5,80-09-1,False,109,109,1.0,0.009935229183668478,e126b915a9830e2153f77e24ae64046d652407dfd5ff63df5b04506c70dc965e,False
0,nAE,111-94-4,72-55-9,False,109,109,1.0,0.009935229183668478,e126b915a9830e2153f77e24ae64046d652407dfd5ff63df5b04506c70dc965e,False
0,nAE,111988-49-9,111-94-4,False,109,109,1.0,0.009935229183668478,e126b915a9830e2153f77e24ae64046d652407dfd5ff63df5b04506c70dc965e,False
0,nAE,114-07-8,111988-49-9,False,109,109,1.0,0.009935229183668478,e126b915a9830e2153f77e24ae64046d652407dfd5ff63df5b04506c70dc965e,False
0,nAE,115-28-6,1948-33-0,False,109,109,1.0,0.009935229183668478,e126b915a9830e2153f77e24ae64046d652407dfd5ff63df5b04506c70dc965e,False
0,nAE,117428-22-5,50-06-6,False,109,109,1.0,0.009935229183668478,e126b915a9830e2153f77e24ae64046d652407dfd5ff63df5b04506c70dc965e,False
0,nAE,120-12-7,50-32-8,False,109,109,1.0,0.009935229183668478,e126b915a9830e2153f77e24ae64046d652407dfd5ff63df5b04506c70dc965e,False
0,nAE,12108-13-3,36913-39-0,False,109,109,1.0,0.009935229183668478,e126b915a9830e2153f77e24ae64046d652407dfd5ff63df5b04506c70dc965e,False
0,nAE,122-14-5,860302-33-6,False,109,109,1.0,0.009935229183668478,e126b915a9830e2153f77e24ae64046d652407dfd5ff63df5b04506c70dc965e,False
0,nAE,1241-94-7,203-64-5,False,109,109,1.0,0.009935229183668478,e126b915a9830e2153f77e24ae64046d652407dfd5ff63df5b04506c70dc965e,False
0,nAE,129-00-0,633-65-8,False,109,109,1.0,0.009935229183668478,e126b915a9830e2153f77e24ae64046d652407dfd5ff63df5b04506c70dc965e,False
0,nAE,131860-33-8,1330-78-5,False,109,109,1.0,0.009935229183668478,e126b915a9830e2153f77e24ae64046d652407dfd5ff63df5b04506c70dc965e,False
0,nAE,1330-78-5,57-74-9,False,109,109,1.0,0.009935229183668478,e126b915a9830e2153f77e24ae64046d652407dfd5ff63df5b04506c70dc965e,False
0,nAE,13674-84-5,148477-71-8,False,109,109,1.0,0.009935229183668478,e126b915a9830e2153f77e24ae64046d652407dfd5ff63df5b04506c70dc965e,False
0,nAE,142459-58-3,51-52-5,False,109,109,1.0,0.009935229183668478,e126b915a9830e2153f77e24ae64046d652407dfd5ff63df5b04506c70dc965e,False
0,nAE,1461-22-9,69-65-8,False,109,109,1.0,0.009935229183668478,e126b915a9830e2153f77e24ae64046d652407dfd5ff63df5b04506c70dc965e,False
0,nAE,147-24-0,50-81-7,False,109,109,1.0,0.009935229183668478,e126b915a9830e2153f77e24ae64046d652407dfd5ff63df5b04506c70dc965e,False
0,nAE,1478-61-1,10043-35-3,False,109,109,1.0,0.009935229183668478,e126b915a9830e2153f77e24ae64046d652407dfd5ff63df5b04506c70dc965e,False
0,nAE,148477-71-8,1912-24-9,False,109,109,1.0,0.009935229183668478,e126b915a9830e2153f77e24ae64046d652407dfd5ff63df5b04506c70dc965e,False
0,nAE,151506-44-4,153719-23-4,False,109,109,1.0,0.009935229183668478,e126b915a9830e2153f77e24ae64046d652407dfd5ff63df5b04506c70dc965e,False
0,nAE,153719-23-4,50-55-5,False,109,109,1.0,0.009935229183668478,e126b915a9830e2153f77e24ae64046d652407dfd5ff63df5b04506c70dc965e,False
0,nAE,1563-66-2,82657-04-3,False,109,109,1.0,0.009935229183668478,e126b915a9830e2153f77e24ae64046d652407dfd5ff63df5b04506c70dc965e,False
0,nAE,175013-18-0,86-73-7,False,109,109,1.0,0.009935229183668478,e126b915a9830e2153f77e24ae64046d652407dfd5ff63df5b04506c70dc965e,False
0,nAE,183658-27-7,1563-66-2,False,109,109,1.0,0.009935229183668478,e126b915a9830e2153f77e24ae64046d652407dfd5ff63df5b04506c70dc965e,False
0,nAE,188425-85-6,8000-34-8,False,109,109,1.0,0.009935229183668478,e126b915a9830e2153f77e24ae64046d652407dfd5ff63df5b04506c70dc965e,False
0,nAE,1912-24-9,8018-01-7,False,109,109,1.0,0.009935229183668478,e126b915a9830e2153f77e24ae64046d652407dfd5ff63df5b04506c70dc965e,False
0,nAE,192-97-2,5436-43-1,False,109,109,1.0,0.009935229183668478,e126b915a9830e2153f77e24ae64046d652407dfd5ff63df5b04506c70dc965e,False
0,nAE,194098-25-4,309-00-2,False,109,109,1.0,0.009935229183668478,e126b915a9830e2153f77e24ae64046d652407dfd5ff63df5b04506c70dc965e,False
0,nAE,1948-33-0,55-98-1,False,109,109,1.0,0.009935229183668478,e126b915a9830e2153f77e24ae64046d652407dfd5ff63df5b04506c70dc965e,False
0,nAE,2001-95-8,71751-41-2,False,109,109,1.0,0.009935229183668478,e126b915a9830e2153f77e24ae64046d652407dfd5ff63df5b04506c70dc965e,False
0,nAE,203-64-5,72-20-8,False,109,109,1.0,0.009935229183668478,e126b915a9830e2153f77e24ae64046d652407dfd5ff63df5b04506c70dc965e,False
0,nAE,205-99-2,60-56-0,False,109,109,1.0,0.009935229183668478,e126b915a9830e2153f77e24ae64046d652407dfd5ff63df5b04506c70dc965e,False
0,nAE,207-08-9,188425-85-6,False,109,109,1.0,0.009935229183668478,e126b915a9830e2153f77e24ae64046d652407dfd5ff63df5b04506c70dc965e,False
0,nAE,208-96-8,28094-15-7,False,109,109,1.0,0.009935229183668478,e126b915a9830e2153f77e24ae64046d652407dfd5ff63df5b04506c70dc965e,False
0,nAE,210880-92-5,3380-34-5,False,109,109,1.0,0.009935229183668478,e126b915a9830e2153f77e24ae64046d652407dfd5ff63df5b04506c70dc965e,False
0,nAE,215-58-7,26040-51-7,False,109,109,1.0,0.009935229183668478,e126b915a9830e2153f77e24ae64046d652407dfd5ff63df5b04506c70dc965e,False
0,nAE,2155-70-6,183658-27-7,False,109,109,1.0,0.009935229183668478,e126b915a9830e2153f77e24ae64046d652407dfd5ff63df5b04506c70dc965e,False
0,nAE,220860-50-4,2971-36-0,False,109,109,1.0,0.009935229183668478,e126b915a9830e2153f77e24ae64046d652407dfd5ff63df5b04506c70dc965e,False
0,nAE,2212-67-1,NOCAS_47330,False,109,109,1.0,0.009935229183668478,e126b915a9830e2153f77e24ae64046d652407dfd5ff63df5b04506c70dc965e,False
0,nAE,22224-92-6,117428-22-5,False,109,109,1.0,0.009935229183668478,e126b915a9830e2153f77e24ae64046d652407dfd5ff63df5b04506c70dc965e,False
0,nAE,26040-51-7,215-58-7,False,109,109,1.0,0.009935229183668478,e126b915a9830e2153f77e24ae64046d652407dfd5ff63df5b04506c70dc965e,False
0,nAE,28094-15-7,56-81-5,False,109,109,1.0,0.009935229183668478,e126b915a9830e2153f77e24ae64046d652407dfd5ff63df5b04506c70dc965e,False
0,nAE,28434-00-6,91-20-3,False,109,109,1.0,0.009935229183668478,e126b915a9830e2153f77e24ae64046d652407dfd5ff63df5b04506c70dc965e,False
0,nAE,2971-36-0,1478-61-1,False,109,109,1.0,0.009935229183668478,e126b915a9830e2153f77e24ae64046d652407dfd5ff63df5b04506c70dc965e,False
0,nAE,309-00-2,10453-86-8,False,109,109,1.0,0.009935229183668478,e126b915a9830e2153f77e24ae64046d652407dfd5ff63df5b04506c70dc965e,False
0,nAE,3380-34-5,120-12-7,False,109,109,1.0,0.009935229183668478,e126b915a9830e2153f77e24ae64046d652407dfd5ff63df5b04506c70dc965e,False
0,nAE,361377-29-9,50-28-2,False,109,109,1.0,0.009935229183668478,e126b915a9830e2153f77e24ae64046d652407dfd5ff63df5b04506c70dc965e,False
0,nAE,36913-39-0,361377-29-9,False,109,109,1.0,0.009935229183668478,e126b915a9830e2153f77e24ae64046d652407dfd5ff63df5b04506c70dc965e,False
0,nAE,39515-41-8,2001-95-8,False,109,109,1.0,0.009935229183668478,e126b915a9830e2153f77e24ae64046d652407dfd5ff63df5b04506c70dc965e,False
0,nAE,50-06-6,68631-49-2,False,109,109,1.0,0.009935229183668478,e126b915a9830e2153f77e24ae64046d652407dfd5ff63df5b04506c70dc965e,False
0,nAE,50-28-2,1095-90-5,False,109,109,1.0,0.009935229183668478,e126b915a9830e2153f77e24ae64046d652407dfd5ff63df5b04506c70dc965e,False
0,nAE,50-32-8,39515-41-8,False,109,109,1.0,0.009935229183668478,e126b915a9830e2153f77e24ae64046d652407dfd5ff63df5b04506c70dc965e,False
0,nAE,50-55-5,151506-44-4,False,109,109,1.0,0.009935229183668478,e126b915a9830e2153f77e24ae64046d652407dfd5ff63df5b04506c70dc965e,False
0,nAE,50-70-4,192-97-2,False,109,109,1.0,0.009935229183668478,e126b915a9830e2153f77e24ae64046d652407dfd5ff63df5b04506c70dc965e,False
0,nAE,50-78-2,205-99-2,False,109,109,1.0,0.009935229183668478,e126b915a9830e2153f77e24ae64046d652407dfd5ff63df5b04506c70dc965e,False
0,nAE,50-81-7,109-86-4,False,109,109,1.0,0.009935229183668478,e126b915a9830e2153f77e24ae64046d652407dfd5ff63df5b04506c70dc965e,False
0,nAE,51-03-6,638-38-0,False,109,109,1.0,0.009935229183668478,e126b915a9830e2153f77e24ae64046d652407dfd5ff63df5b04506c70dc965e,False
0,nAE,51-52-5,50-78-2,False,109,109,1.0,0.009935229183668478,e126b915a9830e2153f77e24ae64046d652407dfd5ff63df5b04506c70dc965e,False
0,nAE,53-70-3,2155-70-6,False,109,109,1.0,0.009935229183668478,e126b915a9830e2153f77e24ae64046d652407dfd5ff63df5b04506c70dc965e,False
0,nAE,5436-43-1,147-24-0,False,109,109,1.0,0.009935229183668478,e126b915a9830e2153f77e24ae64046d652407dfd5ff63df5b04506c70dc965e,False
0,nAE,55-98-1,115-28-6,False,109,109,1.0,0.009935229183668478,e126b915a9830e2153f77e24ae64046d652407dfd5ff63df5b04506c70dc965e,False
0,nAE,55406-53-6,2212-67-1,False,109,109,1.0,0.009935229183668478,e126b915a9830e2153f77e24ae64046d652407dfd5ff63df5b04506c70dc965e,False
0,nAE,56-55-3,142459-58-3,False,109,109,1.0,0.009935229183668478,e126b915a9830e2153f77e24ae64046d652407dfd5ff63df5b04506c70dc965e,False
0,nAE,56-81-5,51-03-6,False,109,109,1.0,0.009935229183668478,e126b915a9830e2153f77e24ae64046d652407dfd5ff63df5b04506c70dc965e,False
0,nAE,56803-37-3,68359-37-5,False,109,109,1.0,0.009935229183668478,e126b915a9830e2153f77e24ae64046d652407dfd5ff63df5b04506c70dc965e,False
0,nAE,57-74-9,759-94-4,False,109,109,1.0,0.009935229183668478,e126b915a9830e2153f77e24ae64046d652407dfd5ff63df5b04506c70dc965e,False
0,nAE,584-79-2,68937-41-7,False,109,109,1.0,0.009935229183668478,e126b915a9830e2153f77e24ae64046d652407dfd5ff63df5b04506c70dc965e,False
0,nAE,59-30-3,584-79-2,False,109,109,1.0,0.009935229183668478,e126b915a9830e2153f77e24ae64046d652407dfd5ff63df5b04506c70dc965e,False
0,nAE,60-54-8,83-79-4,False,109,109,1.0,0.009935229183668478,e126b915a9830e2153f77e24ae64046d652407dfd5ff63df5b04506c70dc965e,False
0,nAE,60-56-0,28434-00-6,False,109,109,1.0,0.009935229183668478,e126b915a9830e2153f77e24ae64046d652407dfd5ff63df5b04506c70dc965e,False
0,nAE,60348-60-9,1461-22-9,False,109,109,1.0,0.009935229183668478,e126b915a9830e2153f77e24ae64046d652407dfd5ff63df5b04506c70dc965e,False
0,nAE,633-65-8,72-43-5,False,109,109,1.0,0.009935229183668478,e126b915a9830e2153f77e24ae64046d652407dfd5ff63df5b04506c70dc965e,False
0,nAE,638-38-0,101-02-0,False,109,109,1.0,0.009935229183668478,e126b915a9830e2153f77e24ae64046d652407dfd5ff63df5b04506c70dc965e,False
0,nAE,66230-04-4,75330-75-5,False,109,109,1.0,0.009935229183668478,e126b915a9830e2153f77e24ae64046d652407dfd5ff63df5b04506c70dc965e,False
0,nAE,68359-37-5,114-07-8,False,109,109,1.0,0.009935229183668478,e126b915a9830e2153f77e24ae64046d652407dfd5ff63df5b04506c70dc965e,False
0,nAE,68631-49-2,83-32-9,False,109,109,1.0,0.009935229183668478,e126b915a9830e2153f77e24ae64046d652407dfd5ff63df5b04506c70dc965e,False
0,nAE,68937-41-7,207-08-9,False,109,109,1.0,0.009935229183668478,e126b915a9830e2153f77e24ae64046d652407dfd5ff63df5b04506c70dc965e,False
0,nAE,69-65-8,22224-92-6,False,109,109,1.0,0.009935229183668478,e126b915a9830e2153f77e24ae64046d652407dfd5ff63df5b04506c70dc965e,False
0,nAE,70-30-4,60348-60-9,False,109,109,1.0,0.009935229183668478,e126b915a9830e2153f77e24ae64046d652407dfd5ff63df5b04506c70dc965e,False
0,nAE,71751-41-2,7487-94-7,False,109,109,1.0,0.009935229183668478,e126b915a9830e2153f77e24ae64046d652407dfd5ff63df5b04506c70dc965e,False
0,nAE,72-20-8,175013-18-0,False,109,109,1.0,0.009935229183668478,e126b915a9830e2153f77e24ae64046d652407dfd5ff63df5b04506c70dc965e,False
0,nAE,72-43-5,122-14-5,False,109,109,1.0,0.009935229183668478,e126b915a9830e2153f77e24ae64046d652407dfd5ff63df5b04506c70dc965e,False
0,nAE,72-54-8,1241-94-7,False,109,109,1.0,0.009935229183668478,e126b915a9830e2153f77e24ae64046d652407dfd5ff63df5b04506c70dc965e,False
0,nAE,72-55-9,13674-84-5,False,109,109,1.0,0.009935229183668478,e126b915a9830e2153f77e24ae64046d652407dfd5ff63df5b04506c70dc965e,False
0,nAE,7487-94-7,210880-92-5,False,109,109,1.0,0.009935229183668478,e126b915a9830e2153f77e24ae64046d652407dfd5ff63df5b04506c70dc965e,False
0,nAE,75330-75-5,105512-06-9,False,109,109,1.0,0.009935229183668478,e126b915a9830e2153f77e24ae64046d652407dfd5ff63df5b04506c70dc965e,False
0,nAE,759-94-4,60-54-8,False,109,109,1.0,0.009935229183668478,e126b915a9830e2153f77e24ae64046d652407dfd5ff63df5b04506c70dc965e,False
0,nAE,79538-32-2,56803-37-3,False,109,109,1.0,0.009935229183668478,e126b915a9830e2153f77e24ae64046d652407dfd5ff63df5b04506c70dc965e,False
0,nAE,80-09-1,194098-25-4,False,109,109,1.0,0.009935229183668478,e126b915a9830e2153f77e24ae64046d652407dfd5ff63df5b04506c70dc965e,False
0,nAE,8000-34-8,10540-29-1,False,109,109,1.0,0.009935229183668478,e126b915a9830e2153f77e24ae64046d652407dfd5ff63df5b04506c70dc965e,False
0,nAE,8018-01-7,72-54-8,False,109,109,1.0,0.009935229183668478,e126b915a9830e2153f77e24ae64046d652407dfd5ff63df5b04506c70dc965e,False
0,nAE,81131-70-6,79538-32-2,False,109,109,1.0,0.009935229183668478,e126b915a9830e2153f77e24ae64046d652407dfd5ff63df5b04506c70dc965e,False
0,nAE,82657-04-3,70-30-4,False,109,109,1.0,0.009935229183668478,e126b915a9830e2153f77e24ae64046d652407dfd5ff63df5b04506c70dc965e,False
0,nAE,83-32-9,101-10-0,False,109,109,1.0,0.009935229183668478,e126b915a9830e2153f77e24ae64046d652407dfd5ff63df5b04506c70dc965e,False
0,nAE,83-79-4,97-53-0,False,109,109,1.0,0.009935229183668478,e126b915a9830e2153f77e24ae64046d652407dfd5ff63df5b04506c70dc965e,False
0,nAE,85-01-8,129-00-0,False,109,109,1.0,0.009935229183668478,e126b915a9830e2153f77e24ae64046d652407dfd5ff63df5b04506c70dc965e,False
0,nAE,86-73-7,50-70-4,False,109,109,1.0,0.009935229183668478,e126b915a9830e2153f77e24ae64046d652407dfd5ff63df5b04506c70dc965e,False
0,nAE,860302-33-6,12108-13-3,False,109,109,1.0,0.009935229183668478,e126b915a9830e2153f77e24ae64046d652407dfd5ff63df5b04506c70dc965e,False
0,nAE,91-20-3,55406-53-6,False,109,109,1.0,0.009935229183668478,e126b915a9830e2153f77e24ae64046d652407dfd5ff63df5b04506c70dc965e,False
0,nAE,97-53-0,85-01-8,False,109,109,1.0,0.009935229183668478,e126b915a9830e2153f77e24ae64046d652407dfd5ff63df5b04506c70dc965e,False
0,nAE,97-77-8,220860-50-4,False,109,109,1.0,0.009935229183668478,e126b915a9830e2153f77e24ae64046d652407dfd5ff63df5b04506c70dc965e,False
0,nAE,NOCAS_47330,59-30-3,False,109,109,1.0,0.009935229183668478,e126b915a9830e2153f77e24ae64046d652407dfd5ff63df5b04506c70dc965e,False
0,ns.n,10043-35-3,53-70-3,False,101,101,1.0,0.032850563765161184,490066a0e88d55292521a4ec458e6f311053f98c7c6917c7dd744a940b4623ab,False
0,ns.n,101-02-0,50-81-7,False,101,101,1.0,0.032850563765161184,490066a0e88d55292521a4ec458e6f311053f98c7c6917c7dd744a940b4623ab,False
0,ns.n,10453-86-8,75330-75-5,False,101,101,1.0,0.032850563765161184,490066a0e88d55292521a4ec458e6f311053f98c7c6917c7dd744a940b4623ab,False
0,ns.n,105512-06-9,70-30-4,False,101,101,1.0,0.032850563765161184,490066a0e88d55292521a4ec458e6f311053f98c7c6917c7dd744a940b4623ab,False
0,ns.n,109-86-4,192-97-2,False,101,101,1.0,0.032850563765161184,490066a0e88d55292521a4ec458e6f311053f98c7c6917c7dd744a940b4623ab,False
0,ns.n,1095-90-5,36913-39-0,False,101,101,1.0,0.032850563765161184,490066a0e88d55292521a4ec458e6f311053f98c7c6917c7dd744a940b4623ab,False
0,ns.n,111-94-4,10453-86-8,False,101,101,1.0,0.032850563765161184,490066a0e88d55292521a4ec458e6f311053f98c7c6917c7dd744a940b4623ab,False
0,ns.n,111988-49-9,2212-67-1,False,101,101,1.0,0.032850563765161184,490066a0e88d55292521a4ec458e6f311053f98c7c6917c7dd744a940b4623ab,False
0,ns.n,114-07-8,50-28-2,False,101,101,1.0,0.032850563765161184,490066a0e88d55292521a4ec458e6f311053f98c7c6917c7dd744a940b4623ab,False
0,ns.n,115-28-6,188425-85-6,False,101,101,1.0,0.032850563765161184,490066a0e88d55292521a4ec458e6f311053f98c7c6917c7dd744a940b4623ab,False
0,ns.n,117428-22-5,3380-34-5,False,101,101,1.0,0.032850563765161184,490066a0e88d55292521a4ec458e6f311053f98c7c6917c7dd744a940b4623ab,False
0,ns.n,120-12-7,50-55-5,False,101,101,1.0,0.032850563765161184,490066a0e88d55292521a4ec458e6f311053f98c7c6917c7dd744a940b4623ab,False
0,ns.n,12108-13-3,153719-23-4,False,101,101,1.0,0.032850563765161184,490066a0e88d55292521a4ec458e6f311053f98c7c6917c7dd744a940b4623ab,False
0,ns.n,122-14-5,39515-41-8,False,101,101,1.0,0.032850563765161184,490066a0e88d55292521a4ec458e6f311053f98c7c6917c7dd744a940b4623ab,False
0,ns.n,1241-94-7,85-01-8,False,101,101,1.0,0.032850563765161184,490066a0e88d55292521a4ec458e6f311053f98c7c6917c7dd744a940b4623ab,False
0,ns.n,129-00-0,66230-04-4,False,101,101,1.0,0.032850563765161184,490066a0e88d55292521a4ec458e6f311053f98c7c6917c7dd744a940b4623ab,False
0,ns.n,131860-33-8,210880-92-5,False,101,101,1.0,0.032850563765161184,490066a0e88d55292521a4ec458e6f311053f98c7c6917c7dd744a940b4623ab,False
0,ns.n,1330-78-5,97-77-8,False,101,101,1.0,0.032850563765161184,490066a0e88d55292521a4ec458e6f311053f98c7c6917c7dd744a940b4623ab,False
0,ns.n,13674-84-5,148477-71-8,False,101,101,1.0,0.032850563765161184,490066a0e88d55292521a4ec458e6f311053f98c7c6917c7dd744a940b4623ab,False
0,ns.n,142459-58-3,28434-00-6,False,101,101,1.0,0.032850563765161184,490066a0e88d55292521a4ec458e6f311053f98c7c6917c7dd744a940b4623ab,False
0,ns.n,1461-22-9,56-55-3,False,101,101,1.0,0.032850563765161184,490066a0e88d55292521a4ec458e6f311053f98c7c6917c7dd744a940b4623ab,False
0,ns.n,1478-61-1,215-58-7,False,101,101,1.0,0.032850563765161184,490066a0e88d55292521a4ec458e6f311053f98c7c6917c7dd744a940b4623ab,False
0,ns.n,148477-71-8,60-56-0,False,101,101,1.0,0.032850563765161184,490066a0e88d55292521a4ec458e6f311053f98c7c6917c7dd744a940b4623ab,False
0,ns.n,151506-44-4,12108-13-3,False,101,101,1.0,0.032850563765161184,490066a0e88d55292521a4ec458e6f311053f98c7c6917c7dd744a940b4623ab,False
0,ns.n,153719-23-4,759-94-4,False,101,101,1.0,0.032850563765161184,490066a0e88d55292521a4ec458e6f311053f98c7c6917c7dd744a940b4623ab,False
0,ns.n,1563-66-2,28094-15-7,False,101,101,1.0,0.032850563765161184,490066a0e88d55292521a4ec458e6f311053f98c7c6917c7dd744a940b4623ab,False
0,ns.n,175013-18-0,NOCAS_47330,False,101,101,1.0,0.032850563765161184,490066a0e88d55292521a4ec458e6f311053f98c7c6917c7dd744a940b4623ab,False
0,ns.n,183658-27-7,80-09-1,False,101,101,1.0,0.032850563765161184,490066a0e88d55292521a4ec458e6f311053f98c7c6917c7dd744a940b4623ab,False
0,ns.n,188425-85-6,50-32-8,False,101,101,1.0,0.032850563765161184,490066a0e88d55292521a4ec458e6f311053f98c7c6917c7dd744a940b4623ab,False
0,ns.n,1912-24-9,151506-44-4,False,101,101,1.0,0.032850563765161184,490066a0e88d55292521a4ec458e6f311053f98c7c6917c7dd744a940b4623ab,False
0,ns.n,192-97-2,68937-41-7,False,101,101,1.0,0.032850563765161184,490066a0e88d55292521a4ec458e6f311053f98c7c6917c7dd744a940b4623ab,False
0,ns.n,194098-25-4,120-12-7,False,101,101,1.0,0.032850563765161184,490066a0e88d55292521a4ec458e6f311053f98c7c6917c7dd744a940b4623ab,False
0,ns.n,1948-33-0,115-28-6,False,101,101,1.0,0.032850563765161184,490066a0e88d55292521a4ec458e6f311053f98c7c6917c7dd744a940b4623ab,False
0,ns.n,2001-95-8,117428-22-5,False,101,101,1.0,0.032850563765161184,490066a0e88d55292521a4ec458e6f311053f98c7c6917c7dd744a940b4623ab,False
0,ns.n,203-64-5,584-79-2,False,101,101,1.0,0.032850563765161184,490066a0e88d55292521a4ec458e6f311053f98c7c6917c7dd744a940b4623ab,False
0,ns.n,205-99-2,72-55-9,False,101,101,1.0,0.032850563765161184,490066a0e88d55292521a4ec458e6f311053f98c7c6917c7dd744a940b4623ab,False
0,ns.n,207-08-9,208-96-8,False,101,101,1.0,0.032850563765161184,490066a0e88d55292521a4ec458e6f311053f98c7c6917c7dd744a940b4623ab,False
0,ns.n,208-96-8,1563-66-2,False,101,101,1.0,0.032850563765161184,490066a0e88d55292521a4ec458e6f311053f98c7c6917c7dd744a940b4623ab,False
0,ns.n,210880-92-5,220860-50-4,False,101,101,1.0,0.032850563765161184,490066a0e88d55292521a4ec458e6f311053f98c7c6917c7dd744a940b4623ab,False
0,ns.n,215-58-7,109-86-4,False,101,101,1.0,0.032850563765161184,490066a0e88d55292521a4ec458e6f311053f98c7c6917c7dd744a940b4623ab,False
0,ns.n,2155-70-6,129-00-0,False,101,101,1.0,0.032850563765161184,490066a0e88d55292521a4ec458e6f311053f98c7c6917c7dd744a940b4623ab,False
0,ns.n,220860-50-4,7487-94-7,False,101,101,1.0,0.032850563765161184,490066a0e88d55292521a4ec458e6f311053f98c7c6917c7dd744a940b4623ab,False
0,ns.n,2212-67-1,860302-33-6,False,101,101,1.0,0.032850563765161184,490066a0e88d55292521a4ec458e6f311053f98c7c6917c7dd744a940b4623ab,False
0,ns.n,22224-92-6,68359-37-5,False,101,101,1.0,0.032850563765161184,490066a0e88d55292521a4ec458e6f311053f98c7c6917c7dd744a940b4623ab,False
0,ns.n,26040-51-7,114-07-8,False,101,101,1.0,0.032850563765161184,490066a0e88d55292521a4ec458e6f311053f98c7c6917c7dd744a940b4623ab,False
0,ns.n,28094-15-7,309-00-2,False,101,101,1.0,0.032850563765161184,490066a0e88d55292521a4ec458e6f311053f98c7c6917c7dd744a940b4623ab,False
0,ns.n,28434-00-6,22224-92-6,False,101,101,1.0,0.032850563765161184,490066a0e88d55292521a4ec458e6f311053f98c7c6917c7dd744a940b4623ab,False
0,ns.n,2971-36-0,183658-27-7,False,101,101,1.0,0.032850563765161184,490066a0e88d55292521a4ec458e6f311053f98c7c6917c7dd744a940b4623ab,False
0,ns.n,309-00-2,57-74-9,False,101,101,1.0,0.032850563765161184,490066a0e88d55292521a4ec458e6f311053f98c7c6917c7dd744a940b4623ab,False
0,ns.n,3380-34-5,105512-06-9,False,101,101,1.0,0.032850563765161184,490066a0e88d55292521a4ec458e6f311053f98c7c6917c7dd744a940b4623ab,False
0,ns.n,361377-29-9,638-38-0,False,101,101,1.0,0.032850563765161184,490066a0e88d55292521a4ec458e6f311053f98c7c6917c7dd744a940b4623ab,False
0,ns.n,36913-39-0,175013-18-0,False,101,101,1.0,0.032850563765161184,490066a0e88d55292521a4ec458e6f311053f98c7c6917c7dd744a940b4623ab,False
0,ns.n,39515-41-8,60-54-8,False,101,101,1.0,0.032850563765161184,490066a0e88d55292521a4ec458e6f311053f98c7c6917c7dd744a940b4623ab,False
0,ns.n,50-06-6,8018-01-7,False,101,101,1.0,0.032850563765161184,490066a0e88d55292521a4ec458e6f311053f98c7c6917c7dd744a940b4623ab,False
0,ns.n,50-28-2,50-78-2,False,101,101,1.0,0.032850563765161184,490066a0e88d55292521a4ec458e6f311053f98c7c6917c7dd744a940b4623ab,False
0,ns.n,50-32-8,13674-84-5,False,101,101,1.0,0.032850563765161184,490066a0e88d55292521a4ec458e6f311053f98c7c6917c7dd744a940b4623ab,False
0,ns.n,50-55-5,56-81-5,False,101,101,1.0,0.032850563765161184,490066a0e88d55292521a4ec458e6f311053f98c7c6917c7dd744a940b4623ab,False
0,ns.n,50-78-2,91-20-3,False,101,101,1.0,0.032850563765161184,490066a0e88d55292521a4ec458e6f311053f98c7c6917c7dd744a940b4623ab,False
0,ns.n,50-81-7,2155-70-6,False,101,101,1.0,0.032850563765161184,490066a0e88d55292521a4ec458e6f311053f98c7c6917c7dd744a940b4623ab,False
0,ns.n,53-70-3,82657-04-3,False,101,101,1.0,0.032850563765161184,490066a0e88d55292521a4ec458e6f311053f98c7c6917c7dd744a940b4623ab,False
0,ns.n,5436-43-1,81131-70-6,False,101,101,1.0,0.032850563765161184,490066a0e88d55292521a4ec458e6f311053f98c7c6917c7dd744a940b4623ab,False
0,ns.n,55-98-1,1095-90-5,False,101,101,1.0,0.032850563765161184,490066a0e88d55292521a4ec458e6f311053f98c7c6917c7dd744a940b4623ab,False
0,ns.n,55406-53-6,1478-61-1,False,101,101,1.0,0.032850563765161184,490066a0e88d55292521a4ec458e6f311053f98c7c6917c7dd744a940b4623ab,False
0,ns.n,56-55-3,68631-49-2,False,101,101,1.0,0.032850563765161184,490066a0e88d55292521a4ec458e6f311053f98c7c6917c7dd744a940b4623ab,False
0,ns.n,56-81-5,194098-25-4,False,101,101,1.0,0.032850563765161184,490066a0e88d55292521a4ec458e6f311053f98c7c6917c7dd744a940b4623ab,False
0,ns.n,56803-37-3,83-79-4,False,101,101,1.0,0.032850563765161184,490066a0e88d55292521a4ec458e6f311053f98c7c6917c7dd744a940b4623ab,False
0,ns.n,57-74-9,101-02-0,False,101,101,1.0,0.032850563765161184,490066a0e88d55292521a4ec458e6f311053f98c7c6917c7dd744a940b4623ab,False
0,ns.n,584-79-2,2971-36-0,False,101,101,1.0,0.032850563765161184,490066a0e88d55292521a4ec458e6f311053f98c7c6917c7dd744a940b4623ab,False
0,ns.n,59-30-3,55406-53-6,False,101,101,1.0,0.032850563765161184,490066a0e88d55292521a4ec458e6f311053f98c7c6917c7dd744a940b4623ab,False
0,ns.n,60-54-8,5436-43-1,False,101,101,1.0,0.032850563765161184,490066a0e88d55292521a4ec458e6f311053f98c7c6917c7dd744a940b4623ab,False
0,ns.n,60-56-0,10043-35-3,False,101,101,1.0,0.032850563765161184,490066a0e88d55292521a4ec458e6f311053f98c7c6917c7dd744a940b4623ab,False
0,ns.n,60348-60-9,86-73-7,False,101,101,1.0,0.032850563765161184,490066a0e88d55292521a4ec458e6f311053f98c7c6917c7dd744a940b4623ab,False
0,ns.n,633-65-8,60348-60-9,False,101,101,1.0,0.032850563765161184,490066a0e88d55292521a4ec458e6f311053f98c7c6917c7dd744a940b4623ab,False
0,ns.n,638-38-0,72-54-8,False,101,101,1.0,0.032850563765161184,490066a0e88d55292521a4ec458e6f311053f98c7c6917c7dd744a940b4623ab,False
0,ns.n,66230-04-4,111-94-4,False,101,101,1.0,0.032850563765161184,490066a0e88d55292521a4ec458e6f311053f98c7c6917c7dd744a940b4623ab,False
0,ns.n,68359-37-5,1948-33-0,False,101,101,1.0,0.032850563765161184,490066a0e88d55292521a4ec458e6f311053f98c7c6917c7dd744a940b4623ab,False
0,ns.n,68631-49-2,633-65-8,False,101,101,1.0,0.032850563765161184,490066a0e88d55292521a4ec458e6f311053f98c7c6917c7dd744a940b4623ab,False
0,ns.n,68937-41-7,111988-49-9,False,101,101,1.0,0.032850563765161184,490066a0e88d55292521a4ec458e6f311053f98c7c6917c7dd744a940b4623ab,False
0,ns.n,69-65-8,79538-32-2,False,101,101,1.0,0.032850563765161184,490066a0e88d55292521a4ec458e6f311053f98c7c6917c7dd744a940b4623ab,False
0,ns.n,70-30-4,1912-24-9,False,101,101,1.0,0.032850563765161184,490066a0e88d55292521a4ec458e6f311053f98c7c6917c7dd744a940b4623ab,False
0,ns.n,71751-41-2,207-08-9,False,101,101,1.0,0.032850563765161184,490066a0e88d55292521a4ec458e6f311053f98c7c6917c7dd744a940b4623ab,False
0,ns.n,72-20-8,71751-41-2,False,101,101,1.0,0.032850563765161184,490066a0e88d55292521a4ec458e6f311053f98c7c6917c7dd744a940b4623ab,False
0,ns.n,72-43-5,131860-33-8,False,101,101,1.0,0.032850563765161184,490066a0e88d55292521a4ec458e6f311053f98c7c6917c7dd744a940b4623ab,False
0,ns.n,72-54-8,122-14-5,False,101,101,1.0,0.032850563765161184,490066a0e88d55292521a4ec458e6f311053f98c7c6917c7dd744a940b4623ab,False
0,ns.n,72-55-9,72-43-5,False,101,101,1.0,0.032850563765161184,490066a0e88d55292521a4ec458e6f311053f98c7c6917c7dd744a940b4623ab,False
0,ns.n,7487-94-7,69-65-8,False,101,101,1.0,0.032850563765161184,490066a0e88d55292521a4ec458e6f311053f98c7c6917c7dd744a940b4623ab,False
0,ns.n,75330-75-5,1330-78-5,False,101,101,1.0,0.032850563765161184,490066a0e88d55292521a4ec458e6f311053f98c7c6917c7dd744a940b4623ab,False
0,ns.n,759-94-4,50-06-6,False,101,101,1.0,0.032850563765161184,490066a0e88d55292521a4ec458e6f311053f98c7c6917c7dd744a940b4623ab,False
0,ns.n,79538-32-2,1461-22-9,False,101,101,1.0,0.032850563765161184,490066a0e88d55292521a4ec458e6f311053f98c7c6917c7dd744a940b4623ab,False
0,ns.n,80-09-1,56803-37-3,False,101,101,1.0,0.032850563765161184,490066a0e88d55292521a4ec458e6f311053f98c7c6917c7dd744a940b4623ab,False
0,ns.n,8018-01-7,26040-51-7,False,101,101,1.0,0.032850563765161184,490066a0e88d55292521a4ec458e6f311053f98c7c6917c7dd744a940b4623ab,False
0,ns.n,81131-70-6,205-99-2,False,101,101,1.0,0.032850563765161184,490066a0e88d55292521a4ec458e6f311053f98c7c6917c7dd744a940b4623ab,False
0,ns.n,82657-04-3,72-20-8,False,101,101,1.0,0.032850563765161184,490066a0e88d55292521a4ec458e6f311053f98c7c6917c7dd744a940b4623ab,False
0,ns.n,83-32-9,59-30-3,False,101,101,1.0,0.032850563765161184,490066a0e88d55292521a4ec458e6f311053f98c7c6917c7dd744a940b4623ab,False
0,ns.n,83-79-4,2001-95-8,False,101,101,1.0,0.032850563765161184,490066a0e88d55292521a4ec458e6f311053f98c7c6917c7dd744a940b4623ab,False
0,ns.n,85-01-8,142459-58-3,False,101,101,1.0,0.032850563765161184,490066a0e88d55292521a4ec458e6f311053f98c7c6917c7dd744a940b4623ab,False
0,ns.n,86-73-7,203-64-5,False,101,101,1.0,0.032850563765161184,490066a0e88d55292521a4ec458e6f311053f98c7c6917c7dd744a940b4623ab,False
0,ns.n,860302-33-6,83-32-9,False,101,101,1.0,0.032850563765161184,490066a0e88d55292521a4ec458e6f311053f98c7c6917c7dd744a940b4623ab,False
0,ns.n,91-20-3,361377-29-9,False,101,101,1.0,0.032850563765161184,490066a0e88d55292521a4ec458e6f311053f98c7c6917c7dd744a940b4623ab,False
0,ns.n,97-77-8,55-98-1,False,101,101,1.0,0.032850563765161184,490066a0e88d55292521a4ec458e6f311053f98c7c6917c7dd744a940b4623ab,False
0,ns.n,NOCAS_47330,1241-94-7,False,101,101,1.0,0.032850563765161184,490066a0e88d55292521a4ec458e6f311053f98c7c6917c7dd744a940b4623ab,False
0,r,10043-35-3,153719-23-4,False,109,109,1.0,-0.003609714692361801,463f691994994dc48d93b8957e0492f8812426afc114a9bbb543b8cd6ae4488c,False
0,r,101-02-0,114-07-8,False,109,109,1.0,-0.003609714692361801,463f691994994dc48d93b8957e0492f8812426afc114a9bbb543b8cd6ae4488c,False
0,r,101-10-0,59-30-3,False,109,109,1.0,-0.003609714692361801,463f691994994dc48d93b8957e0492f8812426afc114a9bbb543b8cd6ae4488c,False
0,r,10453-86-8,147-24-0,False,109,109,1.0,-0.003609714692361801,463f691994994dc48d93b8957e0492f8812426afc114a9bbb543b8cd6ae4488c,False
0,r,10540-29-1,2155-70-6,False,109,109,1.0,-0.003609714692361801,463f691994994dc48d93b8957e0492f8812426afc114a9bbb543b8cd6ae4488c,False
0,r,105512-06-9,83-79-4,False,109,109,1.0,-0.003609714692361801,463f691994994dc48d93b8957e0492f8812426afc114a9bbb543b8cd6ae4488c,False
0,r,109-86-4,3380-34-5,False,109,109,1.0,-0.003609714692361801,463f691994994dc48d93b8957e0492f8812426afc114a9bbb543b8cd6ae4488c,False
0,r,1095-90-5,584-79-2,False,109,109,1.0,-0.003609714692361801,463f691994994dc48d93b8957e0492f8812426afc114a9bbb543b8cd6ae4488c,False
0,r,111-94-4,51-03-6,False,109,109,1.0,-0.003609714692361801,463f691994994dc48d93b8957e0492f8812426afc114a9bbb543b8cd6ae4488c,False
0,r,111988-49-9,56-55-3,False,109,109,1.0,-0.003609714692361801,463f691994994dc48d93b8957e0492f8812426afc114a9bbb543b8cd6ae4488c,False
0,r,114-07-8,1563-66-2,False,109,109,1.0,-0.003609714692361801,463f691994994dc48d93b8957e0492f8812426afc114a9bbb543b8cd6ae4488c,False
0,r,115-28-6,97-53-0,False,109,109,1.0,-0.003609714692361801,463f691994994dc48d93b8957e0492f8812426afc114a9bbb543b8cd6ae4488c,False
0,r,117428-22-5,1095-90-5,False,109,109,1.0,-0.003609714692361801,463f691994994dc48d93b8957e0492f8812426afc114a9bbb543b8cd6ae4488c,False
0,r,120-12-7,109-86-4,False,109,109,1.0,-0.003609714692361801,463f691994994dc48d93b8957e0492f8812426afc114a9bbb543b8cd6ae4488c,False
0,r,12108-13-3,2212-67-1,False,109,109,1.0,-0.003609714692361801,463f691994994dc48d93b8957e0492f8812426afc114a9bbb543b8cd6ae4488c,False
0,r,122-14-5,1948-33-0,False,109,109,1.0,-0.003609714692361801,463f691994994dc48d93b8957e0492f8812426afc114a9bbb543b8cd6ae4488c,False
0,r,1241-94-7,28434-00-6,False,109,109,1.0,-0.003609714692361801,463f691994994dc48d93b8957e0492f8812426afc114a9bbb543b8cd6ae4488c,False
0,r,129-00-0,208-96-8,False,109,109,1.0,-0.003609714692361801,463f691994994dc48d93b8957e0492f8812426afc114a9bbb543b8cd6ae4488c,False
0,r,131860-33-8,309-00-2,False,109,109,1.0,-0.003609714692361801,463f691994994dc48d93b8957e0492f8812426afc114a9bbb543b8cd6ae4488c,False
0,r,1330-78-5,117428-22-5,False,109,109,1.0,-0.003609714692361801,463f691994994dc48d93b8957e0492f8812426afc114a9bbb543b8cd6ae4488c,False
0,r,13674-84-5,122-14-5,False,109,109,1.0,-0.003609714692361801,463f691994994dc48d93b8957e0492f8812426afc114a9bbb543b8cd6ae4488c,False
0,r,142459-58-3,2971-36-0,False,109,109,1.0,-0.003609714692361801,463f691994994dc48d93b8957e0492f8812426afc114a9bbb543b8cd6ae4488c,False
0,r,1461-22-9,638-38-0,False,109,109,1.0,-0.003609714692361801,463f691994994dc48d93b8957e0492f8812426afc114a9bbb543b8cd6ae4488c,False
0,r,147-24-0,68631-49-2,False,109,109,1.0,-0.003609714692361801,463f691994994dc48d93b8957e0492f8812426afc114a9bbb543b8cd6ae4488c,False
0,r,1478-61-1,10043-35-3,False,109,109,1.0,-0.003609714692361801,463f691994994dc48d93b8957e0492f8812426afc114a9bbb543b8cd6ae4488c,False
0,r,148477-71-8,759-94-4,False,109,109,1.0,-0.003609714692361801,463f691994994dc48d93b8957e0492f8812426afc114a9bbb543b8cd6ae4488c,False
0,r,151506-44-4,633-65-8,False,109,109,1.0,-0.003609714692361801,463f691994994dc48d93b8957e0492f8812426afc114a9bbb543b8cd6ae4488c,False
0,r,153719-23-4,80-09-1,False,109,109,1.0,-0.003609714692361801,463f691994994dc48d93b8957e0492f8812426afc114a9bbb543b8cd6ae4488c,False
0,r,1563-66-2,1241-94-7,False,109,109,1.0,-0.003609714692361801,463f691994994dc48d93b8957e0492f8812426afc114a9bbb543b8cd6ae4488c,False
0,r,175013-18-0,79538-32-2,False,109,109,1.0,-0.003609714692361801,463f691994994dc48d93b8957e0492f8812426afc114a9bbb543b8cd6ae4488c,False
0,r,183658-27-7,101-10-0,False,109,109,1.0,-0.003609714692361801,463f691994994dc48d93b8957e0492f8812426afc114a9bbb543b8cd6ae4488c,False
0,r,188425-85-6,50-55-5,False,109,109,1.0,-0.003609714692361801,463f691994994dc48d93b8957e0492f8812426afc114a9bbb543b8cd6ae4488c,False
0,r,1912-24-9,72-55-9,False,109,109,1.0,-0.003609714692361801,463f691994994dc48d93b8957e0492f8812426afc114a9bbb543b8cd6ae4488c,False
0,r,192-97-2,50-32-8,False,109,109,1.0,-0.003609714692361801,463f691994994dc48d93b8957e0492f8812426afc114a9bbb543b8cd6ae4488c,False
0,r,194098-25-4,57-74-9,False,109,109,1.0,-0.003609714692361801,463f691994994dc48d93b8957e0492f8812426afc114a9bbb543b8cd6ae4488c,False
0,r,1948-33-0,210880-92-5,False,109,109,1.0,-0.003609714692361801,463f691994994dc48d93b8957e0492f8812426afc114a9bbb543b8cd6ae4488c,False
0,r,2001-95-8,1478-61-1,False,109,109,1.0,-0.003609714692361801,463f691994994dc48d93b8957e0492f8812426afc114a9bbb543b8cd6ae4488c,False
0,r,203-64-5,115-28-6,False,109,109,1.0,-0.003609714692361801,463f691994994dc48d93b8957e0492f8812426afc114a9bbb543b8cd6ae4488c,False
0,r,205-99-2,39515-41-8,False,109,109,1.0,-0.003609714692361801,463f691994994dc48d93b8957e0492f8812426afc114a9bbb543b8cd6ae4488c,False
0,r,207-08-9,26040-51-7,False,109,109,1.0,-0.003609714692361801,463f691994994dc48d93b8957e0492f8812426afc114a9bbb543b8cd6ae4488c,False
0,r,208-96-8,111988-49-9,False,109,109,1.0,-0.003609714692361801,463f691994994dc48d93b8957e0492f8812426afc114a9bbb543b8cd6ae4488c,False
0,r,210880-92-5,8018-01-7,False,109,109,1.0,-0.003609714692361801,463f691994994dc48d93b8957e0492f8812426afc114a9bbb543b8cd6ae4488c,False
0,r,215-58-7,53-70-3,False,109,109,1.0,-0.003609714692361801,463f691994994dc48d93b8957e0492f8812426afc114a9bbb543b8cd6ae4488c,False
0,r,2155-70-6,7487-94-7,False,109,109,1.0,-0.003609714692361801,463f691994994dc48d93b8957e0492f8812426afc114a9bbb543b8cd6ae4488c,False
0,r,220860-50-4,70-30-4,False,109,109,1.0,-0.003609714692361801,463f691994994dc48d93b8957e0492f8812426afc114a9bbb543b8cd6ae4488c,False
0,r,2212-67-1,1330-78-5,False,109,109,1.0,-0.003609714692361801,463f691994994dc48d93b8957e0492f8812426afc114a9bbb543b8cd6ae4488c,False
0,r,22224-92-6,72-20-8,False,109,109,1.0,-0.003609714692361801,463f691994994dc48d93b8957e0492f8812426afc114a9bbb543b8cd6ae4488c,False
0,r,26040-51-7,220860-50-4,False,109,109,1.0,-0.003609714692361801,463f691994994dc48d93b8957e0492f8812426afc114a9bbb543b8cd6ae4488c,False
0,r,28094-15-7,72-54-8,False,109,109,1.0,-0.003609714692361801,463f691994994dc48d93b8957e0492f8812426afc114a9bbb543b8cd6ae4488c,False
0,r,28434-00-6,60-54-8,False,109,109,1.0,-0.003609714692361801,463f691994994dc48d93b8957e0492f8812426afc114a9bbb543b8cd6ae4488c,False
0,r,2971-36-0,151506-44-4,False,109,109,1.0,-0.003609714692361801,463f691994994dc48d93b8957e0492f8812426afc114a9bbb543b8cd6ae4488c,False
0,r,309-00-2,207-08-9,False,109,109,1.0,-0.003609714692361801,463f691994994dc48d93b8957e0492f8812426afc114a9bbb543b8cd6ae4488c,False
0,r,3380-34-5,56803-37-3,False,109,109,1.0,-0.003609714692361801,463f691994994dc48d93b8957e0492f8812426afc114a9bbb543b8cd6ae4488c,False
0,r,361377-29-9,71751-41-2,False,109,109,1.0,-0.003609714692361801,463f691994994dc48d93b8957e0492f8812426afc114a9bbb543b8cd6ae4488c,False
0,r,36913-39-0,142459-58-3,False,109,109,1.0,-0.003609714692361801,463f691994994dc48d93b8957e0492f8812426afc114a9bbb543b8cd6ae4488c,False
0,r,39515-41-8,129-00-0,False,109,109,1.0,-0.003609714692361801,463f691994994dc48d93b8957e0492f8812426afc114a9bbb543b8cd6ae4488c,False
0,r,50-06-6,22224-92-6,False,109,109,1.0,-0.003609714692361801,463f691994994dc48d93b8957e0492f8812426afc114a9bbb543b8cd6ae4488c,False
0,r,50-28-2,50-78-2,False,109,109,1.0,-0.003609714692361801,463f691994994dc48d93b8957e0492f8812426afc114a9bbb543b8cd6ae4488c,False
0,r,50-32-8,55-98-1,False,109,109,1.0,-0.003609714692361801,463f691994994dc48d93b8957e0492f8812426afc114a9bbb543b8cd6ae4488c,False
0,r,50-55-5,50-28-2,False,109,109,1.0,-0.003609714692361801,463f691994994dc48d93b8957e0492f8812426afc114a9bbb543b8cd6ae4488c,False
0,r,50-70-4,131860-33-8,False,109,109,1.0,-0.003609714692361801,463f691994994dc48d93b8957e0492f8812426afc114a9bbb543b8cd6ae4488c,False
0,r,50-78-2,175013-18-0,False,109,109,1.0,-0.003609714692361801,463f691994994dc48d93b8957e0492f8812426afc114a9bbb543b8cd6ae4488c,False
0,r,50-81-7,68359-37-5,False,109,109,1.0,-0.003609714692361801,463f691994994dc48d93b8957e0492f8812426afc114a9bbb543b8cd6ae4488c,False
0,r,51-03-6,55406-53-6,False,109,109,1.0,-0.003609714692361801,463f691994994dc48d93b8957e0492f8812426afc114a9bbb543b8cd6ae4488c,False
0,r,51-52-5,NOCAS_47330,False,109,109,1.0,-0.003609714692361801,463f691994994dc48d93b8957e0492f8812426afc114a9bbb543b8cd6ae4488c,False
0,r,53-70-3,361377-29-9,False,109,109,1.0,-0.003609714692361801,463f691994994dc48d93b8957e0492f8812426afc114a9bbb543b8cd6ae4488c,False
0,r,5436-43-1,85-01-8,False,109,109,1.0,-0.003609714692361801,463f691994994dc48d93b8957e0492f8812426afc114a9bbb543b8cd6ae4488c,False
0,r,55-98-1,148477-71-8,False,109,109,1.0,-0.003609714692361801,463f691994994dc48d93b8957e0492f8812426afc114a9bbb543b8cd6ae4488c,False
0,r,55406-53-6,75330-75-5,False,109,109,1.0,-0.003609714692361801,463f691994994dc48d93b8957e0492f8812426afc114a9bbb543b8cd6ae4488c,False
0,r,56-55-3,203-64-5,False,109,109,1.0,-0.003609714692361801,463f691994994dc48d93b8957e0492f8812426afc114a9bbb543b8cd6ae4488c,False
0,r,56-81-5,194098-25-4,False,109,109,1.0,-0.003609714692361801,463f691994994dc48d93b8957e0492f8812426afc114a9bbb543b8cd6ae4488c,False
0,r,56803-37-3,205-99-2,False,109,109,1.0,-0.003609714692361801,463f691994994dc48d93b8957e0492f8812426afc114a9bbb543b8cd6ae4488c,False
0,r,57-74-9,50-06-6,False,109,109,1.0,-0.003609714692361801,463f691994994dc48d93b8957e0492f8812426afc114a9bbb543b8cd6ae4488c,False
0,r,584-79-2,192-97-2,False,109,109,1.0,-0.003609714692361801,463f691994994dc48d93b8957e0492f8812426afc114a9bbb543b8cd6ae4488c,False
0,r,59-30-3,91-20-3,False,109,109,1.0,-0.003609714692361801,463f691994994dc48d93b8957e0492f8812426afc114a9bbb543b8cd6ae4488c,False
0,r,60-54-8,8000-34-8,False,109,109,1.0,-0.003609714692361801,463f691994994dc48d93b8957e0492f8812426afc114a9bbb543b8cd6ae4488c,False
0,r,60-56-0,1461-22-9,False,109,109,1.0,-0.003609714692361801,463f691994994dc48d93b8957e0492f8812426afc114a9bbb543b8cd6ae4488c,False
0,r,60348-60-9,81131-70-6,False,109,109,1.0,-0.003609714692361801,463f691994994dc48d93b8957e0492f8812426afc114a9bbb543b8cd6ae4488c,False
0,r,633-65-8,10540-29-1,False,109,109,1.0,-0.003609714692361801,463f691994994dc48d93b8957e0492f8812426afc114a9bbb543b8cd6ae4488c,False
0,r,638-38-0,51-52-5,False,109,109,1.0,-0.003609714692361801,463f691994994dc48d93b8957e0492f8812426afc114a9bbb543b8cd6ae4488c,False
0,r,66230-04-4,13674-84-5,False,109,109,1.0,-0.003609714692361801,463f691994994dc48d93b8957e0492f8812426afc114a9bbb543b8cd6ae4488c,False
0,r,68359-37-5,111-94-4,False,109,109,1.0,-0.003609714692361801,463f691994994dc48d93b8957e0492f8812426afc114a9bbb543b8cd6ae4488c,False
0,r,68631-49-2,97-77-8,False,109,109,1.0,-0.003609714692361801,463f691994994dc48d93b8957e0492f8812426afc114a9bbb543b8cd6ae4488c,False
0,r,68937-41-7,50-81-7,False,109,109,1.0,-0.003609714692361801,463f691994994dc48d93b8957e0492f8812426afc114a9bbb543b8cd6ae4488c,False
0,r,69-65-8,60-56-0,False,109,109,1.0,-0.003609714692361801,463f691994994dc48d93b8957e0492f8812426afc114a9bbb543b8cd6ae4488c,False
0,r,70-30-4,1912-24-9,False,109,109,1.0,-0.003609714692361801,463f691994994dc48d93b8957e0492f8812426afc114a9bbb543b8cd6ae4488c,False
0,r,71751-41-2,10453-86-8,False,109,109,1.0,-0.003609714692361801,463f691994994dc48d93b8957e0492f8812426afc114a9bbb543b8cd6ae4488c,False
0,r,72-20-8,36913-39-0,False,109,109,1.0,-0.003609714692361801,463f691994994dc48d93b8957e0492f8812426afc114a9bbb543b8cd6ae4488c,False
0,r,72-43-5,82657-04-3,False,109,109,1.0,-0.003609714692361801,463f691994994dc48d93b8957e0492f8812426afc114a9bbb543b8cd6ae4488c,False
0,r,72-54-8,72-43-5,False,109,109,1.0,-0.003609714692361801,463f691994994dc48d93b8957e0492f8812426afc114a9bbb543b8cd6ae4488c,False
0,r,72-55-9,60348-60-9,False,109,109,1.0,-0.003609714692361801,463f691994994dc48d93b8957e0492f8812426afc114a9bbb543b8cd6ae4488c,False
0,r,7487-94-7,68937-41-7,False,109,109,1.0,-0.003609714692361801,463f691994994dc48d93b8957e0492f8812426afc114a9bbb543b8cd6ae4488c,False
0,r,75330-75-5,86-73-7,False,109,109,1.0,-0.003609714692361801,463f691994994dc48d93b8957e0492f8812426afc114a9bbb543b8cd6ae4488c,False
0,r,759-94-4,69-65-8,False,109,109,1.0,-0.003609714692361801,463f691994994dc48d93b8957e0492f8812426afc114a9bbb543b8cd6ae4488c,False
0,r,79538-32-2,5436-43-1,False,109,109,1.0,-0.003609714692361801,463f691994994dc48d93b8957e0492f8812426afc114a9bbb543b8cd6ae4488c,False
0,r,80-09-1,105512-06-9,False,109,109,1.0,-0.003609714692361801,463f691994994dc48d93b8957e0492f8812426afc114a9bbb543b8cd6ae4488c,False
0,r,8000-34-8,2001-95-8,False,109,109,1.0,-0.003609714692361801,463f691994994dc48d93b8957e0492f8812426afc114a9bbb543b8cd6ae4488c,False
0,r,8018-01-7,12108-13-3,False,109,109,1.0,-0.003609714692361801,463f691994994dc48d93b8957e0492f8812426afc114a9bbb543b8cd6ae4488c,False
0,r,81131-70-6,183658-27-7,False,109,109,1.0,-0.003609714692361801,463f691994994dc48d93b8957e0492f8812426afc114a9bbb543b8cd6ae4488c,False
0,r,82657-04-3,215-58-7,False,109,109,1.0,-0.003609714692361801,463f691994994dc48d93b8957e0492f8812426afc114a9bbb543b8cd6ae4488c,False
0,r,83-32-9,860302-33-6,False,109,109,1.0,-0.003609714692361801,463f691994994dc48d93b8957e0492f8812426afc114a9bbb543b8cd6ae4488c,False
0,r,83-79-4,101-02-0,False,109,109,1.0,-0.003609714692361801,463f691994994dc48d93b8957e0492f8812426afc114a9bbb543b8cd6ae4488c,False
0,r,85-01-8,50-70-4,False,109,109,1.0,-0.003609714692361801,463f691994994dc48d93b8957e0492f8812426afc114a9bbb543b8cd6ae4488c,False
0,r,86-73-7,83-32-9,False,109,109,1.0,-0.003609714692361801,463f691994994dc48d93b8957e0492f8812426afc114a9bbb543b8cd6ae4488c,False
0,r,860302-33-6,66230-04-4,False,109,109,1.0,-0.003609714692361801,463f691994994dc48d93b8957e0492f8812426afc114a9bbb543b8cd6ae4488c,False
0,r,91-20-3,188425-85-6,False,109,109,1.0,-0.003609714692361801,463f691994994dc48d93b8957e0492f8812426afc114a9bbb543b8cd6ae4488c,False
0,r,97-53-0,28094-15-7,False,109,109,1.0,-0.003609714692361801,463f691994994dc48d93b8957e0492f8812426afc114a9bbb543b8cd6ae4488c,False
0,r,97-77-8,120-12-7,False,109,109,1.0,-0.003609714692361801,463f691994994dc48d93b8957e0492f8812426afc114a9bbb543b8cd6ae4488c,False
0,r,NOCAS_47330,56-81-5,False,109,109,1.0,-0.003609714692361801,463f691994994dc48d93b8957e0492f8812426afc114a9bbb543b8cd6ae4488c,False
1,meanfiringrate,10043-35-3,3380-34-5,False,109,109,1.0,0.163095097083353,3b2fc1aa749287fb488e80cf195dd30f03b5e20bfc8a452da68db88f5b091258,False
1,meanfiringrate,101-02-0,191-24-2,False,109,109,1.0,0.163095097083353,3b2fc1aa749287fb488e80cf195dd30f03b5e20bfc8a452da68db88f5b091258,False
1,meanfiringrate,10453-86-8,2465-27-2,False,109,109,1.0,0.163095097083353,3b2fc1aa749287fb488e80cf195dd30f03b5e20bfc8a452da68db88f5b091258,False
1,meanfiringrate,10540-29-1,60-56-0,False,109,109,1.0,0.163095097083353,3b2fc1aa749287fb488e80cf195dd30f03b5e20bfc8a452da68db88f5b091258,False
1,meanfiringrate,109-86-4,114-07-8,False,109,109,1.0,0.163095097083353,3b2fc1aa749287fb488e80cf195dd30f03b5e20bfc8a452da68db88f5b091258,False
1,meanfiringrate,1095-90-5,68937-41-7,False,109,109,1.0,0.163095097083353,3b2fc1aa749287fb488e80cf195dd30f03b5e20bfc8a452da68db88f5b091258,False
1,meanfiringrate,111-94-4,50-32-8,False,109,109,1.0,0.163095097083353,3b2fc1aa749287fb488e80cf195dd30f03b5e20bfc8a452da68db88f5b091258,False
1,meanfiringrate,111988-49-9,56803-37-3,False,109,109,1.0,0.163095097083353,3b2fc1aa749287fb488e80cf195dd30f03b5e20bfc8a452da68db88f5b091258,False
1,meanfiringrate,113-48-4,51-52-5,False,109,109,1.0,0.163095097083353,3b2fc1aa749287fb488e80cf195dd30f03b5e20bfc8a452da68db88f5b091258,False
1,meanfiringrate,114-07-8,97-77-8,False,109,109,1.0,0.163095097083353,3b2fc1aa749287fb488e80cf195dd30f03b5e20bfc8a452da68db88f5b091258,False
1,meanfiringrate,115-28-6,79902-63-9,False,109,109,1.0,0.163095097083353,3b2fc1aa749287fb488e80cf195dd30f03b5e20bfc8a452da68db88f5b091258,False
1,meanfiringrate,115-29-7,207-08-9,False,109,109,1.0,0.163095097083353,3b2fc1aa749287fb488e80cf195dd30f03b5e20bfc8a452da68db88f5b091258,False
1,meanfiringrate,117-81-7,60-54-8,False,109,109,1.0,0.163095097083353,3b2fc1aa749287fb488e80cf195dd30f03b5e20bfc8a452da68db88f5b091258,False
1,meanfiringrate,117428-22-5,309-00-2,False,109,109,1.0,0.163095097083353,3b2fc1aa749287fb488e80cf195dd30f03b5e20bfc8a452da68db88f5b091258,False
1,meanfiringrate,120-12-7,57966-95-7,False,109,109,1.0,0.163095097083353,3b2fc1aa749287fb488e80cf195dd30f03b5e20bfc8a452da68db88f5b091258,False
1,meanfiringrate,12108-13-3,151506-44-4,False,109,109,1.0,0.163095097083353,3b2fc1aa749287fb488e80cf195dd30f03b5e20bfc8a452da68db88f5b091258,False
1,meanfiringrate,1241-94-7,120-12-7,False,109,109,1.0,0.163095097083353,3b2fc1aa749287fb488e80cf195dd30f03b5e20bfc8a452da68db88f5b091258,False
1,meanfiringrate,124378-77-4,13674-84-5,False,109,109,1.0,0.163095097083353,3b2fc1aa749287fb488e80cf195dd30f03b5e20bfc8a452da68db88f5b091258,False
1,meanfiringrate,131860-33-8,50-55-5,False,109,109,1.0,0.163095097083353,3b2fc1aa749287fb488e80cf195dd30f03b5e20bfc8a452da68db88f5b091258,False
1,meanfiringrate,133-06-2,124378-77-4,False,109,109,1.0,0.163095097083353,3b2fc1aa749287fb488e80cf195dd30f03b5e20bfc8a452da68db88f5b091258,False
1,meanfiringrate,1330-78-5,1563-66-2,False,109,109,1.0,0.163095097083353,3b2fc1aa749287fb488e80cf195dd30f03b5e20bfc8a452da68db88f5b091258,False
1,meanfiringrate,13674-84-5,143-50-0,False,109,109,1.0,0.163095097083353,3b2fc1aa749287fb488e80cf195dd30f03b5e20bfc8a452da68db88f5b091258,False
1,meanfiringrate,141517-21-7,218-01-9,False,109,109,1.0,0.163095097083353,3b2fc1aa749287fb488e80cf195dd30f03b5e20bfc8a452da68db88f5b091258,False
1,meanfiringrate,142459-58-3,141517-21-7,False,109,109,1.0,0.163095097083353,3b2fc1aa749287fb488e80cf195dd30f03b5e20bfc8a452da68db88f5b091258,False
1,meanfiringrate,143-50-0,66230-04-4,False,109,109,1.0,0.163095097083353,3b2fc1aa749287fb488e80cf195dd30f03b5e20bfc8a452da68db88f5b091258,False
1,meanfiringrate,147-24-0,71751-41-2,False,109,109,1.0,0.163095097083353,3b2fc1aa749287fb488e80cf195dd30f03b5e20bfc8a452da68db88f5b091258,False
1,meanfiringrate,1478-61-1,111-94-4,False,109,109,1.0,0.163095097083353,3b2fc1aa749287fb488e80cf195dd30f03b5e20bfc8a452da68db88f5b091258,False
1,meanfiringrate,148477-71-8,298-04-4,False,109,109,1.0,0.163095097083353,3b2fc1aa749287fb488e80cf195dd30f03b5e20bfc8a452da68db88f5b091258,False
1,meanfiringrate,151506-44-4,8018-01-7,False,109,109,1.0,0.163095097083353,3b2fc1aa749287fb488e80cf195dd30f03b5e20bfc8a452da68db88f5b091258,False
1,meanfiringrate,153719-23-4,111988-49-9,False,109,109,1.0,0.163095097083353,3b2fc1aa749287fb488e80cf195dd30f03b5e20bfc8a452da68db88f5b091258,False
1,meanfiringrate,1563-66-2,55-98-1,False,109,109,1.0,0.163095097083353,3b2fc1aa749287fb488e80cf195dd30f03b5e20bfc8a452da68db88f5b091258,False
1,meanfiringrate,159138-81-5,115-29-7,False,109,109,1.0,0.163095097083353,3b2fc1aa749287fb488e80cf195dd30f03b5e20bfc8a452da68db88f5b091258,False
1,meanfiringrate,175013-18-0,1241-94-7,False,109,109,1.0,0.163095097083353,3b2fc1aa749287fb488e80cf195dd30f03b5e20bfc8a452da68db88f5b091258,False
1,meanfiringrate,183658-27-7,133-06-2,False,109,109,1.0,0.163095097083353,3b2fc1aa749287fb488e80cf195dd30f03b5e20bfc8a452da68db88f5b091258,False
1,meanfiringrate,191-24-2,59-30-3,False,109,109,1.0,0.163095097083353,3b2fc1aa749287fb488e80cf195dd30f03b5e20bfc8a452da68db88f5b091258,False
1,meanfiringrate,194098-25-4,638-38-0,False,109,109,1.0,0.163095097083353,3b2fc1aa749287fb488e80cf195dd30f03b5e20bfc8a452da68db88f5b091258,False
1,meanfiringrate,2001-95-8,80844-07-1,False,109,109,1.0,0.163095097083353,3b2fc1aa749287fb488e80cf195dd30f03b5e20bfc8a452da68db88f5b091258,False
1,meanfiringrate,207-08-9,109-86-4,False,109,109,1.0,0.163095097083353,3b2fc1aa749287fb488e80cf195dd30f03b5e20bfc8a452da68db88f5b091258,False
1,meanfiringrate,208-96-8,23031-36-9,False,109,109,1.0,0.163095097083353,3b2fc1aa749287fb488e80cf195dd30f03b5e20bfc8a452da68db88f5b091258,False
1,meanfiringrate,210880-92-5,175013-18-0,False,109,109,1.0,0.163095097083353,3b2fc1aa749287fb488e80cf195dd30f03b5e20bfc8a452da68db88f5b091258,False
1,meanfiringrate,215-58-7,28094-15-7,False,109,109,1.0,0.163095097083353,3b2fc1aa749287fb488e80cf195dd30f03b5e20bfc8a452da68db88f5b091258,False
1,meanfiringrate,2155-70-6,361377-29-9,False,109,109,1.0,0.163095097083353,3b2fc1aa749287fb488e80cf195dd30f03b5e20bfc8a452da68db88f5b091258,False
1,meanfiringrate,218-01-9,1478-61-1,False,109,109,1.0,0.163095097083353,3b2fc1aa749287fb488e80cf195dd30f03b5e20bfc8a452da68db88f5b091258,False
1,meanfiringrate,220860-50-4,36913-39-0,False,109,109,1.0,0.163095097083353,3b2fc1aa749287fb488e80cf195dd30f03b5e20bfc8a452da68db88f5b091258,False
1,meanfiringrate,23031-36-9,5436-43-1,False,109,109,1.0,0.163095097083353,3b2fc1aa749287fb488e80cf195dd30f03b5e20bfc8a452da68db88f5b091258,False
1,meanfiringrate,2385-85-5,28434-00-6,False,109,109,1.0,0.163095097083353,3b2fc1aa749287fb488e80cf195dd30f03b5e20bfc8a452da68db88f5b091258,False
1,meanfiringrate,2465-27-2,12108-13-3,False,109,109,1.0,0.163095097083353,3b2fc1aa749287fb488e80cf195dd30f03b5e20bfc8a452da68db88f5b091258,False
1,meanfiringrate,26040-51-7,113-48-4,False,109,109,1.0,0.163095097083353,3b2fc1aa749287fb488e80cf195dd30f03b5e20bfc8a452da68db88f5b091258,False
1,meanfiringrate,28094-15-7,1095-90-5,False,109,109,1.0,0.163095097083353,3b2fc1aa749287fb488e80cf195dd30f03b5e20bfc8a452da68db88f5b091258,False
1,meanfiringrate,28434-00-6,2001-95-8,False,109,109,1.0,0.163095097083353,3b2fc1aa749287fb488e80cf195dd30f03b5e20bfc8a452da68db88f5b091258,False
1,meanfiringrate,2971-36-0,39515-41-8,False,109,109,1.0,0.163095097083353,3b2fc1aa749287fb488e80cf195dd30f03b5e20bfc8a452da68db88f5b091258,False
1,meanfiringrate,29761-21-5,55406-53-6,False,109,109,1.0,0.163095097083353,3b2fc1aa749287fb488e80cf195dd30f03b5e20bfc8a452da68db88f5b091258,False
1,meanfiringrate,298-04-4,85-01-8,False,109,109,1.0,0.163095097083353,3b2fc1aa749287fb488e80cf195dd30f03b5e20bfc8a452da68db88f5b091258,False
1,meanfiringrate,309-00-2,72-20-8,False,109,109,1.0,0.163095097083353,3b2fc1aa749287fb488e80cf195dd30f03b5e20bfc8a452da68db88f5b091258,False
1,meanfiringrate,3380-34-5,194098-25-4,False,109,109,1.0,0.163095097083353,3b2fc1aa749287fb488e80cf195dd30f03b5e20bfc8a452da68db88f5b091258,False
1,meanfiringrate,361377-29-9,117428-22-5,False,109,109,1.0,0.163095097083353,3b2fc1aa749287fb488e80cf195dd30f03b5e20bfc8a452da68db88f5b091258,False
1,meanfiringrate,36913-39-0,62-38-4,False,109,109,1.0,0.163095097083353,3b2fc1aa749287fb488e80cf195dd30f03b5e20bfc8a452da68db88f5b091258,False
1,meanfiringrate,39515-41-8,57-74-9,False,109,109,1.0,0.163095097083353,3b2fc1aa749287fb488e80cf195dd30f03b5e20bfc8a452da68db88f5b091258,False
1,meanfiringrate,50-28-2,10043-35-3,False,109,109,1.0,0.163095097083353,3b2fc1aa749287fb488e80cf195dd30f03b5e20bfc8a452da68db88f5b091258,False
1,meanfiringrate,50-29-3,1330-78-5,False,109,109,1.0,0.163095097083353,3b2fc1aa749287fb488e80cf195dd30f03b5e20bfc8a452da68db88f5b091258,False
1,meanfiringrate,50-32-8,115-28-6,False,109,109,1.0,0.163095097083353,3b2fc1aa749287fb488e80cf195dd30f03b5e20bfc8a452da68db88f5b091258,False
1,meanfiringrate,50-55-5,80-09-1,False,109,109,1.0,0.163095097083353,3b2fc1aa749287fb488e80cf195dd30f03b5e20bfc8a452da68db88f5b091258,False
1,meanfiringrate,50-70-4,79538-32-2,False,109,109,1.0,0.163095097083353,3b2fc1aa749287fb488e80cf195dd30f03b5e20bfc8a452da68db88f5b091258,False
1,meanfiringrate,50-78-2,210880-92-5,False,109,109,1.0,0.163095097083353,3b2fc1aa749287fb488e80cf195dd30f03b5e20bfc8a452da68db88f5b091258,False
1,meanfiringrate,51-52-5,131860-33-8,False,109,109,1.0,0.163095097083353,3b2fc1aa749287fb488e80cf195dd30f03b5e20bfc8a452da68db88f5b091258,False
1,meanfiringrate,52645-53-1,29761-21-5,False,109,109,1.0,0.163095097083353,3b2fc1aa749287fb488e80cf195dd30f03b5e20bfc8a452da68db88f5b091258,False
1,meanfiringrate,53-70-3,2971-36-0,False,109,109,1.0,0.163095097083353,3b2fc1aa749287fb488e80cf195dd30f03b5e20bfc8a452da68db88f5b091258,False
1,meanfiringrate,5436-43-1,72-54-8,False,109,109,1.0,0.163095097083353,3b2fc1aa749287fb488e80cf195dd30f03b5e20bfc8a452da68db88f5b091258,False
1,meanfiringrate,55-98-1,50-28-2,False,109,109,1.0,0.163095097083353,3b2fc1aa749287fb488e80cf195dd30f03b5e20bfc8a452da68db88f5b091258,False
1,meanfiringrate,55406-53-6,56-55-3,False,109,109,1.0,0.163095097083353,3b2fc1aa749287fb488e80cf195dd30f03b5e20bfc8a452da68db88f5b091258,False
1,meanfiringrate,56-04-2,142459-58-3,False,109,109,1.0,0.163095097083353,3b2fc1aa749287fb488e80cf195dd30f03b5e20bfc8a452da68db88f5b091258,False
1,meanfiringrate,56-38-2,68359-37-5,False,109,109,1.0,0.163095097083353,3b2fc1aa749287fb488e80cf195dd30f03b5e20bfc8a452da68db88f5b091258,False
1,meanfiringrate,56-55-3,220860-50-4,False,109,109,1.0,0.163095097083353,3b2fc1aa749287fb488e80cf195dd30f03b5e20bfc8a452da68db88f5b091258,False
1,meanfiringrate,56803-37-3,8000-34-8,False,109,109,1.0,0.163095097083353,3b2fc1aa749287fb488e80cf195dd30f03b5e20bfc8a452da68db88f5b091258,False
1,meanfiringrate,57-74-9,68631-49-2,False,109,109,1.0,0.163095097083353,3b2fc1aa749287fb488e80cf195dd30f03b5e20bfc8a452da68db88f5b091258,False
1,meanfiringrate,57966-95-7,148477-71-8,False,109,109,1.0,0.163095097083353,3b2fc1aa749287fb488e80cf195dd30f03b5e20bfc8a452da68db88f5b091258,False
1,meanfiringrate,59-30-3,183658-27-7,False,109,109,1.0,0.163095097083353,3b2fc1aa749287fb488e80cf195dd30f03b5e20bfc8a452da68db88f5b091258,False
1,meanfiringrate,60-54-8,53-70-3,False,109,109,1.0,0.163095097083353,3b2fc1aa749287fb488e80cf195dd30f03b5e20bfc8a452da68db88f5b091258,False
1,meanfiringrate,60-56-0,82657-04-3,False,109,109,1.0,0.163095097083353,3b2fc1aa749287fb488e80cf195dd30f03b5e20bfc8a452da68db88f5b091258,False
1,meanfiringrate,62-38-4,2155-70-6,False,109,109,1.0,0.163095097083353,3b2fc1aa749287fb488e80cf195dd30f03b5e20bfc8a452da68db88f5b091258,False
1,meanfiringrate,633-65-8,789-02-6,False,109,109,1.0,0.163095097083353,3b2fc1aa749287fb488e80cf195dd30f03b5e20bfc8a452da68db88f5b091258,False
1,meanfiringrate,638-38-0,759-94-4,False,109,109,1.0,0.163095097083353,3b2fc1aa749287fb488e80cf195dd30f03b5e20bfc8a452da68db88f5b091258,False
1,meanfiringrate,66230-04-4,NOCAS_47330,False,109,109,1.0,0.163095097083353,3b2fc1aa749287fb488e80cf195dd30f03b5e20bfc8a452da68db88f5b091258,False
1,meanfiringrate,68359-37-5,50-29-3,False,109,109,1.0,0.163095097083353,3b2fc1aa749287fb488e80cf195dd30f03b5e20bfc8a452da68db88f5b091258,False
1,meanfiringrate,68631-49-2,69-65-8,False,109,109,1.0,0.163095097083353,3b2fc1aa749287fb488e80cf195dd30f03b5e20bfc8a452da68db88f5b091258,False
1,meanfiringrate,68937-41-7,147-24-0,False,109,109,1.0,0.163095097083353,3b2fc1aa749287fb488e80cf195dd30f03b5e20bfc8a452da68db88f5b091258,False
1,meanfiringrate,69-65-8,7487-94-7,False,109,109,1.0,0.163095097083353,3b2fc1aa749287fb488e80cf195dd30f03b5e20bfc8a452da68db88f5b091258,False
1,meanfiringrate,71751-41-2,7696-12-0,False,109,109,1.0,0.163095097083353,3b2fc1aa749287fb488e80cf195dd30f03b5e20bfc8a452da68db88f5b091258,False
1,meanfiringrate,72-20-8,101-02-0,False,109,109,1.0,0.163095097083353,3b2fc1aa749287fb488e80cf195dd30f03b5e20bfc8a452da68db88f5b091258,False
1,meanfiringrate,72-54-8,2385-85-5,False,109,109,1.0,0.163095097083353,3b2fc1aa749287fb488e80cf195dd30f03b5e20bfc8a452da68db88f5b091258,False
1,meanfiringrate,7487-94-7,153719-23-4,False,109,109,1.0,0.163095097083353,3b2fc1aa749287fb488e80cf195dd30f03b5e20bfc8a452da68db88f5b091258,False
1,meanfiringrate,759-94-4,56-38-2,False,109,109,1.0,0.163095097083353,3b2fc1aa749287fb488e80cf195dd30f03b5e20bfc8a452da68db88f5b091258,False
1,meanfiringrate,7696-12-0,208-96-8,False,109,109,1.0,0.163095097083353,3b2fc1aa749287fb488e80cf195dd30f03b5e20bfc8a452da68db88f5b091258,False
1,meanfiringrate,77-40-7,50-78-2,False,109,109,1.0,0.163095097083353,3b2fc1aa749287fb488e80cf195dd30f03b5e20bfc8a452da68db88f5b091258,False
1,meanfiringrate,789-02-6,86-73-7,False,109,109,1.0,0.163095097083353,3b2fc1aa749287fb488e80cf195dd30f03b5e20bfc8a452da68db88f5b091258,False
1,meanfiringrate,79538-32-2,117-81-7,False,109,109,1.0,0.163095097083353,3b2fc1aa749287fb488e80cf195dd30f03b5e20bfc8a452da68db88f5b091258,False
1,meanfiringrate,79902-63-9,77-40-7,False,109,109,1.0,0.163095097083353,3b2fc1aa749287fb488e80cf195dd30f03b5e20bfc8a452da68db88f5b091258,False
1,meanfiringrate,80-09-1,81131-70-6,False,109,109,1.0,0.163095097083353,3b2fc1aa749287fb488e80cf195dd30f03b5e20bfc8a452da68db88f5b091258,False
1,meanfiringrate,8000-34-8,26040-51-7,False,109,109,1.0,0.163095097083353,3b2fc1aa749287fb488e80cf195dd30f03b5e20bfc8a452da68db88f5b091258,False
1,meanfiringrate,8018-01-7,52645-53-1,False,109,109,1.0,0.163095097083353,3b2fc1aa749287fb488e80cf195dd30f03b5e20bfc8a452da68db88f5b091258,False
1,meanfiringrate,80844-07-1,848641-69-0,False,109,109,1.0,0.163095097083353,3b2fc1aa749287fb488e80cf195dd30f03b5e20bfc8a452da68db88f5b091258,False
1,meanfiringrate,81131-70-6,50-70-4,False,109,109,1.0,0.163095097083353,3b2fc1aa749287fb488e80cf195dd30f03b5e20bfc8a452da68db88f5b091258,False
1,meanfiringrate,82657-04-3,56-04-2,False,109,109,1.0,0.163095097083353,3b2fc1aa749287fb488e80cf195dd30f03b5e20bfc8a452da68db88f5b091258,False
1,meanfiringrate,848641-69-0,10453-86-8,False,109,109,1.0,0.163095097083353,3b2fc1aa749287fb488e80cf195dd30f03b5e20bfc8a452da68db88f5b091258,False
1,meanfiringrate,85-01-8,10540-29-1,False,109,109,1.0,0.163095097083353,3b2fc1aa749287fb488e80cf195dd30f03b5e20bfc8a452da68db88f5b091258,False
1,meanfiringrate,86-73-7,97-53-0,False,109,109,1.0,0.163095097083353,3b2fc1aa749287fb488e80cf195dd30f03b5e20bfc8a452da68db88f5b091258,False
1,meanfiringrate,97-53-0,215-58-7,False,109,109,1.0,0.163095097083353,3b2fc1aa749287fb488e80cf195dd30f03b5e20bfc8a452da68db88f5b091258,False
1,meanfiringrate,97-77-8,633-65-8,False,109,109,1.0,0.163095097083353,3b2fc1aa749287fb488e80cf195dd30f03b5e20bfc8a452da68db88f5b091258,False
1,meanfiringrate,NOCAS_47330,159138-81-5,False,109,109,1.0,0.163095097083353,3b2fc1aa749287fb488e80cf195dd30f03b5e20bfc8a452da68db88f5b091258,False
1,burst.per.min,10043-35-3,13674-84-5,False,109,109,1.0,0.1676658309073072,2f337d170dd7f9dd537692c015eeec90514d2354dbebb9b55190de5df1996c21,False
1,burst.per.min,101-02-0,142459-58-3,False,109,109,1.0,0.1676658309073072,2f337d170dd7f9dd537692c015eeec90514d2354dbebb9b55190de5df1996c21,False
1,burst.per.min,10453-86-8,218-01-9,False,109,109,1.0,0.1676658309073072,2f337d170dd7f9dd537692c015eeec90514d2354dbebb9b55190de5df1996c21,False
1,burst.per.min,10540-29-1,298-04-4,False,109,109,1.0,0.1676658309073072,2f337d170dd7f9dd537692c015eeec90514d2354dbebb9b55190de5df1996c21,False
1,burst.per.min,109-86-4,50-70-4,False,109,109,1.0,0.1676658309073072,2f337d170dd7f9dd537692c015eeec90514d2354dbebb9b55190de5df1996c21,False
1,burst.per.min,1095-90-5,638-38-0,False,109,109,1.0,0.1676658309073072,2f337d170dd7f9dd537692c015eeec90514d2354dbebb9b55190de5df1996c21,False
1,burst.per.min,111-94-4,26040-51-7,False,109,109,1.0,0.1676658309073072,2f337d170dd7f9dd537692c015eeec90514d2354dbebb9b55190de5df1996c21,False
1,burst.per.min,111988-49-9,131860-33-8,False,109,109,1.0,0.1676658309073072,2f337d170dd7f9dd537692c015eeec90514d2354dbebb9b55190de5df1996c21,False
1,burst.per.min,113-48-4,7487-94-7,False,109,109,1.0,0.1676658309073072,2f337d170dd7f9dd537692c015eeec90514d2354dbebb9b55190de5df1996c21,False
1,burst.per.min,114-07-8,133-06-2,False,109,109,1.0,0.1676658309073072,2f337d170dd7f9dd537692c015eeec90514d2354dbebb9b55190de5df1996c21,False
1,burst.per.min,115-28-6,101-02-0,False,109,109,1.0,0.1676658309073072,2f337d170dd7f9dd537692c015eeec90514d2354dbebb9b55190de5df1996c21,False
1,burst.per.min,115-29-7,2465-27-2,False,109,109,1.0,0.1676658309073072,2f337d170dd7f9dd537692c015eeec90514d2354dbebb9b55190de5df1996c21,False
1,burst.per.min,117-81-7,124378-77-4,False,109,109,1.0,0.1676658309073072,2f337d170dd7f9dd537692c015eeec90514d2354dbebb9b55190de5df1996c21,False
1,burst.per.min,117428-22-5,60-56-0,False,109,109,1.0,0.1676658309073072,2f337d170dd7f9dd537692c015eeec90514d2354dbebb9b55190de5df1996c21,False
1,burst.per.min,120-12-7,51-52-5,False,109,109,1.0,0.1676658309073072,2f337d170dd7f9dd537692c015eeec90514d2354dbebb9b55190de5df1996c21,False
1,burst.per.min,12108-13-3,120-12-7,False,109,109,1.0,0.1676658309073072,2f337d170dd7f9dd537692c015eeec90514d2354dbebb9b55190de5df1996c21,False
1,burst.per.min,1241-94-7,55-98-1,False,109,109,1.0,0.1676658309073072,2f337d170dd7f9dd537692c015eeec90514d2354dbebb9b55190de5df1996c21,False
1,burst.per.min,124378-77-4,28094-15-7,False,109,109,1.0,0.1676658309073072,2f337d170dd7f9dd537692c015eeec90514d2354dbebb9b55190de5df1996c21,False
1,burst.per.min,131860-33-8,82657-04-3,False,109,109,1.0,0.1676658309073072,2f337d170dd7f9dd537692c015eeec90514d2354dbebb9b55190de5df1996c21,False
1,burst.per.min,133-06-2,111988-49-9,False,109,109,1.0,0.1676658309073072,2f337d170dd7f9dd537692c015eeec90514d2354dbebb9b55190de5df1996c21,False
1,burst.per.min,1330-78-5,8000-34-8,False,109,109,1.0,0.1676658309073072,2f337d170dd7f9dd537692c015eeec90514d2354dbebb9b55190de5df1996c21,False
1,burst.per.min,13674-84-5,56-38-2,False,109,109,1.0,0.1676658309073072,2f337d170dd7f9dd537692c015eeec90514d2354dbebb9b55190de5df1996c21,False
1,burst.per.min,141517-21-7,86-73-7,False,109,109,1.0,0.1676658309073072,2f337d170dd7f9dd537692c015eeec90514d2354dbebb9b55190de5df1996c21,False
1,burst.per.min,142459-58-3,113-48-4,False,109,109,1.0,0.1676658309073072,2f337d170dd7f9dd537692c015eeec90514d2354dbebb9b55190de5df1996c21,False
1,burst.per.min,143-50-0,2001-95-8,False,109,109,1.0,0.1676658309073072,2f337d170dd7f9dd537692c015eeec90514d2354dbebb9b55190de5df1996c21,False
1,burst.per.min,147-24-0,60-54-8,False,109,109,1.0,0.1676658309073072,2f337d170dd7f9dd537692c015eeec90514d2354dbebb9b55190de5df1996c21,False
1,burst.per.min,1478-61-1,183658-27-7,False,109,109,1.0,0.1676658309073072,2f337d170dd7f9dd537692c015eeec90514d2354dbebb9b55190de5df1996c21,False
1,burst.per.min,148477-71-8,NOCAS_47330,False,109,109,1.0,0.1676658309073072,2f337d170dd7f9dd537692c015eeec90514d2354dbebb9b55190de5df1996c21,False
1,burst.per.min,151506-44-4,23031-36-9,False,109,109,1.0,0.1676658309073072,2f337d170dd7f9dd537692c015eeec90514d2354dbebb9b55190de5df1996c21,False
1,burst.per.min,153719-23-4,191-24-2,False,109,109,1.0,0.1676658309073072,2f337d170dd7f9dd537692c015eeec90514d2354dbebb9b55190de5df1996c21,False
1,burst.per.min,1563-66-2,29761-21-5,False,109,109,1.0,0.1676658309073072,2f337d170dd7f9dd537692c015eeec90514d2354dbebb9b55190de5df1996c21,False
1,burst.per.min,159138-81-5,72-54-8,False,109,109,1.0,0.1676658309073072,2f337d170dd7f9dd537692c015eeec90514d2354dbebb9b55190de5df1996c21,False
1,burst.per.min,175013-18-0,111-94-4,False,109,109,1.0,0.1676658309073072,2f337d170dd7f9dd537692c015eeec90514d2354dbebb9b55190de5df1996c21,False
1,burst.per.min,183658-27-7,39515-41-8,False,109,109,1.0,0.1676658309073072,2f337d170dd7f9dd537692c015eeec90514d2354dbebb9b55190de5df1996c21,False
1,burst.per.min,191-24-2,194098-25-4,False,109,109,1.0,0.1676658309073072,2f337d170dd7f9dd537692c015eeec90514d2354dbebb9b55190de5df1996c21,False
1,burst.per.min,194098-25-4,147-24-0,False,109,109,1.0,0.1676658309073072,2f337d170dd7f9dd537692c015eeec90514d2354dbebb9b55190de5df1996c21,False
1,burst.per.min,2001-95-8,71751-41-2,False,109,109,1.0,0.1676658309073072,2f337d170dd7f9dd537692c015eeec90514d2354dbebb9b55190de5df1996c21,False
1,burst.per.min,207-08-9,8018-01-7,False,109,109,1.0,0.1676658309073072,2f337d170dd7f9dd537692c015eeec90514d2354dbebb9b55190de5df1996c21,False
1,burst.per.min,208-96-8,759-94-4,False,109,109,1.0,0.1676658309073072,2f337d170dd7f9dd537692c015eeec90514d2354dbebb9b55190de5df1996c21,False
1,burst.per.min,210880-92-5,55406-53-6,False,109,109,1.0,0.1676658309073072,2f337d170dd7f9dd537692c015eeec90514d2354dbebb9b55190de5df1996c21,False
1,burst.per.min,215-58-7,1241-94-7,False,109,109,1.0,0.1676658309073072,2f337d170dd7f9dd537692c015eeec90514d2354dbebb9b55190de5df1996c21,False
1,burst.per.min,2155-70-6,3380-34-5,False,109,109,1.0,0.1676658309073072,2f337d170dd7f9dd537692c015eeec90514d2354dbebb9b55190de5df1996c21,False
1,burst.per.min,218-01-9,57-74-9,False,109,109,1.0,0.1676658309073072,2f337d170dd7f9dd537692c015eeec90514d2354dbebb9b55190de5df1996c21,False
1,burst.per.min,220860-50-4,50-78-2,False,109,109,1.0,0.1676658309073072,2f337d170dd7f9dd537692c015eeec90514d2354dbebb9b55190de5df1996c21,False
1,burst.per.min,23031-36-9,10043-35-3,False,109,109,1.0,0.1676658309073072,2f337d170dd7f9dd537692c015eeec90514d2354dbebb9b55190de5df1996c21,False
1,burst.per.min,2385-85-5,175013-18-0,False,109,109,1.0,0.1676658309073072,2f337d170dd7f9dd537692c015eeec90514d2354dbebb9b55190de5df1996c21,False
1,burst.per.min,2465-27-2,85-01-8,False,109,109,1.0,0.1676658309073072,2f337d170dd7f9dd537692c015eeec90514d2354dbebb9b55190de5df1996c21,False
1,burst.per.min,26040-51-7,789-02-6,False,109,109,1.0,0.1676658309073072,2f337d170dd7f9dd537692c015eeec90514d2354dbebb9b55190de5df1996c21,False
1,burst.per.min,28094-15-7,210880-92-5,False,109,109,1.0,0.1676658309073072,2f337d170dd7f9dd537692c015eeec90514d2354dbebb9b55190de5df1996c21,False
1,burst.per.min,28434-00-6,148477-71-8,False,109,109,1.0,0.1676658309073072,2f337d170dd7f9dd537692c015eeec90514d2354dbebb9b55190de5df1996c21,False
1,burst.per.min,2971-36-0,117-81-7,False,109,109,1.0,0.1676658309073072,2f337d170dd7f9dd537692c015eeec90514d2354dbebb9b55190de5df1996c21,False
1,burst.per.min,29761-21-5,848641-69-0,False,109,109,1.0,0.1676658309073072,2f337d170dd7f9dd537692c015eeec90514d2354dbebb9b55190de5df1996c21,False
1,burst.per.min,298-04-4,309-00-2,False,109,109,1.0,0.1676658309073072,2f337d170dd7f9dd537692c015eeec90514d2354dbebb9b55190de5df1996c21,False
1,burst.per.min,309-00-2,62-38-4,False,109,109,1.0,0.1676658309073072,2f337d170dd7f9dd537692c015eeec90514d2354dbebb9b55190de5df1996c21,False
1,burst.per.min,3380-34-5,36913-39-0,False,109,109,1.0,0.1676658309073072,2f337d170dd7f9dd537692c015eeec90514d2354dbebb9b55190de5df1996c21,False
1,burst.per.min,361377-29-9,77-40-7,False,109,109,1.0,0.1676658309073072,2f337d170dd7f9dd537692c015eeec90514d2354dbebb9b55190de5df1996c21,False
1,burst.per.min,36913-39-0,220860-50-4,False,109,109,1.0,0.1676658309073072,2f337d170dd7f9dd537692c015eeec90514d2354dbebb9b55190de5df1996c21,False
1,burst.per.min,39515-41-8,1330-78-5,False,109,109,1.0,0.1676658309073072,2f337d170dd7f9dd537692c015eeec90514d2354dbebb9b55190de5df1996c21,False
1,burst.per.min,50-28-2,207-08-9,False,109,109,1.0,0.1676658309073072,2f337d170dd7f9dd537692c015eeec90514d2354dbebb9b55190de5df1996c21,False
1,burst.per.min,50-29-3,115-28-6,False,109,109,1.0,0.1676658309073072,2f337d170dd7f9dd537692c015eeec90514d2354dbebb9b55190de5df1996c21,False
1,burst.per.min,50-32-8,633-65-8,False,109,109,1.0,0.1676658309073072,2f337d170dd7f9dd537692c015eeec90514d2354dbebb9b55190de5df1996c21,False
1,burst.per.min,50-55-5,2385-85-5,False,109,109,1.0,0.1676658309073072,2f337d170dd7f9dd537692c015eeec90514d2354dbebb9b55190de5df1996c21,False
1,burst.per.min,50-70-4,68631-49-2,False,109,109,1.0,0.1676658309073072,2f337d170dd7f9dd537692c015eeec90514d2354dbebb9b55190de5df1996c21,False
1,burst.per.min,50-78-2,97-53-0,False,109,109,1.0,0.1676658309073072,2f337d170dd7f9dd537692c015eeec90514d2354dbebb9b55190de5df1996c21,False
1,burst.per.min,51-52-5,114-07-8,False,109,109,1.0,0.1676658309073072,2f337d170dd7f9dd537692c015eeec90514d2354dbebb9b55190de5df1996c21,False
1,burst.per.min,52645-53-1,79902-63-9,False,109,109,1.0,0.1676658309073072,2f337d170dd7f9dd537692c015eeec90514d2354dbebb9b55190de5df1996c21,False
1,burst.per.min,53-70-3,56-55-3,False,109,109,1.0,0.1676658309073072,2f337d170dd7f9dd537692c015eeec90514d2354dbebb9b55190de5df1996c21,False
1,burst.per.min,5436-43-1,97-77-8,False,109,109,1.0,0.1676658309073072,2f337d170dd7f9dd537692c015eeec90514d2354dbebb9b55190de5df1996c21,False
1,burst.per.min,55-98-1,50-29-3,False,109,109,1.0,0.1676658309073072,2f337d170dd7f9dd537692c015eeec90514d2354dbebb9b55190de5df1996c21,False
1,burst.per.min,55406-53-6,208-96-8,False,109,109,1.0,0.1676658309073072,2f337d170dd7f9dd537692c015eeec90514d2354dbebb9b55190de5df1996c21,False
1,burst.per.min,56-04-2,72-20-8,False,109,109,1.0,0.1676658309073072,2f337d170dd7f9dd537692c015eeec90514d2354dbebb9b55190de5df1996c21,False
1,burst.per.min,56-38-2,56803-37-3,False,109,109,1.0,0.1676658309073072,2f337d170dd7f9dd537692c015eeec90514d2354dbebb9b55190de5df1996c21,False
1,burst.per.min,56-55-3,151506-44-4,False,109,109,1.0,0.1676658309073072,2f337d170dd7f9dd537692c015eeec90514d2354dbebb9b55190de5df1996c21,False
1,burst.per.min,56803-37-3,117428-22-5,False,109,109,1.0,0.1676658309073072,2f337d170dd7f9dd537692c015eeec90514d2354dbebb9b55190de5df1996c21,False
1,burst.per.min,57-74-9,7696-12-0,False,109,109,1.0,0.1676658309073072,2f337d170dd7f9dd537692c015eeec90514d2354dbebb9b55190de5df1996c21,False
1,burst.per.min,57966-95-7,10540-29-1,False,109,109,1.0,0.1676658309073072,2f337d170dd7f9dd537692c015eeec90514d2354dbebb9b55190de5df1996c21,False
1,burst.per.min,59-30-3,66230-04-4,False,109,109,1.0,0.1676658309073072,2f337d170dd7f9dd537692c015eeec90514d2354dbebb9b55190de5df1996c21,False
1,burst.per.min,60-54-8,109-86-4,False,109,109,1.0,0.1676658309073072,2f337d170dd7f9dd537692c015eeec90514d2354dbebb9b55190de5df1996c21,False
1,burst.per.min,60-56-0,12108-13-3,False,109,109,1.0,0.1676658309073072,2f337d170dd7f9dd537692c015eeec90514d2354dbebb9b55190de5df1996c21,False
1,burst.per.min,62-38-4,215-58-7,False,109,109,1.0,0.1676658309073072,2f337d170dd7f9dd537692c015eeec90514d2354dbebb9b55190de5df1996c21,False
1,burst.per.min,633-65-8,79538-32-2,False,109,109,1.0,0.1676658309073072,2f337d170dd7f9dd537692c015eeec90514d2354dbebb9b55190de5df1996c21,False
1,burst.per.min,638-38-0,10453-86-8,False,109,109,1.0,0.1676658309073072,2f337d170dd7f9dd537692c015eeec90514d2354dbebb9b55190de5df1996c21,False
1,burst.per.min,66230-04-4,80844-07-1,False,109,109,1.0,0.1676658309073072,2f337d170dd7f9dd537692c015eeec90514d2354dbebb9b55190de5df1996c21,False
1,burst.per.min,68359-37-5,1563-66-2,False,109,109,1.0,0.1676658309073072,2f337d170dd7f9dd537692c015eeec90514d2354dbebb9b55190de5df1996c21,False
1,burst.per.min,68631-49-2,2971-36-0,False,109,109,1.0,0.1676658309073072,2f337d170dd7f9dd537692c015eeec90514d2354dbebb9b55190de5df1996c21,False
1,burst.per.min,68937-41-7,115-29-7,False,109,109,1.0,0.1676658309073072,2f337d170dd7f9dd537692c015eeec90514d2354dbebb9b55190de5df1996c21,False
1,burst.per.min,69-65-8,141517-21-7,False,109,109,1.0,0.1676658309073072,2f337d170dd7f9dd537692c015eeec90514d2354dbebb9b55190de5df1996c21,False
1,burst.per.min,71751-41-2,50-28-2,False,109,109,1.0,0.1676658309073072,2f337d170dd7f9dd537692c015eeec90514d2354dbebb9b55190de5df1996c21,False
1,burst.per.min,72-20-8,1478-61-1,False,109,109,1.0,0.1676658309073072,2f337d170dd7f9dd537692c015eeec90514d2354dbebb9b55190de5df1996c21,False
1,burst.per.min,72-54-8,5436-43-1,False,109,109,1.0,0.1676658309073072,2f337d170dd7f9dd537692c015eeec90514d2354dbebb9b55190de5df1996c21,False
1,burst.per.min,7487-94-7,28434-00-6,False,109,109,1.0,0.1676658309073072,2f337d170dd7f9dd537692c015eeec90514d2354dbebb9b55190de5df1996c21,False
1,burst.per.min,759-94-4,56-04-2,False,109,109,1.0,0.1676658309073072,2f337d170dd7f9dd537692c015eeec90514d2354dbebb9b55190de5df1996c21,False
1,burst.per.min,7696-12-0,153719-23-4,False,109,109,1.0,0.1676658309073072,2f337d170dd7f9dd537692c015eeec90514d2354dbebb9b55190de5df1996c21,False
1,burst.per.min,77-40-7,50-55-5,False,109,109,1.0,0.1676658309073072,2f337d170dd7f9dd537692c015eeec90514d2354dbebb9b55190de5df1996c21,False
1,burst.per.min,789-02-6,53-70-3,False,109,109,1.0,0.1676658309073072,2f337d170dd7f9dd537692c015eeec90514d2354dbebb9b55190de5df1996c21,False
1,burst.per.min,79538-32-2,361377-29-9,False,109,109,1.0,0.1676658309073072,2f337d170dd7f9dd537692c015eeec90514d2354dbebb9b55190de5df1996c21,False
1,burst.per.min,79902-63-9,59-30-3,False,109,109,1.0,0.1676658309073072,2f337d170dd7f9dd537692c015eeec90514d2354dbebb9b55190de5df1996c21,False
1,burst.per.min,80-09-1,68937-41-7,False,109,109,1.0,0.1676658309073072,2f337d170dd7f9dd537692c015eeec90514d2354dbebb9b55190de5df1996c21,False
1,burst.per.min,8000-34-8,50-32-8,False,109,109,1.0,0.1676658309073072,2f337d170dd7f9dd537692c015eeec90514d2354dbebb9b55190de5df1996c21,False
1,burst.per.min,8018-01-7,52645-53-1,False,109,109,1.0,0.1676658309073072,2f337d170dd7f9dd537692c015eeec90514d2354dbebb9b55190de5df1996c21,False
1,burst.per.min,80844-07-1,81131-70-6,False,109,109,1.0,0.1676658309073072,2f337d170dd7f9dd537692c015eeec90514d2354dbebb9b55190de5df1996c21,False
1,burst.per.min,81131-70-6,69-65-8,False,109,109,1.0,0.1676658309073072,2f337d170dd7f9dd537692c015eeec90514d2354dbebb9b55190de5df1996c21,False
1,burst.per.min,82657-04-3,68359-37-5,False,109,109,1.0,0.1676658309073072,2f337d170dd7f9dd537692c015eeec90514d2354dbebb9b55190de5df1996c21,False
1,burst.per.min,848641-69-0,57966-95-7,False,109,109,1.0,0.1676658309073072,2f337d170dd7f9dd537692c015eeec90514d2354dbebb9b55190de5df1996c21,False
1,burst.per.min,85-01-8,2155-70-6,False,109,109,1.0,0.1676658309073072,2f337d170dd7f9dd537692c015eeec90514d2354dbebb9b55190de5df1996c21,False
1,burst.per.min,86-73-7,80-09-1,False,109,109,1.0,0.1676658309073072,2f337d170dd7f9dd537692c015eeec90514d2354dbebb9b55190de5df1996c21,False
1,burst.per.min,97-53-0,1095-90-5,False,109,109,1.0,0.1676658309073072,2f337d170dd7f9dd537692c015eeec90514d2354dbebb9b55190de5df1996c21,False
1,burst.per.min,97-77-8,159138-81-5,False,109,109,1.0,0.1676658309073072,2f337d170dd7f9dd537692c015eeec90514d2354dbebb9b55190de5df1996c21,False
1,burst.per.min,NOCAS_47330,143-50-0,False,109,109,1.0,0.1676658309073072,2f337d170dd7f9dd537692c015eeec90514d2354dbebb9b55190de5df1996c21,False
1,nAE,10043-35-3,218-01-9,False,109,109,1.0,0.014969928146711177,49a380cf8732ea3ade3149955637a5f0b96b71522f2161fc5b7d6d10468b0a7d,False
1,nAE,101-02-0,86-73-7,False,109,109,1.0,0.014969928146711177,49a380cf8732ea3ade3149955637a5f0b96b71522f2161fc5b7d6d10468b0a7d,False
1,nAE,10453-86-8,148477-71-8,False,109,109,1.0,0.014969928146711177,49a380cf8732ea3ade3149955637a5f0b96b71522f2161fc5b7d6d10468b0a7d,False
1,nAE,10540-29-1,57-74-9,False,109,109,1.0,0.014969928146711177,49a380cf8732ea3ade3149955637a5f0b96b71522f2161fc5b7d6d10468b0a7d,False
1,nAE,109-86-4,10453-86-8,False,109,109,1.0,0.014969928146711177,49a380cf8732ea3ade3149955637a5f0b96b71522f2161fc5b7d6d10468b0a7d,False
1,nAE,1095-90-5,848641-69-0,False,109,109,1.0,0.014969928146711177,49a380cf8732ea3ade3149955637a5f0b96b71522f2161fc5b7d6d10468b0a7d,False
1,nAE,111-94-4,1563-66-2,False,109,109,1.0,0.014969928146711177,49a380cf8732ea3ade3149955637a5f0b96b71522f2161fc5b7d6d10468b0a7d,False
1,nAE,111988-49-9,194098-25-4,False,109,109,1.0,0.014969928146711177,49a380cf8732ea3ade3149955637a5f0b96b71522f2161fc5b7d6d10468b0a7d,False
1,nAE,113-48-4,759-94-4,False,109,109,1.0,0.014969928146711177,49a380cf8732ea3ade3149955637a5f0b96b71522f2161fc5b7d6d10468b0a7d,False
1,nAE,114-07-8,111-94-4,False,109,109,1.0,0.014969928146711177,49a380cf8732ea3ade3149955637a5f0b96b71522f2161fc5b7d6d10468b0a7d,False
1,nAE,115-28-6,151506-44-4,False,109,109,1.0,0.014969928146711177,49a380cf8732ea3ade3149955637a5f0b96b71522f2161fc5b7d6d10468b0a7d,False
1,nAE,115-29-7,111988-49-9,False,109,109,1.0,0.014969928146711177,49a380cf8732ea3ade3149955637a5f0b96b71522f2161fc5b7d6d10468b0a7d,False
1,nAE,117-81-7,789-02-6,False,109,109,1.0,0.014969928146711177,49a380cf8732ea3ade3149955637a5f0b96b71522f2161fc5b7d6d10468b0a7d,False
1,nAE,117428-22-5,114-07-8,False,109,109,1.0,0.014969928146711177,49a380cf8732ea3ade3149955637a5f0b96b71522f2161fc5b7d6d10468b0a7d,False
1,nAE,120-12-7,1095-90-5,False,109,109,1.0,0.014969928146711177,49a380cf8732ea3ade3149955637a5f0b96b71522f2161fc5b7d6d10468b0a7d,False
1,nAE,12108-13-3,2971-36-0,False,109,109,1.0,0.014969928146711177,49a380cf8732ea3ade3149955637a5f0b96b71522f2161fc5b7d6d10468b0a7d,False
1,nAE,1241-94-7,80844-07-1,False,109,109,1.0,0.014969928146711177,49a380cf8732ea3ade3149955637a5f0b96b71522f2161fc5b7d6d10468b0a7d,False
1,nAE,124378-77-4,50-78-2,False,109,109,1.0,0.014969928146711177,49a380cf8732ea3ade3149955637a5f0b96b71522f2161fc5b7d6d10468b0a7d,False
1,nAE,131860-33-8,638-38-0,False,109,109,1.0,0.014969928146711177,49a380cf8732ea3ade3149955637a5f0b96b71522f2161fc5b7d6d10468b0a7d,False
1,nAE,133-06-2,60-54-8,False,109,109,1.0,0.014969928146711177,49a380cf8732ea3ade3149955637a5f0b96b71522f2161fc5b7d6d10468b0a7d,False
1,nAE,1330-78-5,56803-37-3,False,109,109,1.0,0.014969928146711177,49a380cf8732ea3ade3149955637a5f0b96b71522f2161fc5b7d6d10468b0a7d,False
1,nAE,13674-84-5,208-96-8,False,109,109,1.0,0.014969928146711177,49a380cf8732ea3ade3149955637a5f0b96b71522f2161fc5b7d6d10468b0a7d,False
1,nAE,141517-21-7,68359-37-5,False,109,109,1.0,0.014969928146711177,49a380cf8732ea3ade3149955637a5f0b96b71522f2161fc5b7d6d10468b0a7d,False
1,nAE,142459-58-3,39515-41-8,False,109,109,1.0,0.014969928146711177,49a380cf8732ea3ade3149955637a5f0b96b71522f2161fc5b7d6d10468b0a7d,False
1,nAE,143-50-0,NOCAS_47330,False,109,109,1.0,0.014969928146711177,49a380cf8732ea3ade3149955637a5f0b96b71522f2161fc5b7d6d10468b0a7d,False
1,nAE,147-24-0,131860-33-8,False,109,109,1.0,0.014969928146711177,49a380cf8732ea3ade3149955637a5f0b96b71522f2161fc5b7d6d10468b0a7d,False
1,nAE,1478-61-1,72-54-8,False,109,109,1.0,0.014969928146711177,49a380cf8732ea3ade3149955637a5f0b96b71522f2161fc5b7d6d10468b0a7d,False
1,nAE,148477-71-8,147-24-0,False,109,109,1.0,0.014969928146711177,49a380cf8732ea3ade3149955637a5f0b96b71522f2161fc5b7d6d10468b0a7d,False
1,nAE,151506-44-4,2155-70-6,False,109,109,1.0,0.014969928146711177,49a380cf8732ea3ade3149955637a5f0b96b71522f2161fc5b7d6d10468b0a7d,False
1,nAE,153719-23-4,8018-01-7,False,109,109,1.0,0.014969928146711177,49a380cf8732ea3ade3149955637a5f0b96b71522f2161fc5b7d6d10468b0a7d,False
1,nAE,1563-66-2,29761-21-5,False,109,109,1.0,0.014969928146711177,49a380cf8732ea3ade3149955637a5f0b96b71522f2161fc5b7d6d10468b0a7d,False
1,nAE,159138-81-5,69-65-8,False,109,109,1.0,0.014969928146711177,49a380cf8732ea3ade3149955637a5f0b96b71522f2161fc5b7d6d10468b0a7d,False
1,nAE,175013-18-0,115-29-7,False,109,109,1.0,0.014969928146711177,49a380cf8732ea3ade3149955637a5f0b96b71522f2161fc5b7d6d10468b0a7d,False
1,nAE,183658-27-7,115-28-6,False,109,109,1.0,0.014969928146711177,49a380cf8732ea3ade3149955637a5f0b96b71522f2161fc5b7d6d10468b0a7d,False
1,nAE,191-24-2,142459-58-3,False,109,109,1.0,0.014969928146711177,49a380cf8732ea3ade3149955637a5f0b96b71522f2161fc5b7d6d10468b0a7d,False
1,nAE,194098-25-4,143-50-0,False,109,109,1.0,0.014969928146711177,49a380cf8732ea3ade3149955637a5f0b96b71522f2161fc5b7d6d10468b0a7d,False
1,nAE,2001-95-8,1241-94-7,False,109,109,1.0,0.014969928146711177,49a380cf8732ea3ade3149955637a5f0b96b71522f2161fc5b7d6d10468b0a7d,False
1,nAE,207-08-9,309-00-2,False,109,109,1.0,0.014969928146711177,49a380cf8732ea3ade3149955637a5f0b96b71522f2161fc5b7d6d10468b0a7d,False
1,nAE,208-96-8,1478-61-1,False,109,109,1.0,0.014969928146711177,49a380cf8732ea3ade3149955637a5f0b96b71522f2161fc5b7d6d10468b0a7d,False
1,nAE,210880-92-5,52645-53-1,False,109,109,1.0,0.014969928146711177,49a380cf8732ea3ade3149955637a5f0b96b71522f2161fc5b7d6d10468b0a7d,False
1,nAE,215-58-7,3380-34-5,False,109,109,1.0,0.014969928146711177,49a380cf8732ea3ade3149955637a5f0b96b71522f2161fc5b7d6d10468b0a7d,False
1,nAE,2155-70-6,72-20-8,False,109,109,1.0,0.014969928146711177,49a380cf8732ea3ade3149955637a5f0b96b71522f2161fc5b7d6d10468b0a7d,False
1,nAE,218-01-9,81131-70-6,False,109,109,1.0,0.014969928146711177,49a380cf8732ea3ade3149955637a5f0b96b71522f2161fc5b7d6d10468b0a7d,False
1,nAE,220860-50-4,2465-27-2,False,109,109,1.0,0.014969928146711177,49a380cf8732ea3ade3149955637a5f0b96b71522f2161fc5b7d6d10468b0a7d,False
1,nAE,23031-36-9,50-70-4,False,109,109,1.0,0.014969928146711177,49a380cf8732ea3ade3149955637a5f0b96b71522f2161fc5b7d6d10468b0a7d,False
1,nAE,2385-85-5,633-65-8,False,109,109,1.0,0.014969928146711177,49a380cf8732ea3ade3149955637a5f0b96b71522f2161fc5b7d6d10468b0a7d,False
1,nAE,2465-27-2,82657-04-3,False,109,109,1.0,0.014969928146711177,49a380cf8732ea3ade3149955637a5f0b96b71522f2161fc5b7d6d10468b0a7d,False
1,nAE,26040-51-7,175013-18-0,False,109,109,1.0,0.014969928146711177,49a380cf8732ea3ade3149955637a5f0b96b71522f2161fc5b7d6d10468b0a7d,False
1,nAE,28094-15-7,2385-85-5,False,109,109,1.0,0.014969928146711177,49a380cf8732ea3ade3149955637a5f0b96b71522f2161fc5b7d6d10468b0a7d,False
1,nAE,28434-00-6,68631-49-2,False,109,109,1.0,0.014969928146711177,49a380cf8732ea3ade3149955637a5f0b96b71522f2161fc5b7d6d10468b0a7d,False
1,nAE,2971-36-0,101-02-0,False,109,109,1.0,0.014969928146711177,49a380cf8732ea3ade3149955637a5f0b96b71522f2161fc5b7d6d10468b0a7d,False
1,nAE,29761-21-5,51-52-5,False,109,109,1.0,0.014969928146711177,49a380cf8732ea3ade3149955637a5f0b96b71522f2161fc5b7d6d10468b0a7d,False
1,nAE,298-04-4,191-24-2,False,109,109,1.0,0.014969928146711177,49a380cf8732ea3ade3149955637a5f0b96b71522f2161fc5b7d6d10468b0a7d,False
1,nAE,309-00-2,80-09-1,False,109,109,1.0,0.014969928146711177,49a380cf8732ea3ade3149955637a5f0b96b71522f2161fc5b7d6d10468b0a7d,False
1,nAE,3380-34-5,215-58-7,False,109,109,1.0,0.014969928146711177,49a380cf8732ea3ade3149955637a5f0b96b71522f2161fc5b7d6d10468b0a7d,False
1,nAE,361377-29-9,124378-77-4,False,109,109,1.0,0.014969928146711177,49a380cf8732ea3ade3149955637a5f0b96b71522f2161fc5b7d6d10468b0a7d,False
1,nAE,36913-39-0,66230-04-4,False,109,109,1.0,0.014969928146711177,49a380cf8732ea3ade3149955637a5f0b96b71522f2161fc5b7d6d10468b0a7d,False
1,nAE,39515-41-8,60-56-0,False,109,109,1.0,0.014969928146711177,49a380cf8732ea3ade3149955637a5f0b96b71522f2161fc5b7d6d10468b0a7d,False
1,nAE,50-28-2,50-55-5,False,109,109,1.0,0.014969928146711177,49a380cf8732ea3ade3149955637a5f0b96b71522f2161fc5b7d6d10468b0a7d,False
1,nAE,50-29-3,109-86-4,False,109,109,1.0,0.014969928146711177,49a380cf8732ea3ade3149955637a5f0b96b71522f2161fc5b7d6d10468b0a7d,False
1,nAE,50-32-8,77-40-7,False,109,109,1.0,0.014969928146711177,49a380cf8732ea3ade3149955637a5f0b96b71522f2161fc5b7d6d10468b0a7d,False
1,nAE,50-55-5,79902-63-9,False,109,109,1.0,0.014969928146711177,49a380cf8732ea3ade3149955637a5f0b96b71522f2161fc5b7d6d10468b0a7d,False
1,nAE,50-70-4,207-08-9,False,109,109,1.0,0.014969928146711177,49a380cf8732ea3ade3149955637a5f0b96b71522f2161fc5b7d6d10468b0a7d,False
1,nAE,50-78-2,183658-27-7,False,109,109,1.0,0.014969928146711177,49a380cf8732ea3ade3149955637a5f0b96b71522f2161fc5b7d6d10468b0a7d,False
1,nAE,51-52-5,7487-94-7,False,109,109,1.0,0.014969928146711177,49a380cf8732ea3ade3149955637a5f0b96b71522f2161fc5b7d6d10468b0a7d,False
1,nAE,52645-53-1,79538-32-2,False,109,109,1.0,0.014969928146711177,49a380cf8732ea3ade3149955637a5f0b96b71522f2161fc5b7d6d10468b0a7d,False
1,nAE,53-70-3,23031-36-9,False,109,109,1.0,0.014969928146711177,49a380cf8732ea3ade3149955637a5f0b96b71522f2161fc5b7d6d10468b0a7d,False
1,nAE,5436-43-1,13674-84-5,False,109,109,1.0,0.014969928146711177,49a380cf8732ea3ade3149955637a5f0b96b71522f2161fc5b7d6d10468b0a7d,False
1,nAE,55-98-1,56-55-3,False,109,109,1.0,0.014969928146711177,49a380cf8732ea3ade3149955637a5f0b96b71522f2161fc5b7d6d10468b0a7d,False
1,nAE,55406-53-6,298-04-4,False,109,109,1.0,0.014969928146711177,49a380cf8732ea3ade3149955637a5f0b96b71522f2161fc5b7d6d10468b0a7d,False
1,nAE,56-04-2,10043-35-3,False,109,109,1.0,0.014969928146711177,49a380cf8732ea3ade3149955637a5f0b96b71522f2161fc5b7d6d10468b0a7d,False
1,nAE,56-38-2,55-98-1,False,109,109,1.0,0.014969928146711177,49a380cf8732ea3ade3149955637a5f0b96b71522f2161fc5b7d6d10468b0a7d,False
1,nAE,56-55-3,1330-78-5,False,109,109,1.0,0.014969928146711177,49a380cf8732ea3ade3149955637a5f0b96b71522f2161fc5b7d6d10468b0a7d,False
1,nAE,56803-37-3,57966-95-7,False,109,109,1.0,0.014969928146711177,49a380cf8732ea3ade3149955637a5f0b96b71522f2161fc5b7d6d10468b0a7d,False
1,nAE,57-74-9,28434-00-6,False,109,109,1.0,0.014969928146711177,49a380cf8732ea3ade3149955637a5f0b96b71522f2161fc5b7d6d10468b0a7d,False
1,nAE,57966-95-7,12108-13-3,False,109,109,1.0,0.014969928146711177,49a380cf8732ea3ade3149955637a5f0b96b71522f2161fc5b7d6d10468b0a7d,False
1,nAE,59-30-3,97-77-8,False,109,109,1.0,0.014969928146711177,49a380cf8732ea3ade3149955637a5f0b96b71522f2161fc5b7d6d10468b0a7d,False
1,nAE,60-54-8,113-48-4,False,109,109,1.0,0.014969928146711177,49a380cf8732ea3ade3149955637a5f0b96b71522f2161fc5b7d6d10468b0a7d,False
1,nAE,60-56-0,7696-12-0,False,109,109,1.0,0.014969928146711177,49a380cf8732ea3ade3149955637a5f0b96b71522f2161fc5b7d6d10468b0a7d,False
1,nAE,62-38-4,50-29-3,False,109,109,1.0,0.014969928146711177,49a380cf8732ea3ade3149955637a5f0b96b71522f2161fc5b7d6d10468b0a7d,False
1,nAE,633-65-8,159138-81-5,False,109,109,1.0,0.014969928146711177,49a380cf8732ea3ade3149955637a5f0b96b71522f2161fc5b7d6d10468b0a7d,False
1,nAE,638-38-0,361377-29-9,False,109,109,1.0,0.014969928146711177,49a380cf8732ea3ade3149955637a5f0b96b71522f2161fc5b7d6d10468b0a7d,False
1,nAE,66230-04-4,53-70-3,False,109,109,1.0,0.014969928146711177,49a380cf8732ea3ade3149955637a5f0b96b71522f2161fc5b7d6d10468b0a7d,False
1,nAE,68359-37-5,2001-95-8,False,109,109,1.0,0.014969928146711177,49a380cf8732ea3ade3149955637a5f0b96b71522f2161fc5b7d6d10468b0a7d,False
1,nAE,68631-49-2,26040-51-7,False,109,109,1.0,0.014969928146711177,49a380cf8732ea3ade3149955637a5f0b96b71522f2161fc5b7d6d10468b0a7d,False
1,nAE,68937-41-7,36913-39-0,False,109,109,1.0,0.014969928146711177,49a380cf8732ea3ade3149955637a5f0b96b71522f2161fc5b7d6d10468b0a7d,False
1,nAE,69-65-8,68937-41-7,False,109,109,1.0,0.014969928146711177,49a380cf8732ea3ade3149955637a5f0b96b71522f2161fc5b7d6d10468b0a7d,False
1,nAE,71751-41-2,133-06-2,False,109,109,1.0,0.014969928146711177,49a380cf8732ea3ade3149955637a5f0b96b71522f2161fc5b7d6d10468b0a7d,False
1,nAE,72-20-8,56-04-2,False,109,109,1.0,0.014969928146711177,49a380cf8732ea3ade3149955637a5f0b96b71522f2161fc5b7d6d10468b0a7d,False
1,nAE,72-54-8,153719-23-4,False,109,109,1.0,0.014969928146711177,49a380cf8732ea3ade3149955637a5f0b96b71522f2161fc5b7d6d10468b0a7d,False
1,nAE,7487-94-7,5436-43-1,False,109,109,1.0,0.014969928146711177,49a380cf8732ea3ade3149955637a5f0b96b71522f2161fc5b7d6d10468b0a7d,False
1,nAE,759-94-4,85-01-8,False,109,109,1.0,0.014969928146711177,49a380cf8732ea3ade3149955637a5f0b96b71522f2161fc5b7d6d10468b0a7d,False
1,nAE,7696-12-0,97-53-0,False,109,109,1.0,0.014969928146711177,49a380cf8732ea3ade3149955637a5f0b96b71522f2161fc5b7d6d10468b0a7d,False
1,nAE,77-40-7,59-30-3,False,109,109,1.0,0.014969928146711177,49a380cf8732ea3ade3149955637a5f0b96b71522f2161fc5b7d6d10468b0a7d,False
1,nAE,789-02-6,117-81-7,False,109,109,1.0,0.014969928146711177,49a380cf8732ea3ade3149955637a5f0b96b71522f2161fc5b7d6d10468b0a7d,False
1,nAE,79538-32-2,56-38-2,False,109,109,1.0,0.014969928146711177,49a380cf8732ea3ade3149955637a5f0b96b71522f2161fc5b7d6d10468b0a7d,False
1,nAE,79902-63-9,55406-53-6,False,109,109,1.0,0.014969928146711177,49a380cf8732ea3ade3149955637a5f0b96b71522f2161fc5b7d6d10468b0a7d,False
1,nAE,80-09-1,71751-41-2,False,109,109,1.0,0.014969928146711177,49a380cf8732ea3ade3149955637a5f0b96b71522f2161fc5b7d6d10468b0a7d,False
1,nAE,8000-34-8,62-38-4,False,109,109,1.0,0.014969928146711177,49a380cf8732ea3ade3149955637a5f0b96b71522f2161fc5b7d6d10468b0a7d,False
1,nAE,8018-01-7,8000-34-8,False,109,109,1.0,0.014969928146711177,49a380cf8732ea3ade3149955637a5f0b96b71522f2161fc5b7d6d10468b0a7d,False
1,nAE,80844-07-1,50-28-2,False,109,109,1.0,0.014969928146711177,49a380cf8732ea3ade3149955637a5f0b96b71522f2161fc5b7d6d10468b0a7d,False
1,nAE,81131-70-6,210880-92-5,False,109,109,1.0,0.014969928146711177,49a380cf8732ea3ade3149955637a5f0b96b71522f2161fc5b7d6d10468b0a7d,False
1,nAE,82657-04-3,50-32-8,False,109,109,1.0,0.014969928146711177,49a380cf8732ea3ade3149955637a5f0b96b71522f2161fc5b7d6d10468b0a7d,False
1,nAE,848641-69-0,10540-29-1,False,109,109,1.0,0.014969928146711177,49a380cf8732ea3ade3149955637a5f0b96b71522f2161fc5b7d6d10468b0a7d,False
1,nAE,85-01-8,28094-15-7,False,109,109,1.0,0.014969928146711177,49a380cf8732ea3ade3149955637a5f0b96b71522f2161fc5b7d6d10468b0a7d,False
1,nAE,86-73-7,117428-22-5,False,109,109,1.0,0.014969928146711177,49a380cf8732ea3ade3149955637a5f0b96b71522f2161fc5b7d6d10468b0a7d,False
1,nAE,97-53-0,220860-50-4,False,109,109,1.0,0.014969928146711177,49a380cf8732ea3ade3149955637a5f0b96b71522f2161fc5b7d6d10468b0a7d,False
1,nAE,97-77-8,120-12-7,False,109,109,1.0,0.014969928146711177,49a380cf8732ea3ade3149955637a5f0b96b71522f2161fc5b7d6d10468b0a7d,False
1,nAE,NOCAS_47330,141517-21-7,False,109,109,1.0,0.014969928146711177,49a380cf8732ea3ade3149955637a5f0b96b71522f2161fc5b7d6d10468b0a7d,False
1,ns.n,10043-35-3,2385-85-5,False,100,100,1.0,0.046994799449812066,6862215007ba75b5c421790cd12357026644b751347ffa42b88c37b316caf48d,False
1,ns.n,101-02-0,85-01-8,False,100,100,1.0,0.046994799449812066,6862215007ba75b5c421790cd12357026644b751347ffa42b88c37b316caf48d,False
1,ns.n,10453-86-8,117-81-7,False,100,100,1.0,0.046994799449812066,6862215007ba75b5c421790cd12357026644b751347ffa42b88c37b316caf48d,False
1,ns.n,109-86-4,52645-53-1,False,100,100,1.0,0.046994799449812066,6862215007ba75b5c421790cd12357026644b751347ffa42b88c37b316caf48d,False
1,ns.n,1095-90-5,117428-22-5,False,100,100,1.0,0.046994799449812066,6862215007ba75b5c421790cd12357026644b751347ffa42b88c37b316caf48d,False
1,ns.n,111-94-4,7696-12-0,False,100,100,1.0,0.046994799449812066,6862215007ba75b5c421790cd12357026644b751347ffa42b88c37b316caf48d,False
1,ns.n,111988-49-9,56-04-2,False,100,100,1.0,0.046994799449812066,6862215007ba75b5c421790cd12357026644b751347ffa42b88c37b316caf48d,False
1,ns.n,114-07-8,23031-36-9,False,100,100,1.0,0.046994799449812066,6862215007ba75b5c421790cd12357026644b751347ffa42b88c37b316caf48d,False
1,ns.n,115-28-6,36913-39-0,False,100,100,1.0,0.046994799449812066,6862215007ba75b5c421790cd12357026644b751347ffa42b88c37b316caf48d,False
1,ns.n,115-29-7,56803-37-3,False,100,100,1.0,0.046994799449812066,6862215007ba75b5c421790cd12357026644b751347ffa42b88c37b316caf48d,False
1,ns.n,117-81-7,143-50-0,False,100,100,1.0,0.046994799449812066,6862215007ba75b5c421790cd12357026644b751347ffa42b88c37b316caf48d,False
1,ns.n,117428-22-5,218-01-9,False,100,100,1.0,0.046994799449812066,6862215007ba75b5c421790cd12357026644b751347ffa42b88c37b316caf48d,False
1,ns.n,120-12-7,1095-90-5,False,100,100,1.0,0.046994799449812066,6862215007ba75b5c421790cd12357026644b751347ffa42b88c37b316caf48d,False
1,ns.n,12108-13-3,60-54-8,False,100,100,1.0,0.046994799449812066,6862215007ba75b5c421790cd12357026644b751347ffa42b88c37b316caf48d,False
1,ns.n,1241-94-7,68937-41-7,False,100,100,1.0,0.046994799449812066,6862215007ba75b5c421790cd12357026644b751347ffa42b88c37b316caf48d,False
1,ns.n,124378-77-4,28434-00-6,False,100,100,1.0,0.046994799449812066,6862215007ba75b5c421790cd12357026644b751347ffa42b88c37b316caf48d,False
1,ns.n,131860-33-8,56-38-2,False,100,100,1.0,0.046994799449812066,6862215007ba75b5c421790cd12357026644b751347ffa42b88c37b316caf48d,False
1,ns.n,133-06-2,194098-25-4,False,100,100,1.0,0.046994799449812066,6862215007ba75b5c421790cd12357026644b751347ffa42b88c37b316caf48d,False
1,ns.n,1330-78-5,79538-32-2,False,100,100,1.0,0.046994799449812066,6862215007ba75b5c421790cd12357026644b751347ffa42b88c37b316caf48d,False
1,ns.n,13674-84-5,59-30-3,False,100,100,1.0,0.046994799449812066,6862215007ba75b5c421790cd12357026644b751347ffa42b88c37b316caf48d,False
1,ns.n,141517-21-7,111-94-4,False,100,100,1.0,0.046994799449812066,6862215007ba75b5c421790cd12357026644b751347ffa42b88c37b316caf48d,False
1,ns.n,142459-58-3,2465-27-2,False,100,100,1.0,0.046994799449812066,6862215007ba75b5c421790cd12357026644b751347ffa42b88c37b316caf48d,False
1,ns.n,143-50-0,10043-35-3,False,100,100,1.0,0.046994799449812066,6862215007ba75b5c421790cd12357026644b751347ffa42b88c37b316caf48d,False
1,ns.n,1478-61-1,191-24-2,False,100,100,1.0,0.046994799449812066,6862215007ba75b5c421790cd12357026644b751347ffa42b88c37b316caf48d,False
1,ns.n,148477-71-8,55406-53-6,False,100,100,1.0,0.046994799449812066,6862215007ba75b5c421790cd12357026644b751347ffa42b88c37b316caf48d,False
1,ns.n,151506-44-4,133-06-2,False,100,100,1.0,0.046994799449812066,6862215007ba75b5c421790cd12357026644b751347ffa42b88c37b316caf48d,False
1,ns.n,153719-23-4,115-29-7,False,100,100,1.0,0.046994799449812066,6862215007ba75b5c421790cd12357026644b751347ffa42b88c37b316caf48d,False
1,ns.n,1563-66-2,80-09-1,False,100,100,1.0,0.046994799449812066,6862215007ba75b5c421790cd12357026644b751347ffa42b88c37b316caf48d,False
1,ns.n,159138-81-5,5436-43-1,False,100,100,1.0,0.046994799449812066,6862215007ba75b5c421790cd12357026644b751347ffa42b88c37b316caf48d,False
1,ns.n,175013-18-0,220860-50-4,False,100,100,1.0,0.046994799449812066,6862215007ba75b5c421790cd12357026644b751347ffa42b88c37b316caf48d,False
1,ns.n,183658-27-7,759-94-4,False,100,100,1.0,0.046994799449812066,6862215007ba75b5c421790cd12357026644b751347ffa42b88c37b316caf48d,False
1,ns.n,191-24-2,109-86-4,False,100,100,1.0,0.046994799449812066,6862215007ba75b5c421790cd12357026644b751347ffa42b88c37b316caf48d,False
1,ns.n,194098-25-4,50-29-3,False,100,100,1.0,0.046994799449812066,6862215007ba75b5c421790cd12357026644b751347ffa42b88c37b316caf48d,False
1,ns.n,2001-95-8,153719-23-4,False,100,100,1.0,0.046994799449812066,6862215007ba75b5c421790cd12357026644b751347ffa42b88c37b316caf48d,False
1,ns.n,207-08-9,148477-71-8,False,100,100,1.0,0.046994799449812066,6862215007ba75b5c421790cd12357026644b751347ffa42b88c37b316caf48d,False
1,ns.n,208-96-8,2001-95-8,False,100,100,1.0,0.046994799449812066,6862215007ba75b5c421790cd12357026644b751347ffa42b88c37b316caf48d,False
1,ns.n,210880-92-5,66230-04-4,False,100,100,1.0,0.046994799449812066,6862215007ba75b5c421790cd12357026644b751347ffa42b88c37b316caf48d,False
1,ns.n,215-58-7,175013-18-0,False,100,100,1.0,0.046994799449812066,6862215007ba75b5c421790cd12357026644b751347ffa42b88c37b316caf48d,False
1,ns.n,2155-70-6,72-20-8,False,100,100,1.0,0.046994799449812066,6862215007ba75b5c421790cd12357026644b751347ffa42b88c37b316caf48d,False
1,ns.n,218-01-9,97-77-8,False,100,100,1.0,0.046994799449812066,6862215007ba75b5c421790cd12357026644b751347ffa42b88c37b316caf48d,False
1,ns.n,220860-50-4,131860-33-8,False,100,100,1.0,0.046994799449812066,6862215007ba75b5c421790cd12357026644b751347ffa42b88c37b316caf48d,False
1,ns.n,23031-36-9,50-32-8,False,100,100,1.0,0.046994799449812066,6862215007ba75b5c421790cd12357026644b751347ffa42b88c37b316caf48d,False
1,ns.n,2385-85-5,2971-36-0,False,100,100,1.0,0.046994799449812066,6862215007ba75b5c421790cd12357026644b751347ffa42b88c37b316caf48d,False
1,ns.n,2465-27-2,80844-07-1,False,100,100,1.0,0.046994799449812066,6862215007ba75b5c421790cd12357026644b751347ffa42b88c37b316caf48d,False
1,ns.n,26040-51-7,57-74-9,False,100,100,1.0,0.046994799449812066,6862215007ba75b5c421790cd12357026644b751347ffa42b88c37b316caf48d,False
1,ns.n,28094-15-7,81131-70-6,False,100,100,1.0,0.046994799449812066,6862215007ba75b5c421790cd12357026644b751347ffa42b88c37b316caf48d,False
1,ns.n,28434-00-6,53-70-3,False,100,100,1.0,0.046994799449812066,6862215007ba75b5c421790cd12357026644b751347ffa42b88c37b316caf48d,False
1,ns.n,2971-36-0,56-55-3,False,100,100,1.0,0.046994799449812066,6862215007ba75b5c421790cd12357026644b751347ffa42b88c37b316caf48d,False
1,ns.n,29761-21-5,115-28-6,False,100,100,1.0,0.046994799449812066,6862215007ba75b5c421790cd12357026644b751347ffa42b88c37b316caf48d,False
1,ns.n,298-04-4,159138-81-5,False,100,100,1.0,0.046994799449812066,6862215007ba75b5c421790cd12357026644b751347ffa42b88c37b316caf48d,False
1,ns.n,309-00-2,3380-34-5,False,100,100,1.0,0.046994799449812066,6862215007ba75b5c421790cd12357026644b751347ffa42b88c37b316caf48d,False
1,ns.n,3380-34-5,13674-84-5,False,100,100,1.0,0.046994799449812066,6862215007ba75b5c421790cd12357026644b751347ffa42b88c37b316caf48d,False
1,ns.n,361377-29-9,789-02-6,False,100,100,1.0,0.046994799449812066,6862215007ba75b5c421790cd12357026644b751347ffa42b88c37b316caf48d,False
1,ns.n,36913-39-0,68631-49-2,False,100,100,1.0,0.046994799449812066,6862215007ba75b5c421790cd12357026644b751347ffa42b88c37b316caf48d,False
1,ns.n,39515-41-8,2155-70-6,False,100,100,1.0,0.046994799449812066,6862215007ba75b5c421790cd12357026644b751347ffa42b88c37b316caf48d,False
1,ns.n,50-28-2,141517-21-7,False,100,100,1.0,0.046994799449812066,6862215007ba75b5c421790cd12357026644b751347ffa42b88c37b316caf48d,False
1,ns.n,50-29-3,50-28-2,False,100,100,1.0,0.046994799449812066,6862215007ba75b5c421790cd12357026644b751347ffa42b88c37b316caf48d,False
1,ns.n,50-32-8,638-38-0,False,100,100,1.0,0.046994799449812066,6862215007ba75b5c421790cd12357026644b751347ffa42b88c37b316caf48d,False
1,ns.n,50-55-5,28094-15-7,False,100,100,1.0,0.046994799449812066,6862215007ba75b5c421790cd12357026644b751347ffa42b88c37b316caf48d,False
1,ns.n,50-78-2,12108-13-3,False,100,100,1.0,0.046994799449812066,6862215007ba75b5c421790cd12357026644b751347ffa42b88c37b316caf48d,False
1,ns.n,52645-53-1,151506-44-4,False,100,100,1.0,0.046994799449812066,6862215007ba75b5c421790cd12357026644b751347ffa42b88c37b316caf48d,False
1,ns.n,53-70-3,10453-86-8,False,100,100,1.0,0.046994799449812066,6862215007ba75b5c421790cd12357026644b751347ffa42b88c37b316caf48d,False
1,ns.n,5436-43-1,39515-41-8,False,100,100,1.0,0.046994799449812066,6862215007ba75b5c421790cd12357026644b751347ffa42b88c37b316caf48d,False
1,ns.n,55-98-1,183658-27-7,False,100,100,1.0,0.046994799449812066,6862215007ba75b5c421790cd12357026644b751347ffa42b88c37b316caf48d,False
1,ns.n,55406-53-6,79902-63-9,False,100,100,1.0,0.046994799449812066,6862215007ba75b5c421790cd12357026644b751347ffa42b88c37b316caf48d,False
1,ns.n,56-04-2,55-98-1,False,100,100,1.0,0.046994799449812066,6862215007ba75b5c421790cd12357026644b751347ffa42b88c37b316caf48d,False
1,ns.n,56-38-2,309-00-2,False,100,100,1.0,0.046994799449812066,6862215007ba75b5c421790cd12357026644b751347ffa42b88c37b316caf48d,False
1,ns.n,56-55-3,50-55-5,False,100,100,1.0,0.046994799449812066,6862215007ba75b5c421790cd12357026644b751347ffa42b88c37b316caf48d,False
1,ns.n,56803-37-3,1478-61-1,False,100,100,1.0,0.046994799449812066,6862215007ba75b5c421790cd12357026644b751347ffa42b88c37b316caf48d,False
1,ns.n,57-74-9,1241-94-7,False,100,100,1.0,0.046994799449812066,6862215007ba75b5c421790cd12357026644b751347ffa42b88c37b316caf48d,False
1,ns.n,57966-95-7,215-58-7,False,100,100,1.0,0.046994799449812066,6862215007ba75b5c421790cd12357026644b751347ffa42b88c37b316caf48d,False
1,ns.n,59-30-3,1563-66-2,False,100,100,1.0,0.046994799449812066,6862215007ba75b5c421790cd12357026644b751347ffa42b88c37b316caf48d,False
1,ns.n,60-54-8,62-38-4,False,100,100,1.0,0.046994799449812066,6862215007ba75b5c421790cd12357026644b751347ffa42b88c37b316caf48d,False
1,ns.n,60-56-0,298-04-4,False,100,100,1.0,0.046994799449812066,6862215007ba75b5c421790cd12357026644b751347ffa42b88c37b316caf48d,False
1,ns.n,62-38-4,26040-51-7,False,100,100,1.0,0.046994799449812066,6862215007ba75b5c421790cd12357026644b751347ffa42b88c37b316caf48d,False
1,ns.n,633-65-8,71751-41-2,False,100,100,1.0,0.046994799449812066,6862215007ba75b5c421790cd12357026644b751347ffa42b88c37b316caf48d,False
1,ns.n,638-38-0,86-73-7,False,100,100,1.0,0.046994799449812066,6862215007ba75b5c421790cd12357026644b751347ffa42b88c37b316caf48d,False
1,ns.n,66230-04-4,50-78-2,False,100,100,1.0,0.046994799449812066,6862215007ba75b5c421790cd12357026644b751347ffa42b88c37b316caf48d,False
1,ns.n,68359-37-5,120-12-7,False,100,100,1.0,0.046994799449812066,6862215007ba75b5c421790cd12357026644b751347ffa42b88c37b316caf48d,False
1,ns.n,68631-49-2,142459-58-3,False,100,100,1.0,0.046994799449812066,6862215007ba75b5c421790cd12357026644b751347ffa42b88c37b316caf48d,False
1,ns.n,68937-41-7,29761-21-5,False,100,100,1.0,0.046994799449812066,6862215007ba75b5c421790cd12357026644b751347ffa42b88c37b316caf48d,False
1,ns.n,69-65-8,68359-37-5,False,100,100,1.0,0.046994799449812066,6862215007ba75b5c421790cd12357026644b751347ffa42b88c37b316caf48d,False
1,ns.n,71751-41-2,7487-94-7,False,100,100,1.0,0.046994799449812066,6862215007ba75b5c421790cd12357026644b751347ffa42b88c37b316caf48d,False
1,ns.n,72-20-8,114-07-8,False,100,100,1.0,0.046994799449812066,6862215007ba75b5c421790cd12357026644b751347ffa42b88c37b316caf48d,False
1,ns.n,72-54-8,208-96-8,False,100,100,1.0,0.046994799449812066,6862215007ba75b5c421790cd12357026644b751347ffa42b88c37b316caf48d,False
1,ns.n,7487-94-7,210880-92-5,False,100,100,1.0,0.046994799449812066,6862215007ba75b5c421790cd12357026644b751347ffa42b88c37b316caf48d,False
1,ns.n,759-94-4,633-65-8,False,100,100,1.0,0.046994799449812066,6862215007ba75b5c421790cd12357026644b751347ffa42b88c37b316caf48d,False
1,ns.n,7696-12-0,1330-78-5,False,100,100,1.0,0.046994799449812066,6862215007ba75b5c421790cd12357026644b751347ffa42b88c37b316caf48d,False
1,ns.n,789-02-6,60-56-0,False,100,100,1.0,0.046994799449812066,6862215007ba75b5c421790cd12357026644b751347ffa42b88c37b316caf48d,False
1,ns.n,79538-32-2,82657-04-3,False,100,100,1.0,0.046994799449812066,6862215007ba75b5c421790cd12357026644b751347ffa42b88c37b316caf48d,False
1,ns.n,79902-63-9,207-08-9,False,100,100,1.0,0.046994799449812066,6862215007ba75b5c421790cd12357026644b751347ffa42b88c37b316caf48d,False
1,ns.n,80-09-1,361377-29-9,False,100,100,1.0,0.046994799449812066,6862215007ba75b5c421790cd12357026644b751347ffa42b88c37b316caf48d,False
1,ns.n,8018-01-7,111988-49-9,False,100,100,1.0,0.046994799449812066,6862215007ba75b5c421790cd12357026644b751347ffa42b88c37b316caf48d,False
1,ns.n,80844-07-1,72-54-8,False,100,100,1.0,0.046994799449812066,6862215007ba75b5c421790cd12357026644b751347ffa42b88c37b316caf48d,False
1,ns.n,81131-70-6,69-65-8,False,100,100,1.0,0.046994799449812066,6862215007ba75b5c421790cd12357026644b751347ffa42b88c37b316caf48d,False
1,ns.n,82657-04-3,57966-95-7,False,100,100,1.0,0.046994799449812066,6862215007ba75b5c421790cd12357026644b751347ffa42b88c37b316caf48d,False
1,ns.n,85-01-8,101-02-0,False,100,100,1.0,0.046994799449812066,6862215007ba75b5c421790cd12357026644b751347ffa42b88c37b316caf48d,False
1,ns.n,86-73-7,NOCAS_47330,False,100,100,1.0,0.046994799449812066,6862215007ba75b5c421790cd12357026644b751347ffa42b88c37b316caf48d,False
1,ns.n,97-77-8,8018-01-7,False,100,100,1.0,0.046994799449812066,6862215007ba75b5c421790cd12357026644b751347ffa42b88c37b316caf48d,False
1,ns.n,NOCAS_47330,124378-77-4,False,100,100,1.0,0.046994799449812066,6862215007ba75b5c421790cd12357026644b751347ffa42b88c37b316caf48d,False
1,r,10043-35-3,97-77-8,False,109,109,1.0,0.0009397572446648106,001287d9d52aaaab8b3ab1cb7e2ccfa92ac921a3cd6e3f328ab45ff2954db560,False
1,r,101-02-0,1095-90-5,False,109,109,1.0,0.0009397572446648106,001287d9d52aaaab8b3ab1cb7e2ccfa92ac921a3cd6e3f328ab45ff2954db560,False
1,r,10453-86-8,2465-27-2,False,109,109,1.0,0.0009397572446648106,001287d9d52aaaab8b3ab1cb7e2ccfa92ac921a3cd6e3f328ab45ff2954db560,False
1,r,10540-29-1,82657-04-3,False,109,109,1.0,0.0009397572446648106,001287d9d52aaaab8b3ab1cb7e2ccfa92ac921a3cd6e3f328ab45ff2954db560,False
1,r,109-86-4,68631-49-2,False,109,109,1.0,0.0009397572446648106,001287d9d52aaaab8b3ab1cb7e2ccfa92ac921a3cd6e3f328ab45ff2954db560,False
1,r,1095-90-5,79902-63-9,False,109,109,1.0,0.0009397572446648106,001287d9d52aaaab8b3ab1cb7e2ccfa92ac921a3cd6e3f328ab45ff2954db560,False
1,r,111-94-4,50-32-8,False,109,109,1.0,0.0009397572446648106,001287d9d52aaaab8b3ab1cb7e2ccfa92ac921a3cd6e3f328ab45ff2954db560,False
1,r,111988-49-9,50-28-2,False,109,109,1.0,0.0009397572446648106,001287d9d52aaaab8b3ab1cb7e2ccfa92ac921a3cd6e3f328ab45ff2954db560,False
1,r,113-48-4,2385-85-5,False,109,109,1.0,0.0009397572446648106,001287d9d52aaaab8b3ab1cb7e2ccfa92ac921a3cd6e3f328ab45ff2954db560,False
1,r,114-07-8,28094-15-7,False,109,109,1.0,0.0009397572446648106,001287d9d52aaaab8b3ab1cb7e2ccfa92ac921a3cd6e3f328ab45ff2954db560,False
1,r,115-28-6,50-29-3,False,109,109,1.0,0.0009397572446648106,001287d9d52aaaab8b3ab1cb7e2ccfa92ac921a3cd6e3f328ab45ff2954db560,False
1,r,115-29-7,7487-94-7,False,109,109,1.0,0.0009397572446648106,001287d9d52aaaab8b3ab1cb7e2ccfa92ac921a3cd6e3f328ab45ff2954db560,False
1,r,117-81-7,10540-29-1,False,109,109,1.0,0.0009397572446648106,001287d9d52aaaab8b3ab1cb7e2ccfa92ac921a3cd6e3f328ab45ff2954db560,False
1,r,117428-22-5,114-07-8,False,109,109,1.0,0.0009397572446648106,001287d9d52aaaab8b3ab1cb7e2ccfa92ac921a3cd6e3f328ab45ff2954db560,False
1,r,120-12-7,143-50-0,False,109,109,1.0,0.0009397572446648106,001287d9d52aaaab8b3ab1cb7e2ccfa92ac921a3cd6e3f328ab45ff2954db560,False
1,r,12108-13-3,55-98-1,False,109,109,1.0,0.0009397572446648106,001287d9d52aaaab8b3ab1cb7e2ccfa92ac921a3cd6e3f328ab45ff2954db560,False
1,r,1241-94-7,115-28-6,False,109,109,1.0,0.0009397572446648106,001287d9d52aaaab8b3ab1cb7e2ccfa92ac921a3cd6e3f328ab45ff2954db560,False
1,r,124378-77-4,151506-44-4,False,109,109,1.0,0.0009397572446648106,001287d9d52aaaab8b3ab1cb7e2ccfa92ac921a3cd6e3f328ab45ff2954db560,False
1,r,131860-33-8,210880-92-5,False,109,109,1.0,0.0009397572446648106,001287d9d52aaaab8b3ab1cb7e2ccfa92ac921a3cd6e3f328ab45ff2954db560,False
1,r,133-06-2,81131-70-6,False,109,109,1.0,0.0009397572446648106,001287d9d52aaaab8b3ab1cb7e2ccfa92ac921a3cd6e3f328ab45ff2954db560,False
1,r,1330-78-5,5436-43-1,False,109,109,1.0,0.0009397572446648106,001287d9d52aaaab8b3ab1cb7e2ccfa92ac921a3cd6e3f328ab45ff2954db560,False
1,r,13674-84-5,55406-53-6,False,109,109,1.0,0.0009397572446648106,001287d9d52aaaab8b3ab1cb7e2ccfa92ac921a3cd6e3f328ab45ff2954db560,False
1,r,141517-21-7,183658-27-7,False,109,109,1.0,0.0009397572446648106,001287d9d52aaaab8b3ab1cb7e2ccfa92ac921a3cd6e3f328ab45ff2954db560,False
1,r,142459-58-3,101-02-0,False,109,109,1.0,0.0009397572446648106,001287d9d52aaaab8b3ab1cb7e2ccfa92ac921a3cd6e3f328ab45ff2954db560,False
1,r,143-50-0,111988-49-9,False,109,109,1.0,0.0009397572446648106,001287d9d52aaaab8b3ab1cb7e2ccfa92ac921a3cd6e3f328ab45ff2954db560,False
1,r,147-24-0,8000-34-8,False,109,109,1.0,0.0009397572446648106,001287d9d52aaaab8b3ab1cb7e2ccfa92ac921a3cd6e3f328ab45ff2954db560,False
1,r,1478-61-1,69-65-8,False,109,109,1.0,0.0009397572446648106,001287d9d52aaaab8b3ab1cb7e2ccfa92ac921a3cd6e3f328ab45ff2954db560,False
1,r,148477-71-8,1330-78-5,False,109,109,1.0,0.0009397572446648106,001287d9d52aaaab8b3ab1cb7e2ccfa92ac921a3cd6e3f328ab45ff2954db560,False
1,r,151506-44-4,153719-23-4,False,109,109,1.0,0.0009397572446648106,001287d9d52aaaab8b3ab1cb7e2ccfa92ac921a3cd6e3f328ab45ff2954db560,False
1,r,153719-23-4,207-08-9,False,109,109,1.0,0.0009397572446648106,001287d9d52aaaab8b3ab1cb7e2ccfa92ac921a3cd6e3f328ab45ff2954db560,False
1,r,1563-66-2,789-02-6,False,109,109,1.0,0.0009397572446648106,001287d9d52aaaab8b3ab1cb7e2ccfa92ac921a3cd6e3f328ab45ff2954db560,False
1,r,159138-81-5,60-54-8,False,109,109,1.0,0.0009397572446648106,001287d9d52aaaab8b3ab1cb7e2ccfa92ac921a3cd6e3f328ab45ff2954db560,False
1,r,175013-18-0,56803-37-3,False,109,109,1.0,0.0009397572446648106,001287d9d52aaaab8b3ab1cb7e2ccfa92ac921a3cd6e3f328ab45ff2954db560,False
1,r,183658-27-7,194098-25-4,False,109,109,1.0,0.0009397572446648106,001287d9d52aaaab8b3ab1cb7e2ccfa92ac921a3cd6e3f328ab45ff2954db560,False
1,r,191-24-2,80-09-1,False,109,109,1.0,0.0009397572446648106,001287d9d52aaaab8b3ab1cb7e2ccfa92ac921a3cd6e3f328ab45ff2954db560,False
1,r,194098-25-4,52645-53-1,False,109,109,1.0,0.0009397572446648106,001287d9d52aaaab8b3ab1cb7e2ccfa92ac921a3cd6e3f328ab45ff2954db560,False
1,r,2001-95-8,7696-12-0,False,109,109,1.0,0.0009397572446648106,001287d9d52aaaab8b3ab1cb7e2ccfa92ac921a3cd6e3f328ab45ff2954db560,False
1,r,207-08-9,23031-36-9,False,109,109,1.0,0.0009397572446648106,001287d9d52aaaab8b3ab1cb7e2ccfa92ac921a3cd6e3f328ab45ff2954db560,False
1,r,208-96-8,2001-95-8,False,109,109,1.0,0.0009397572446648106,001287d9d52aaaab8b3ab1cb7e2ccfa92ac921a3cd6e3f328ab45ff2954db560,False
1,r,210880-92-5,56-38-2,False,109,109,1.0,0.0009397572446648106,001287d9d52aaaab8b3ab1cb7e2ccfa92ac921a3cd6e3f328ab45ff2954db560,False
1,r,215-58-7,86-73-7,False,109,109,1.0,0.0009397572446648106,001287d9d52aaaab8b3ab1cb7e2ccfa92ac921a3cd6e3f328ab45ff2954db560,False
1,r,2155-70-6,309-00-2,False,109,109,1.0,0.0009397572446648106,001287d9d52aaaab8b3ab1cb7e2ccfa92ac921a3cd6e3f328ab45ff2954db560,False
1,r,218-01-9,633-65-8,False,109,109,1.0,0.0009397572446648106,001287d9d52aaaab8b3ab1cb7e2ccfa92ac921a3cd6e3f328ab45ff2954db560,False
1,r,220860-50-4,NOCAS_47330,False,109,109,1.0,0.0009397572446648106,001287d9d52aaaab8b3ab1cb7e2ccfa92ac921a3cd6e3f328ab45ff2954db560,False
1,r,23031-36-9,361377-29-9,False,109,109,1.0,0.0009397572446648106,001287d9d52aaaab8b3ab1cb7e2ccfa92ac921a3cd6e3f328ab45ff2954db560,False
1,r,2385-85-5,298-04-4,False,109,109,1.0,0.0009397572446648106,001287d9d52aaaab8b3ab1cb7e2ccfa92ac921a3cd6e3f328ab45ff2954db560,False
1,r,2465-27-2,220860-50-4,False,109,109,1.0,0.0009397572446648106,001287d9d52aaaab8b3ab1cb7e2ccfa92ac921a3cd6e3f328ab45ff2954db560,False
1,r,26040-51-7,77-40-7,False,109,109,1.0,0.0009397572446648106,001287d9d52aaaab8b3ab1cb7e2ccfa92ac921a3cd6e3f328ab45ff2954db560,False
1,r,28094-15-7,85-01-8,False,109,109,1.0,0.0009397572446648106,001287d9d52aaaab8b3ab1cb7e2ccfa92ac921a3cd6e3f328ab45ff2954db560,False
1,r,28434-00-6,117428-22-5,False,109,109,1.0,0.0009397572446648106,001287d9d52aaaab8b3ab1cb7e2ccfa92ac921a3cd6e3f328ab45ff2954db560,False
1,r,2971-36-0,115-29-7,False,109,109,1.0,0.0009397572446648106,001287d9d52aaaab8b3ab1cb7e2ccfa92ac921a3cd6e3f328ab45ff2954db560,False
1,r,29761-21-5,80844-07-1,False,109,109,1.0,0.0009397572446648106,001287d9d52aaaab8b3ab1cb7e2ccfa92ac921a3cd6e3f328ab45ff2954db560,False
1,r,298-04-4,36913-39-0,False,109,109,1.0,0.0009397572446648106,001287d9d52aaaab8b3ab1cb7e2ccfa92ac921a3cd6e3f328ab45ff2954db560,False
1,r,309-00-2,2155-70-6,False,109,109,1.0,0.0009397572446648106,001287d9d52aaaab8b3ab1cb7e2ccfa92ac921a3cd6e3f328ab45ff2954db560,False
1,r,3380-34-5,53-70-3,False,109,109,1.0,0.0009397572446648106,001287d9d52aaaab8b3ab1cb7e2ccfa92ac921a3cd6e3f328ab45ff2954db560,False
1,r,361377-29-9,1478-61-1,False,109,109,1.0,0.0009397572446648106,001287d9d52aaaab8b3ab1cb7e2ccfa92ac921a3cd6e3f328ab45ff2954db560,False
1,r,36913-39-0,60-56-0,False,109,109,1.0,0.0009397572446648106,001287d9d52aaaab8b3ab1cb7e2ccfa92ac921a3cd6e3f328ab45ff2954db560,False
1,r,39515-41-8,208-96-8,False,109,109,1.0,0.0009397572446648106,001287d9d52aaaab8b3ab1cb7e2ccfa92ac921a3cd6e3f328ab45ff2954db560,False
1,r,50-28-2,29761-21-5,False,109,109,1.0,0.0009397572446648106,001287d9d52aaaab8b3ab1cb7e2ccfa92ac921a3cd6e3f328ab45ff2954db560,False
1,r,50-29-3,1241-94-7,False,109,109,1.0,0.0009397572446648106,001287d9d52aaaab8b3ab1cb7e2ccfa92ac921a3cd6e3f328ab45ff2954db560,False
1,r,50-32-8,97-53-0,False,109,109,1.0,0.0009397572446648106,001287d9d52aaaab8b3ab1cb7e2ccfa92ac921a3cd6e3f328ab45ff2954db560,False
1,r,50-55-5,50-78-2,False,109,109,1.0,0.0009397572446648106,001287d9d52aaaab8b3ab1cb7e2ccfa92ac921a3cd6e3f328ab45ff2954db560,False
1,r,50-70-4,109-86-4,False,109,109,1.0,0.0009397572446648106,001287d9d52aaaab8b3ab1cb7e2ccfa92ac921a3cd6e3f328ab45ff2954db560,False
1,r,50-78-2,1563-66-2,False,109,109,1.0,0.0009397572446648106,001287d9d52aaaab8b3ab1cb7e2ccfa92ac921a3cd6e3f328ab45ff2954db560,False
1,r,51-52-5,12108-13-3,False,109,109,1.0,0.0009397572446648106,001287d9d52aaaab8b3ab1cb7e2ccfa92ac921a3cd6e3f328ab45ff2954db560,False
1,r,52645-53-1,72-20-8,False,109,109,1.0,0.0009397572446648106,001287d9d52aaaab8b3ab1cb7e2ccfa92ac921a3cd6e3f328ab45ff2954db560,False
1,r,53-70-3,26040-51-7,False,109,109,1.0,0.0009397572446648106,001287d9d52aaaab8b3ab1cb7e2ccfa92ac921a3cd6e3f328ab45ff2954db560,False
1,r,5436-43-1,113-48-4,False,109,109,1.0,0.0009397572446648106,001287d9d52aaaab8b3ab1cb7e2ccfa92ac921a3cd6e3f328ab45ff2954db560,False
1,r,55-98-1,218-01-9,False,109,109,1.0,0.0009397572446648106,001287d9d52aaaab8b3ab1cb7e2ccfa92ac921a3cd6e3f328ab45ff2954db560,False
1,r,55406-53-6,57966-95-7,False,109,109,1.0,0.0009397572446648106,001287d9d52aaaab8b3ab1cb7e2ccfa92ac921a3cd6e3f328ab45ff2954db560,False
1,r,56-04-2,28434-00-6,False,109,109,1.0,0.0009397572446648106,001287d9d52aaaab8b3ab1cb7e2ccfa92ac921a3cd6e3f328ab45ff2954db560,False
1,r,56-38-2,39515-41-8,False,109,109,1.0,0.0009397572446648106,001287d9d52aaaab8b3ab1cb7e2ccfa92ac921a3cd6e3f328ab45ff2954db560,False
1,r,56-55-3,117-81-7,False,109,109,1.0,0.0009397572446648106,001287d9d52aaaab8b3ab1cb7e2ccfa92ac921a3cd6e3f328ab45ff2954db560,False
1,r,56803-37-3,120-12-7,False,109,109,1.0,0.0009397572446648106,001287d9d52aaaab8b3ab1cb7e2ccfa92ac921a3cd6e3f328ab45ff2954db560,False
1,r,57-74-9,10453-86-8,False,109,109,1.0,0.0009397572446648106,001287d9d52aaaab8b3ab1cb7e2ccfa92ac921a3cd6e3f328ab45ff2954db560,False
1,r,57966-95-7,68937-41-7,False,109,109,1.0,0.0009397572446648106,001287d9d52aaaab8b3ab1cb7e2ccfa92ac921a3cd6e3f328ab45ff2954db560,False
1,r,59-30-3,50-55-5,False,109,109,1.0,0.0009397572446648106,001287d9d52aaaab8b3ab1cb7e2ccfa92ac921a3cd6e3f328ab45ff2954db560,False
1,r,60-54-8,759-94-4,False,109,109,1.0,0.0009397572446648106,001287d9d52aaaab8b3ab1cb7e2ccfa92ac921a3cd6e3f328ab45ff2954db560,False
1,r,60-56-0,2971-36-0,False,109,109,1.0,0.0009397572446648106,001287d9d52aaaab8b3ab1cb7e2ccfa92ac921a3cd6e3f328ab45ff2954db560,False
1,r,62-38-4,72-54-8,False,109,109,1.0,0.0009397572446648106,001287d9d52aaaab8b3ab1cb7e2ccfa92ac921a3cd6e3f328ab45ff2954db560,False
1,r,633-65-8,57-74-9,False,109,109,1.0,0.0009397572446648106,001287d9d52aaaab8b3ab1cb7e2ccfa92ac921a3cd6e3f328ab45ff2954db560,False
1,r,638-38-0,79538-32-2,False,109,109,1.0,0.0009397572446648106,001287d9d52aaaab8b3ab1cb7e2ccfa92ac921a3cd6e3f328ab45ff2954db560,False
1,r,66230-04-4,62-38-4,False,109,109,1.0,0.0009397572446648106,001287d9d52aaaab8b3ab1cb7e2ccfa92ac921a3cd6e3f328ab45ff2954db560,False
1,r,68359-37-5,133-06-2,False,109,109,1.0,0.0009397572446648106,001287d9d52aaaab8b3ab1cb7e2ccfa92ac921a3cd6e3f328ab45ff2954db560,False
1,r,68631-49-2,159138-81-5,False,109,109,1.0,0.0009397572446648106,001287d9d52aaaab8b3ab1cb7e2ccfa92ac921a3cd6e3f328ab45ff2954db560,False
1,r,68937-41-7,68359-37-5,False,109,109,1.0,0.0009397572446648106,001287d9d52aaaab8b3ab1cb7e2ccfa92ac921a3cd6e3f328ab45ff2954db560,False
1,r,69-65-8,59-30-3,False,109,109,1.0,0.0009397572446648106,001287d9d52aaaab8b3ab1cb7e2ccfa92ac921a3cd6e3f328ab45ff2954db560,False
1,r,71751-41-2,51-52-5,False,109,109,1.0,0.0009397572446648106,001287d9d52aaaab8b3ab1cb7e2ccfa92ac921a3cd6e3f328ab45ff2954db560,False
1,r,72-20-8,10043-35-3,False,109,109,1.0,0.0009397572446648106,001287d9d52aaaab8b3ab1cb7e2ccfa92ac921a3cd6e3f328ab45ff2954db560,False
1,r,72-54-8,8018-01-7,False,109,109,1.0,0.0009397572446648106,001287d9d52aaaab8b3ab1cb7e2ccfa92ac921a3cd6e3f328ab45ff2954db560,False
1,r,7487-94-7,147-24-0,False,109,109,1.0,0.0009397572446648106,001287d9d52aaaab8b3ab1cb7e2ccfa92ac921a3cd6e3f328ab45ff2954db560,False
1,r,759-94-4,71751-41-2,False,109,109,1.0,0.0009397572446648106,001287d9d52aaaab8b3ab1cb7e2ccfa92ac921a3cd6e3f328ab45ff2954db560,False
1,r,7696-12-0,142459-58-3,False,109,109,1.0,0.0009397572446648106,001287d9d52aaaab8b3ab1cb7e2ccfa92ac921a3cd6e3f328ab45ff2954db560,False
1,r,77-40-7,124378-77-4,False,109,109,1.0,0.0009397572446648106,001287d9d52aaaab8b3ab1cb7e2ccfa92ac921a3cd6e3f328ab45ff2954db560,False
1,r,789-02-6,215-58-7,False,109,109,1.0,0.0009397572446648106,001287d9d52aaaab8b3ab1cb7e2ccfa92ac921a3cd6e3f328ab45ff2954db560,False
1,r,79538-32-2,13674-84-5,False,109,109,1.0,0.0009397572446648106,001287d9d52aaaab8b3ab1cb7e2ccfa92ac921a3cd6e3f328ab45ff2954db560,False
1,r,79902-63-9,148477-71-8,False,109,109,1.0,0.0009397572446648106,001287d9d52aaaab8b3ab1cb7e2ccfa92ac921a3cd6e3f328ab45ff2954db560,False
1,r,80-09-1,131860-33-8,False,109,109,1.0,0.0009397572446648106,001287d9d52aaaab8b3ab1cb7e2ccfa92ac921a3cd6e3f328ab45ff2954db560,False
1,r,8000-34-8,175013-18-0,False,109,109,1.0,0.0009397572446648106,001287d9d52aaaab8b3ab1cb7e2ccfa92ac921a3cd6e3f328ab45ff2954db560,False
1,r,8018-01-7,66230-04-4,False,109,109,1.0,0.0009397572446648106,001287d9d52aaaab8b3ab1cb7e2ccfa92ac921a3cd6e3f328ab45ff2954db560,False
1,r,80844-07-1,50-70-4,False,109,109,1.0,0.0009397572446648106,001287d9d52aaaab8b3ab1cb7e2ccfa92ac921a3cd6e3f328ab45ff2954db560,False
1,r,81131-70-6,56-04-2,False,109,109,1.0,0.0009397572446648106,001287d9d52aaaab8b3ab1cb7e2ccfa92ac921a3cd6e3f328ab45ff2954db560,False
1,r,82657-04-3,191-24-2,False,109,109,1.0,0.0009397572446648106,001287d9d52aaaab8b3ab1cb7e2ccfa92ac921a3cd6e3f328ab45ff2954db560,False
1,r,848641-69-0,56-55-3,False,109,109,1.0,0.0009397572446648106,001287d9d52aaaab8b3ab1cb7e2ccfa92ac921a3cd6e3f328ab45ff2954db560,False
1,r,85-01-8,848641-69-0,False,109,109,1.0,0.0009397572446648106,001287d9d52aaaab8b3ab1cb7e2ccfa92ac921a3cd6e3f328ab45ff2954db560,False
1,r,86-73-7,111-94-4,False,109,109,1.0,0.0009397572446648106,001287d9d52aaaab8b3ab1cb7e2ccfa92ac921a3cd6e3f328ab45ff2954db560,False
1,r,97-53-0,141517-21-7,False,109,109,1.0,0.0009397572446648106,001287d9d52aaaab8b3ab1cb7e2ccfa92ac921a3cd6e3f328ab45ff2954db560,False
1,r,97-77-8,3380-34-5,False,109,109,1.0,0.0009397572446648106,001287d9d52aaaab8b3ab1cb7e2ccfa92ac921a3cd6e3f328ab45ff2954db560,False
1,r,NOCAS_47330,638-38-0,False,109,109,1.0,0.0009397572446648106,001287d9d52aaaab8b3ab1cb7e2ccfa92ac921a3cd6e3f328ab45ff2954db560,False
2,meanfiringrate,10043-35-3,1478-61-1,False,110,110,1.0,0.30131245197590095,7097ce61e305f52238d9f9c7d548d0fa7b367f3b006263fa67b6fbbefdca6f1f,False
2,meanfiringrate,101-02-0,175013-18-0,False,110,110,1.0,0.30131245197590095,7097ce61e305f52238d9f9c7d548d0fa7b367f3b006263fa67b6fbbefdca6f1f,False
2,meanfiringrate,101-10-0,109-86-4,False,110,110,1.0,0.30131245197590095,7097ce61e305f52238d9f9c7d548d0fa7b367f3b006263fa67b6fbbefdca6f1f,False
2,meanfiringrate,10453-86-8,117428-22-5,False,110,110,1.0,0.30131245197590095,7097ce61e305f52238d9f9c7d548d0fa7b367f3b006263fa67b6fbbefdca6f1f,False
2,meanfiringrate,105512-06-9,60-54-8,False,110,110,1.0,0.30131245197590095,7097ce61e305f52238d9f9c7d548d0fa7b367f3b006263fa67b6fbbefdca6f1f,False
2,meanfiringrate,109-86-4,183658-27-7,False,110,110,1.0,0.30131245197590095,7097ce61e305f52238d9f9c7d548d0fa7b367f3b006263fa67b6fbbefdca6f1f,False
2,meanfiringrate,111-94-4,39515-41-8,False,110,110,1.0,0.30131245197590095,7097ce61e305f52238d9f9c7d548d0fa7b367f3b006263fa67b6fbbefdca6f1f,False
2,meanfiringrate,113-48-4,2212-67-1,False,110,110,1.0,0.30131245197590095,7097ce61e305f52238d9f9c7d548d0fa7b367f3b006263fa67b6fbbefdca6f1f,False
2,meanfiringrate,114-07-8,7696-12-0,False,110,110,1.0,0.30131245197590095,7097ce61e305f52238d9f9c7d548d0fa7b367f3b006263fa67b6fbbefdca6f1f,False
2,meanfiringrate,115-29-7,142459-58-3,False,110,110,1.0,0.30131245197590095,7097ce61e305f52238d9f9c7d548d0fa7b367f3b006263fa67b6fbbefdca6f1f,False
2,meanfiringrate,117-81-7,86-73-7,False,110,110,1.0,0.30131245197590095,7097ce61e305f52238d9f9c7d548d0fa7b367f3b006263fa67b6fbbefdca6f1f,False
2,meanfiringrate,117428-22-5,51-03-6,False,110,110,1.0,0.30131245197590095,7097ce61e305f52238d9f9c7d548d0fa7b367f3b006263fa67b6fbbefdca6f1f,False
2,meanfiringrate,120-12-7,79538-32-2,False,110,110,1.0,0.30131245197590095,7097ce61e305f52238d9f9c7d548d0fa7b367f3b006263fa67b6fbbefdca6f1f,False
2,meanfiringrate,12108-13-3,13674-84-5,False,110,110,1.0,0.30131245197590095,7097ce61e305f52238d9f9c7d548d0fa7b367f3b006263fa67b6fbbefdca6f1f,False
2,meanfiringrate,122-14-5,72-54-8,False,110,110,1.0,0.30131245197590095,7097ce61e305f52238d9f9c7d548d0fa7b367f3b006263fa67b6fbbefdca6f1f,False
2,meanfiringrate,1241-94-7,56-55-3,False,110,110,1.0,0.30131245197590095,7097ce61e305f52238d9f9c7d548d0fa7b367f3b006263fa67b6fbbefdca6f1f,False
2,meanfiringrate,124378-77-4,72-43-5,False,110,110,1.0,0.30131245197590095,7097ce61e305f52238d9f9c7d548d0fa7b367f3b006263fa67b6fbbefdca6f1f,False
2,meanfiringrate,129-00-0,68359-37-5,False,110,110,1.0,0.30131245197590095,7097ce61e305f52238d9f9c7d548d0fa7b367f3b006263fa67b6fbbefdca6f1f,False
2,meanfiringrate,133-06-2,115-29-7,False,110,110,1.0,0.30131245197590095,7097ce61e305f52238d9f9c7d548d0fa7b367f3b006263fa67b6fbbefdca6f1f,False
2,meanfiringrate,1330-78-5,153719-23-4,False,110,110,1.0,0.30131245197590095,7097ce61e305f52238d9f9c7d548d0fa7b367f3b006263fa67b6fbbefdca6f1f,False
2,meanfiringrate,13674-84-5,638-38-0,False,110,110,1.0,0.30131245197590095,7097ce61e305f52238d9f9c7d548d0fa7b367f3b006263fa67b6fbbefdca6f1f,False
2,meanfiringrate,141517-21-7,133-06-2,False,110,110,1.0,0.30131245197590095,7097ce61e305f52238d9f9c7d548d0fa7b367f3b006263fa67b6fbbefdca6f1f,False
2,meanfiringrate,142459-58-3,1461-22-9,False,110,110,1.0,0.30131245197590095,7097ce61e305f52238d9f9c7d548d0fa7b367f3b006263fa67b6fbbefdca6f1f,False
2,meanfiringrate,143-50-0,122-14-5,False,110,110,1.0,0.30131245197590095,7097ce61e305f52238d9f9c7d548d0fa7b367f3b006263fa67b6fbbefdca6f1f,False
2,meanfiringrate,1461-22-9,50-81-7,False,110,110,1.0,0.30131245197590095,7097ce61e305f52238d9f9c7d548d0fa7b367f3b006263fa67b6fbbefdca6f1f,False
2,meanfiringrate,1478-61-1,29761-21-5,False,110,110,1.0,0.30131245197590095,7097ce61e305f52238d9f9c7d548d0fa7b367f3b006263fa67b6fbbefdca6f1f,False
2,meanfiringrate,148477-71-8,50-29-3,False,110,110,1.0,0.30131245197590095,7097ce61e305f52238d9f9c7d548d0fa7b367f3b006263fa67b6fbbefdca6f1f,False
2,meanfiringrate,151506-44-4,50-32-8,False,110,110,1.0,0.30131245197590095,7097ce61e305f52238d9f9c7d548d0fa7b367f3b006263fa67b6fbbefdca6f1f,False
2,meanfiringrate,153719-23-4,83-32-9,False,110,110,1.0,0.30131245197590095,7097ce61e305f52238d9f9c7d548d0fa7b367f3b006263fa67b6fbbefdca6f1f,False
2,meanfiringrate,1563-66-2,191-24-2,False,110,110,1.0,0.30131245197590095,7097ce61e305f52238d9f9c7d548d0fa7b367f3b006263fa67b6fbbefdca6f1f,False
2,meanfiringrate,159138-81-5,50-70-4,False,110,110,1.0,0.30131245197590095,7097ce61e305f52238d9f9c7d548d0fa7b367f3b006263fa67b6fbbefdca6f1f,False
2,meanfiringrate,175013-18-0,789-02-6,False,110,110,1.0,0.30131245197590095,7097ce61e305f52238d9f9c7d548d0fa7b367f3b006263fa67b6fbbefdca6f1f,False
2,meanfiringrate,183658-27-7,208-96-8,False,110,110,1.0,0.30131245197590095,7097ce61e305f52238d9f9c7d548d0fa7b367f3b006263fa67b6fbbefdca6f1f,False
2,meanfiringrate,188425-85-6,57-74-9,False,110,110,1.0,0.30131245197590095,7097ce61e305f52238d9f9c7d548d0fa7b367f3b006263fa67b6fbbefdca6f1f,False
2,meanfiringrate,191-24-2,143-50-0,False,110,110,1.0,0.30131245197590095,7097ce61e305f52238d9f9c7d548d0fa7b367f3b006263fa67b6fbbefdca6f1f,False
2,meanfiringrate,1912-24-9,113-48-4,False,110,110,1.0,0.30131245197590095,7097ce61e305f52238d9f9c7d548d0fa7b367f3b006263fa67b6fbbefdca6f1f,False
2,meanfiringrate,192-97-2,10453-86-8,False,110,110,1.0,0.30131245197590095,7097ce61e305f52238d9f9c7d548d0fa7b367f3b006263fa67b6fbbefdca6f1f,False
2,meanfiringrate,194098-25-4,66230-04-4,False,110,110,1.0,0.30131245197590095,7097ce61e305f52238d9f9c7d548d0fa7b367f3b006263fa67b6fbbefdca6f1f,False
2,meanfiringrate,1948-33-0,60348-60-9,False,110,110,1.0,0.30131245197590095,7097ce61e305f52238d9f9c7d548d0fa7b367f3b006263fa67b6fbbefdca6f1f,False
2,meanfiringrate,2001-95-8,2155-70-6,False,110,110,1.0,0.30131245197590095,7097ce61e305f52238d9f9c7d548d0fa7b367f3b006263fa67b6fbbefdca6f1f,False
2,meanfiringrate,203-64-5,91-20-3,False,110,110,1.0,0.30131245197590095,7097ce61e305f52238d9f9c7d548d0fa7b367f3b006263fa67b6fbbefdca6f1f,False
2,meanfiringrate,205-99-2,860302-33-6,False,110,110,1.0,0.30131245197590095,7097ce61e305f52238d9f9c7d548d0fa7b367f3b006263fa67b6fbbefdca6f1f,False
2,meanfiringrate,207-08-9,50-06-6,False,110,110,1.0,0.30131245197590095,7097ce61e305f52238d9f9c7d548d0fa7b367f3b006263fa67b6fbbefdca6f1f,False
2,meanfiringrate,208-96-8,97-77-8,False,110,110,1.0,0.30131245197590095,7097ce61e305f52238d9f9c7d548d0fa7b367f3b006263fa67b6fbbefdca6f1f,False
2,meanfiringrate,210880-92-5,72-20-8,False,110,110,1.0,0.30131245197590095,7097ce61e305f52238d9f9c7d548d0fa7b367f3b006263fa67b6fbbefdca6f1f,False
2,meanfiringrate,2155-70-6,56803-37-3,False,110,110,1.0,0.30131245197590095,7097ce61e305f52238d9f9c7d548d0fa7b367f3b006263fa67b6fbbefdca6f1f,False
2,meanfiringrate,218-01-9,2385-85-5,False,110,110,1.0,0.30131245197590095,7097ce61e305f52238d9f9c7d548d0fa7b367f3b006263fa67b6fbbefdca6f1f,False
2,meanfiringrate,2212-67-1,159138-81-5,False,110,110,1.0,0.30131245197590095,7097ce61e305f52238d9f9c7d548d0fa7b367f3b006263fa67b6fbbefdca6f1f,False
2,meanfiringrate,22224-92-6,83-79-4,False,110,110,1.0,0.30131245197590095,7097ce61e305f52238d9f9c7d548d0fa7b367f3b006263fa67b6fbbefdca6f1f,False
2,meanfiringrate,23031-36-9,57966-95-7,False,110,110,1.0,0.30131245197590095,7097ce61e305f52238d9f9c7d548d0fa7b367f3b006263fa67b6fbbefdca6f1f,False
2,meanfiringrate,2385-85-5,12108-13-3,False,110,110,1.0,0.30131245197590095,7097ce61e305f52238d9f9c7d548d0fa7b367f3b006263fa67b6fbbefdca6f1f,False
2,meanfiringrate,2465-27-2,205-99-2,False,110,110,1.0,0.30131245197590095,7097ce61e305f52238d9f9c7d548d0fa7b367f3b006263fa67b6fbbefdca6f1f,False
2,meanfiringrate,28094-15-7,52645-53-1,False,110,110,1.0,0.30131245197590095,7097ce61e305f52238d9f9c7d548d0fa7b367f3b006263fa67b6fbbefdca6f1f,False
2,meanfiringrate,28434-00-6,71751-41-2,False,110,110,1.0,0.30131245197590095,7097ce61e305f52238d9f9c7d548d0fa7b367f3b006263fa67b6fbbefdca6f1f,False
2,meanfiringrate,2971-36-0,218-01-9,False,110,110,1.0,0.30131245197590095,7097ce61e305f52238d9f9c7d548d0fa7b367f3b006263fa67b6fbbefdca6f1f,False
2,meanfiringrate,29761-21-5,80844-07-1,False,110,110,1.0,0.30131245197590095,7097ce61e305f52238d9f9c7d548d0fa7b367f3b006263fa67b6fbbefdca6f1f,False
2,meanfiringrate,298-04-4,1241-94-7,False,110,110,1.0,0.30131245197590095,7097ce61e305f52238d9f9c7d548d0fa7b367f3b006263fa67b6fbbefdca6f1f,False
2,meanfiringrate,3380-34-5,2465-27-2,False,110,110,1.0,0.30131245197590095,7097ce61e305f52238d9f9c7d548d0fa7b367f3b006263fa67b6fbbefdca6f1f,False
2,meanfiringrate,39515-41-8,194098-25-4,False,110,110,1.0,0.30131245197590095,7097ce61e305f52238d9f9c7d548d0fa7b367f3b006263fa67b6fbbefdca6f1f,False
2,meanfiringrate,50-06-6,151506-44-4,False,110,110,1.0,0.30131245197590095,7097ce61e305f52238d9f9c7d548d0fa7b367f3b006263fa67b6fbbefdca6f1f,False
2,meanfiringrate,50-28-2,53-70-3,False,110,110,1.0,0.30131245197590095,7097ce61e305f52238d9f9c7d548d0fa7b367f3b006263fa67b6fbbefdca6f1f,False
2,meanfiringrate,50-29-3,148477-71-8,False,110,110,1.0,0.30131245197590095,7097ce61e305f52238d9f9c7d548d0fa7b367f3b006263fa67b6fbbefdca6f1f,False
2,meanfiringrate,50-32-8,117-81-7,False,110,110,1.0,0.30131245197590095,7097ce61e305f52238d9f9c7d548d0fa7b367f3b006263fa67b6fbbefdca6f1f,False
2,meanfiringrate,50-70-4,82657-04-3,False,110,110,1.0,0.30131245197590095,7097ce61e305f52238d9f9c7d548d0fa7b367f3b006263fa67b6fbbefdca6f1f,False
2,meanfiringrate,50-81-7,584-79-2,False,110,110,1.0,0.30131245197590095,7097ce61e305f52238d9f9c7d548d0fa7b367f3b006263fa67b6fbbefdca6f1f,False
2,meanfiringrate,51-03-6,23031-36-9,False,110,110,1.0,0.30131245197590095,7097ce61e305f52238d9f9c7d548d0fa7b367f3b006263fa67b6fbbefdca6f1f,False
2,meanfiringrate,51-52-5,207-08-9,False,110,110,1.0,0.30131245197590095,7097ce61e305f52238d9f9c7d548d0fa7b367f3b006263fa67b6fbbefdca6f1f,False
2,meanfiringrate,52645-53-1,22224-92-6,False,110,110,1.0,0.30131245197590095,7097ce61e305f52238d9f9c7d548d0fa7b367f3b006263fa67b6fbbefdca6f1f,False
2,meanfiringrate,53-70-3,60-56-0,False,110,110,1.0,0.30131245197590095,7097ce61e305f52238d9f9c7d548d0fa7b367f3b006263fa67b6fbbefdca6f1f,False
2,meanfiringrate,56-04-2,50-28-2,False,110,110,1.0,0.30131245197590095,7097ce61e305f52238d9f9c7d548d0fa7b367f3b006263fa67b6fbbefdca6f1f,False
2,meanfiringrate,56-38-2,2001-95-8,False,110,110,1.0,0.30131245197590095,7097ce61e305f52238d9f9c7d548d0fa7b367f3b006263fa67b6fbbefdca6f1f,False
2,meanfiringrate,56-55-3,203-64-5,False,110,110,1.0,0.30131245197590095,7097ce61e305f52238d9f9c7d548d0fa7b367f3b006263fa67b6fbbefdca6f1f,False
2,meanfiringrate,56-81-5,28434-00-6,False,110,110,1.0,0.30131245197590095,7097ce61e305f52238d9f9c7d548d0fa7b367f3b006263fa67b6fbbefdca6f1f,False
2,meanfiringrate,56803-37-3,10043-35-3,False,110,110,1.0,0.30131245197590095,7097ce61e305f52238d9f9c7d548d0fa7b367f3b006263fa67b6fbbefdca6f1f,False
2,meanfiringrate,57-74-9,85-01-8,False,110,110,1.0,0.30131245197590095,7097ce61e305f52238d9f9c7d548d0fa7b367f3b006263fa67b6fbbefdca6f1f,False
2,meanfiringrate,57966-95-7,120-12-7,False,110,110,1.0,0.30131245197590095,7097ce61e305f52238d9f9c7d548d0fa7b367f3b006263fa67b6fbbefdca6f1f,False
2,meanfiringrate,584-79-2,56-81-5,False,110,110,1.0,0.30131245197590095,7097ce61e305f52238d9f9c7d548d0fa7b367f3b006263fa67b6fbbefdca6f1f,False
2,meanfiringrate,60-54-8,75330-75-5,False,110,110,1.0,0.30131245197590095,7097ce61e305f52238d9f9c7d548d0fa7b367f3b006263fa67b6fbbefdca6f1f,False
2,meanfiringrate,60-56-0,1912-24-9,False,110,110,1.0,0.30131245197590095,7097ce61e305f52238d9f9c7d548d0fa7b367f3b006263fa67b6fbbefdca6f1f,False
2,meanfiringrate,60348-60-9,3380-34-5,False,110,110,1.0,0.30131245197590095,7097ce61e305f52238d9f9c7d548d0fa7b367f3b006263fa67b6fbbefdca6f1f,False
2,meanfiringrate,62-38-4,56-04-2,False,110,110,1.0,0.30131245197590095,7097ce61e305f52238d9f9c7d548d0fa7b367f3b006263fa67b6fbbefdca6f1f,False
2,meanfiringrate,638-38-0,70-30-4,False,110,110,1.0,0.30131245197590095,7097ce61e305f52238d9f9c7d548d0fa7b367f3b006263fa67b6fbbefdca6f1f,False
2,meanfiringrate,66230-04-4,62-38-4,False,110,110,1.0,0.30131245197590095,7097ce61e305f52238d9f9c7d548d0fa7b367f3b006263fa67b6fbbefdca6f1f,False
2,meanfiringrate,68359-37-5,1330-78-5,False,110,110,1.0,0.30131245197590095,7097ce61e305f52238d9f9c7d548d0fa7b367f3b006263fa67b6fbbefdca6f1f,False
2,meanfiringrate,68631-49-2,129-00-0,False,110,110,1.0,0.30131245197590095,7097ce61e305f52238d9f9c7d548d0fa7b367f3b006263fa67b6fbbefdca6f1f,False
2,meanfiringrate,69-65-8,77-40-7,False,110,110,1.0,0.30131245197590095,7097ce61e305f52238d9f9c7d548d0fa7b367f3b006263fa67b6fbbefdca6f1f,False
2,meanfiringrate,70-30-4,192-97-2,False,110,110,1.0,0.30131245197590095,7097ce61e305f52238d9f9c7d548d0fa7b367f3b006263fa67b6fbbefdca6f1f,False
2,meanfiringrate,71751-41-2,101-02-0,False,110,110,1.0,0.30131245197590095,7097ce61e305f52238d9f9c7d548d0fa7b367f3b006263fa67b6fbbefdca6f1f,False
2,meanfiringrate,72-20-8,28094-15-7,False,110,110,1.0,0.30131245197590095,7097ce61e305f52238d9f9c7d548d0fa7b367f3b006263fa67b6fbbefdca6f1f,False
2,meanfiringrate,72-43-5,114-07-8,False,110,110,1.0,0.30131245197590095,7097ce61e305f52238d9f9c7d548d0fa7b367f3b006263fa67b6fbbefdca6f1f,False
2,meanfiringrate,72-54-8,101-10-0,False,110,110,1.0,0.30131245197590095,7097ce61e305f52238d9f9c7d548d0fa7b367f3b006263fa67b6fbbefdca6f1f,False
2,meanfiringrate,72-55-9,51-52-5,False,110,110,1.0,0.30131245197590095,7097ce61e305f52238d9f9c7d548d0fa7b367f3b006263fa67b6fbbefdca6f1f,False
2,meanfiringrate,75330-75-5,79902-63-9,False,110,110,1.0,0.30131245197590095,7097ce61e305f52238d9f9c7d548d0fa7b367f3b006263fa67b6fbbefdca6f1f,False
2,meanfiringrate,7696-12-0,81131-70-6,False,110,110,1.0,0.30131245197590095,7097ce61e305f52238d9f9c7d548d0fa7b367f3b006263fa67b6fbbefdca6f1f,False
2,meanfiringrate,77-40-7,1563-66-2,False,110,110,1.0,0.30131245197590095,7097ce61e305f52238d9f9c7d548d0fa7b367f3b006263fa67b6fbbefdca6f1f,False
2,meanfiringrate,789-02-6,188425-85-6,False,110,110,1.0,0.30131245197590095,7097ce61e305f52238d9f9c7d548d0fa7b367f3b006263fa67b6fbbefdca6f1f,False
2,meanfiringrate,79538-32-2,111-94-4,False,110,110,1.0,0.30131245197590095,7097ce61e305f52238d9f9c7d548d0fa7b367f3b006263fa67b6fbbefdca6f1f,False
2,meanfiringrate,79902-63-9,124378-77-4,False,110,110,1.0,0.30131245197590095,7097ce61e305f52238d9f9c7d548d0fa7b367f3b006263fa67b6fbbefdca6f1f,False
2,meanfiringrate,80844-07-1,NOCAS_47330,False,110,110,1.0,0.30131245197590095,7097ce61e305f52238d9f9c7d548d0fa7b367f3b006263fa67b6fbbefdca6f1f,False
2,meanfiringrate,81131-70-6,69-65-8,False,110,110,1.0,0.30131245197590095,7097ce61e305f52238d9f9c7d548d0fa7b367f3b006263fa67b6fbbefdca6f1f,False
2,meanfiringrate,82657-04-3,56-38-2,False,110,110,1.0,0.30131245197590095,7097ce61e305f52238d9f9c7d548d0fa7b367f3b006263fa67b6fbbefdca6f1f,False
2,meanfiringrate,83-32-9,72-55-9,False,110,110,1.0,0.30131245197590095,7097ce61e305f52238d9f9c7d548d0fa7b367f3b006263fa67b6fbbefdca6f1f,False
2,meanfiringrate,83-79-4,68631-49-2,False,110,110,1.0,0.30131245197590095,7097ce61e305f52238d9f9c7d548d0fa7b367f3b006263fa67b6fbbefdca6f1f,False
2,meanfiringrate,848641-69-0,141517-21-7,False,110,110,1.0,0.30131245197590095,7097ce61e305f52238d9f9c7d548d0fa7b367f3b006263fa67b6fbbefdca6f1f,False
2,meanfiringrate,85-01-8,2971-36-0,False,110,110,1.0,0.30131245197590095,7097ce61e305f52238d9f9c7d548d0fa7b367f3b006263fa67b6fbbefdca6f1f,False
2,meanfiringrate,86-73-7,210880-92-5,False,110,110,1.0,0.30131245197590095,7097ce61e305f52238d9f9c7d548d0fa7b367f3b006263fa67b6fbbefdca6f1f,False
2,meanfiringrate,860302-33-6,848641-69-0,False,110,110,1.0,0.30131245197590095,7097ce61e305f52238d9f9c7d548d0fa7b367f3b006263fa67b6fbbefdca6f1f,False
2,meanfiringrate,91-20-3,298-04-4,False,110,110,1.0,0.30131245197590095,7097ce61e305f52238d9f9c7d548d0fa7b367f3b006263fa67b6fbbefdca6f1f,False
2,meanfiringrate,97-77-8,105512-06-9,False,110,110,1.0,0.30131245197590095,7097ce61e305f52238d9f9c7d548d0fa7b367f3b006263fa67b6fbbefdca6f1f,False
2,meanfiringrate,NOCAS_47330,1948-33-0,False,110,110,1.0,0.30131245197590095,7097ce61e305f52238d9f9c7d548d0fa7b367f3b006263fa67b6fbbefdca6f1f,False
2,burst.per.min,10043-35-3,848641-69-0,False,110,110,1.0,0.1366117636632844,f89a0ec546fb8c7a69df4134f3794ee5df56cbb6c602c8d66844b0e43051511f,False
2,burst.per.min,101-02-0,207-08-9,False,110,110,1.0,0.1366117636632844,f89a0ec546fb8c7a69df4134f3794ee5df56cbb6c602c8d66844b0e43051511f,False
2,burst.per.min,101-10-0,60-56-0,False,110,110,1.0,0.1366117636632844,f89a0ec546fb8c7a69df4134f3794ee5df56cbb6c602c8d66844b0e43051511f,False
2,burst.per.min,10453-86-8,86-73-7,False,110,110,1.0,0.1366117636632844,f89a0ec546fb8c7a69df4134f3794ee5df56cbb6c602c8d66844b0e43051511f,False
2,burst.per.min,105512-06-9,2971-36-0,False,110,110,1.0,0.1366117636632844,f89a0ec546fb8c7a69df4134f3794ee5df56cbb6c602c8d66844b0e43051511f,False
2,burst.per.min,109-86-4,2212-67-1,False,110,110,1.0,0.1366117636632844,f89a0ec546fb8c7a69df4134f3794ee5df56cbb6c602c8d66844b0e43051511f,False
2,burst.per.min,111-94-4,50-06-6,False,110,110,1.0,0.1366117636632844,f89a0ec546fb8c7a69df4134f3794ee5df56cbb6c602c8d66844b0e43051511f,False
2,burst.per.min,113-48-4,120-12-7,False,110,110,1.0,0.1366117636632844,f89a0ec546fb8c7a69df4134f3794ee5df56cbb6c602c8d66844b0e43051511f,False
2,burst.per.min,114-07-8,1330-78-5,False,110,110,1.0,0.1366117636632844,f89a0ec546fb8c7a69df4134f3794ee5df56cbb6c602c8d66844b0e43051511f,False
2,burst.per.min,115-29-7,218-01-9,False,110,110,1.0,0.1366117636632844,f89a0ec546fb8c7a69df4134f3794ee5df56cbb6c602c8d66844b0e43051511f,False
2,burst.per.min,117-81-7,205-99-2,False,110,110,1.0,0.1366117636632844,f89a0ec546fb8c7a69df4134f3794ee5df56cbb6c602c8d66844b0e43051511f,False
2,burst.per.min,117428-22-5,1241-94-7,False,110,110,1.0,0.1366117636632844,f89a0ec546fb8c7a69df4134f3794ee5df56cbb6c602c8d66844b0e43051511f,False
2,burst.per.min,120-12-7,56803-37-3,False,110,110,1.0,0.1366117636632844,f89a0ec546fb8c7a69df4134f3794ee5df56cbb6c602c8d66844b0e43051511f,False
2,burst.per.min,12108-13-3,122-14-5,False,110,110,1.0,0.1366117636632844,f89a0ec546fb8c7a69df4134f3794ee5df56cbb6c602c8d66844b0e43051511f,False
2,burst.per.min,122-14-5,83-79-4,False,110,110,1.0,0.1366117636632844,f89a0ec546fb8c7a69df4134f3794ee5df56cbb6c602c8d66844b0e43051511f,False
2,burst.per.min,1241-94-7,97-77-8,False,110,110,1.0,0.1366117636632844,f89a0ec546fb8c7a69df4134f3794ee5df56cbb6c602c8d66844b0e43051511f,False
2,burst.per.min,124378-77-4,208-96-8,False,110,110,1.0,0.1366117636632844,f89a0ec546fb8c7a69df4134f3794ee5df56cbb6c602c8d66844b0e43051511f,False
2,burst.per.min,129-00-0,105512-06-9,False,110,110,1.0,0.1366117636632844,f89a0ec546fb8c7a69df4134f3794ee5df56cbb6c602c8d66844b0e43051511f,False
2,burst.per.min,133-06-2,83-32-9,False,110,110,1.0,0.1366117636632844,f89a0ec546fb8c7a69df4134f3794ee5df56cbb6c602c8d66844b0e43051511f,False
2,burst.per.min,1330-78-5,22224-92-6,False,110,110,1.0,0.1366117636632844,f89a0ec546fb8c7a69df4134f3794ee5df56cbb6c602c8d66844b0e43051511f,False
2,burst.per.min,13674-84-5,203-64-5,False,110,110,1.0,0.1366117636632844,f89a0ec546fb8c7a69df4134f3794ee5df56cbb6c602c8d66844b0e43051511f,False
2,burst.per.min,141517-21-7,3380-34-5,False,110,110,1.0,0.1366117636632844,f89a0ec546fb8c7a69df4134f3794ee5df56cbb6c602c8d66844b0e43051511f,False
2,burst.per.min,142459-58-3,75330-75-5,False,110,110,1.0,0.1366117636632844,f89a0ec546fb8c7a69df4134f3794ee5df56cbb6c602c8d66844b0e43051511f,False
2,burst.per.min,143-50-0,50-29-3,False,110,110,1.0,0.1366117636632844,f89a0ec546fb8c7a69df4134f3794ee5df56cbb6c602c8d66844b0e43051511f,False
2,burst.per.min,1461-22-9,NOCAS_47330,False,110,110,1.0,0.1366117636632844,f89a0ec546fb8c7a69df4134f3794ee5df56cbb6c602c8d66844b0e43051511f,False
2,burst.per.min,1478-61-1,50-81-7,False,110,110,1.0,0.1366117636632844,f89a0ec546fb8c7a69df4134f3794ee5df56cbb6c602c8d66844b0e43051511f,False
2,burst.per.min,148477-71-8,10453-86-8,False,110,110,1.0,0.1366117636632844,f89a0ec546fb8c7a69df4134f3794ee5df56cbb6c602c8d66844b0e43051511f,False
2,burst.per.min,151506-44-4,159138-81-5,False,110,110,1.0,0.1366117636632844,f89a0ec546fb8c7a69df4134f3794ee5df56cbb6c602c8d66844b0e43051511f,False
2,burst.per.min,153719-23-4,109-86-4,False,110,110,1.0,0.1366117636632844,f89a0ec546fb8c7a69df4134f3794ee5df56cbb6c602c8d66844b0e43051511f,False
2,burst.per.min,1563-66-2,28094-15-7,False,110,110,1.0,0.1366117636632844,f89a0ec546fb8c7a69df4134f3794ee5df56cbb6c602c8d66844b0e43051511f,False
2,burst.per.min,159138-81-5,153719-23-4,False,110,110,1.0,0.1366117636632844,f89a0ec546fb8c7a69df4134f3794ee5df56cbb6c602c8d66844b0e43051511f,False
2,burst.per.min,175013-18-0,101-02-0,False,110,110,1.0,0.1366117636632844,f89a0ec546fb8c7a69df4134f3794ee5df56cbb6c602c8d66844b0e43051511f,False
2,burst.per.min,183658-27-7,1461-22-9,False,110,110,1.0,0.1366117636632844,f89a0ec546fb8c7a69df4134f3794ee5df56cbb6c602c8d66844b0e43051511f,False
2,burst.per.min,188425-85-6,68631-49-2,False,110,110,1.0,0.1366117636632844,f89a0ec546fb8c7a69df4134f3794ee5df56cbb6c602c8d66844b0e43051511f,False
2,burst.per.min,191-24-2,72-43-5,False,110,110,1.0,0.1366117636632844,f89a0ec546fb8c7a69df4134f3794ee5df56cbb6c602c8d66844b0e43051511f,False
2,burst.per.min,1912-24-9,7696-12-0,False,110,110,1.0,0.1366117636632844,f89a0ec546fb8c7a69df4134f3794ee5df56cbb6c602c8d66844b0e43051511f,False
2,burst.per.min,192-97-2,81131-70-6,False,110,110,1.0,0.1366117636632844,f89a0ec546fb8c7a69df4134f3794ee5df56cbb6c602c8d66844b0e43051511f,False
2,burst.per.min,194098-25-4,60-54-8,False,110,110,1.0,0.1366117636632844,f89a0ec546fb8c7a69df4134f3794ee5df56cbb6c602c8d66844b0e43051511f,False
2,burst.per.min,1948-33-0,789-02-6,False,110,110,1.0,0.1366117636632844,f89a0ec546fb8c7a69df4134f3794ee5df56cbb6c602c8d66844b0e43051511f,False
2,burst.per.min,2001-95-8,91-20-3,False,110,110,1.0,0.1366117636632844,f89a0ec546fb8c7a69df4134f3794ee5df56cbb6c602c8d66844b0e43051511f,False
2,burst.per.min,203-64-5,69-65-8,False,110,110,1.0,0.1366117636632844,f89a0ec546fb8c7a69df4134f3794ee5df56cbb6c602c8d66844b0e43051511f,False
2,burst.per.min,205-99-2,191-24-2,False,110,110,1.0,0.1366117636632844,f89a0ec546fb8c7a69df4134f3794ee5df56cbb6c602c8d66844b0e43051511f,False
2,burst.per.min,207-08-9,28434-00-6,False,110,110,1.0,0.1366117636632844,f89a0ec546fb8c7a69df4134f3794ee5df56cbb6c602c8d66844b0e43051511f,False
2,burst.per.min,208-96-8,60348-60-9,False,110,110,1.0,0.1366117636632844,f89a0ec546fb8c7a69df4134f3794ee5df56cbb6c602c8d66844b0e43051511f,False
2,burst.per.min,210880-92-5,113-48-4,False,110,110,1.0,0.1366117636632844,f89a0ec546fb8c7a69df4134f3794ee5df56cbb6c602c8d66844b0e43051511f,False
2,burst.per.min,2155-70-6,141517-21-7,False,110,110,1.0,0.1366117636632844,f89a0ec546fb8c7a69df4134f3794ee5df56cbb6c602c8d66844b0e43051511f,False
2,burst.per.min,218-01-9,12108-13-3,False,110,110,1.0,0.1366117636632844,f89a0ec546fb8c7a69df4134f3794ee5df56cbb6c602c8d66844b0e43051511f,False
2,burst.per.min,2212-67-1,66230-04-4,False,110,110,1.0,0.1366117636632844,f89a0ec546fb8c7a69df4134f3794ee5df56cbb6c602c8d66844b0e43051511f,False
2,burst.per.min,22224-92-6,192-97-2,False,110,110,1.0,0.1366117636632844,f89a0ec546fb8c7a69df4134f3794ee5df56cbb6c602c8d66844b0e43051511f,False
2,burst.per.min,23031-36-9,53-70-3,False,110,110,1.0,0.1366117636632844,f89a0ec546fb8c7a69df4134f3794ee5df56cbb6c602c8d66844b0e43051511f,False
2,burst.per.min,2385-85-5,56-38-2,False,110,110,1.0,0.1366117636632844,f89a0ec546fb8c7a69df4134f3794ee5df56cbb6c602c8d66844b0e43051511f,False
2,burst.per.min,2465-27-2,115-29-7,False,110,110,1.0,0.1366117636632844,f89a0ec546fb8c7a69df4134f3794ee5df56cbb6c602c8d66844b0e43051511f,False
2,burst.per.min,28094-15-7,183658-27-7,False,110,110,1.0,0.1366117636632844,f89a0ec546fb8c7a69df4134f3794ee5df56cbb6c602c8d66844b0e43051511f,False
2,burst.per.min,28434-00-6,85-01-8,False,110,110,1.0,0.1366117636632844,f89a0ec546fb8c7a69df4134f3794ee5df56cbb6c602c8d66844b0e43051511f,False
2,burst.per.min,2971-36-0,210880-92-5,False,110,110,1.0,0.1366117636632844,f89a0ec546fb8c7a69df4134f3794ee5df56cbb6c602c8d66844b0e43051511f,False
2,burst.per.min,29761-21-5,148477-71-8,False,110,110,1.0,0.1366117636632844,f89a0ec546fb8c7a69df4134f3794ee5df56cbb6c602c8d66844b0e43051511f,False
2,burst.per.min,298-04-4,10043-35-3,False,110,110,1.0,0.1366117636632844,f89a0ec546fb8c7a69df4134f3794ee5df56cbb6c602c8d66844b0e43051511f,False
2,burst.per.min,3380-34-5,124378-77-4,False,110,110,1.0,0.1366117636632844,f89a0ec546fb8c7a69df4134f3794ee5df56cbb6c602c8d66844b0e43051511f,False
2,burst.per.min,39515-41-8,80844-07-1,False,110,110,1.0,0.1366117636632844,f89a0ec546fb8c7a69df4134f3794ee5df56cbb6c602c8d66844b0e43051511f,False
2,burst.per.min,50-06-6,56-81-5,False,110,110,1.0,0.1366117636632844,f89a0ec546fb8c7a69df4134f3794ee5df56cbb6c602c8d66844b0e43051511f,False
2,burst.per.min,50-28-2,51-52-5,False,110,110,1.0,0.1366117636632844,f89a0ec546fb8c7a69df4134f3794ee5df56cbb6c602c8d66844b0e43051511f,False
2,burst.per.min,50-29-3,2385-85-5,False,110,110,1.0,0.1366117636632844,f89a0ec546fb8c7a69df4134f3794ee5df56cbb6c602c8d66844b0e43051511f,False
2,burst.per.min,50-32-8,133-06-2,False,110,110,1.0,0.1366117636632844,f89a0ec546fb8c7a69df4134f3794ee5df56cbb6c602c8d66844b0e43051511f,False
2,burst.per.min,50-70-4,111-94-4,False,110,110,1.0,0.1366117636632844,f89a0ec546fb8c7a69df4134f3794ee5df56cbb6c602c8d66844b0e43051511f,False
2,burst.per.min,50-81-7,860302-33-6,False,110,110,1.0,0.1366117636632844,f89a0ec546fb8c7a69df4134f3794ee5df56cbb6c602c8d66844b0e43051511f,False
2,burst.per.min,51-03-6,188425-85-6,False,110,110,1.0,0.1366117636632844,f89a0ec546fb8c7a69df4134f3794ee5df56cbb6c602c8d66844b0e43051511f,False
2,burst.per.min,51-52-5,298-04-4,False,110,110,1.0,0.1366117636632844,f89a0ec546fb8c7a69df4134f3794ee5df56cbb6c602c8d66844b0e43051511f,False
2,burst.per.min,52645-53-1,23031-36-9,False,110,110,1.0,0.1366117636632844,f89a0ec546fb8c7a69df4134f3794ee5df56cbb6c602c8d66844b0e43051511f,False
2,burst.per.min,53-70-3,638-38-0,False,110,110,1.0,0.1366117636632844,f89a0ec546fb8c7a69df4134f3794ee5df56cbb6c602c8d66844b0e43051511f,False
2,burst.per.min,56-04-2,39515-41-8,False,110,110,1.0,0.1366117636632844,f89a0ec546fb8c7a69df4134f3794ee5df56cbb6c602c8d66844b0e43051511f,False
2,burst.per.min,56-38-2,62-38-4,False,110,110,1.0,0.1366117636632844,f89a0ec546fb8c7a69df4134f3794ee5df56cbb6c602c8d66844b0e43051511f,False
2,burst.per.min,56-55-3,57966-95-7,False,110,110,1.0,0.1366117636632844,f89a0ec546fb8c7a69df4134f3794ee5df56cbb6c602c8d66844b0e43051511f,False
2,burst.per.min,56-81-5,82657-04-3,False,110,110,1.0,0.1366117636632844,f89a0ec546fb8c7a69df4134f3794ee5df56cbb6c602c8d66844b0e43051511f,False
2,burst.per.min,56803-37-3,50-70-4,False,110,110,1.0,0.1366117636632844,f89a0ec546fb8c7a69df4134f3794ee5df56cbb6c602c8d66844b0e43051511f,False
2,burst.per.min,57-74-9,1948-33-0,False,110,110,1.0,0.1366117636632844,f89a0ec546fb8c7a69df4134f3794ee5df56cbb6c602c8d66844b0e43051511f,False
2,burst.per.min,57966-95-7,71751-41-2,False,110,110,1.0,0.1366117636632844,f89a0ec546fb8c7a69df4134f3794ee5df56cbb6c602c8d66844b0e43051511f,False
2,burst.per.min,584-79-2,29761-21-5,False,110,110,1.0,0.1366117636632844,f89a0ec546fb8c7a69df4134f3794ee5df56cbb6c602c8d66844b0e43051511f,False
2,burst.per.min,60-54-8,143-50-0,False,110,110,1.0,0.1366117636632844,f89a0ec546fb8c7a69df4134f3794ee5df56cbb6c602c8d66844b0e43051511f,False
2,burst.per.min,60-56-0,50-28-2,False,110,110,1.0,0.1366117636632844,f89a0ec546fb8c7a69df4134f3794ee5df56cbb6c602c8d66844b0e43051511f,False
2,burst.per.min,60348-60-9,72-55-9,False,110,110,1.0,0.1366117636632844,f89a0ec546fb8c7a69df4134f3794ee5df56cbb6c602c8d66844b0e43051511f,False
2,burst.per.min,62-38-4,1912-24-9,False,110,110,1.0,0.1366117636632844,f89a0ec546fb8c7a69df4134f3794ee5df56cbb6c602c8d66844b0e43051511f,False
2,burst.per.min,638-38-0,56-04-2,False,110,110,1.0,0.1366117636632844,f89a0ec546fb8c7a69df4134f3794ee5df56cbb6c602c8d66844b0e43051511f,False
2,burst.per.min,66230-04-4,79902-63-9,False,110,110,1.0,0.1366117636632844,f89a0ec546fb8c7a69df4134f3794ee5df56cbb6c602c8d66844b0e43051511f,False
2,burst.per.min,68359-37-5,114-07-8,False,110,110,1.0,0.1366117636632844,f89a0ec546fb8c7a69df4134f3794ee5df56cbb6c602c8d66844b0e43051511f,False
2,burst.per.min,68631-49-2,117428-22-5,False,110,110,1.0,0.1366117636632844,f89a0ec546fb8c7a69df4134f3794ee5df56cbb6c602c8d66844b0e43051511f,False
2,burst.per.min,69-65-8,70-30-4,False,110,110,1.0,0.1366117636632844,f89a0ec546fb8c7a69df4134f3794ee5df56cbb6c602c8d66844b0e43051511f,False
2,burst.per.min,70-30-4,175013-18-0,False,110,110,1.0,0.1366117636632844,f89a0ec546fb8c7a69df4134f3794ee5df56cbb6c602c8d66844b0e43051511f,False
2,burst.per.min,71751-41-2,72-54-8,False,110,110,1.0,0.1366117636632844,f89a0ec546fb8c7a69df4134f3794ee5df56cbb6c602c8d66844b0e43051511f,False
2,burst.per.min,72-20-8,56-55-3,False,110,110,1.0,0.1366117636632844,f89a0ec546fb8c7a69df4134f3794ee5df56cbb6c602c8d66844b0e43051511f,False
2,burst.per.min,72-43-5,57-74-9,False,110,110,1.0,0.1366117636632844,f89a0ec546fb8c7a69df4134f3794ee5df56cbb6c602c8d66844b0e43051511f,False
2,burst.per.min,72-54-8,151506-44-4,False,110,110,1.0,0.1366117636632844,f89a0ec546fb8c7a69df4134f3794ee5df56cbb6c602c8d66844b0e43051511f,False
2,burst.per.min,72-55-9,129-00-0,False,110,110,1.0,0.1366117636632844,f89a0ec546fb8c7a69df4134f3794ee5df56cbb6c602c8d66844b0e43051511f,False
2,burst.per.min,75330-75-5,2465-27-2,False,110,110,1.0,0.1366117636632844,f89a0ec546fb8c7a69df4134f3794ee5df56cbb6c602c8d66844b0e43051511f,False
2,burst.per.min,7696-12-0,2155-70-6,False,110,110,1.0,0.1366117636632844,f89a0ec546fb8c7a69df4134f3794ee5df56cbb6c602c8d66844b0e43051511f,False
2,burst.per.min,77-40-7,2001-95-8,False,110,110,1.0,0.1366117636632844,f89a0ec546fb8c7a69df4134f3794ee5df56cbb6c602c8d66844b0e43051511f,False
2,burst.per.min,789-02-6,72-20-8,False,110,110,1.0,0.1366117636632844,f89a0ec546fb8c7a69df4134f3794ee5df56cbb6c602c8d66844b0e43051511f,False
2,burst.per.min,79538-32-2,101-10-0,False,110,110,1.0,0.1366117636632844,f89a0ec546fb8c7a69df4134f3794ee5df56cbb6c602c8d66844b0e43051511f,False
2,burst.per.min,79902-63-9,77-40-7,False,110,110,1.0,0.1366117636632844,f89a0ec546fb8c7a69df4134f3794ee5df56cbb6c602c8d66844b0e43051511f,False
2,burst.per.min,80844-07-1,142459-58-3,False,110,110,1.0,0.1366117636632844,f89a0ec546fb8c7a69df4134f3794ee5df56cbb6c602c8d66844b0e43051511f,False
2,burst.per.min,81131-70-6,52645-53-1,False,110,110,1.0,0.1366117636632844,f89a0ec546fb8c7a69df4134f3794ee5df56cbb6c602c8d66844b0e43051511f,False
2,burst.per.min,82657-04-3,194098-25-4,False,110,110,1.0,0.1366117636632844,f89a0ec546fb8c7a69df4134f3794ee5df56cbb6c602c8d66844b0e43051511f,False
2,burst.per.min,83-32-9,50-32-8,False,110,110,1.0,0.1366117636632844,f89a0ec546fb8c7a69df4134f3794ee5df56cbb6c602c8d66844b0e43051511f,False
2,burst.per.min,83-79-4,51-03-6,False,110,110,1.0,0.1366117636632844,f89a0ec546fb8c7a69df4134f3794ee5df56cbb6c602c8d66844b0e43051511f,False
2,burst.per.min,848641-69-0,79538-32-2,False,110,110,1.0,0.1366117636632844,f89a0ec546fb8c7a69df4134f3794ee5df56cbb6c602c8d66844b0e43051511f,False
2,burst.per.min,85-01-8,68359-37-5,False,110,110,1.0,0.1366117636632844,f89a0ec546fb8c7a69df4134f3794ee5df56cbb6c602c8d66844b0e43051511f,False
2,burst.per.min,86-73-7,1563-66-2,False,110,110,1.0,0.1366117636632844,f89a0ec546fb8c7a69df4134f3794ee5df56cbb6c602c8d66844b0e43051511f,False
2,burst.per.min,860302-33-6,1478-61-1,False,110,110,1.0,0.1366117636632844,f89a0ec546fb8c7a69df4134f3794ee5df56cbb6c602c8d66844b0e43051511f,False
2,burst.per.min,91-20-3,13674-84-5,False,110,110,1.0,0.1366117636632844,f89a0ec546fb8c7a69df4134f3794ee5df56cbb6c602c8d66844b0e43051511f,False
2,burst.per.min,97-77-8,584-79-2,False,110,110,1.0,0.1366117636632844,f89a0ec546fb8c7a69df4134f3794ee5df56cbb6c602c8d66844b0e43051511f,False
2,burst.per.min,NOCAS_47330,117-81-7,False,110,110,1.0,0.1366117636632844,f89a0ec546fb8c7a69df4134f3794ee5df56cbb6c602c8d66844b0e43051511f,False
2,nAE,10043-35-3,13674-84-5,False,110,110,1.0,0.012322390645403981,143cb7c3e67111b27c0dbae130eac0004c258eff0d003f8cf224e9674efd0258,False
2,nAE,101-02-0,53-70-3,False,110,110,1.0,0.012322390645403981,143cb7c3e67111b27c0dbae130eac0004c258eff0d003f8cf224e9674efd0258,False
2,nAE,101-10-0,28094-15-7,False,110,110,1.0,0.012322390645403981,143cb7c3e67111b27c0dbae130eac0004c258eff0d003f8cf224e9674efd0258,False
2,nAE,10453-86-8,71751-41-2,False,110,110,1.0,0.012322390645403981,143cb7c3e67111b27c0dbae130eac0004c258eff0d003f8cf224e9674efd0258,False
2,nAE,105512-06-9,50-81-7,False,110,110,1.0,0.012322390645403981,143cb7c3e67111b27c0dbae130eac0004c258eff0d003f8cf224e9674efd0258,False
2,nAE,109-86-4,789-02-6,False,110,110,1.0,0.012322390645403981,143cb7c3e67111b27c0dbae130eac0004c258eff0d003f8cf224e9674efd0258,False
2,nAE,111-94-4,120-12-7,False,110,110,1.0,0.012322390645403981,143cb7c3e67111b27c0dbae130eac0004c258eff0d003f8cf224e9674efd0258,False
2,nAE,113-48-4,1948-33-0,False,110,110,1.0,0.012322390645403981,143cb7c3e67111b27c0dbae130eac0004c258eff0d003f8cf224e9674efd0258,False
2,nAE,114-07-8,72-20-8,False,110,110,1.0,0.012322390645403981,143cb7c3e67111b27c0dbae130eac0004c258eff0d003f8cf224e9674efd0258,False
2,nAE,115-29-7,60348-60-9,False,110,110,1.0,0.012322390645403981,143cb7c3e67111b27c0dbae130eac0004c258eff0d003f8cf224e9674efd0258,False
2,nAE,117-81-7,28434-00-6,False,110,110,1.0,0.012322390645403981,143cb7c3e67111b27c0dbae130eac0004c258eff0d003f8cf224e9674efd0258,False
2,nAE,117428-22-5,79902-63-9,False,110,110,1.0,0.012322390645403981,143cb7c3e67111b27c0dbae130eac0004c258eff0d003f8cf224e9674efd0258,False
2,nAE,120-12-7,60-54-8,False,110,110,1.0,0.012322390645403981,143cb7c3e67111b27c0dbae130eac0004c258eff0d003f8cf224e9674efd0258,False
2,nAE,12108-13-3,143-50-0,False,110,110,1.0,0.012322390645403981,143cb7c3e67111b27c0dbae130eac0004c258eff0d003f8cf224e9674efd0258,False
2,nAE,122-14-5,114-07-8,False,110,110,1.0,0.012322390645403981,143cb7c3e67111b27c0dbae130eac0004c258eff0d003f8cf224e9674efd0258,False
2,nAE,1241-94-7,203-64-5,False,110,110,1.0,0.012322390645403981,143cb7c3e67111b27c0dbae130eac0004c258eff0d003f8cf224e9674efd0258,False
2,nAE,124378-77-4,57-74-9,False,110,110,1.0,0.012322390645403981,143cb7c3e67111b27c0dbae130eac0004c258eff0d003f8cf224e9674efd0258,False
2,nAE,129-00-0,151506-44-4,False,110,110,1.0,0.012322390645403981,143cb7c3e67111b27c0dbae130eac0004c258eff0d003f8cf224e9674efd0258,False
2,nAE,133-06-2,83-32-9,False,110,110,1.0,0.012322390645403981,143cb7c3e67111b27c0dbae130eac0004c258eff0d003f8cf224e9674efd0258,False
2,nAE,1330-78-5,1563-66-2,False,110,110,1.0,0.012322390645403981,143cb7c3e67111b27c0dbae130eac0004c258eff0d003f8cf224e9674efd0258,False
2,nAE,13674-84-5,50-29-3,False,110,110,1.0,0.012322390645403981,143cb7c3e67111b27c0dbae130eac0004c258eff0d003f8cf224e9674efd0258,False
2,nAE,141517-21-7,77-40-7,False,110,110,1.0,0.012322390645403981,143cb7c3e67111b27c0dbae130eac0004c258eff0d003f8cf224e9674efd0258,False
2,nAE,142459-58-3,141517-21-7,False,110,110,1.0,0.012322390645403981,143cb7c3e67111b27c0dbae130eac0004c258eff0d003f8cf224e9674efd0258,False
2,nAE,143-50-0,105512-06-9,False,110,110,1.0,0.012322390645403981,143cb7c3e67111b27c0dbae130eac0004c258eff0d003f8cf224e9674efd0258,False
2,nAE,1461-22-9,3380-34-5,False,110,110,1.0,0.012322390645403981,143cb7c3e67111b27c0dbae130eac0004c258eff0d003f8cf224e9674efd0258,False
2,nAE,1478-61-1,69-65-8,False,110,110,1.0,0.012322390645403981,143cb7c3e67111b27c0dbae130eac0004c258eff0d003f8cf224e9674efd0258,False
2,nAE,148477-71-8,75330-75-5,False,110,110,1.0,0.012322390645403981,143cb7c3e67111b27c0dbae130eac0004c258eff0d003f8cf224e9674efd0258,False
2,nAE,151506-44-4,56-81-5,False,110,110,1.0,0.012322390645403981,143cb7c3e67111b27c0dbae130eac0004c258eff0d003f8cf224e9674efd0258,False
2,nAE,153719-23-4,10453-86-8,False,110,110,1.0,0.012322390645403981,143cb7c3e67111b27c0dbae130eac0004c258eff0d003f8cf224e9674efd0258,False
2,nAE,1563-66-2,115-29-7,False,110,110,1.0,0.012322390645403981,143cb7c3e67111b27c0dbae130eac0004c258eff0d003f8cf224e9674efd0258,False
2,nAE,159138-81-5,51-03-6,False,110,110,1.0,0.012322390645403981,143cb7c3e67111b27c0dbae130eac0004c258eff0d003f8cf224e9674efd0258,False
2,nAE,175013-18-0,129-00-0,False,110,110,1.0,0.012322390645403981,143cb7c3e67111b27c0dbae130eac0004c258eff0d003f8cf224e9674efd0258,False
2,nAE,183658-27-7,81131-70-6,False,110,110,1.0,0.012322390645403981,143cb7c3e67111b27c0dbae130eac0004c258eff0d003f8cf224e9674efd0258,False
2,nAE,188425-85-6,39515-41-8,False,110,110,1.0,0.012322390645403981,143cb7c3e67111b27c0dbae130eac0004c258eff0d003f8cf224e9674efd0258,False
2,nAE,191-24-2,188425-85-6,False,110,110,1.0,0.012322390645403981,143cb7c3e67111b27c0dbae130eac0004c258eff0d003f8cf224e9674efd0258,False
2,nAE,1912-24-9,1241-94-7,False,110,110,1.0,0.012322390645403981,143cb7c3e67111b27c0dbae130eac0004c258eff0d003f8cf224e9674efd0258,False
2,nAE,192-97-2,113-48-4,False,110,110,1.0,0.012322390645403981,143cb7c3e67111b27c0dbae130eac0004c258eff0d003f8cf224e9674efd0258,False
2,nAE,194098-25-4,56-55-3,False,110,110,1.0,0.012322390645403981,143cb7c3e67111b27c0dbae130eac0004c258eff0d003f8cf224e9674efd0258,False
2,nAE,1948-33-0,1461-22-9,False,110,110,1.0,0.012322390645403981,143cb7c3e67111b27c0dbae130eac0004c258eff0d003f8cf224e9674efd0258,False
2,nAE,2001-95-8,72-54-8,False,110,110,1.0,0.012322390645403981,143cb7c3e67111b27c0dbae130eac0004c258eff0d003f8cf224e9674efd0258,False
2,nAE,203-64-5,205-99-2,False,110,110,1.0,0.012322390645403981,143cb7c3e67111b27c0dbae130eac0004c258eff0d003f8cf224e9674efd0258,False
2,nAE,205-99-2,22224-92-6,False,110,110,1.0,0.012322390645403981,143cb7c3e67111b27c0dbae130eac0004c258eff0d003f8cf224e9674efd0258,False
2,nAE,207-08-9,638-38-0,False,110,110,1.0,0.012322390645403981,143cb7c3e67111b27c0dbae130eac0004c258eff0d003f8cf224e9674efd0258,False
2,nAE,208-96-8,122-14-5,False,110,110,1.0,0.012322390645403981,143cb7c3e67111b27c0dbae130eac0004c258eff0d003f8cf224e9674efd0258,False
2,nAE,210880-92-5,218-01-9,False,110,110,1.0,0.012322390645403981,143cb7c3e67111b27c0dbae130eac0004c258eff0d003f8cf224e9674efd0258,False
2,nAE,2155-70-6,1912-24-9,False,110,110,1.0,0.012322390645403981,143cb7c3e67111b27c0dbae130eac0004c258eff0d003f8cf224e9674efd0258,False
2,nAE,218-01-9,83-79-4,False,110,110,1.0,0.012322390645403981,143cb7c3e67111b27c0dbae130eac0004c258eff0d003f8cf224e9674efd0258,False
2,nAE,2212-67-1,2385-85-5,False,110,110,1.0,0.012322390645403981,143cb7c3e67111b27c0dbae130eac0004c258eff0d003f8cf224e9674efd0258,False
2,nAE,22224-92-6,70-30-4,False,110,110,1.0,0.012322390645403981,143cb7c3e67111b27c0dbae130eac0004c258eff0d003f8cf224e9674efd0258,False
2,nAE,23031-36-9,153719-23-4,False,110,110,1.0,0.012322390645403981,143cb7c3e67111b27c0dbae130eac0004c258eff0d003f8cf224e9674efd0258,False
2,nAE,2385-85-5,109-86-4,False,110,110,1.0,0.012322390645403981,143cb7c3e67111b27c0dbae130eac0004c258eff0d003f8cf224e9674efd0258,False
2,nAE,2465-27-2,159138-81-5,False,110,110,1.0,0.012322390645403981,143cb7c3e67111b27c0dbae130eac0004c258eff0d003f8cf224e9674efd0258,False
2,nAE,28094-15-7,23031-36-9,False,110,110,1.0,0.012322390645403981,143cb7c3e67111b27c0dbae130eac0004c258eff0d003f8cf224e9674efd0258,False
2,nAE,28434-00-6,97-77-8,False,110,110,1.0,0.012322390645403981,143cb7c3e67111b27c0dbae130eac0004c258eff0d003f8cf224e9674efd0258,False
2,nAE,2971-36-0,2155-70-6,False,110,110,1.0,0.012322390645403981,143cb7c3e67111b27c0dbae130eac0004c258eff0d003f8cf224e9674efd0258,False
2,nAE,29761-21-5,56-04-2,False,110,110,1.0,0.012322390645403981,143cb7c3e67111b27c0dbae130eac0004c258eff0d003f8cf224e9674efd0258,False
2,nAE,298-04-4,57966-95-7,False,110,110,1.0,0.012322390645403981,143cb7c3e67111b27c0dbae130eac0004c258eff0d003f8cf224e9674efd0258,False
2,nAE,3380-34-5,210880-92-5,False,110,110,1.0,0.012322390645403981,143cb7c3e67111b27c0dbae130eac0004c258eff0d003f8cf224e9674efd0258,False
2,nAE,39515-41-8,7696-12-0,False,110,110,1.0,0.012322390645403981,143cb7c3e67111b27c0dbae130eac0004c258eff0d003f8cf224e9674efd0258,False
2,nAE,50-06-6,848641-69-0,False,110,110,1.0,0.012322390645403981,143cb7c3e67111b27c0dbae130eac0004c258eff0d003f8cf224e9674efd0258,False
2,nAE,50-28-2,142459-58-3,False,110,110,1.0,0.012322390645403981,143cb7c3e67111b27c0dbae130eac0004c258eff0d003f8cf224e9674efd0258,False
2,nAE,50-29-3,51-52-5,False,110,110,1.0,0.012322390645403981,143cb7c3e67111b27c0dbae130eac0004c258eff0d003f8cf224e9674efd0258,False
2,nAE,50-32-8,148477-71-8,False,110,110,1.0,0.012322390645403981,143cb7c3e67111b27c0dbae130eac0004c258eff0d003f8cf224e9674efd0258,False
2,nAE,50-70-4,66230-04-4,False,110,110,1.0,0.012322390645403981,143cb7c3e67111b27c0dbae130eac0004c258eff0d003f8cf224e9674efd0258,False
2,nAE,50-81-7,298-04-4,False,110,110,1.0,0.012322390645403981,143cb7c3e67111b27c0dbae130eac0004c258eff0d003f8cf224e9674efd0258,False
2,nAE,51-03-6,1330-78-5,False,110,110,1.0,0.012322390645403981,143cb7c3e67111b27c0dbae130eac0004c258eff0d003f8cf224e9674efd0258,False
2,nAE,51-52-5,79538-32-2,False,110,110,1.0,0.012322390645403981,143cb7c3e67111b27c0dbae130eac0004c258eff0d003f8cf224e9674efd0258,False
2,nAE,52645-53-1,68359-37-5,False,110,110,1.0,0.012322390645403981,143cb7c3e67111b27c0dbae130eac0004c258eff0d003f8cf224e9674efd0258,False
2,nAE,53-70-3,194098-25-4,False,110,110,1.0,0.012322390645403981,143cb7c3e67111b27c0dbae130eac0004c258eff0d003f8cf224e9674efd0258,False
2,nAE,56-04-2,2212-67-1,False,110,110,1.0,0.012322390645403981,143cb7c3e67111b27c0dbae130eac0004c258eff0d003f8cf224e9674efd0258,False
2,nAE,56-38-2,91-20-3,False,110,110,1.0,0.012322390645403981,143cb7c3e67111b27c0dbae130eac0004c258eff0d003f8cf224e9674efd0258,False
2,nAE,56-55-3,10043-35-3,False,110,110,1.0,0.012322390645403981,143cb7c3e67111b27c0dbae130eac0004c258eff0d003f8cf224e9674efd0258,False
2,nAE,56-81-5,208-96-8,False,110,110,1.0,0.012322390645403981,143cb7c3e67111b27c0dbae130eac0004c258eff0d003f8cf224e9674efd0258,False
2,nAE,56803-37-3,133-06-2,False,110,110,1.0,0.012322390645403981,143cb7c3e67111b27c0dbae130eac0004c258eff0d003f8cf224e9674efd0258,False
2,nAE,57-74-9,111-94-4,False,110,110,1.0,0.012322390645403981,143cb7c3e67111b27c0dbae130eac0004c258eff0d003f8cf224e9674efd0258,False
2,nAE,57966-95-7,101-02-0,False,110,110,1.0,0.012322390645403981,143cb7c3e67111b27c0dbae130eac0004c258eff0d003f8cf224e9674efd0258,False
2,nAE,584-79-2,2971-36-0,False,110,110,1.0,0.012322390645403981,143cb7c3e67111b27c0dbae130eac0004c258eff0d003f8cf224e9674efd0258,False
2,nAE,60-54-8,29761-21-5,False,110,110,1.0,0.012322390645403981,143cb7c3e67111b27c0dbae130eac0004c258eff0d003f8cf224e9674efd0258,False
2,nAE,60-56-0,86-73-7,False,110,110,1.0,0.012322390645403981,143cb7c3e67111b27c0dbae130eac0004c258eff0d003f8cf224e9674efd0258,False
2,nAE,60348-60-9,50-06-6,False,110,110,1.0,0.012322390645403981,143cb7c3e67111b27c0dbae130eac0004c258eff0d003f8cf224e9674efd0258,False
2,nAE,62-38-4,191-24-2,False,110,110,1.0,0.012322390645403981,143cb7c3e67111b27c0dbae130eac0004c258eff0d003f8cf224e9674efd0258,False
2,nAE,638-38-0,NOCAS_47330,False,110,110,1.0,0.012322390645403981,143cb7c3e67111b27c0dbae130eac0004c258eff0d003f8cf224e9674efd0258,False
2,nAE,66230-04-4,1478-61-1,False,110,110,1.0,0.012322390645403981,143cb7c3e67111b27c0dbae130eac0004c258eff0d003f8cf224e9674efd0258,False
2,nAE,68359-37-5,56-38-2,False,110,110,1.0,0.012322390645403981,143cb7c3e67111b27c0dbae130eac0004c258eff0d003f8cf224e9674efd0258,False
2,nAE,68631-49-2,56803-37-3,False,110,110,1.0,0.012322390645403981,143cb7c3e67111b27c0dbae130eac0004c258eff0d003f8cf224e9674efd0258,False
2,nAE,69-65-8,2465-27-2,False,110,110,1.0,0.012322390645403981,143cb7c3e67111b27c0dbae130eac0004c258eff0d003f8cf224e9674efd0258,False
2,nAE,70-30-4,192-97-2,False,110,110,1.0,0.012322390645403981,143cb7c3e67111b27c0dbae130eac0004c258eff0d003f8cf224e9674efd0258,False
2,nAE,71751-41-2,584-79-2,False,110,110,1.0,0.012322390645403981,143cb7c3e67111b27c0dbae130eac0004c258eff0d003f8cf224e9674efd0258,False
2,nAE,72-20-8,68631-49-2,False,110,110,1.0,0.012322390645403981,143cb7c3e67111b27c0dbae130eac0004c258eff0d003f8cf224e9674efd0258,False
2,nAE,72-43-5,207-08-9,False,110,110,1.0,0.012322390645403981,143cb7c3e67111b27c0dbae130eac0004c258eff0d003f8cf224e9674efd0258,False
2,nAE,72-54-8,72-43-5,False,110,110,1.0,0.012322390645403981,143cb7c3e67111b27c0dbae130eac0004c258eff0d003f8cf224e9674efd0258,False
2,nAE,72-55-9,82657-04-3,False,110,110,1.0,0.012322390645403981,143cb7c3e67111b27c0dbae130eac0004c258eff0d003f8cf224e9674efd0258,False
2,nAE,75330-75-5,50-32-8,False,110,110,1.0,0.012322390645403981,143cb7c3e67111b27c0dbae130eac0004c258eff0d003f8cf224e9674efd0258,False
2,nAE,7696-12-0,50-28-2,False,110,110,1.0,0.012322390645403981,143cb7c3e67111b27c0dbae130eac0004c258eff0d003f8cf224e9674efd0258,False
2,nAE,77-40-7,72-55-9,False,110,110,1.0,0.012322390645403981,143cb7c3e67111b27c0dbae130eac0004c258eff0d003f8cf224e9674efd0258,False
2,nAE,789-02-6,117-81-7,False,110,110,1.0,0.012322390645403981,143cb7c3e67111b27c0dbae130eac0004c258eff0d003f8cf224e9674efd0258,False
2,nAE,79538-32-2,175013-18-0,False,110,110,1.0,0.012322390645403981,143cb7c3e67111b27c0dbae130eac0004c258eff0d003f8cf224e9674efd0258,False
2,nAE,79902-63-9,101-10-0,False,110,110,1.0,0.012322390645403981,143cb7c3e67111b27c0dbae130eac0004c258eff0d003f8cf224e9674efd0258,False
2,nAE,80844-07-1,124378-77-4,False,110,110,1.0,0.012322390645403981,143cb7c3e67111b27c0dbae130eac0004c258eff0d003f8cf224e9674efd0258,False
2,nAE,81131-70-6,183658-27-7,False,110,110,1.0,0.012322390645403981,143cb7c3e67111b27c0dbae130eac0004c258eff0d003f8cf224e9674efd0258,False
2,nAE,82657-04-3,860302-33-6,False,110,110,1.0,0.012322390645403981,143cb7c3e67111b27c0dbae130eac0004c258eff0d003f8cf224e9674efd0258,False
2,nAE,83-32-9,85-01-8,False,110,110,1.0,0.012322390645403981,143cb7c3e67111b27c0dbae130eac0004c258eff0d003f8cf224e9674efd0258,False
2,nAE,83-79-4,12108-13-3,False,110,110,1.0,0.012322390645403981,143cb7c3e67111b27c0dbae130eac0004c258eff0d003f8cf224e9674efd0258,False
2,nAE,848641-69-0,117428-22-5,False,110,110,1.0,0.012322390645403981,143cb7c3e67111b27c0dbae130eac0004c258eff0d003f8cf224e9674efd0258,False
2,nAE,85-01-8,60-56-0,False,110,110,1.0,0.012322390645403981,143cb7c3e67111b27c0dbae130eac0004c258eff0d003f8cf224e9674efd0258,False
2,nAE,86-73-7,50-70-4,False,110,110,1.0,0.012322390645403981,143cb7c3e67111b27c0dbae130eac0004c258eff0d003f8cf224e9674efd0258,False
2,nAE,860302-33-6,2001-95-8,False,110,110,1.0,0.012322390645403981,143cb7c3e67111b27c0dbae130eac0004c258eff0d003f8cf224e9674efd0258,False
2,nAE,91-20-3,62-38-4,False,110,110,1.0,0.012322390645403981,143cb7c3e67111b27c0dbae130eac0004c258eff0d003f8cf224e9674efd0258,False
2,nAE,97-77-8,80844-07-1,False,110,110,1.0,0.012322390645403981,143cb7c3e67111b27c0dbae130eac0004c258eff0d003f8cf224e9674efd0258,False
2,nAE,NOCAS_47330,52645-53-1,False,110,110,1.0,0.012322390645403981,143cb7c3e67111b27c0dbae130eac0004c258eff0d003f8cf224e9674efd0258,False
2,ns.n,10043-35-3,208-96-8,False,103,103,1.0,0.08577825409258279,1da63925bcbf36a28e40dfda72772f01bee2b55883bd92a91dfd5709f131c0fd,False
2,ns.n,101-02-0,60-54-8,False,103,103,1.0,0.08577825409258279,1da63925bcbf36a28e40dfda72772f01bee2b55883bd92a91dfd5709f131c0fd,False
2,ns.n,10453-86-8,111-94-4,False,103,103,1.0,0.08577825409258279,1da63925bcbf36a28e40dfda72772f01bee2b55883bd92a91dfd5709f131c0fd,False
2,ns.n,105512-06-9,101-02-0,False,103,103,1.0,0.08577825409258279,1da63925bcbf36a28e40dfda72772f01bee2b55883bd92a91dfd5709f131c0fd,False
2,ns.n,109-86-4,82657-04-3,False,103,103,1.0,0.08577825409258279,1da63925bcbf36a28e40dfda72772f01bee2b55883bd92a91dfd5709f131c0fd,False
2,ns.n,111-94-4,207-08-9,False,103,103,1.0,0.08577825409258279,1da63925bcbf36a28e40dfda72772f01bee2b55883bd92a91dfd5709f131c0fd,False
2,ns.n,114-07-8,205-99-2,False,103,103,1.0,0.08577825409258279,1da63925bcbf36a28e40dfda72772f01bee2b55883bd92a91dfd5709f131c0fd,False
2,ns.n,115-29-7,50-28-2,False,103,103,1.0,0.08577825409258279,1da63925bcbf36a28e40dfda72772f01bee2b55883bd92a91dfd5709f131c0fd,False
2,ns.n,117-81-7,56-38-2,False,103,103,1.0,0.08577825409258279,1da63925bcbf36a28e40dfda72772f01bee2b55883bd92a91dfd5709f131c0fd,False
2,ns.n,117428-22-5,120-12-7,False,103,103,1.0,0.08577825409258279,1da63925bcbf36a28e40dfda72772f01bee2b55883bd92a91dfd5709f131c0fd,False
2,ns.n,120-12-7,2465-27-2,False,103,103,1.0,0.08577825409258279,1da63925bcbf36a28e40dfda72772f01bee2b55883bd92a91dfd5709f131c0fd,False
2,ns.n,12108-13-3,75330-75-5,False,103,103,1.0,0.08577825409258279,1da63925bcbf36a28e40dfda72772f01bee2b55883bd92a91dfd5709f131c0fd,False
2,ns.n,122-14-5,60348-60-9,False,103,103,1.0,0.08577825409258279,1da63925bcbf36a28e40dfda72772f01bee2b55883bd92a91dfd5709f131c0fd,False
2,ns.n,1241-94-7,53-70-3,False,103,103,1.0,0.08577825409258279,1da63925bcbf36a28e40dfda72772f01bee2b55883bd92a91dfd5709f131c0fd,False
2,ns.n,124378-77-4,2212-67-1,False,103,103,1.0,0.08577825409258279,1da63925bcbf36a28e40dfda72772f01bee2b55883bd92a91dfd5709f131c0fd,False
2,ns.n,129-00-0,69-65-8,False,103,103,1.0,0.08577825409258279,1da63925bcbf36a28e40dfda72772f01bee2b55883bd92a91dfd5709f131c0fd,False
2,ns.n,133-06-2,115-29-7,False,103,103,1.0,0.08577825409258279,1da63925bcbf36a28e40dfda72772f01bee2b55883bd92a91dfd5709f131c0fd,False
2,ns.n,1330-78-5,129-00-0,False,103,103,1.0,0.08577825409258279,1da63925bcbf36a28e40dfda72772f01bee2b55883bd92a91dfd5709f131c0fd,False
2,ns.n,13674-84-5,NOCAS_47330,False,103,103,1.0,0.08577825409258279,1da63925bcbf36a28e40dfda72772f01bee2b55883bd92a91dfd5709f131c0fd,False
2,ns.n,141517-21-7,12108-13-3,False,103,103,1.0,0.08577825409258279,1da63925bcbf36a28e40dfda72772f01bee2b55883bd92a91dfd5709f131c0fd,False
2,ns.n,142459-58-3,28434-00-6,False,103,103,1.0,0.08577825409258279,1da63925bcbf36a28e40dfda72772f01bee2b55883bd92a91dfd5709f131c0fd,False
2,ns.n,143-50-0,91-20-3,False,103,103,1.0,0.08577825409258279,1da63925bcbf36a28e40dfda72772f01bee2b55883bd92a91dfd5709f131c0fd,False
2,ns.n,1461-22-9,72-55-9,False,103,103,1.0,0.08577825409258279,1da63925bcbf36a28e40dfda72772f01bee2b55883bd92a91dfd5709f131c0fd,False
2,ns.n,1478-61-1,57-74-9,False,103,103,1.0,0.08577825409258279,1da63925bcbf36a28e40dfda72772f01bee2b55883bd92a91dfd5709f131c0fd,False
2,ns.n,148477-71-8,10453-86-8,False,103,103,1.0,0.08577825409258279,1da63925bcbf36a28e40dfda72772f01bee2b55883bd92a91dfd5709f131c0fd,False
2,ns.n,151506-44-4,148477-71-8,False,103,103,1.0,0.08577825409258279,1da63925bcbf36a28e40dfda72772f01bee2b55883bd92a91dfd5709f131c0fd,False
2,ns.n,153719-23-4,79902-63-9,False,103,103,1.0,0.08577825409258279,1da63925bcbf36a28e40dfda72772f01bee2b55883bd92a91dfd5709f131c0fd,False
2,ns.n,1563-66-2,86-73-7,False,103,103,1.0,0.08577825409258279,1da63925bcbf36a28e40dfda72772f01bee2b55883bd92a91dfd5709f131c0fd,False
2,ns.n,159138-81-5,1478-61-1,False,103,103,1.0,0.08577825409258279,1da63925bcbf36a28e40dfda72772f01bee2b55883bd92a91dfd5709f131c0fd,False
2,ns.n,175013-18-0,151506-44-4,False,103,103,1.0,0.08577825409258279,1da63925bcbf36a28e40dfda72772f01bee2b55883bd92a91dfd5709f131c0fd,False
2,ns.n,183658-27-7,13674-84-5,False,103,103,1.0,0.08577825409258279,1da63925bcbf36a28e40dfda72772f01bee2b55883bd92a91dfd5709f131c0fd,False
2,ns.n,188425-85-6,72-43-5,False,103,103,1.0,0.08577825409258279,1da63925bcbf36a28e40dfda72772f01bee2b55883bd92a91dfd5709f131c0fd,False
2,ns.n,191-24-2,117-81-7,False,103,103,1.0,0.08577825409258279,1da63925bcbf36a28e40dfda72772f01bee2b55883bd92a91dfd5709f131c0fd,False
2,ns.n,1912-24-9,159138-81-5,False,103,103,1.0,0.08577825409258279,1da63925bcbf36a28e40dfda72772f01bee2b55883bd92a91dfd5709f131c0fd,False
2,ns.n,192-97-2,122-14-5,False,103,103,1.0,0.08577825409258279,1da63925bcbf36a28e40dfda72772f01bee2b55883bd92a91dfd5709f131c0fd,False
2,ns.n,194098-25-4,72-54-8,False,103,103,1.0,0.08577825409258279,1da63925bcbf36a28e40dfda72772f01bee2b55883bd92a91dfd5709f131c0fd,False
2,ns.n,1948-33-0,68359-37-5,False,103,103,1.0,0.08577825409258279,1da63925bcbf36a28e40dfda72772f01bee2b55883bd92a91dfd5709f131c0fd,False
2,ns.n,2001-95-8,39515-41-8,False,103,103,1.0,0.08577825409258279,1da63925bcbf36a28e40dfda72772f01bee2b55883bd92a91dfd5709f131c0fd,False
2,ns.n,203-64-5,3380-34-5,False,103,103,1.0,0.08577825409258279,1da63925bcbf36a28e40dfda72772f01bee2b55883bd92a91dfd5709f131c0fd,False
2,ns.n,205-99-2,860302-33-6,False,103,103,1.0,0.08577825409258279,1da63925bcbf36a28e40dfda72772f01bee2b55883bd92a91dfd5709f131c0fd,False
2,ns.n,207-08-9,789-02-6,False,103,103,1.0,0.08577825409258279,1da63925bcbf36a28e40dfda72772f01bee2b55883bd92a91dfd5709f131c0fd,False
2,ns.n,208-96-8,29761-21-5,False,103,103,1.0,0.08577825409258279,1da63925bcbf36a28e40dfda72772f01bee2b55883bd92a91dfd5709f131c0fd,False
2,ns.n,210880-92-5,83-79-4,False,103,103,1.0,0.08577825409258279,1da63925bcbf36a28e40dfda72772f01bee2b55883bd92a91dfd5709f131c0fd,False
2,ns.n,2155-70-6,124378-77-4,False,103,103,1.0,0.08577825409258279,1da63925bcbf36a28e40dfda72772f01bee2b55883bd92a91dfd5709f131c0fd,False
2,ns.n,218-01-9,79538-32-2,False,103,103,1.0,0.08577825409258279,1da63925bcbf36a28e40dfda72772f01bee2b55883bd92a91dfd5709f131c0fd,False
2,ns.n,2212-67-1,2001-95-8,False,103,103,1.0,0.08577825409258279,1da63925bcbf36a28e40dfda72772f01bee2b55883bd92a91dfd5709f131c0fd,False
2,ns.n,22224-92-6,298-04-4,False,103,103,1.0,0.08577825409258279,1da63925bcbf36a28e40dfda72772f01bee2b55883bd92a91dfd5709f131c0fd,False
2,ns.n,23031-36-9,71751-41-2,False,103,103,1.0,0.08577825409258279,1da63925bcbf36a28e40dfda72772f01bee2b55883bd92a91dfd5709f131c0fd,False
2,ns.n,2385-85-5,50-81-7,False,103,103,1.0,0.08577825409258279,1da63925bcbf36a28e40dfda72772f01bee2b55883bd92a91dfd5709f131c0fd,False
2,ns.n,2465-27-2,72-20-8,False,103,103,1.0,0.08577825409258279,1da63925bcbf36a28e40dfda72772f01bee2b55883bd92a91dfd5709f131c0fd,False
2,ns.n,28094-15-7,153719-23-4,False,103,103,1.0,0.08577825409258279,1da63925bcbf36a28e40dfda72772f01bee2b55883bd92a91dfd5709f131c0fd,False
2,ns.n,28434-00-6,1948-33-0,False,103,103,1.0,0.08577825409258279,1da63925bcbf36a28e40dfda72772f01bee2b55883bd92a91dfd5709f131c0fd,False
2,ns.n,2971-36-0,80844-07-1,False,103,103,1.0,0.08577825409258279,1da63925bcbf36a28e40dfda72772f01bee2b55883bd92a91dfd5709f131c0fd,False
2,ns.n,29761-21-5,50-29-3,False,103,103,1.0,0.08577825409258279,1da63925bcbf36a28e40dfda72772f01bee2b55883bd92a91dfd5709f131c0fd,False
2,ns.n,298-04-4,210880-92-5,False,103,103,1.0,0.08577825409258279,1da63925bcbf36a28e40dfda72772f01bee2b55883bd92a91dfd5709f131c0fd,False
2,ns.n,3380-34-5,68631-49-2,False,103,103,1.0,0.08577825409258279,1da63925bcbf36a28e40dfda72772f01bee2b55883bd92a91dfd5709f131c0fd,False
2,ns.n,39515-41-8,28094-15-7,False,103,103,1.0,0.08577825409258279,1da63925bcbf36a28e40dfda72772f01bee2b55883bd92a91dfd5709f131c0fd,False
2,ns.n,50-06-6,22224-92-6,False,103,103,1.0,0.08577825409258279,1da63925bcbf36a28e40dfda72772f01bee2b55883bd92a91dfd5709f131c0fd,False
2,ns.n,50-28-2,85-01-8,False,103,103,1.0,0.08577825409258279,1da63925bcbf36a28e40dfda72772f01bee2b55883bd92a91dfd5709f131c0fd,False
2,ns.n,50-29-3,188425-85-6,False,103,103,1.0,0.08577825409258279,1da63925bcbf36a28e40dfda72772f01bee2b55883bd92a91dfd5709f131c0fd,False
2,ns.n,50-32-8,192-97-2,False,103,103,1.0,0.08577825409258279,1da63925bcbf36a28e40dfda72772f01bee2b55883bd92a91dfd5709f131c0fd,False
2,ns.n,50-81-7,133-06-2,False,103,103,1.0,0.08577825409258279,1da63925bcbf36a28e40dfda72772f01bee2b55883bd92a91dfd5709f131c0fd,False
2,ns.n,52645-53-1,175013-18-0,False,103,103,1.0,0.08577825409258279,1da63925bcbf36a28e40dfda72772f01bee2b55883bd92a91dfd5709f131c0fd,False
2,ns.n,53-70-3,105512-06-9,False,103,103,1.0,0.08577825409258279,1da63925bcbf36a28e40dfda72772f01bee2b55883bd92a91dfd5709f131c0fd,False
2,ns.n,56-04-2,97-77-8,False,103,103,1.0,0.08577825409258279,1da63925bcbf36a28e40dfda72772f01bee2b55883bd92a91dfd5709f131c0fd,False
2,ns.n,56-38-2,638-38-0,False,103,103,1.0,0.08577825409258279,1da63925bcbf36a28e40dfda72772f01bee2b55883bd92a91dfd5709f131c0fd,False
2,ns.n,56-55-3,218-01-9,False,103,103,1.0,0.08577825409258279,1da63925bcbf36a28e40dfda72772f01bee2b55883bd92a91dfd5709f131c0fd,False
2,ns.n,56-81-5,52645-53-1,False,103,103,1.0,0.08577825409258279,1da63925bcbf36a28e40dfda72772f01bee2b55883bd92a91dfd5709f131c0fd,False
2,ns.n,56803-37-3,109-86-4,False,103,103,1.0,0.08577825409258279,1da63925bcbf36a28e40dfda72772f01bee2b55883bd92a91dfd5709f131c0fd,False
2,ns.n,57-74-9,23031-36-9,False,103,103,1.0,0.08577825409258279,1da63925bcbf36a28e40dfda72772f01bee2b55883bd92a91dfd5709f131c0fd,False
2,ns.n,57966-95-7,191-24-2,False,103,103,1.0,0.08577825409258279,1da63925bcbf36a28e40dfda72772f01bee2b55883bd92a91dfd5709f131c0fd,False
2,ns.n,584-79-2,10043-35-3,False,103,103,1.0,0.08577825409258279,1da63925bcbf36a28e40dfda72772f01bee2b55883bd92a91dfd5709f131c0fd,False
2,ns.n,60-54-8,194098-25-4,False,103,103,1.0,0.08577825409258279,1da63925bcbf36a28e40dfda72772f01bee2b55883bd92a91dfd5709f131c0fd,False
2,ns.n,60-56-0,1461-22-9,False,103,103,1.0,0.08577825409258279,1da63925bcbf36a28e40dfda72772f01bee2b55883bd92a91dfd5709f131c0fd,False
2,ns.n,60348-60-9,117428-22-5,False,103,103,1.0,0.08577825409258279,1da63925bcbf36a28e40dfda72772f01bee2b55883bd92a91dfd5709f131c0fd,False
2,ns.n,62-38-4,7696-12-0,False,103,103,1.0,0.08577825409258279,1da63925bcbf36a28e40dfda72772f01bee2b55883bd92a91dfd5709f131c0fd,False
2,ns.n,638-38-0,183658-27-7,False,103,103,1.0,0.08577825409258279,1da63925bcbf36a28e40dfda72772f01bee2b55883bd92a91dfd5709f131c0fd,False
2,ns.n,66230-04-4,1330-78-5,False,103,103,1.0,0.08577825409258279,1da63925bcbf36a28e40dfda72772f01bee2b55883bd92a91dfd5709f131c0fd,False
2,ns.n,68359-37-5,56803-37-3,False,103,103,1.0,0.08577825409258279,1da63925bcbf36a28e40dfda72772f01bee2b55883bd92a91dfd5709f131c0fd,False
2,ns.n,68631-49-2,141517-21-7,False,103,103,1.0,0.08577825409258279,1da63925bcbf36a28e40dfda72772f01bee2b55883bd92a91dfd5709f131c0fd,False
2,ns.n,69-65-8,143-50-0,False,103,103,1.0,0.08577825409258279,1da63925bcbf36a28e40dfda72772f01bee2b55883bd92a91dfd5709f131c0fd,False
2,ns.n,70-30-4,1241-94-7,False,103,103,1.0,0.08577825409258279,1da63925bcbf36a28e40dfda72772f01bee2b55883bd92a91dfd5709f131c0fd,False
2,ns.n,71751-41-2,1912-24-9,False,103,103,1.0,0.08577825409258279,1da63925bcbf36a28e40dfda72772f01bee2b55883bd92a91dfd5709f131c0fd,False
2,ns.n,72-20-8,83-32-9,False,103,103,1.0,0.08577825409258279,1da63925bcbf36a28e40dfda72772f01bee2b55883bd92a91dfd5709f131c0fd,False
2,ns.n,72-43-5,60-56-0,False,103,103,1.0,0.08577825409258279,1da63925bcbf36a28e40dfda72772f01bee2b55883bd92a91dfd5709f131c0fd,False
2,ns.n,72-54-8,50-32-8,False,103,103,1.0,0.08577825409258279,1da63925bcbf36a28e40dfda72772f01bee2b55883bd92a91dfd5709f131c0fd,False
2,ns.n,72-55-9,62-38-4,False,103,103,1.0,0.08577825409258279,1da63925bcbf36a28e40dfda72772f01bee2b55883bd92a91dfd5709f131c0fd,False
2,ns.n,75330-75-5,56-81-5,False,103,103,1.0,0.08577825409258279,1da63925bcbf36a28e40dfda72772f01bee2b55883bd92a91dfd5709f131c0fd,False
2,ns.n,7696-12-0,66230-04-4,False,103,103,1.0,0.08577825409258279,1da63925bcbf36a28e40dfda72772f01bee2b55883bd92a91dfd5709f131c0fd,False
2,ns.n,789-02-6,56-55-3,False,103,103,1.0,0.08577825409258279,1da63925bcbf36a28e40dfda72772f01bee2b55883bd92a91dfd5709f131c0fd,False
2,ns.n,79538-32-2,114-07-8,False,103,103,1.0,0.08577825409258279,1da63925bcbf36a28e40dfda72772f01bee2b55883bd92a91dfd5709f131c0fd,False
2,ns.n,79902-63-9,2385-85-5,False,103,103,1.0,0.08577825409258279,1da63925bcbf36a28e40dfda72772f01bee2b55883bd92a91dfd5709f131c0fd,False
2,ns.n,80844-07-1,56-04-2,False,103,103,1.0,0.08577825409258279,1da63925bcbf36a28e40dfda72772f01bee2b55883bd92a91dfd5709f131c0fd,False
2,ns.n,81131-70-6,584-79-2,False,103,103,1.0,0.08577825409258279,1da63925bcbf36a28e40dfda72772f01bee2b55883bd92a91dfd5709f131c0fd,False
2,ns.n,82657-04-3,81131-70-6,False,103,103,1.0,0.08577825409258279,1da63925bcbf36a28e40dfda72772f01bee2b55883bd92a91dfd5709f131c0fd,False
2,ns.n,83-32-9,1563-66-2,False,103,103,1.0,0.08577825409258279,1da63925bcbf36a28e40dfda72772f01bee2b55883bd92a91dfd5709f131c0fd,False
2,ns.n,83-79-4,2971-36-0,False,103,103,1.0,0.08577825409258279,1da63925bcbf36a28e40dfda72772f01bee2b55883bd92a91dfd5709f131c0fd,False
2,ns.n,85-01-8,50-06-6,False,103,103,1.0,0.08577825409258279,1da63925bcbf36a28e40dfda72772f01bee2b55883bd92a91dfd5709f131c0fd,False
2,ns.n,86-73-7,142459-58-3,False,103,103,1.0,0.08577825409258279,1da63925bcbf36a28e40dfda72772f01bee2b55883bd92a91dfd5709f131c0fd,False
2,ns.n,860302-33-6,57966-95-7,False,103,103,1.0,0.08577825409258279,1da63925bcbf36a28e40dfda72772f01bee2b55883bd92a91dfd5709f131c0fd,False
2,ns.n,91-20-3,70-30-4,False,103,103,1.0,0.08577825409258279,1da63925bcbf36a28e40dfda72772f01bee2b55883bd92a91dfd5709f131c0fd,False
2,ns.n,97-77-8,2155-70-6,False,103,103,1.0,0.08577825409258279,1da63925bcbf36a28e40dfda72772f01bee2b55883bd92a91dfd5709f131c0fd,False
2,ns.n,NOCAS_47330,203-64-5,False,103,103,1.0,0.08577825409258279,1da63925bcbf36a28e40dfda72772f01bee2b55883bd92a91dfd5709f131c0fd,False
2,r,10043-35-3,2385-85-5,False,110,110,1.0,2.010796986495508e-05,74a839fae1d04e366d9a68b8434725c4711df3fef64603bc0275d3638e6c5d01,False
2,r,101-02-0,848641-69-0,False,110,110,1.0,2.010796986495508e-05,74a839fae1d04e366d9a68b8434725c4711df3fef64603bc0275d3638e6c5d01,False
2,r,101-10-0,208-96-8,False,110,110,1.0,2.010796986495508e-05,74a839fae1d04e366d9a68b8434725c4711df3fef64603bc0275d3638e6c5d01,False
2,r,10453-86-8,56-81-5,False,110,110,1.0,2.010796986495508e-05,74a839fae1d04e366d9a68b8434725c4711df3fef64603bc0275d3638e6c5d01,False
2,r,105512-06-9,70-30-4,False,110,110,1.0,2.010796986495508e-05,74a839fae1d04e366d9a68b8434725c4711df3fef64603bc0275d3638e6c5d01,False
2,r,109-86-4,12108-13-3,False,110,110,1.0,2.010796986495508e-05,74a839fae1d04e366d9a68b8434725c4711df3fef64603bc0275d3638e6c5d01,False
2,r,111-94-4,91-20-3,False,110,110,1.0,2.010796986495508e-05,74a839fae1d04e366d9a68b8434725c4711df3fef64603bc0275d3638e6c5d01,False
2,r,113-48-4,71751-41-2,False,110,110,1.0,2.010796986495508e-05,74a839fae1d04e366d9a68b8434725c4711df3fef64603bc0275d3638e6c5d01,False
2,r,114-07-8,62-38-4,False,110,110,1.0,2.010796986495508e-05,74a839fae1d04e366d9a68b8434725c4711df3fef64603bc0275d3638e6c5d01,False
2,r,115-29-7,141517-21-7,False,110,110,1.0,2.010796986495508e-05,74a839fae1d04e366d9a68b8434725c4711df3fef64603bc0275d3638e6c5d01,False
2,r,117-81-7,60-54-8,False,110,110,1.0,2.010796986495508e-05,74a839fae1d04e366d9a68b8434725c4711df3fef64603bc0275d3638e6c5d01,False
2,r,117428-22-5,72-54-8,False,110,110,1.0,2.010796986495508e-05,74a839fae1d04e366d9a68b8434725c4711df3fef64603bc0275d3638e6c5d01,False
2,r,120-12-7,50-81-7,False,110,110,1.0,2.010796986495508e-05,74a839fae1d04e366d9a68b8434725c4711df3fef64603bc0275d3638e6c5d01,False
2,r,12108-13-3,81131-70-6,False,110,110,1.0,2.010796986495508e-05,74a839fae1d04e366d9a68b8434725c4711df3fef64603bc0275d3638e6c5d01,False
2,r,122-14-5,298-04-4,False,110,110,1.0,2.010796986495508e-05,74a839fae1d04e366d9a68b8434725c4711df3fef64603bc0275d3638e6c5d01,False
2,r,1241-94-7,77-40-7,False,110,110,1.0,2.010796986495508e-05,74a839fae1d04e366d9a68b8434725c4711df3fef64603bc0275d3638e6c5d01,False
2,r,124378-77-4,22224-92-6,False,110,110,1.0,2.010796986495508e-05,74a839fae1d04e366d9a68b8434725c4711df3fef64603bc0275d3638e6c5d01,False
2,r,129-00-0,NOCAS_47330,False,110,110,1.0,2.010796986495508e-05,74a839fae1d04e366d9a68b8434725c4711df3fef64603bc0275d3638e6c5d01,False
2,r,133-06-2,183658-27-7,False,110,110,1.0,2.010796986495508e-05,74a839fae1d04e366d9a68b8434725c4711df3fef64603bc0275d3638e6c5d01,False
2,r,1330-78-5,57966-95-7,False,110,110,1.0,2.010796986495508e-05,74a839fae1d04e366d9a68b8434725c4711df3fef64603bc0275d3638e6c5d01,False
2,r,13674-84-5,50-29-3,False,110,110,1.0,2.010796986495508e-05,74a839fae1d04e366d9a68b8434725c4711df3fef64603bc0275d3638e6c5d01,False
2,r,141517-21-7,10043-35-3,False,110,110,1.0,2.010796986495508e-05,74a839fae1d04e366d9a68b8434725c4711df3fef64603bc0275d3638e6c5d01,False
2,r,142459-58-3,192-97-2,False,110,110,1.0,2.010796986495508e-05,74a839fae1d04e366d9a68b8434725c4711df3fef64603bc0275d3638e6c5d01,False
2,r,143-50-0,1461-22-9,False,110,110,1.0,2.010796986495508e-05,74a839fae1d04e366d9a68b8434725c4711df3fef64603bc0275d3638e6c5d01,False
2,r,1461-22-9,1241-94-7,False,110,110,1.0,2.010796986495508e-05,74a839fae1d04e366d9a68b8434725c4711df3fef64603bc0275d3638e6c5d01,False
2,r,1478-61-1,205-99-2,False,110,110,1.0,2.010796986495508e-05,74a839fae1d04e366d9a68b8434725c4711df3fef64603bc0275d3638e6c5d01,False
2,r,148477-71-8,28434-00-6,False,110,110,1.0,2.010796986495508e-05,74a839fae1d04e366d9a68b8434725c4711df3fef64603bc0275d3638e6c5d01,False
2,r,151506-44-4,2971-36-0,False,110,110,1.0,2.010796986495508e-05,74a839fae1d04e366d9a68b8434725c4711df3fef64603bc0275d3638e6c5d01,False
2,r,153719-23-4,1912-24-9,False,110,110,1.0,2.010796986495508e-05,74a839fae1d04e366d9a68b8434725c4711df3fef64603bc0275d3638e6c5d01,False
2,r,1563-66-2,101-10-0,False,110,110,1.0,2.010796986495508e-05,74a839fae1d04e366d9a68b8434725c4711df3fef64603bc0275d3638e6c5d01,False
2,r,159138-81-5,860302-33-6,False,110,110,1.0,2.010796986495508e-05,74a839fae1d04e366d9a68b8434725c4711df3fef64603bc0275d3638e6c5d01,False
2,r,175013-18-0,80844-07-1,False,110,110,1.0,2.010796986495508e-05,74a839fae1d04e366d9a68b8434725c4711df3fef64603bc0275d3638e6c5d01,False
2,r,183658-27-7,117428-22-5,False,110,110,1.0,2.010796986495508e-05,74a839fae1d04e366d9a68b8434725c4711df3fef64603bc0275d3638e6c5d01,False
2,r,188425-85-6,114-07-8,False,110,110,1.0,2.010796986495508e-05,74a839fae1d04e366d9a68b8434725c4711df3fef64603bc0275d3638e6c5d01,False
2,r,191-24-2,203-64-5,False,110,110,1.0,2.010796986495508e-05,74a839fae1d04e366d9a68b8434725c4711df3fef64603bc0275d3638e6c5d01,False
2,r,1912-24-9,29761-21-5,False,110,110,1.0,2.010796986495508e-05,74a839fae1d04e366d9a68b8434725c4711df3fef64603bc0275d3638e6c5d01,False
2,r,192-97-2,109-86-4,False,110,110,1.0,2.010796986495508e-05,74a839fae1d04e366d9a68b8434725c4711df3fef64603bc0275d3638e6c5d01,False
2,r,194098-25-4,159138-81-5,False,110,110,1.0,2.010796986495508e-05,74a839fae1d04e366d9a68b8434725c4711df3fef64603bc0275d3638e6c5d01,False
2,r,1948-33-0,113-48-4,False,110,110,1.0,2.010796986495508e-05,74a839fae1d04e366d9a68b8434725c4711df3fef64603bc0275d3638e6c5d01,False
2,r,2001-95-8,218-01-9,False,110,110,1.0,2.010796986495508e-05,74a839fae1d04e366d9a68b8434725c4711df3fef64603bc0275d3638e6c5d01,False
2,r,203-64-5,85-01-8,False,110,110,1.0,2.010796986495508e-05,74a839fae1d04e366d9a68b8434725c4711df3fef64603bc0275d3638e6c5d01,False
2,r,205-99-2,50-70-4,False,110,110,1.0,2.010796986495508e-05,74a839fae1d04e366d9a68b8434725c4711df3fef64603bc0275d3638e6c5d01,False
2,r,207-08-9,83-79-4,False,110,110,1.0,2.010796986495508e-05,74a839fae1d04e366d9a68b8434725c4711df3fef64603bc0275d3638e6c5d01,False
2,r,208-96-8,79902-63-9,False,110,110,1.0,2.010796986495508e-05,74a839fae1d04e366d9a68b8434725c4711df3fef64603bc0275d3638e6c5d01,False
2,r,210880-92-5,82657-04-3,False,110,110,1.0,2.010796986495508e-05,74a839fae1d04e366d9a68b8434725c4711df3fef64603bc0275d3638e6c5d01,False
2,r,2155-70-6,638-38-0,False,110,110,1.0,2.010796986495508e-05,74a839fae1d04e366d9a68b8434725c4711df3fef64603bc0275d3638e6c5d01,False
2,r,218-01-9,57-74-9,False,110,110,1.0,2.010796986495508e-05,74a839fae1d04e366d9a68b8434725c4711df3fef64603bc0275d3638e6c5d01,False
2,r,2212-67-1,151506-44-4,False,110,110,1.0,2.010796986495508e-05,74a839fae1d04e366d9a68b8434725c4711df3fef64603bc0275d3638e6c5d01,False
2,r,22224-92-6,52645-53-1,False,110,110,1.0,2.010796986495508e-05,74a839fae1d04e366d9a68b8434725c4711df3fef64603bc0275d3638e6c5d01,False
2,r,23031-36-9,124378-77-4,False,110,110,1.0,2.010796986495508e-05,74a839fae1d04e366d9a68b8434725c4711df3fef64603bc0275d3638e6c5d01,False
2,r,2385-85-5,789-02-6,False,110,110,1.0,2.010796986495508e-05,74a839fae1d04e366d9a68b8434725c4711df3fef64603bc0275d3638e6c5d01,False
2,r,2465-27-2,51-03-6,False,110,110,1.0,2.010796986495508e-05,74a839fae1d04e366d9a68b8434725c4711df3fef64603bc0275d3638e6c5d01,False
2,r,28094-15-7,3380-34-5,False,110,110,1.0,2.010796986495508e-05,74a839fae1d04e366d9a68b8434725c4711df3fef64603bc0275d3638e6c5d01,False
2,r,28434-00-6,117-81-7,False,110,110,1.0,2.010796986495508e-05,74a839fae1d04e366d9a68b8434725c4711df3fef64603bc0275d3638e6c5d01,False
2,r,2971-36-0,51-52-5,False,110,110,1.0,2.010796986495508e-05,74a839fae1d04e366d9a68b8434725c4711df3fef64603bc0275d3638e6c5d01,False
2,r,29761-21-5,97-77-8,False,110,110,1.0,2.010796986495508e-05,74a839fae1d04e366d9a68b8434725c4711df3fef64603bc0275d3638e6c5d01,False
2,r,298-04-4,122-14-5,False,110,110,1.0,2.010796986495508e-05,74a839fae1d04e366d9a68b8434725c4711df3fef64603bc0275d3638e6c5d01,False
2,r,3380-34-5,60-56-0,False,110,110,1.0,2.010796986495508e-05,74a839fae1d04e366d9a68b8434725c4711df3fef64603bc0275d3638e6c5d01,False
2,r,39515-41-8,210880-92-5,False,110,110,1.0,2.010796986495508e-05,74a839fae1d04e366d9a68b8434725c4711df3fef64603bc0275d3638e6c5d01,False
2,r,50-06-6,56-55-3,False,110,110,1.0,2.010796986495508e-05,74a839fae1d04e366d9a68b8434725c4711df3fef64603bc0275d3638e6c5d01,False
2,r,50-28-2,129-00-0,False,110,110,1.0,2.010796986495508e-05,74a839fae1d04e366d9a68b8434725c4711df3fef64603bc0275d3638e6c5d01,False
2,r,50-29-3,68359-37-5,False,110,110,1.0,2.010796986495508e-05,74a839fae1d04e366d9a68b8434725c4711df3fef64603bc0275d3638e6c5d01,False
2,r,50-32-8,60348-60-9,False,110,110,1.0,2.010796986495508e-05,74a839fae1d04e366d9a68b8434725c4711df3fef64603bc0275d3638e6c5d01,False
2,r,50-70-4,69-65-8,False,110,110,1.0,2.010796986495508e-05,74a839fae1d04e366d9a68b8434725c4711df3fef64603bc0275d3638e6c5d01,False
2,r,50-81-7,105512-06-9,False,110,110,1.0,2.010796986495508e-05,74a839fae1d04e366d9a68b8434725c4711df3fef64603bc0275d3638e6c5d01,False
2,r,51-03-6,50-06-6,False,110,110,1.0,2.010796986495508e-05,74a839fae1d04e366d9a68b8434725c4711df3fef64603bc0275d3638e6c5d01,False
2,r,51-52-5,66230-04-4,False,110,110,1.0,2.010796986495508e-05,74a839fae1d04e366d9a68b8434725c4711df3fef64603bc0275d3638e6c5d01,False
2,r,52645-53-1,1478-61-1,False,110,110,1.0,2.010796986495508e-05,74a839fae1d04e366d9a68b8434725c4711df3fef64603bc0275d3638e6c5d01,False
2,r,53-70-3,111-94-4,False,110,110,1.0,2.010796986495508e-05,74a839fae1d04e366d9a68b8434725c4711df3fef64603bc0275d3638e6c5d01,False
2,r,56-04-2,194098-25-4,False,110,110,1.0,2.010796986495508e-05,74a839fae1d04e366d9a68b8434725c4711df3fef64603bc0275d3638e6c5d01,False
2,r,56-38-2,148477-71-8,False,110,110,1.0,2.010796986495508e-05,74a839fae1d04e366d9a68b8434725c4711df3fef64603bc0275d3638e6c5d01,False
2,r,56-55-3,56-04-2,False,110,110,1.0,2.010796986495508e-05,74a839fae1d04e366d9a68b8434725c4711df3fef64603bc0275d3638e6c5d01,False
2,r,56-81-5,1563-66-2,False,110,110,1.0,2.010796986495508e-05,74a839fae1d04e366d9a68b8434725c4711df3fef64603bc0275d3638e6c5d01,False
2,r,56803-37-3,50-32-8,False,110,110,1.0,2.010796986495508e-05,74a839fae1d04e366d9a68b8434725c4711df3fef64603bc0275d3638e6c5d01,False
2,r,57-74-9,153719-23-4,False,110,110,1.0,2.010796986495508e-05,74a839fae1d04e366d9a68b8434725c4711df3fef64603bc0275d3638e6c5d01,False
2,r,57966-95-7,7696-12-0,False,110,110,1.0,2.010796986495508e-05,74a839fae1d04e366d9a68b8434725c4711df3fef64603bc0275d3638e6c5d01,False
2,r,584-79-2,133-06-2,False,110,110,1.0,2.010796986495508e-05,74a839fae1d04e366d9a68b8434725c4711df3fef64603bc0275d3638e6c5d01,False
2,r,60-54-8,584-79-2,False,110,110,1.0,2.010796986495508e-05,74a839fae1d04e366d9a68b8434725c4711df3fef64603bc0275d3638e6c5d01,False
2,r,60-56-0,50-28-2,False,110,110,1.0,2.010796986495508e-05,74a839fae1d04e366d9a68b8434725c4711df3fef64603bc0275d3638e6c5d01,False
2,r,60348-60-9,72-20-8,False,110,110,1.0,2.010796986495508e-05,74a839fae1d04e366d9a68b8434725c4711df3fef64603bc0275d3638e6c5d01,False
2,r,62-38-4,120-12-7,False,110,110,1.0,2.010796986495508e-05,74a839fae1d04e366d9a68b8434725c4711df3fef64603bc0275d3638e6c5d01,False
2,r,638-38-0,2155-70-6,False,110,110,1.0,2.010796986495508e-05,74a839fae1d04e366d9a68b8434725c4711df3fef64603bc0275d3638e6c5d01,False
2,r,66230-04-4,39515-41-8,False,110,110,1.0,2.010796986495508e-05,74a839fae1d04e366d9a68b8434725c4711df3fef64603bc0275d3638e6c5d01,False
2,r,68359-37-5,68631-49-2,False,110,110,1.0,2.010796986495508e-05,74a839fae1d04e366d9a68b8434725c4711df3fef64603bc0275d3638e6c5d01,False
2,r,68631-49-2,10453-86-8,False,110,110,1.0,2.010796986495508e-05,74a839fae1d04e366d9a68b8434725c4711df3fef64603bc0275d3638e6c5d01,False
2,r,69-65-8,83-32-9,False,110,110,1.0,2.010796986495508e-05,74a839fae1d04e366d9a68b8434725c4711df3fef64603bc0275d3638e6c5d01,False
2,r,70-30-4,1948-33-0,False,110,110,1.0,2.010796986495508e-05,74a839fae1d04e366d9a68b8434725c4711df3fef64603bc0275d3638e6c5d01,False
2,r,71751-41-2,28094-15-7,False,110,110,1.0,2.010796986495508e-05,74a839fae1d04e366d9a68b8434725c4711df3fef64603bc0275d3638e6c5d01,False
2,r,72-20-8,86-73-7,False,110,110,1.0,2.010796986495508e-05,74a839fae1d04e366d9a68b8434725c4711df3fef64603bc0275d3638e6c5d01,False
2,r,72-43-5,75330-75-5,False,110,110,1.0,2.010796986495508e-05,74a839fae1d04e366d9a68b8434725c4711df3fef64603bc0275d3638e6c5d01,False
2,r,72-54-8,72-55-9,False,110,110,1.0,2.010796986495508e-05,74a839fae1d04e366d9a68b8434725c4711df3fef64603bc0275d3638e6c5d01,False
2,r,72-55-9,53-70-3,False,110,110,1.0,2.010796986495508e-05,74a839fae1d04e366d9a68b8434725c4711df3fef64603bc0275d3638e6c5d01,False
2,r,75330-75-5,143-50-0,False,110,110,1.0,2.010796986495508e-05,74a839fae1d04e366d9a68b8434725c4711df3fef64603bc0275d3638e6c5d01,False
2,r,7696-12-0,207-08-9,False,110,110,1.0,2.010796986495508e-05,74a839fae1d04e366d9a68b8434725c4711df3fef64603bc0275d3638e6c5d01,False
2,r,77-40-7,2001-95-8,False,110,110,1.0,2.010796986495508e-05,74a839fae1d04e366d9a68b8434725c4711df3fef64603bc0275d3638e6c5d01,False
2,r,789-02-6,188425-85-6,False,110,110,1.0,2.010796986495508e-05,74a839fae1d04e366d9a68b8434725c4711df3fef64603bc0275d3638e6c5d01,False
2,r,79538-32-2,56-38-2,False,110,110,1.0,2.010796986495508e-05,74a839fae1d04e366d9a68b8434725c4711df3fef64603bc0275d3638e6c5d01,False
2,r,79902-63-9,115-29-7,False,110,110,1.0,2.010796986495508e-05,74a839fae1d04e366d9a68b8434725c4711df3fef64603bc0275d3638e6c5d01,False
2,r,80844-07-1,13674-84-5,False,110,110,1.0,2.010796986495508e-05,74a839fae1d04e366d9a68b8434725c4711df3fef64603bc0275d3638e6c5d01,False
2,r,81131-70-6,2212-67-1,False,110,110,1.0,2.010796986495508e-05,74a839fae1d04e366d9a68b8434725c4711df3fef64603bc0275d3638e6c5d01,False
2,r,82657-04-3,23031-36-9,False,110,110,1.0,2.010796986495508e-05,74a839fae1d04e366d9a68b8434725c4711df3fef64603bc0275d3638e6c5d01,False
2,r,83-32-9,191-24-2,False,110,110,1.0,2.010796986495508e-05,74a839fae1d04e366d9a68b8434725c4711df3fef64603bc0275d3638e6c5d01,False
2,r,83-79-4,79538-32-2,False,110,110,1.0,2.010796986495508e-05,74a839fae1d04e366d9a68b8434725c4711df3fef64603bc0275d3638e6c5d01,False
2,r,848641-69-0,1330-78-5,False,110,110,1.0,2.010796986495508e-05,74a839fae1d04e366d9a68b8434725c4711df3fef64603bc0275d3638e6c5d01,False
2,r,85-01-8,72-43-5,False,110,110,1.0,2.010796986495508e-05,74a839fae1d04e366d9a68b8434725c4711df3fef64603bc0275d3638e6c5d01,False
2,r,86-73-7,142459-58-3,False,110,110,1.0,2.010796986495508e-05,74a839fae1d04e366d9a68b8434725c4711df3fef64603bc0275d3638e6c5d01,False
2,r,860302-33-6,2465-27-2,False,110,110,1.0,2.010796986495508e-05,74a839fae1d04e366d9a68b8434725c4711df3fef64603bc0275d3638e6c5d01,False
2,r,91-20-3,175013-18-0,False,110,110,1.0,2.010796986495508e-05,74a839fae1d04e366d9a68b8434725c4711df3fef64603bc0275d3638e6c5d01,False
2,r,97-77-8,101-02-0,False,110,110,1.0,2.010796986495508e-05,74a839fae1d04e366d9a68b8434725c4711df3fef64603bc0275d3638e6c5d01,False
2,r,NOCAS_47330,56803-37-3,False,110,110,1.0,2.010796986495508e-05,74a839fae1d04e366d9a68b8434725c4711df3fef64603bc0275d3638e6c5d01,False
3,meanfiringrate,101-02-0,141517-21-7,False,109,109,1.0,0.007235015063132605,93ac01d6ae0e2afa7b2bf512d2a3f6fad7de8989a414a18dd7bba82719588af0,False
3,meanfiringrate,101-10-0,192-97-2,False,109,109,1.0,0.007235015063132605,93ac01d6ae0e2afa7b2bf512d2a3f6fad7de8989a414a18dd7bba82719588af0,False
3,meanfiringrate,10540-29-1,68937-41-7,False,109,109,1.0,0.007235015063132605,93ac01d6ae0e2afa7b2bf512d2a3f6fad7de8989a414a18dd7bba82719588af0,False
3,meanfiringrate,105512-06-9,153719-23-4,False,109,109,1.0,0.007235015063132605,93ac01d6ae0e2afa7b2bf512d2a3f6fad7de8989a414a18dd7bba82719588af0,False
3,meanfiringrate,109-86-4,111-94-4,False,109,109,1.0,0.007235015063132605,93ac01d6ae0e2afa7b2bf512d2a3f6fad7de8989a414a18dd7bba82719588af0,False
3,meanfiringrate,1095-90-5,75330-75-5,False,109,109,1.0,0.007235015063132605,93ac01d6ae0e2afa7b2bf512d2a3f6fad7de8989a414a18dd7bba82719588af0,False
3,meanfiringrate,111-94-4,70-30-4,False,109,109,1.0,0.007235015063132605,93ac01d6ae0e2afa7b2bf512d2a3f6fad7de8989a414a18dd7bba82719588af0,False
3,meanfiringrate,111988-49-9,131860-33-8,False,109,109,1.0,0.007235015063132605,93ac01d6ae0e2afa7b2bf512d2a3f6fad7de8989a414a18dd7bba82719588af0,False
3,meanfiringrate,113-48-4,205-99-2,False,109,109,1.0,0.007235015063132605,93ac01d6ae0e2afa7b2bf512d2a3f6fad7de8989a414a18dd7bba82719588af0,False
3,meanfiringrate,115-28-6,51-03-6,False,109,109,1.0,0.007235015063132605,93ac01d6ae0e2afa7b2bf512d2a3f6fad7de8989a414a18dd7bba82719588af0,False
3,meanfiringrate,115-29-7,10540-29-1,False,109,109,1.0,0.007235015063132605,93ac01d6ae0e2afa7b2bf512d2a3f6fad7de8989a414a18dd7bba82719588af0,False
3,meanfiringrate,117-81-7,NOCAS_47330,False,109,109,1.0,0.007235015063132605,93ac01d6ae0e2afa7b2bf512d2a3f6fad7de8989a414a18dd7bba82719588af0,False
3,meanfiringrate,120-12-7,50-81-7,False,109,109,1.0,0.007235015063132605,93ac01d6ae0e2afa7b2bf512d2a3f6fad7de8989a414a18dd7bba82719588af0,False
3,meanfiringrate,122-14-5,77-40-7,False,109,109,1.0,0.007235015063132605,93ac01d6ae0e2afa7b2bf512d2a3f6fad7de8989a414a18dd7bba82719588af0,False
3,meanfiringrate,124378-77-4,79538-32-2,False,109,109,1.0,0.007235015063132605,93ac01d6ae0e2afa7b2bf512d2a3f6fad7de8989a414a18dd7bba82719588af0,False
3,meanfiringrate,129-00-0,203-64-5,False,109,109,1.0,0.007235015063132605,93ac01d6ae0e2afa7b2bf512d2a3f6fad7de8989a414a18dd7bba82719588af0,False
3,meanfiringrate,131860-33-8,183658-27-7,False,109,109,1.0,0.007235015063132605,93ac01d6ae0e2afa7b2bf512d2a3f6fad7de8989a414a18dd7bba82719588af0,False
3,meanfiringrate,133-06-2,109-86-4,False,109,109,1.0,0.007235015063132605,93ac01d6ae0e2afa7b2bf512d2a3f6fad7de8989a414a18dd7bba82719588af0,False
3,meanfiringrate,1330-78-5,1095-90-5,False,109,109,1.0,0.007235015063132605,93ac01d6ae0e2afa7b2bf512d2a3f6fad7de8989a414a18dd7bba82719588af0,False
3,meanfiringrate,13674-84-5,50-32-8,False,109,109,1.0,0.007235015063132605,93ac01d6ae0e2afa7b2bf512d2a3f6fad7de8989a414a18dd7bba82719588af0,False
3,meanfiringrate,141517-21-7,207-08-9,False,109,109,1.0,0.007235015063132605,93ac01d6ae0e2afa7b2bf512d2a3f6fad7de8989a414a18dd7bba82719588af0,False
3,meanfiringrate,142459-58-3,117-81-7,False,109,109,1.0,0.007235015063132605,93ac01d6ae0e2afa7b2bf512d2a3f6fad7de8989a414a18dd7bba82719588af0,False
3,meanfiringrate,143-50-0,29761-21-5,False,109,109,1.0,0.007235015063132605,93ac01d6ae0e2afa7b2bf512d2a3f6fad7de8989a414a18dd7bba82719588af0,False
3,meanfiringrate,1461-22-9,115-28-6,False,109,109,1.0,0.007235015063132605,93ac01d6ae0e2afa7b2bf512d2a3f6fad7de8989a414a18dd7bba82719588af0,False
3,meanfiringrate,147-24-0,86-73-7,False,109,109,1.0,0.007235015063132605,93ac01d6ae0e2afa7b2bf512d2a3f6fad7de8989a414a18dd7bba82719588af0,False
3,meanfiringrate,151506-44-4,72-43-5,False,109,109,1.0,0.007235015063132605,93ac01d6ae0e2afa7b2bf512d2a3f6fad7de8989a414a18dd7bba82719588af0,False
3,meanfiringrate,153719-23-4,56-04-2,False,109,109,1.0,0.007235015063132605,93ac01d6ae0e2afa7b2bf512d2a3f6fad7de8989a414a18dd7bba82719588af0,False
3,meanfiringrate,159138-81-5,8018-01-7,False,109,109,1.0,0.007235015063132605,93ac01d6ae0e2afa7b2bf512d2a3f6fad7de8989a414a18dd7bba82719588af0,False
3,meanfiringrate,175013-18-0,55406-53-6,False,109,109,1.0,0.007235015063132605,93ac01d6ae0e2afa7b2bf512d2a3f6fad7de8989a414a18dd7bba82719588af0,False
3,meanfiringrate,183658-27-7,7696-12-0,False,109,109,1.0,0.007235015063132605,93ac01d6ae0e2afa7b2bf512d2a3f6fad7de8989a414a18dd7bba82719588af0,False
3,meanfiringrate,188425-85-6,143-50-0,False,109,109,1.0,0.007235015063132605,93ac01d6ae0e2afa7b2bf512d2a3f6fad7de8989a414a18dd7bba82719588af0,False
3,meanfiringrate,191-24-2,50-55-5,False,109,109,1.0,0.007235015063132605,93ac01d6ae0e2afa7b2bf512d2a3f6fad7de8989a414a18dd7bba82719588af0,False
3,meanfiringrate,1912-24-9,59-30-3,False,109,109,1.0,0.007235015063132605,93ac01d6ae0e2afa7b2bf512d2a3f6fad7de8989a414a18dd7bba82719588af0,False
3,meanfiringrate,192-97-2,129-00-0,False,109,109,1.0,0.007235015063132605,93ac01d6ae0e2afa7b2bf512d2a3f6fad7de8989a414a18dd7bba82719588af0,False
3,meanfiringrate,1948-33-0,68359-37-5,False,109,109,1.0,0.007235015063132605,93ac01d6ae0e2afa7b2bf512d2a3f6fad7de8989a414a18dd7bba82719588af0,False
3,meanfiringrate,2001-95-8,5436-43-1,False,109,109,1.0,0.007235015063132605,93ac01d6ae0e2afa7b2bf512d2a3f6fad7de8989a414a18dd7bba82719588af0,False
3,meanfiringrate,203-64-5,57966-95-7,False,109,109,1.0,0.007235015063132605,93ac01d6ae0e2afa7b2bf512d2a3f6fad7de8989a414a18dd7bba82719588af0,False
3,meanfiringrate,205-99-2,60348-60-9,False,109,109,1.0,0.007235015063132605,93ac01d6ae0e2afa7b2bf512d2a3f6fad7de8989a414a18dd7bba82719588af0,False
3,meanfiringrate,207-08-9,1330-78-5,False,109,109,1.0,0.007235015063132605,93ac01d6ae0e2afa7b2bf512d2a3f6fad7de8989a414a18dd7bba82719588af0,False
3,meanfiringrate,215-58-7,633-65-8,False,109,109,1.0,0.007235015063132605,93ac01d6ae0e2afa7b2bf512d2a3f6fad7de8989a414a18dd7bba82719588af0,False
3,meanfiringrate,218-01-9,72-55-9,False,109,109,1.0,0.007235015063132605,93ac01d6ae0e2afa7b2bf512d2a3f6fad7de8989a414a18dd7bba82719588af0,False
3,meanfiringrate,220860-50-4,8000-34-8,False,109,109,1.0,0.007235015063132605,93ac01d6ae0e2afa7b2bf512d2a3f6fad7de8989a414a18dd7bba82719588af0,False
3,meanfiringrate,2212-67-1,298-04-4,False,109,109,1.0,0.007235015063132605,93ac01d6ae0e2afa7b2bf512d2a3f6fad7de8989a414a18dd7bba82719588af0,False
3,meanfiringrate,22224-92-6,26040-51-7,False,109,109,1.0,0.007235015063132605,93ac01d6ae0e2afa7b2bf512d2a3f6fad7de8989a414a18dd7bba82719588af0,False
3,meanfiringrate,23031-36-9,220860-50-4,False,109,109,1.0,0.007235015063132605,93ac01d6ae0e2afa7b2bf512d2a3f6fad7de8989a414a18dd7bba82719588af0,False
3,meanfiringrate,2385-85-5,22224-92-6,False,109,109,1.0,0.007235015063132605,93ac01d6ae0e2afa7b2bf512d2a3f6fad7de8989a414a18dd7bba82719588af0,False
3,meanfiringrate,2465-27-2,72-54-8,False,109,109,1.0,0.007235015063132605,93ac01d6ae0e2afa7b2bf512d2a3f6fad7de8989a414a18dd7bba82719588af0,False
3,meanfiringrate,26040-51-7,101-02-0,False,109,109,1.0,0.007235015063132605,93ac01d6ae0e2afa7b2bf512d2a3f6fad7de8989a414a18dd7bba82719588af0,False
3,meanfiringrate,2971-36-0,215-58-7,False,109,109,1.0,0.007235015063132605,93ac01d6ae0e2afa7b2bf512d2a3f6fad7de8989a414a18dd7bba82719588af0,False
3,meanfiringrate,29761-21-5,13674-84-5,False,109,109,1.0,0.007235015063132605,93ac01d6ae0e2afa7b2bf512d2a3f6fad7de8989a414a18dd7bba82719588af0,False
3,meanfiringrate,298-04-4,848641-69-0,False,109,109,1.0,0.007235015063132605,93ac01d6ae0e2afa7b2bf512d2a3f6fad7de8989a414a18dd7bba82719588af0,False
3,meanfiringrate,309-00-2,79902-63-9,False,109,109,1.0,0.007235015063132605,93ac01d6ae0e2afa7b2bf512d2a3f6fad7de8989a414a18dd7bba82719588af0,False
3,meanfiringrate,3380-34-5,133-06-2,False,109,109,1.0,0.007235015063132605,93ac01d6ae0e2afa7b2bf512d2a3f6fad7de8989a414a18dd7bba82719588af0,False
3,meanfiringrate,361377-29-9,309-00-2,False,109,109,1.0,0.007235015063132605,93ac01d6ae0e2afa7b2bf512d2a3f6fad7de8989a414a18dd7bba82719588af0,False
3,meanfiringrate,36913-39-0,71751-41-2,False,109,109,1.0,0.007235015063132605,93ac01d6ae0e2afa7b2bf512d2a3f6fad7de8989a414a18dd7bba82719588af0,False
3,meanfiringrate,39515-41-8,1461-22-9,False,109,109,1.0,0.007235015063132605,93ac01d6ae0e2afa7b2bf512d2a3f6fad7de8989a414a18dd7bba82719588af0,False
3,meanfiringrate,50-06-6,23031-36-9,False,109,109,1.0,0.007235015063132605,93ac01d6ae0e2afa7b2bf512d2a3f6fad7de8989a414a18dd7bba82719588af0,False
3,meanfiringrate,50-29-3,53-70-3,False,109,109,1.0,0.007235015063132605,93ac01d6ae0e2afa7b2bf512d2a3f6fad7de8989a414a18dd7bba82719588af0,False
3,meanfiringrate,50-32-8,2971-36-0,False,109,109,1.0,0.007235015063132605,93ac01d6ae0e2afa7b2bf512d2a3f6fad7de8989a414a18dd7bba82719588af0,False
3,meanfiringrate,50-55-5,120-12-7,False,109,109,1.0,0.007235015063132605,93ac01d6ae0e2afa7b2bf512d2a3f6fad7de8989a414a18dd7bba82719588af0,False
3,meanfiringrate,50-78-2,860302-33-6,False,109,109,1.0,0.007235015063132605,93ac01d6ae0e2afa7b2bf512d2a3f6fad7de8989a414a18dd7bba82719588af0,False
3,meanfiringrate,50-81-7,60-54-8,False,109,109,1.0,0.007235015063132605,93ac01d6ae0e2afa7b2bf512d2a3f6fad7de8989a414a18dd7bba82719588af0,False
3,meanfiringrate,51-03-6,83-79-4,False,109,109,1.0,0.007235015063132605,93ac01d6ae0e2afa7b2bf512d2a3f6fad7de8989a414a18dd7bba82719588af0,False
3,meanfiringrate,52645-53-1,122-14-5,False,109,109,1.0,0.007235015063132605,93ac01d6ae0e2afa7b2bf512d2a3f6fad7de8989a414a18dd7bba82719588af0,False
3,meanfiringrate,53-70-3,91-20-3,False,109,109,1.0,0.007235015063132605,93ac01d6ae0e2afa7b2bf512d2a3f6fad7de8989a414a18dd7bba82719588af0,False
3,meanfiringrate,5436-43-1,1948-33-0,False,109,109,1.0,0.007235015063132605,93ac01d6ae0e2afa7b2bf512d2a3f6fad7de8989a414a18dd7bba82719588af0,False
3,meanfiringrate,55-98-1,50-78-2,False,109,109,1.0,0.007235015063132605,93ac01d6ae0e2afa7b2bf512d2a3f6fad7de8989a414a18dd7bba82719588af0,False
3,meanfiringrate,55406-53-6,97-53-0,False,109,109,1.0,0.007235015063132605,93ac01d6ae0e2afa7b2bf512d2a3f6fad7de8989a414a18dd7bba82719588af0,False
3,meanfiringrate,56-04-2,218-01-9,False,109,109,1.0,0.007235015063132605,93ac01d6ae0e2afa7b2bf512d2a3f6fad7de8989a414a18dd7bba82719588af0,False
3,meanfiringrate,56-38-2,39515-41-8,False,109,109,1.0,0.007235015063132605,93ac01d6ae0e2afa7b2bf512d2a3f6fad7de8989a414a18dd7bba82719588af0,False
3,meanfiringrate,56-81-5,789-02-6,False,109,109,1.0,0.007235015063132605,93ac01d6ae0e2afa7b2bf512d2a3f6fad7de8989a414a18dd7bba82719588af0,False
3,meanfiringrate,57966-95-7,584-79-2,False,109,109,1.0,0.007235015063132605,93ac01d6ae0e2afa7b2bf512d2a3f6fad7de8989a414a18dd7bba82719588af0,False
3,meanfiringrate,584-79-2,191-24-2,False,109,109,1.0,0.007235015063132605,93ac01d6ae0e2afa7b2bf512d2a3f6fad7de8989a414a18dd7bba82719588af0,False
3,meanfiringrate,59-30-3,115-29-7,False,109,109,1.0,0.007235015063132605,93ac01d6ae0e2afa7b2bf512d2a3f6fad7de8989a414a18dd7bba82719588af0,False
3,meanfiringrate,60-54-8,52645-53-1,False,109,109,1.0,0.007235015063132605,93ac01d6ae0e2afa7b2bf512d2a3f6fad7de8989a414a18dd7bba82719588af0,False
3,meanfiringrate,60348-60-9,83-32-9,False,109,109,1.0,0.007235015063132605,93ac01d6ae0e2afa7b2bf512d2a3f6fad7de8989a414a18dd7bba82719588af0,False
3,meanfiringrate,62-38-4,361377-29-9,False,109,109,1.0,0.007235015063132605,93ac01d6ae0e2afa7b2bf512d2a3f6fad7de8989a414a18dd7bba82719588af0,False
3,meanfiringrate,633-65-8,124378-77-4,False,109,109,1.0,0.007235015063132605,93ac01d6ae0e2afa7b2bf512d2a3f6fad7de8989a414a18dd7bba82719588af0,False
3,meanfiringrate,66230-04-4,97-77-8,False,109,109,1.0,0.007235015063132605,93ac01d6ae0e2afa7b2bf512d2a3f6fad7de8989a414a18dd7bba82719588af0,False
3,meanfiringrate,68359-37-5,69-65-8,False,109,109,1.0,0.007235015063132605,93ac01d6ae0e2afa7b2bf512d2a3f6fad7de8989a414a18dd7bba82719588af0,False
3,meanfiringrate,68937-41-7,175013-18-0,False,109,109,1.0,0.007235015063132605,93ac01d6ae0e2afa7b2bf512d2a3f6fad7de8989a414a18dd7bba82719588af0,False
3,meanfiringrate,69-65-8,1912-24-9,False,109,109,1.0,0.007235015063132605,93ac01d6ae0e2afa7b2bf512d2a3f6fad7de8989a414a18dd7bba82719588af0,False
3,meanfiringrate,70-30-4,759-94-4,False,109,109,1.0,0.007235015063132605,93ac01d6ae0e2afa7b2bf512d2a3f6fad7de8989a414a18dd7bba82719588af0,False
3,meanfiringrate,71751-41-2,7487-94-7,False,109,109,1.0,0.007235015063132605,93ac01d6ae0e2afa7b2bf512d2a3f6fad7de8989a414a18dd7bba82719588af0,False
3,meanfiringrate,72-43-5,36913-39-0,False,109,109,1.0,0.007235015063132605,93ac01d6ae0e2afa7b2bf512d2a3f6fad7de8989a414a18dd7bba82719588af0,False
3,meanfiringrate,72-54-8,2212-67-1,False,109,109,1.0,0.007235015063132605,93ac01d6ae0e2afa7b2bf512d2a3f6fad7de8989a414a18dd7bba82719588af0,False
3,meanfiringrate,72-55-9,56-38-2,False,109,109,1.0,0.007235015063132605,93ac01d6ae0e2afa7b2bf512d2a3f6fad7de8989a414a18dd7bba82719588af0,False
3,meanfiringrate,7487-94-7,50-29-3,False,109,109,1.0,0.007235015063132605,93ac01d6ae0e2afa7b2bf512d2a3f6fad7de8989a414a18dd7bba82719588af0,False
3,meanfiringrate,75330-75-5,66230-04-4,False,109,109,1.0,0.007235015063132605,93ac01d6ae0e2afa7b2bf512d2a3f6fad7de8989a414a18dd7bba82719588af0,False
3,meanfiringrate,759-94-4,147-24-0,False,109,109,1.0,0.007235015063132605,93ac01d6ae0e2afa7b2bf512d2a3f6fad7de8989a414a18dd7bba82719588af0,False
3,meanfiringrate,7696-12-0,55-98-1,False,109,109,1.0,0.007235015063132605,93ac01d6ae0e2afa7b2bf512d2a3f6fad7de8989a414a18dd7bba82719588af0,False
3,meanfiringrate,77-40-7,188425-85-6,False,109,109,1.0,0.007235015063132605,93ac01d6ae0e2afa7b2bf512d2a3f6fad7de8989a414a18dd7bba82719588af0,False
3,meanfiringrate,789-02-6,3380-34-5,False,109,109,1.0,0.007235015063132605,93ac01d6ae0e2afa7b2bf512d2a3f6fad7de8989a414a18dd7bba82719588af0,False
3,meanfiringrate,79538-32-2,101-10-0,False,109,109,1.0,0.007235015063132605,93ac01d6ae0e2afa7b2bf512d2a3f6fad7de8989a414a18dd7bba82719588af0,False
3,meanfiringrate,79902-63-9,2465-27-2,False,109,109,1.0,0.007235015063132605,93ac01d6ae0e2afa7b2bf512d2a3f6fad7de8989a414a18dd7bba82719588af0,False
3,meanfiringrate,80-09-1,2385-85-5,False,109,109,1.0,0.007235015063132605,93ac01d6ae0e2afa7b2bf512d2a3f6fad7de8989a414a18dd7bba82719588af0,False
3,meanfiringrate,8000-34-8,105512-06-9,False,109,109,1.0,0.007235015063132605,93ac01d6ae0e2afa7b2bf512d2a3f6fad7de8989a414a18dd7bba82719588af0,False
3,meanfiringrate,8018-01-7,159138-81-5,False,109,109,1.0,0.007235015063132605,93ac01d6ae0e2afa7b2bf512d2a3f6fad7de8989a414a18dd7bba82719588af0,False
3,meanfiringrate,80844-07-1,50-06-6,False,109,109,1.0,0.007235015063132605,93ac01d6ae0e2afa7b2bf512d2a3f6fad7de8989a414a18dd7bba82719588af0,False
3,meanfiringrate,82657-04-3,111988-49-9,False,109,109,1.0,0.007235015063132605,93ac01d6ae0e2afa7b2bf512d2a3f6fad7de8989a414a18dd7bba82719588af0,False
3,meanfiringrate,83-32-9,82657-04-3,False,109,109,1.0,0.007235015063132605,93ac01d6ae0e2afa7b2bf512d2a3f6fad7de8989a414a18dd7bba82719588af0,False
3,meanfiringrate,83-79-4,62-38-4,False,109,109,1.0,0.007235015063132605,93ac01d6ae0e2afa7b2bf512d2a3f6fad7de8989a414a18dd7bba82719588af0,False
3,meanfiringrate,848641-69-0,113-48-4,False,109,109,1.0,0.007235015063132605,93ac01d6ae0e2afa7b2bf512d2a3f6fad7de8989a414a18dd7bba82719588af0,False
3,meanfiringrate,86-73-7,142459-58-3,False,109,109,1.0,0.007235015063132605,93ac01d6ae0e2afa7b2bf512d2a3f6fad7de8989a414a18dd7bba82719588af0,False
3,meanfiringrate,860302-33-6,151506-44-4,False,109,109,1.0,0.007235015063132605,93ac01d6ae0e2afa7b2bf512d2a3f6fad7de8989a414a18dd7bba82719588af0,False
3,meanfiringrate,91-20-3,80844-07-1,False,109,109,1.0,0.007235015063132605,93ac01d6ae0e2afa7b2bf512d2a3f6fad7de8989a414a18dd7bba82719588af0,False
3,meanfiringrate,97-53-0,80-09-1,False,109,109,1.0,0.007235015063132605,93ac01d6ae0e2afa7b2bf512d2a3f6fad7de8989a414a18dd7bba82719588af0,False
3,meanfiringrate,97-77-8,56-81-5,False,109,109,1.0,0.007235015063132605,93ac01d6ae0e2afa7b2bf512d2a3f6fad7de8989a414a18dd7bba82719588af0,False
3,meanfiringrate,NOCAS_47330,2001-95-8,False,109,109,1.0,0.007235015063132605,93ac01d6ae0e2afa7b2bf512d2a3f6fad7de8989a414a18dd7bba82719588af0,False
3,burst.per.min,101-02-0,79902-63-9,False,109,109,1.0,0.0744440768210089,56f0383fdb06b2c14ca07bc6fa7860cfde53be8d1b1a7cb8db7008f4512758cc,False
3,burst.per.min,101-10-0,188425-85-6,False,109,109,1.0,0.0744440768210089,56f0383fdb06b2c14ca07bc6fa7860cfde53be8d1b1a7cb8db7008f4512758cc,False
3,burst.per.min,10540-29-1,77-40-7,False,109,109,1.0,0.0744440768210089,56f0383fdb06b2c14ca07bc6fa7860cfde53be8d1b1a7cb8db7008f4512758cc,False
3,burst.per.min,105512-06-9,50-32-8,False,109,109,1.0,0.0744440768210089,56f0383fdb06b2c14ca07bc6fa7860cfde53be8d1b1a7cb8db7008f4512758cc,False
3,burst.per.min,109-86-4,141517-21-7,False,109,109,1.0,0.0744440768210089,56f0383fdb06b2c14ca07bc6fa7860cfde53be8d1b1a7cb8db7008f4512758cc,False
3,burst.per.min,1095-90-5,55-98-1,False,109,109,1.0,0.0744440768210089,56f0383fdb06b2c14ca07bc6fa7860cfde53be8d1b1a7cb8db7008f4512758cc,False
3,burst.per.min,111-94-4,26040-51-7,False,109,109,1.0,0.0744440768210089,56f0383fdb06b2c14ca07bc6fa7860cfde53be8d1b1a7cb8db7008f4512758cc,False
3,burst.per.min,111988-49-9,8018-01-7,False,109,109,1.0,0.0744440768210089,56f0383fdb06b2c14ca07bc6fa7860cfde53be8d1b1a7cb8db7008f4512758cc,False
3,burst.per.min,113-48-4,2001-95-8,False,109,109,1.0,0.0744440768210089,56f0383fdb06b2c14ca07bc6fa7860cfde53be8d1b1a7cb8db7008f4512758cc,False
3,burst.per.min,115-28-6,83-79-4,False,109,109,1.0,0.0744440768210089,56f0383fdb06b2c14ca07bc6fa7860cfde53be8d1b1a7cb8db7008f4512758cc,False
3,burst.per.min,115-29-7,361377-29-9,False,109,109,1.0,0.0744440768210089,56f0383fdb06b2c14ca07bc6fa7860cfde53be8d1b1a7cb8db7008f4512758cc,False
3,burst.per.min,117-81-7,50-55-5,False,109,109,1.0,0.0744440768210089,56f0383fdb06b2c14ca07bc6fa7860cfde53be8d1b1a7cb8db7008f4512758cc,False
3,burst.per.min,120-12-7,111-94-4,False,109,109,1.0,0.0744440768210089,56f0383fdb06b2c14ca07bc6fa7860cfde53be8d1b1a7cb8db7008f4512758cc,False
3,burst.per.min,122-14-5,80844-07-1,False,109,109,1.0,0.0744440768210089,56f0383fdb06b2c14ca07bc6fa7860cfde53be8d1b1a7cb8db7008f4512758cc,False
3,burst.per.min,124378-77-4,56-38-2,False,109,109,1.0,0.0744440768210089,56f0383fdb06b2c14ca07bc6fa7860cfde53be8d1b1a7cb8db7008f4512758cc,False
3,burst.per.min,129-00-0,220860-50-4,False,109,109,1.0,0.0744440768210089,56f0383fdb06b2c14ca07bc6fa7860cfde53be8d1b1a7cb8db7008f4512758cc,False
3,burst.per.min,131860-33-8,51-03-6,False,109,109,1.0,0.0744440768210089,56f0383fdb06b2c14ca07bc6fa7860cfde53be8d1b1a7cb8db7008f4512758cc,False
3,burst.per.min,133-06-2,39515-41-8,False,109,109,1.0,0.0744440768210089,56f0383fdb06b2c14ca07bc6fa7860cfde53be8d1b1a7cb8db7008f4512758cc,False
3,burst.per.min,1330-78-5,13674-84-5,False,109,109,1.0,0.0744440768210089,56f0383fdb06b2c14ca07bc6fa7860cfde53be8d1b1a7cb8db7008f4512758cc,False
3,burst.per.min,13674-84-5,789-02-6,False,109,109,1.0,0.0744440768210089,56f0383fdb06b2c14ca07bc6fa7860cfde53be8d1b1a7cb8db7008f4512758cc,False
3,burst.per.min,141517-21-7,115-28-6,False,109,109,1.0,0.0744440768210089,56f0383fdb06b2c14ca07bc6fa7860cfde53be8d1b1a7cb8db7008f4512758cc,False
3,burst.per.min,142459-58-3,22224-92-6,False,109,109,1.0,0.0744440768210089,56f0383fdb06b2c14ca07bc6fa7860cfde53be8d1b1a7cb8db7008f4512758cc,False
3,burst.per.min,143-50-0,159138-81-5,False,109,109,1.0,0.0744440768210089,56f0383fdb06b2c14ca07bc6fa7860cfde53be8d1b1a7cb8db7008f4512758cc,False
3,burst.per.min,1461-22-9,1095-90-5,False,109,109,1.0,0.0744440768210089,56f0383fdb06b2c14ca07bc6fa7860cfde53be8d1b1a7cb8db7008f4512758cc,False
3,burst.per.min,147-24-0,153719-23-4,False,109,109,1.0,0.0744440768210089,56f0383fdb06b2c14ca07bc6fa7860cfde53be8d1b1a7cb8db7008f4512758cc,False
3,burst.per.min,151506-44-4,83-32-9,False,109,109,1.0,0.0744440768210089,56f0383fdb06b2c14ca07bc6fa7860cfde53be8d1b1a7cb8db7008f4512758cc,False
3,burst.per.min,153719-23-4,191-24-2,False,109,109,1.0,0.0744440768210089,56f0383fdb06b2c14ca07bc6fa7860cfde53be8d1b1a7cb8db7008f4512758cc,False
3,burst.per.min,159138-81-5,8000-34-8,False,109,109,1.0,0.0744440768210089,56f0383fdb06b2c14ca07bc6fa7860cfde53be8d1b1a7cb8db7008f4512758cc,False
3,burst.per.min,175013-18-0,68359-37-5,False,109,109,1.0,0.0744440768210089,56f0383fdb06b2c14ca07bc6fa7860cfde53be8d1b1a7cb8db7008f4512758cc,False
3,burst.per.min,183658-27-7,2971-36-0,False,109,109,1.0,0.0744440768210089,56f0383fdb06b2c14ca07bc6fa7860cfde53be8d1b1a7cb8db7008f4512758cc,False
3,burst.per.min,188425-85-6,113-48-4,False,109,109,1.0,0.0744440768210089,56f0383fdb06b2c14ca07bc6fa7860cfde53be8d1b1a7cb8db7008f4512758cc,False
3,burst.per.min,191-24-2,72-55-9,False,109,109,1.0,0.0744440768210089,56f0383fdb06b2c14ca07bc6fa7860cfde53be8d1b1a7cb8db7008f4512758cc,False
3,burst.per.min,1912-24-9,175013-18-0,False,109,109,1.0,0.0744440768210089,56f0383fdb06b2c14ca07bc6fa7860cfde53be8d1b1a7cb8db7008f4512758cc,False
3,burst.per.min,192-97-2,848641-69-0,False,109,109,1.0,0.0744440768210089,56f0383fdb06b2c14ca07bc6fa7860cfde53be8d1b1a7cb8db7008f4512758cc,False
3,burst.per.min,1948-33-0,91-20-3,False,109,109,1.0,0.0744440768210089,56f0383fdb06b2c14ca07bc6fa7860cfde53be8d1b1a7cb8db7008f4512758cc,False
3,burst.per.min,2001-95-8,68937-41-7,False,109,109,1.0,0.0744440768210089,56f0383fdb06b2c14ca07bc6fa7860cfde53be8d1b1a7cb8db7008f4512758cc,False
3,burst.per.min,203-64-5,133-06-2,False,109,109,1.0,0.0744440768210089,56f0383fdb06b2c14ca07bc6fa7860cfde53be8d1b1a7cb8db7008f4512758cc,False
3,burst.per.min,205-99-2,10540-29-1,False,109,109,1.0,0.0744440768210089,56f0383fdb06b2c14ca07bc6fa7860cfde53be8d1b1a7cb8db7008f4512758cc,False
3,burst.per.min,207-08-9,52645-53-1,False,109,109,1.0,0.0744440768210089,56f0383fdb06b2c14ca07bc6fa7860cfde53be8d1b1a7cb8db7008f4512758cc,False
3,burst.per.min,215-58-7,1912-24-9,False,109,109,1.0,0.0744440768210089,56f0383fdb06b2c14ca07bc6fa7860cfde53be8d1b1a7cb8db7008f4512758cc,False
3,burst.per.min,218-01-9,2385-85-5,False,109,109,1.0,0.0744440768210089,56f0383fdb06b2c14ca07bc6fa7860cfde53be8d1b1a7cb8db7008f4512758cc,False
3,burst.per.min,220860-50-4,309-00-2,False,109,109,1.0,0.0744440768210089,56f0383fdb06b2c14ca07bc6fa7860cfde53be8d1b1a7cb8db7008f4512758cc,False
3,burst.per.min,2212-67-1,124378-77-4,False,109,109,1.0,0.0744440768210089,56f0383fdb06b2c14ca07bc6fa7860cfde53be8d1b1a7cb8db7008f4512758cc,False
3,burst.per.min,22224-92-6,633-65-8,False,109,109,1.0,0.0744440768210089,56f0383fdb06b2c14ca07bc6fa7860cfde53be8d1b1a7cb8db7008f4512758cc,False
3,burst.per.min,23031-36-9,120-12-7,False,109,109,1.0,0.0744440768210089,56f0383fdb06b2c14ca07bc6fa7860cfde53be8d1b1a7cb8db7008f4512758cc,False
3,burst.per.min,2385-85-5,298-04-4,False,109,109,1.0,0.0744440768210089,56f0383fdb06b2c14ca07bc6fa7860cfde53be8d1b1a7cb8db7008f4512758cc,False
3,burst.per.min,2465-27-2,759-94-4,False,109,109,1.0,0.0744440768210089,56f0383fdb06b2c14ca07bc6fa7860cfde53be8d1b1a7cb8db7008f4512758cc,False
3,burst.per.min,26040-51-7,101-10-0,False,109,109,1.0,0.0744440768210089,56f0383fdb06b2c14ca07bc6fa7860cfde53be8d1b1a7cb8db7008f4512758cc,False
3,burst.per.min,2971-36-0,72-54-8,False,109,109,1.0,0.0744440768210089,56f0383fdb06b2c14ca07bc6fa7860cfde53be8d1b1a7cb8db7008f4512758cc,False
3,burst.per.min,29761-21-5,117-81-7,False,109,109,1.0,0.0744440768210089,56f0383fdb06b2c14ca07bc6fa7860cfde53be8d1b1a7cb8db7008f4512758cc,False
3,burst.per.min,298-04-4,71751-41-2,False,109,109,1.0,0.0744440768210089,56f0383fdb06b2c14ca07bc6fa7860cfde53be8d1b1a7cb8db7008f4512758cc,False
3,burst.per.min,309-00-2,7696-12-0,False,109,109,1.0,0.0744440768210089,56f0383fdb06b2c14ca07bc6fa7860cfde53be8d1b1a7cb8db7008f4512758cc,False
3,burst.per.min,3380-34-5,80-09-1,False,109,109,1.0,0.0744440768210089,56f0383fdb06b2c14ca07bc6fa7860cfde53be8d1b1a7cb8db7008f4512758cc,False
3,burst.per.min,361377-29-9,109-86-4,False,109,109,1.0,0.0744440768210089,56f0383fdb06b2c14ca07bc6fa7860cfde53be8d1b1a7cb8db7008f4512758cc,False
3,burst.per.min,36913-39-0,205-99-2,False,109,109,1.0,0.0744440768210089,56f0383fdb06b2c14ca07bc6fa7860cfde53be8d1b1a7cb8db7008f4512758cc,False
3,burst.per.min,39515-41-8,122-14-5,False,109,109,1.0,0.0744440768210089,56f0383fdb06b2c14ca07bc6fa7860cfde53be8d1b1a7cb8db7008f4512758cc,False
3,burst.per.min,50-06-6,2465-27-2,False,109,109,1.0,0.0744440768210089,56f0383fdb06b2c14ca07bc6fa7860cfde53be8d1b1a7cb8db7008f4512758cc,False
3,burst.per.min,50-29-3,57966-95-7,False,109,109,1.0,0.0744440768210089,56f0383fdb06b2c14ca07bc6fa7860cfde53be8d1b1a7cb8db7008f4512758cc,False
3,burst.per.min,50-32-8,97-53-0,False,109,109,1.0,0.0744440768210089,56f0383fdb06b2c14ca07bc6fa7860cfde53be8d1b1a7cb8db7008f4512758cc,False
3,burst.per.min,50-55-5,151506-44-4,False,109,109,1.0,0.0744440768210089,56f0383fdb06b2c14ca07bc6fa7860cfde53be8d1b1a7cb8db7008f4512758cc,False
3,burst.per.min,50-78-2,203-64-5,False,109,109,1.0,0.0744440768210089,56f0383fdb06b2c14ca07bc6fa7860cfde53be8d1b1a7cb8db7008f4512758cc,False
3,burst.per.min,50-81-7,215-58-7,False,109,109,1.0,0.0744440768210089,56f0383fdb06b2c14ca07bc6fa7860cfde53be8d1b1a7cb8db7008f4512758cc,False
3,burst.per.min,51-03-6,101-02-0,False,109,109,1.0,0.0744440768210089,56f0383fdb06b2c14ca07bc6fa7860cfde53be8d1b1a7cb8db7008f4512758cc,False
3,burst.per.min,52645-53-1,36913-39-0,False,109,109,1.0,0.0744440768210089,56f0383fdb06b2c14ca07bc6fa7860cfde53be8d1b1a7cb8db7008f4512758cc,False
3,burst.per.min,53-70-3,60348-60-9,False,109,109,1.0,0.0744440768210089,56f0383fdb06b2c14ca07bc6fa7860cfde53be8d1b1a7cb8db7008f4512758cc,False
3,burst.per.min,5436-43-1,53-70-3,False,109,109,1.0,0.0744440768210089,56f0383fdb06b2c14ca07bc6fa7860cfde53be8d1b1a7cb8db7008f4512758cc,False
3,burst.per.min,55-98-1,70-30-4,False,109,109,1.0,0.0744440768210089,56f0383fdb06b2c14ca07bc6fa7860cfde53be8d1b1a7cb8db7008f4512758cc,False
3,burst.per.min,55406-53-6,192-97-2,False,109,109,1.0,0.0744440768210089,56f0383fdb06b2c14ca07bc6fa7860cfde53be8d1b1a7cb8db7008f4512758cc,False
3,burst.per.min,56-04-2,66230-04-4,False,109,109,1.0,0.0744440768210089,56f0383fdb06b2c14ca07bc6fa7860cfde53be8d1b1a7cb8db7008f4512758cc,False
3,burst.per.min,56-38-2,82657-04-3,False,109,109,1.0,0.0744440768210089,56f0383fdb06b2c14ca07bc6fa7860cfde53be8d1b1a7cb8db7008f4512758cc,False
3,burst.per.min,56-81-5,7487-94-7,False,109,109,1.0,0.0744440768210089,56f0383fdb06b2c14ca07bc6fa7860cfde53be8d1b1a7cb8db7008f4512758cc,False
3,burst.per.min,57966-95-7,62-38-4,False,109,109,1.0,0.0744440768210089,56f0383fdb06b2c14ca07bc6fa7860cfde53be8d1b1a7cb8db7008f4512758cc,False
3,burst.per.min,584-79-2,3380-34-5,False,109,109,1.0,0.0744440768210089,56f0383fdb06b2c14ca07bc6fa7860cfde53be8d1b1a7cb8db7008f4512758cc,False
3,burst.per.min,59-30-3,142459-58-3,False,109,109,1.0,0.0744440768210089,56f0383fdb06b2c14ca07bc6fa7860cfde53be8d1b1a7cb8db7008f4512758cc,False
3,burst.per.min,60-54-8,1948-33-0,False,109,109,1.0,0.0744440768210089,56f0383fdb06b2c14ca07bc6fa7860cfde53be8d1b1a7cb8db7008f4512758cc,False
3,burst.per.min,60348-60-9,23031-36-9,False,109,109,1.0,0.0744440768210089,56f0383fdb06b2c14ca07bc6fa7860cfde53be8d1b1a7cb8db7008f4512758cc,False
3,burst.per.min,62-38-4,860302-33-6,False,109,109,1.0,0.0744440768210089,56f0383fdb06b2c14ca07bc6fa7860cfde53be8d1b1a7cb8db7008f4512758cc,False
3,burst.per.min,633-65-8,143-50-0,False,109,109,1.0,0.0744440768210089,56f0383fdb06b2c14ca07bc6fa7860cfde53be8d1b1a7cb8db7008f4512758cc,False
3,burst.per.min,66230-04-4,2212-67-1,False,109,109,1.0,0.0744440768210089,56f0383fdb06b2c14ca07bc6fa7860cfde53be8d1b1a7cb8db7008f4512758cc,False
3,burst.per.min,68359-37-5,129-00-0,False,109,109,1.0,0.0744440768210089,56f0383fdb06b2c14ca07bc6fa7860cfde53be8d1b1a7cb8db7008f4512758cc,False
3,burst.per.min,68937-41-7,207-08-9,False,109,109,1.0,0.0744440768210089,56f0383fdb06b2c14ca07bc6fa7860cfde53be8d1b1a7cb8db7008f4512758cc,False
3,burst.per.min,69-65-8,183658-27-7,False,109,109,1.0,0.0744440768210089,56f0383fdb06b2c14ca07bc6fa7860cfde53be8d1b1a7cb8db7008f4512758cc,False
3,burst.per.min,70-30-4,131860-33-8,False,109,109,1.0,0.0744440768210089,56f0383fdb06b2c14ca07bc6fa7860cfde53be8d1b1a7cb8db7008f4512758cc,False
3,burst.per.min,71751-41-2,1330-78-5,False,109,109,1.0,0.0744440768210089,56f0383fdb06b2c14ca07bc6fa7860cfde53be8d1b1a7cb8db7008f4512758cc,False
3,burst.per.min,72-43-5,29761-21-5,False,109,109,1.0,0.0744440768210089,56f0383fdb06b2c14ca07bc6fa7860cfde53be8d1b1a7cb8db7008f4512758cc,False
3,burst.per.min,72-54-8,1461-22-9,False,109,109,1.0,0.0744440768210089,56f0383fdb06b2c14ca07bc6fa7860cfde53be8d1b1a7cb8db7008f4512758cc,False
3,burst.per.min,72-55-9,218-01-9,False,109,109,1.0,0.0744440768210089,56f0383fdb06b2c14ca07bc6fa7860cfde53be8d1b1a7cb8db7008f4512758cc,False
3,burst.per.min,7487-94-7,60-54-8,False,109,109,1.0,0.0744440768210089,56f0383fdb06b2c14ca07bc6fa7860cfde53be8d1b1a7cb8db7008f4512758cc,False
3,burst.per.min,75330-75-5,584-79-2,False,109,109,1.0,0.0744440768210089,56f0383fdb06b2c14ca07bc6fa7860cfde53be8d1b1a7cb8db7008f4512758cc,False
3,burst.per.min,759-94-4,111988-49-9,False,109,109,1.0,0.0744440768210089,56f0383fdb06b2c14ca07bc6fa7860cfde53be8d1b1a7cb8db7008f4512758cc,False
3,burst.per.min,7696-12-0,75330-75-5,False,109,109,1.0,0.0744440768210089,56f0383fdb06b2c14ca07bc6fa7860cfde53be8d1b1a7cb8db7008f4512758cc,False
3,burst.per.min,77-40-7,59-30-3,False,109,109,1.0,0.0744440768210089,56f0383fdb06b2c14ca07bc6fa7860cfde53be8d1b1a7cb8db7008f4512758cc,False
3,burst.per.min,789-02-6,NOCAS_47330,False,109,109,1.0,0.0744440768210089,56f0383fdb06b2c14ca07bc6fa7860cfde53be8d1b1a7cb8db7008f4512758cc,False
3,burst.per.min,79538-32-2,56-04-2,False,109,109,1.0,0.0744440768210089,56f0383fdb06b2c14ca07bc6fa7860cfde53be8d1b1a7cb8db7008f4512758cc,False
3,burst.per.min,79902-63-9,56-81-5,False,109,109,1.0,0.0744440768210089,56f0383fdb06b2c14ca07bc6fa7860cfde53be8d1b1a7cb8db7008f4512758cc,False
3,burst.per.min,80-09-1,105512-06-9,False,109,109,1.0,0.0744440768210089,56f0383fdb06b2c14ca07bc6fa7860cfde53be8d1b1a7cb8db7008f4512758cc,False
3,burst.per.min,8000-34-8,147-24-0,False,109,109,1.0,0.0744440768210089,56f0383fdb06b2c14ca07bc6fa7860cfde53be8d1b1a7cb8db7008f4512758cc,False
3,burst.per.min,8018-01-7,97-77-8,False,109,109,1.0,0.0744440768210089,56f0383fdb06b2c14ca07bc6fa7860cfde53be8d1b1a7cb8db7008f4512758cc,False
3,burst.per.min,80844-07-1,69-65-8,False,109,109,1.0,0.0744440768210089,56f0383fdb06b2c14ca07bc6fa7860cfde53be8d1b1a7cb8db7008f4512758cc,False
3,burst.per.min,82657-04-3,50-06-6,False,109,109,1.0,0.0744440768210089,56f0383fdb06b2c14ca07bc6fa7860cfde53be8d1b1a7cb8db7008f4512758cc,False
3,burst.per.min,83-32-9,55406-53-6,False,109,109,1.0,0.0744440768210089,56f0383fdb06b2c14ca07bc6fa7860cfde53be8d1b1a7cb8db7008f4512758cc,False
3,burst.per.min,83-79-4,50-78-2,False,109,109,1.0,0.0744440768210089,56f0383fdb06b2c14ca07bc6fa7860cfde53be8d1b1a7cb8db7008f4512758cc,False
3,burst.per.min,848641-69-0,72-43-5,False,109,109,1.0,0.0744440768210089,56f0383fdb06b2c14ca07bc6fa7860cfde53be8d1b1a7cb8db7008f4512758cc,False
3,burst.per.min,86-73-7,50-81-7,False,109,109,1.0,0.0744440768210089,56f0383fdb06b2c14ca07bc6fa7860cfde53be8d1b1a7cb8db7008f4512758cc,False
3,burst.per.min,860302-33-6,5436-43-1,False,109,109,1.0,0.0744440768210089,56f0383fdb06b2c14ca07bc6fa7860cfde53be8d1b1a7cb8db7008f4512758cc,False
3,burst.per.min,91-20-3,50-29-3,False,109,109,1.0,0.0744440768210089,56f0383fdb06b2c14ca07bc6fa7860cfde53be8d1b1a7cb8db7008f4512758cc,False
3,burst.per.min,97-53-0,79538-32-2,False,109,109,1.0,0.0744440768210089,56f0383fdb06b2c14ca07bc6fa7860cfde53be8d1b1a7cb8db7008f4512758cc,False
3,burst.per.min,97-77-8,86-73-7,False,109,109,1.0,0.0744440768210089,56f0383fdb06b2c14ca07bc6fa7860cfde53be8d1b1a7cb8db7008f4512758cc,False
3,burst.per.min,NOCAS_47330,115-29-7,False,109,109,1.0,0.0744440768210089,56f0383fdb06b2c14ca07bc6fa7860cfde53be8d1b1a7cb8db7008f4512758cc,False
3,nAE,101-02-0,56-04-2,False,109,109,1.0,0.008449085008785039,43235c083f5610110ee8ebe83145ef09b9c622acfc874dc3d05fd336bcbc3a74,False
3,nAE,101-10-0,133-06-2,False,109,109,1.0,0.008449085008785039,43235c083f5610110ee8ebe83145ef09b9c622acfc874dc3d05fd336bcbc3a74,False
3,nAE,10540-29-1,75330-75-5,False,109,109,1.0,0.008449085008785039,43235c083f5610110ee8ebe83145ef09b9c622acfc874dc3d05fd336bcbc3a74,False
3,nAE,105512-06-9,117-81-7,False,109,109,1.0,0.008449085008785039,43235c083f5610110ee8ebe83145ef09b9c622acfc874dc3d05fd336bcbc3a74,False
3,nAE,109-86-4,69-65-8,False,109,109,1.0,0.008449085008785039,43235c083f5610110ee8ebe83145ef09b9c622acfc874dc3d05fd336bcbc3a74,False
3,nAE,1095-90-5,2385-85-5,False,109,109,1.0,0.008449085008785039,43235c083f5610110ee8ebe83145ef09b9c622acfc874dc3d05fd336bcbc3a74,False
3,nAE,111-94-4,22224-92-6,False,109,109,1.0,0.008449085008785039,43235c083f5610110ee8ebe83145ef09b9c622acfc874dc3d05fd336bcbc3a74,False
3,nAE,111988-49-9,584-79-2,False,109,109,1.0,0.008449085008785039,43235c083f5610110ee8ebe83145ef09b9c622acfc874dc3d05fd336bcbc3a74,False
3,nAE,113-48-4,759-94-4,False,109,109,1.0,0.008449085008785039,43235c083f5610110ee8ebe83145ef09b9c622acfc874dc3d05fd336bcbc3a74,False
3,nAE,115-28-6,2465-27-2,False,109,109,1.0,0.008449085008785039,43235c083f5610110ee8ebe83145ef09b9c622acfc874dc3d05fd336bcbc3a74,False
3,nAE,115-29-7,80-09-1,False,109,109,1.0,0.008449085008785039,43235c083f5610110ee8ebe83145ef09b9c622acfc874dc3d05fd336bcbc3a74,False
3,nAE,117-81-7,1095-90-5,False,109,109,1.0,0.008449085008785039,43235c083f5610110ee8ebe83145ef09b9c622acfc874dc3d05fd336bcbc3a74,False
3,nAE,120-12-7,77-40-7,False,109,109,1.0,0.008449085008785039,43235c083f5610110ee8ebe83145ef09b9c622acfc874dc3d05fd336bcbc3a74,False
3,nAE,122-14-5,105512-06-9,False,109,109,1.0,0.008449085008785039,43235c083f5610110ee8ebe83145ef09b9c622acfc874dc3d05fd336bcbc3a74,False
3,nAE,124378-77-4,3380-34-5,False,109,109,1.0,0.008449085008785039,43235c083f5610110ee8ebe83145ef09b9c622acfc874dc3d05fd336bcbc3a74,False
3,nAE,129-00-0,5436-43-1,False,109,109,1.0,0.008449085008785039,43235c083f5610110ee8ebe83145ef09b9c622acfc874dc3d05fd336bcbc3a74,False
3,nAE,131860-33-8,115-28-6,False,109,109,1.0,0.008449085008785039,43235c083f5610110ee8ebe83145ef09b9c622acfc874dc3d05fd336bcbc3a74,False
3,nAE,133-06-2,8018-01-7,False,109,109,1.0,0.008449085008785039,43235c083f5610110ee8ebe83145ef09b9c622acfc874dc3d05fd336bcbc3a74,False
3,nAE,1330-78-5,183658-27-7,False,109,109,1.0,0.008449085008785039,43235c083f5610110ee8ebe83145ef09b9c622acfc874dc3d05fd336bcbc3a74,False
3,nAE,13674-84-5,62-38-4,False,109,109,1.0,0.008449085008785039,43235c083f5610110ee8ebe83145ef09b9c622acfc874dc3d05fd336bcbc3a74,False
3,nAE,141517-21-7,86-73-7,False,109,109,1.0,0.008449085008785039,43235c083f5610110ee8ebe83145ef09b9c622acfc874dc3d05fd336bcbc3a74,False
3,nAE,142459-58-3,298-04-4,False,109,109,1.0,0.008449085008785039,43235c083f5610110ee8ebe83145ef09b9c622acfc874dc3d05fd336bcbc3a74,False
3,nAE,143-50-0,115-29-7,False,109,109,1.0,0.008449085008785039,43235c083f5610110ee8ebe83145ef09b9c622acfc874dc3d05fd336bcbc3a74,False
3,nAE,1461-22-9,1330-78-5,False,109,109,1.0,0.008449085008785039,43235c083f5610110ee8ebe83145ef09b9c622acfc874dc3d05fd336bcbc3a74,False
3,nAE,147-24-0,101-02-0,False,109,109,1.0,0.008449085008785039,43235c083f5610110ee8ebe83145ef09b9c622acfc874dc3d05fd336bcbc3a74,False
3,nAE,151506-44-4,159138-81-5,False,109,109,1.0,0.008449085008785039,43235c083f5610110ee8ebe83145ef09b9c622acfc874dc3d05fd336bcbc3a74,False
3,nAE,153719-23-4,72-43-5,False,109,109,1.0,0.008449085008785039,43235c083f5610110ee8ebe83145ef09b9c622acfc874dc3d05fd336bcbc3a74,False
3,nAE,159138-81-5,80844-07-1,False,109,109,1.0,0.008449085008785039,43235c083f5610110ee8ebe83145ef09b9c622acfc874dc3d05fd336bcbc3a74,False
3,nAE,175013-18-0,7487-94-7,False,109,109,1.0,0.008449085008785039,43235c083f5610110ee8ebe83145ef09b9c622acfc874dc3d05fd336bcbc3a74,False
3,nAE,183658-27-7,29761-21-5,False,109,109,1.0,0.008449085008785039,43235c083f5610110ee8ebe83145ef09b9c622acfc874dc3d05fd336bcbc3a74,False
3,nAE,188425-85-6,60-54-8,False,109,109,1.0,0.008449085008785039,43235c083f5610110ee8ebe83145ef09b9c622acfc874dc3d05fd336bcbc3a74,False
3,nAE,191-24-2,633-65-8,False,109,109,1.0,0.008449085008785039,43235c083f5610110ee8ebe83145ef09b9c622acfc874dc3d05fd336bcbc3a74,False
3,nAE,1912-24-9,789-02-6,False,109,109,1.0,0.008449085008785039,43235c083f5610110ee8ebe83145ef09b9c622acfc874dc3d05fd336bcbc3a74,False
3,nAE,192-97-2,122-14-5,False,109,109,1.0,0.008449085008785039,43235c083f5610110ee8ebe83145ef09b9c622acfc874dc3d05fd336bcbc3a74,False
3,nAE,1948-33-0,153719-23-4,False,109,109,1.0,0.008449085008785039,43235c083f5610110ee8ebe83145ef09b9c622acfc874dc3d05fd336bcbc3a74,False
3,nAE,2001-95-8,120-12-7,False,109,109,1.0,0.008449085008785039,43235c083f5610110ee8ebe83145ef09b9c622acfc874dc3d05fd336bcbc3a74,False
3,nAE,203-64-5,26040-51-7,False,109,109,1.0,0.008449085008785039,43235c083f5610110ee8ebe83145ef09b9c622acfc874dc3d05fd336bcbc3a74,False
3,nAE,205-99-2,188425-85-6,False,109,109,1.0,0.008449085008785039,43235c083f5610110ee8ebe83145ef09b9c622acfc874dc3d05fd336bcbc3a74,False
3,nAE,207-08-9,151506-44-4,False,109,109,1.0,0.008449085008785039,43235c083f5610110ee8ebe83145ef09b9c622acfc874dc3d05fd336bcbc3a74,False
3,nAE,215-58-7,220860-50-4,False,109,109,1.0,0.008449085008785039,43235c083f5610110ee8ebe83145ef09b9c622acfc874dc3d05fd336bcbc3a74,False
3,nAE,218-01-9,141517-21-7,False,109,109,1.0,0.008449085008785039,43235c083f5610110ee8ebe83145ef09b9c622acfc874dc3d05fd336bcbc3a74,False
3,nAE,220860-50-4,175013-18-0,False,109,109,1.0,0.008449085008785039,43235c083f5610110ee8ebe83145ef09b9c622acfc874dc3d05fd336bcbc3a74,False
3,nAE,2212-67-1,59-30-3,False,109,109,1.0,0.008449085008785039,43235c083f5610110ee8ebe83145ef09b9c622acfc874dc3d05fd336bcbc3a74,False
3,nAE,22224-92-6,72-54-8,False,109,109,1.0,0.008449085008785039,43235c083f5610110ee8ebe83145ef09b9c622acfc874dc3d05fd336bcbc3a74,False
3,nAE,23031-36-9,55-98-1,False,109,109,1.0,0.008449085008785039,43235c083f5610110ee8ebe83145ef09b9c622acfc874dc3d05fd336bcbc3a74,False
3,nAE,2385-85-5,79538-32-2,False,109,109,1.0,0.008449085008785039,43235c083f5610110ee8ebe83145ef09b9c622acfc874dc3d05fd336bcbc3a74,False
3,nAE,2465-27-2,192-97-2,False,109,109,1.0,0.008449085008785039,43235c083f5610110ee8ebe83145ef09b9c622acfc874dc3d05fd336bcbc3a74,False
3,nAE,26040-51-7,50-06-6,False,109,109,1.0,0.008449085008785039,43235c083f5610110ee8ebe83145ef09b9c622acfc874dc3d05fd336bcbc3a74,False
3,nAE,2971-36-0,101-10-0,False,109,109,1.0,0.008449085008785039,43235c083f5610110ee8ebe83145ef09b9c622acfc874dc3d05fd336bcbc3a74,False
3,nAE,29761-21-5,2212-67-1,False,109,109,1.0,0.008449085008785039,43235c083f5610110ee8ebe83145ef09b9c622acfc874dc3d05fd336bcbc3a74,False
3,nAE,298-04-4,56-81-5,False,109,109,1.0,0.008449085008785039,43235c083f5610110ee8ebe83145ef09b9c622acfc874dc3d05fd336bcbc3a74,False
3,nAE,309-00-2,NOCAS_47330,False,109,109,1.0,0.008449085008785039,43235c083f5610110ee8ebe83145ef09b9c622acfc874dc3d05fd336bcbc3a74,False
3,nAE,3380-34-5,56-38-2,False,109,109,1.0,0.008449085008785039,43235c083f5610110ee8ebe83145ef09b9c622acfc874dc3d05fd336bcbc3a74,False
3,nAE,361377-29-9,60348-60-9,False,109,109,1.0,0.008449085008785039,43235c083f5610110ee8ebe83145ef09b9c622acfc874dc3d05fd336bcbc3a74,False
3,nAE,36913-39-0,129-00-0,False,109,109,1.0,0.008449085008785039,43235c083f5610110ee8ebe83145ef09b9c622acfc874dc3d05fd336bcbc3a74,False
3,nAE,39515-41-8,97-77-8,False,109,109,1.0,0.008449085008785039,43235c083f5610110ee8ebe83145ef09b9c622acfc874dc3d05fd336bcbc3a74,False
3,nAE,50-06-6,83-79-4,False,109,109,1.0,0.008449085008785039,43235c083f5610110ee8ebe83145ef09b9c622acfc874dc3d05fd336bcbc3a74,False
3,nAE,50-29-3,124378-77-4,False,109,109,1.0,0.008449085008785039,43235c083f5610110ee8ebe83145ef09b9c622acfc874dc3d05fd336bcbc3a74,False
3,nAE,50-32-8,215-58-7,False,109,109,1.0,0.008449085008785039,43235c083f5610110ee8ebe83145ef09b9c622acfc874dc3d05fd336bcbc3a74,False
3,nAE,50-55-5,97-53-0,False,109,109,1.0,0.008449085008785039,43235c083f5610110ee8ebe83145ef09b9c622acfc874dc3d05fd336bcbc3a74,False
3,nAE,50-78-2,51-03-6,False,109,109,1.0,0.008449085008785039,43235c083f5610110ee8ebe83145ef09b9c622acfc874dc3d05fd336bcbc3a74,False
3,nAE,50-81-7,66230-04-4,False,109,109,1.0,0.008449085008785039,43235c083f5610110ee8ebe83145ef09b9c622acfc874dc3d05fd336bcbc3a74,False
3,nAE,51-03-6,218-01-9,False,109,109,1.0,0.008449085008785039,43235c083f5610110ee8ebe83145ef09b9c622acfc874dc3d05fd336bcbc3a74,False
3,nAE,52645-53-1,13674-84-5,False,109,109,1.0,0.008449085008785039,43235c083f5610110ee8ebe83145ef09b9c622acfc874dc3d05fd336bcbc3a74,False
3,nAE,53-70-3,2001-95-8,False,109,109,1.0,0.008449085008785039,43235c083f5610110ee8ebe83145ef09b9c622acfc874dc3d05fd336bcbc3a74,False
3,nAE,5436-43-1,109-86-4,False,109,109,1.0,0.008449085008785039,43235c083f5610110ee8ebe83145ef09b9c622acfc874dc3d05fd336bcbc3a74,False
3,nAE,55-98-1,203-64-5,False,109,109,1.0,0.008449085008785039,43235c083f5610110ee8ebe83145ef09b9c622acfc874dc3d05fd336bcbc3a74,False
3,nAE,55406-53-6,71751-41-2,False,109,109,1.0,0.008449085008785039,43235c083f5610110ee8ebe83145ef09b9c622acfc874dc3d05fd336bcbc3a74,False
3,nAE,56-04-2,1912-24-9,False,109,109,1.0,0.008449085008785039,43235c083f5610110ee8ebe83145ef09b9c622acfc874dc3d05fd336bcbc3a74,False
3,nAE,56-38-2,207-08-9,False,109,109,1.0,0.008449085008785039,43235c083f5610110ee8ebe83145ef09b9c622acfc874dc3d05fd336bcbc3a74,False
3,nAE,56-81-5,50-29-3,False,109,109,1.0,0.008449085008785039,43235c083f5610110ee8ebe83145ef09b9c622acfc874dc3d05fd336bcbc3a74,False
3,nAE,57966-95-7,83-32-9,False,109,109,1.0,0.008449085008785039,43235c083f5610110ee8ebe83145ef09b9c622acfc874dc3d05fd336bcbc3a74,False
3,nAE,584-79-2,361377-29-9,False,109,109,1.0,0.008449085008785039,43235c083f5610110ee8ebe83145ef09b9c622acfc874dc3d05fd336bcbc3a74,False
3,nAE,59-30-3,142459-58-3,False,109,109,1.0,0.008449085008785039,43235c083f5610110ee8ebe83145ef09b9c622acfc874dc3d05fd336bcbc3a74,False
3,nAE,60-54-8,79902-63-9,False,109,109,1.0,0.008449085008785039,43235c083f5610110ee8ebe83145ef09b9c622acfc874dc3d05fd336bcbc3a74,False
3,nAE,60348-60-9,113-48-4,False,109,109,1.0,0.008449085008785039,43235c083f5610110ee8ebe83145ef09b9c622acfc874dc3d05fd336bcbc3a74,False
3,nAE,62-38-4,53-70-3,False,109,109,1.0,0.008449085008785039,43235c083f5610110ee8ebe83145ef09b9c622acfc874dc3d05fd336bcbc3a74,False
3,nAE,633-65-8,309-00-2,False,109,109,1.0,0.008449085008785039,43235c083f5610110ee8ebe83145ef09b9c622acfc874dc3d05fd336bcbc3a74,False
3,nAE,66230-04-4,23031-36-9,False,109,109,1.0,0.008449085008785039,43235c083f5610110ee8ebe83145ef09b9c622acfc874dc3d05fd336bcbc3a74,False
3,nAE,68359-37-5,7696-12-0,False,109,109,1.0,0.008449085008785039,43235c083f5610110ee8ebe83145ef09b9c622acfc874dc3d05fd336bcbc3a74,False
3,nAE,68937-41-7,8000-34-8,False,109,109,1.0,0.008449085008785039,43235c083f5610110ee8ebe83145ef09b9c622acfc874dc3d05fd336bcbc3a74,False
3,nAE,69-65-8,2971-36-0,False,109,109,1.0,0.008449085008785039,43235c083f5610110ee8ebe83145ef09b9c622acfc874dc3d05fd336bcbc3a74,False
3,nAE,70-30-4,72-55-9,False,109,109,1.0,0.008449085008785039,43235c083f5610110ee8ebe83145ef09b9c622acfc874dc3d05fd336bcbc3a74,False
3,nAE,71751-41-2,50-81-7,False,109,109,1.0,0.008449085008785039,43235c083f5610110ee8ebe83145ef09b9c622acfc874dc3d05fd336bcbc3a74,False
3,nAE,72-43-5,191-24-2,False,109,109,1.0,0.008449085008785039,43235c083f5610110ee8ebe83145ef09b9c622acfc874dc3d05fd336bcbc3a74,False
3,nAE,72-54-8,39515-41-8,False,109,109,1.0,0.008449085008785039,43235c083f5610110ee8ebe83145ef09b9c622acfc874dc3d05fd336bcbc3a74,False
3,nAE,72-55-9,848641-69-0,False,109,109,1.0,0.008449085008785039,43235c083f5610110ee8ebe83145ef09b9c622acfc874dc3d05fd336bcbc3a74,False
3,nAE,7487-94-7,36913-39-0,False,109,109,1.0,0.008449085008785039,43235c083f5610110ee8ebe83145ef09b9c622acfc874dc3d05fd336bcbc3a74,False
3,nAE,75330-75-5,143-50-0,False,109,109,1.0,0.008449085008785039,43235c083f5610110ee8ebe83145ef09b9c622acfc874dc3d05fd336bcbc3a74,False
3,nAE,759-94-4,50-32-8,False,109,109,1.0,0.008449085008785039,43235c083f5610110ee8ebe83145ef09b9c622acfc874dc3d05fd336bcbc3a74,False
3,nAE,7696-12-0,147-24-0,False,109,109,1.0,0.008449085008785039,43235c083f5610110ee8ebe83145ef09b9c622acfc874dc3d05fd336bcbc3a74,False
3,nAE,77-40-7,860302-33-6,False,109,109,1.0,0.008449085008785039,43235c083f5610110ee8ebe83145ef09b9c622acfc874dc3d05fd336bcbc3a74,False
3,nAE,789-02-6,57966-95-7,False,109,109,1.0,0.008449085008785039,43235c083f5610110ee8ebe83145ef09b9c622acfc874dc3d05fd336bcbc3a74,False
3,nAE,79538-32-2,50-55-5,False,109,109,1.0,0.008449085008785039,43235c083f5610110ee8ebe83145ef09b9c622acfc874dc3d05fd336bcbc3a74,False
3,nAE,79902-63-9,91-20-3,False,109,109,1.0,0.008449085008785039,43235c083f5610110ee8ebe83145ef09b9c622acfc874dc3d05fd336bcbc3a74,False
3,nAE,80-09-1,55406-53-6,False,109,109,1.0,0.008449085008785039,43235c083f5610110ee8ebe83145ef09b9c622acfc874dc3d05fd336bcbc3a74,False
3,nAE,8000-34-8,68359-37-5,False,109,109,1.0,0.008449085008785039,43235c083f5610110ee8ebe83145ef09b9c622acfc874dc3d05fd336bcbc3a74,False
3,nAE,8018-01-7,10540-29-1,False,109,109,1.0,0.008449085008785039,43235c083f5610110ee8ebe83145ef09b9c622acfc874dc3d05fd336bcbc3a74,False
3,nAE,80844-07-1,111-94-4,False,109,109,1.0,0.008449085008785039,43235c083f5610110ee8ebe83145ef09b9c622acfc874dc3d05fd336bcbc3a74,False
3,nAE,82657-04-3,68937-41-7,False,109,109,1.0,0.008449085008785039,43235c083f5610110ee8ebe83145ef09b9c622acfc874dc3d05fd336bcbc3a74,False
3,nAE,83-32-9,111988-49-9,False,109,109,1.0,0.008449085008785039,43235c083f5610110ee8ebe83145ef09b9c622acfc874dc3d05fd336bcbc3a74,False
3,nAE,83-79-4,50-78-2,False,109,109,1.0,0.008449085008785039,43235c083f5610110ee8ebe83145ef09b9c622acfc874dc3d05fd336bcbc3a74,False
3,nAE,848641-69-0,70-30-4,False,109,109,1.0,0.008449085008785039,43235c083f5610110ee8ebe83145ef09b9c622acfc874dc3d05fd336bcbc3a74,False
3,nAE,86-73-7,205-99-2,False,109,109,1.0,0.008449085008785039,43235c083f5610110ee8ebe83145ef09b9c622acfc874dc3d05fd336bcbc3a74,False
3,nAE,860302-33-6,1948-33-0,False,109,109,1.0,0.008449085008785039,43235c083f5610110ee8ebe83145ef09b9c622acfc874dc3d05fd336bcbc3a74,False
3,nAE,91-20-3,1461-22-9,False,109,109,1.0,0.008449085008785039,43235c083f5610110ee8ebe83145ef09b9c622acfc874dc3d05fd336bcbc3a74,False
3,nAE,97-53-0,82657-04-3,False,109,109,1.0,0.008449085008785039,43235c083f5610110ee8ebe83145ef09b9c622acfc874dc3d05fd336bcbc3a74,False
3,nAE,97-77-8,52645-53-1,False,109,109,1.0,0.008449085008785039,43235c083f5610110ee8ebe83145ef09b9c622acfc874dc3d05fd336bcbc3a74,False
3,nAE,NOCAS_47330,131860-33-8,False,109,109,1.0,0.008449085008785039,43235c083f5610110ee8ebe83145ef09b9c622acfc874dc3d05fd336bcbc3a74,False
3,ns.n,101-02-0,361377-29-9,False,100,100,1.0,0.12319364892420108,ff7acc039f0f92f749f356d9da09b7b2490f621e9705a9da47e1d6e0f328324a,False
3,ns.n,105512-06-9,39515-41-8,False,100,100,1.0,0.12319364892420108,ff7acc039f0f92f749f356d9da09b7b2490f621e9705a9da47e1d6e0f328324a,False
3,ns.n,109-86-4,70-30-4,False,100,100,1.0,0.12319364892420108,ff7acc039f0f92f749f356d9da09b7b2490f621e9705a9da47e1d6e0f328324a,False
3,ns.n,1095-90-5,122-14-5,False,100,100,1.0,0.12319364892420108,ff7acc039f0f92f749f356d9da09b7b2490f621e9705a9da47e1d6e0f328324a,False
3,ns.n,111-94-4,117-81-7,False,100,100,1.0,0.12319364892420108,ff7acc039f0f92f749f356d9da09b7b2490f621e9705a9da47e1d6e0f328324a,False
3,ns.n,111988-49-9,NOCAS_47330,False,100,100,1.0,0.12319364892420108,ff7acc039f0f92f749f356d9da09b7b2490f621e9705a9da47e1d6e0f328324a,False
3,ns.n,115-28-6,23031-36-9,False,100,100,1.0,0.12319364892420108,ff7acc039f0f92f749f356d9da09b7b2490f621e9705a9da47e1d6e0f328324a,False
3,ns.n,115-29-7,62-38-4,False,100,100,1.0,0.12319364892420108,ff7acc039f0f92f749f356d9da09b7b2490f621e9705a9da47e1d6e0f328324a,False
3,ns.n,117-81-7,584-79-2,False,100,100,1.0,0.12319364892420108,ff7acc039f0f92f749f356d9da09b7b2490f621e9705a9da47e1d6e0f328324a,False
3,ns.n,120-12-7,860302-33-6,False,100,100,1.0,0.12319364892420108,ff7acc039f0f92f749f356d9da09b7b2490f621e9705a9da47e1d6e0f328324a,False
3,ns.n,122-14-5,86-73-7,False,100,100,1.0,0.12319364892420108,ff7acc039f0f92f749f356d9da09b7b2490f621e9705a9da47e1d6e0f328324a,False
3,ns.n,124378-77-4,1330-78-5,False,100,100,1.0,0.12319364892420108,ff7acc039f0f92f749f356d9da09b7b2490f621e9705a9da47e1d6e0f328324a,False
3,ns.n,129-00-0,56-38-2,False,100,100,1.0,0.12319364892420108,ff7acc039f0f92f749f356d9da09b7b2490f621e9705a9da47e1d6e0f328324a,False
3,ns.n,131860-33-8,192-97-2,False,100,100,1.0,0.12319364892420108,ff7acc039f0f92f749f356d9da09b7b2490f621e9705a9da47e1d6e0f328324a,False
3,ns.n,133-06-2,52645-53-1,False,100,100,1.0,0.12319364892420108,ff7acc039f0f92f749f356d9da09b7b2490f621e9705a9da47e1d6e0f328324a,False
3,ns.n,1330-78-5,207-08-9,False,100,100,1.0,0.12319364892420108,ff7acc039f0f92f749f356d9da09b7b2490f621e9705a9da47e1d6e0f328324a,False
3,ns.n,13674-84-5,203-64-5,False,100,100,1.0,0.12319364892420108,ff7acc039f0f92f749f356d9da09b7b2490f621e9705a9da47e1d6e0f328324a,False
3,ns.n,141517-21-7,68937-41-7,False,100,100,1.0,0.12319364892420108,ff7acc039f0f92f749f356d9da09b7b2490f621e9705a9da47e1d6e0f328324a,False
3,ns.n,142459-58-3,50-78-2,False,100,100,1.0,0.12319364892420108,ff7acc039f0f92f749f356d9da09b7b2490f621e9705a9da47e1d6e0f328324a,False
3,ns.n,143-50-0,80-09-1,False,100,100,1.0,0.12319364892420108,ff7acc039f0f92f749f356d9da09b7b2490f621e9705a9da47e1d6e0f328324a,False
3,ns.n,1461-22-9,141517-21-7,False,100,100,1.0,0.12319364892420108,ff7acc039f0f92f749f356d9da09b7b2490f621e9705a9da47e1d6e0f328324a,False
3,ns.n,151506-44-4,188425-85-6,False,100,100,1.0,0.12319364892420108,ff7acc039f0f92f749f356d9da09b7b2490f621e9705a9da47e1d6e0f328324a,False
3,ns.n,153719-23-4,1912-24-9,False,100,100,1.0,0.12319364892420108,ff7acc039f0f92f749f356d9da09b7b2490f621e9705a9da47e1d6e0f328324a,False
3,ns.n,159138-81-5,50-55-5,False,100,100,1.0,0.12319364892420108,ff7acc039f0f92f749f356d9da09b7b2490f621e9705a9da47e1d6e0f328324a,False
3,ns.n,175013-18-0,131860-33-8,False,100,100,1.0,0.12319364892420108,ff7acc039f0f92f749f356d9da09b7b2490f621e9705a9da47e1d6e0f328324a,False
3,ns.n,183658-27-7,220860-50-4,False,100,100,1.0,0.12319364892420108,ff7acc039f0f92f749f356d9da09b7b2490f621e9705a9da47e1d6e0f328324a,False
3,ns.n,188425-85-6,53-70-3,False,100,100,1.0,0.12319364892420108,ff7acc039f0f92f749f356d9da09b7b2490f621e9705a9da47e1d6e0f328324a,False
3,ns.n,191-24-2,183658-27-7,False,100,100,1.0,0.12319364892420108,ff7acc039f0f92f749f356d9da09b7b2490f621e9705a9da47e1d6e0f328324a,False
3,ns.n,1912-24-9,159138-81-5,False,100,100,1.0,0.12319364892420108,ff7acc039f0f92f749f356d9da09b7b2490f621e9705a9da47e1d6e0f328324a,False
3,ns.n,192-97-2,97-77-8,False,100,100,1.0,0.12319364892420108,ff7acc039f0f92f749f356d9da09b7b2490f621e9705a9da47e1d6e0f328324a,False
3,ns.n,1948-33-0,633-65-8,False,100,100,1.0,0.12319364892420108,ff7acc039f0f92f749f356d9da09b7b2490f621e9705a9da47e1d6e0f328324a,False
3,ns.n,2001-95-8,68359-37-5,False,100,100,1.0,0.12319364892420108,ff7acc039f0f92f749f356d9da09b7b2490f621e9705a9da47e1d6e0f328324a,False
3,ns.n,203-64-5,2212-67-1,False,100,100,1.0,0.12319364892420108,ff7acc039f0f92f749f356d9da09b7b2490f621e9705a9da47e1d6e0f328324a,False
3,ns.n,205-99-2,153719-23-4,False,100,100,1.0,0.12319364892420108,ff7acc039f0f92f749f356d9da09b7b2490f621e9705a9da47e1d6e0f328324a,False
3,ns.n,207-08-9,83-79-4,False,100,100,1.0,0.12319364892420108,ff7acc039f0f92f749f356d9da09b7b2490f621e9705a9da47e1d6e0f328324a,False
3,ns.n,215-58-7,2465-27-2,False,100,100,1.0,0.12319364892420108,ff7acc039f0f92f749f356d9da09b7b2490f621e9705a9da47e1d6e0f328324a,False
3,ns.n,218-01-9,60348-60-9,False,100,100,1.0,0.12319364892420108,ff7acc039f0f92f749f356d9da09b7b2490f621e9705a9da47e1d6e0f328324a,False
3,ns.n,220860-50-4,1948-33-0,False,100,100,1.0,0.12319364892420108,ff7acc039f0f92f749f356d9da09b7b2490f621e9705a9da47e1d6e0f328324a,False
3,ns.n,2212-67-1,111988-49-9,False,100,100,1.0,0.12319364892420108,ff7acc039f0f92f749f356d9da09b7b2490f621e9705a9da47e1d6e0f328324a,False
3,ns.n,22224-92-6,69-65-8,False,100,100,1.0,0.12319364892420108,ff7acc039f0f92f749f356d9da09b7b2490f621e9705a9da47e1d6e0f328324a,False
3,ns.n,23031-36-9,72-54-8,False,100,100,1.0,0.12319364892420108,ff7acc039f0f92f749f356d9da09b7b2490f621e9705a9da47e1d6e0f328324a,False
3,ns.n,2385-85-5,29761-21-5,False,100,100,1.0,0.12319364892420108,ff7acc039f0f92f749f356d9da09b7b2490f621e9705a9da47e1d6e0f328324a,False
3,ns.n,2465-27-2,789-02-6,False,100,100,1.0,0.12319364892420108,ff7acc039f0f92f749f356d9da09b7b2490f621e9705a9da47e1d6e0f328324a,False
3,ns.n,26040-51-7,191-24-2,False,100,100,1.0,0.12319364892420108,ff7acc039f0f92f749f356d9da09b7b2490f621e9705a9da47e1d6e0f328324a,False
3,ns.n,2971-36-0,56-81-5,False,100,100,1.0,0.12319364892420108,ff7acc039f0f92f749f356d9da09b7b2490f621e9705a9da47e1d6e0f328324a,False
3,ns.n,29761-21-5,7487-94-7,False,100,100,1.0,0.12319364892420108,ff7acc039f0f92f749f356d9da09b7b2490f621e9705a9da47e1d6e0f328324a,False
3,ns.n,298-04-4,72-43-5,False,100,100,1.0,0.12319364892420108,ff7acc039f0f92f749f356d9da09b7b2490f621e9705a9da47e1d6e0f328324a,False
3,ns.n,309-00-2,56-04-2,False,100,100,1.0,0.12319364892420108,ff7acc039f0f92f749f356d9da09b7b2490f621e9705a9da47e1d6e0f328324a,False
3,ns.n,3380-34-5,298-04-4,False,100,100,1.0,0.12319364892420108,ff7acc039f0f92f749f356d9da09b7b2490f621e9705a9da47e1d6e0f328324a,False
3,ns.n,361377-29-9,71751-41-2,False,100,100,1.0,0.12319364892420108,ff7acc039f0f92f749f356d9da09b7b2490f621e9705a9da47e1d6e0f328324a,False
3,ns.n,36913-39-0,50-32-8,False,100,100,1.0,0.12319364892420108,ff7acc039f0f92f749f356d9da09b7b2490f621e9705a9da47e1d6e0f328324a,False
3,ns.n,39515-41-8,151506-44-4,False,100,100,1.0,0.12319364892420108,ff7acc039f0f92f749f356d9da09b7b2490f621e9705a9da47e1d6e0f328324a,False
3,ns.n,50-06-6,59-30-3,False,100,100,1.0,0.12319364892420108,ff7acc039f0f92f749f356d9da09b7b2490f621e9705a9da47e1d6e0f328324a,False
3,ns.n,50-29-3,3380-34-5,False,100,100,1.0,0.12319364892420108,ff7acc039f0f92f749f356d9da09b7b2490f621e9705a9da47e1d6e0f328324a,False
3,ns.n,50-32-8,2385-85-5,False,100,100,1.0,0.12319364892420108,ff7acc039f0f92f749f356d9da09b7b2490f621e9705a9da47e1d6e0f328324a,False
3,ns.n,50-55-5,79902-63-9,False,100,100,1.0,0.12319364892420108,ff7acc039f0f92f749f356d9da09b7b2490f621e9705a9da47e1d6e0f328324a,False
3,ns.n,50-78-2,55-98-1,False,100,100,1.0,0.12319364892420108,ff7acc039f0f92f749f356d9da09b7b2490f621e9705a9da47e1d6e0f328324a,False
3,ns.n,50-81-7,120-12-7,False,100,100,1.0,0.12319364892420108,ff7acc039f0f92f749f356d9da09b7b2490f621e9705a9da47e1d6e0f328324a,False
3,ns.n,52645-53-1,22224-92-6,False,100,100,1.0,0.12319364892420108,ff7acc039f0f92f749f356d9da09b7b2490f621e9705a9da47e1d6e0f328324a,False
3,ns.n,53-70-3,133-06-2,False,100,100,1.0,0.12319364892420108,ff7acc039f0f92f749f356d9da09b7b2490f621e9705a9da47e1d6e0f328324a,False
3,ns.n,5436-43-1,91-20-3,False,100,100,1.0,0.12319364892420108,ff7acc039f0f92f749f356d9da09b7b2490f621e9705a9da47e1d6e0f328324a,False
3,ns.n,55-98-1,205-99-2,False,100,100,1.0,0.12319364892420108,ff7acc039f0f92f749f356d9da09b7b2490f621e9705a9da47e1d6e0f328324a,False
3,ns.n,55406-53-6,215-58-7,False,100,100,1.0,0.12319364892420108,ff7acc039f0f92f749f356d9da09b7b2490f621e9705a9da47e1d6e0f328324a,False
3,ns.n,56-04-2,50-06-6,False,100,100,1.0,0.12319364892420108,ff7acc039f0f92f749f356d9da09b7b2490f621e9705a9da47e1d6e0f328324a,False
3,ns.n,56-38-2,142459-58-3,False,100,100,1.0,0.12319364892420108,ff7acc039f0f92f749f356d9da09b7b2490f621e9705a9da47e1d6e0f328324a,False
3,ns.n,56-81-5,8018-01-7,False,100,100,1.0,0.12319364892420108,ff7acc039f0f92f749f356d9da09b7b2490f621e9705a9da47e1d6e0f328324a,False
3,ns.n,57966-95-7,50-81-7,False,100,100,1.0,0.12319364892420108,ff7acc039f0f92f749f356d9da09b7b2490f621e9705a9da47e1d6e0f328324a,False
3,ns.n,584-79-2,82657-04-3,False,100,100,1.0,0.12319364892420108,ff7acc039f0f92f749f356d9da09b7b2490f621e9705a9da47e1d6e0f328324a,False
3,ns.n,59-30-3,175013-18-0,False,100,100,1.0,0.12319364892420108,ff7acc039f0f92f749f356d9da09b7b2490f621e9705a9da47e1d6e0f328324a,False
3,ns.n,60-54-8,75330-75-5,False,100,100,1.0,0.12319364892420108,ff7acc039f0f92f749f356d9da09b7b2490f621e9705a9da47e1d6e0f328324a,False
3,ns.n,60348-60-9,2971-36-0,False,100,100,1.0,0.12319364892420108,ff7acc039f0f92f749f356d9da09b7b2490f621e9705a9da47e1d6e0f328324a,False
3,ns.n,62-38-4,105512-06-9,False,100,100,1.0,0.12319364892420108,ff7acc039f0f92f749f356d9da09b7b2490f621e9705a9da47e1d6e0f328324a,False
3,ns.n,633-65-8,218-01-9,False,100,100,1.0,0.12319364892420108,ff7acc039f0f92f749f356d9da09b7b2490f621e9705a9da47e1d6e0f328324a,False
3,ns.n,66230-04-4,129-00-0,False,100,100,1.0,0.12319364892420108,ff7acc039f0f92f749f356d9da09b7b2490f621e9705a9da47e1d6e0f328324a,False
3,ns.n,68359-37-5,2001-95-8,False,100,100,1.0,0.12319364892420108,ff7acc039f0f92f749f356d9da09b7b2490f621e9705a9da47e1d6e0f328324a,False
3,ns.n,68937-41-7,1461-22-9,False,100,100,1.0,0.12319364892420108,ff7acc039f0f92f749f356d9da09b7b2490f621e9705a9da47e1d6e0f328324a,False
3,ns.n,69-65-8,115-28-6,False,100,100,1.0,0.12319364892420108,ff7acc039f0f92f749f356d9da09b7b2490f621e9705a9da47e1d6e0f328324a,False
3,ns.n,70-30-4,13674-84-5,False,100,100,1.0,0.12319364892420108,ff7acc039f0f92f749f356d9da09b7b2490f621e9705a9da47e1d6e0f328324a,False
3,ns.n,71751-41-2,111-94-4,False,100,100,1.0,0.12319364892420108,ff7acc039f0f92f749f356d9da09b7b2490f621e9705a9da47e1d6e0f328324a,False
3,ns.n,72-43-5,5436-43-1,False,100,100,1.0,0.12319364892420108,ff7acc039f0f92f749f356d9da09b7b2490f621e9705a9da47e1d6e0f328324a,False
3,ns.n,72-54-8,309-00-2,False,100,100,1.0,0.12319364892420108,ff7acc039f0f92f749f356d9da09b7b2490f621e9705a9da47e1d6e0f328324a,False
3,ns.n,72-55-9,109-86-4,False,100,100,1.0,0.12319364892420108,ff7acc039f0f92f749f356d9da09b7b2490f621e9705a9da47e1d6e0f328324a,False
3,ns.n,7487-94-7,143-50-0,False,100,100,1.0,0.12319364892420108,ff7acc039f0f92f749f356d9da09b7b2490f621e9705a9da47e1d6e0f328324a,False
3,ns.n,75330-75-5,66230-04-4,False,100,100,1.0,0.12319364892420108,ff7acc039f0f92f749f356d9da09b7b2490f621e9705a9da47e1d6e0f328324a,False
3,ns.n,759-94-4,80844-07-1,False,100,100,1.0,0.12319364892420108,ff7acc039f0f92f749f356d9da09b7b2490f621e9705a9da47e1d6e0f328324a,False
3,ns.n,7696-12-0,26040-51-7,False,100,100,1.0,0.12319364892420108,ff7acc039f0f92f749f356d9da09b7b2490f621e9705a9da47e1d6e0f328324a,False
3,ns.n,789-02-6,124378-77-4,False,100,100,1.0,0.12319364892420108,ff7acc039f0f92f749f356d9da09b7b2490f621e9705a9da47e1d6e0f328324a,False
3,ns.n,79538-32-2,101-02-0,False,100,100,1.0,0.12319364892420108,ff7acc039f0f92f749f356d9da09b7b2490f621e9705a9da47e1d6e0f328324a,False
3,ns.n,79902-63-9,50-29-3,False,100,100,1.0,0.12319364892420108,ff7acc039f0f92f749f356d9da09b7b2490f621e9705a9da47e1d6e0f328324a,False
3,ns.n,80-09-1,115-29-7,False,100,100,1.0,0.12319364892420108,ff7acc039f0f92f749f356d9da09b7b2490f621e9705a9da47e1d6e0f328324a,False
3,ns.n,8018-01-7,55406-53-6,False,100,100,1.0,0.12319364892420108,ff7acc039f0f92f749f356d9da09b7b2490f621e9705a9da47e1d6e0f328324a,False
3,ns.n,80844-07-1,759-94-4,False,100,100,1.0,0.12319364892420108,ff7acc039f0f92f749f356d9da09b7b2490f621e9705a9da47e1d6e0f328324a,False
3,ns.n,82657-04-3,79538-32-2,False,100,100,1.0,0.12319364892420108,ff7acc039f0f92f749f356d9da09b7b2490f621e9705a9da47e1d6e0f328324a,False
3,ns.n,83-32-9,60-54-8,False,100,100,1.0,0.12319364892420108,ff7acc039f0f92f749f356d9da09b7b2490f621e9705a9da47e1d6e0f328324a,False
3,ns.n,83-79-4,1095-90-5,False,100,100,1.0,0.12319364892420108,ff7acc039f0f92f749f356d9da09b7b2490f621e9705a9da47e1d6e0f328324a,False
3,ns.n,86-73-7,36913-39-0,False,100,100,1.0,0.12319364892420108,ff7acc039f0f92f749f356d9da09b7b2490f621e9705a9da47e1d6e0f328324a,False
3,ns.n,860302-33-6,7696-12-0,False,100,100,1.0,0.12319364892420108,ff7acc039f0f92f749f356d9da09b7b2490f621e9705a9da47e1d6e0f328324a,False
3,ns.n,91-20-3,57966-95-7,False,100,100,1.0,0.12319364892420108,ff7acc039f0f92f749f356d9da09b7b2490f621e9705a9da47e1d6e0f328324a,False
3,ns.n,97-77-8,83-32-9,False,100,100,1.0,0.12319364892420108,ff7acc039f0f92f749f356d9da09b7b2490f621e9705a9da47e1d6e0f328324a,False
3,ns.n,NOCAS_47330,72-55-9,False,100,100,1.0,0.12319364892420108,ff7acc039f0f92f749f356d9da09b7b2490f621e9705a9da47e1d6e0f328324a,False
3,r,101-02-0,1948-33-0,False,109,109,1.0,-0.0027431543287647878,200a517acc0a802885759e73e152dfafe18f54637bdb88afc1f6f02447615db1,False
3,r,101-10-0,309-00-2,False,109,109,1.0,-0.0027431543287647878,200a517acc0a802885759e73e152dfafe18f54637bdb88afc1f6f02447615db1,False
3,r,10540-29-1,NOCAS_47330,False,109,109,1.0,-0.0027431543287647878,200a517acc0a802885759e73e152dfafe18f54637bdb88afc1f6f02447615db1,False
3,r,105512-06-9,188425-85-6,False,109,109,1.0,-0.0027431543287647878,200a517acc0a802885759e73e152dfafe18f54637bdb88afc1f6f02447615db1,False
3,r,109-86-4,50-81-7,False,109,109,1.0,-0.0027431543287647878,200a517acc0a802885759e73e152dfafe18f54637bdb88afc1f6f02447615db1,False
3,r,1095-90-5,142459-58-3,False,109,109,1.0,-0.0027431543287647878,200a517acc0a802885759e73e152dfafe18f54637bdb88afc1f6f02447615db1,False
3,r,111-94-4,203-64-5,False,109,109,1.0,-0.0027431543287647878,200a517acc0a802885759e73e152dfafe18f54637bdb88afc1f6f02447615db1,False
3,r,111988-49-9,205-99-2,False,109,109,1.0,-0.0027431543287647878,200a517acc0a802885759e73e152dfafe18f54637bdb88afc1f6f02447615db1,False
3,r,113-48-4,2385-85-5,False,109,109,1.0,-0.0027431543287647878,200a517acc0a802885759e73e152dfafe18f54637bdb88afc1f6f02447615db1,False
3,r,115-28-6,153719-23-4,False,109,109,1.0,-0.0027431543287647878,200a517acc0a802885759e73e152dfafe18f54637bdb88afc1f6f02447615db1,False
3,r,115-29-7,633-65-8,False,109,109,1.0,-0.0027431543287647878,200a517acc0a802885759e73e152dfafe18f54637bdb88afc1f6f02447615db1,False
3,r,117-81-7,79902-63-9,False,109,109,1.0,-0.0027431543287647878,200a517acc0a802885759e73e152dfafe18f54637bdb88afc1f6f02447615db1,False
3,r,120-12-7,220860-50-4,False,109,109,1.0,-0.0027431543287647878,200a517acc0a802885759e73e152dfafe18f54637bdb88afc1f6f02447615db1,False
3,r,122-14-5,60348-60-9,False,109,109,1.0,-0.0027431543287647878,200a517acc0a802885759e73e152dfafe18f54637bdb88afc1f6f02447615db1,False
3,r,124378-77-4,70-30-4,False,109,109,1.0,-0.0027431543287647878,200a517acc0a802885759e73e152dfafe18f54637bdb88afc1f6f02447615db1,False
3,r,129-00-0,1912-24-9,False,109,109,1.0,-0.0027431543287647878,200a517acc0a802885759e73e152dfafe18f54637bdb88afc1f6f02447615db1,False
3,r,131860-33-8,218-01-9,False,109,109,1.0,-0.0027431543287647878,200a517acc0a802885759e73e152dfafe18f54637bdb88afc1f6f02447615db1,False
3,r,133-06-2,72-55-9,False,109,109,1.0,-0.0027431543287647878,200a517acc0a802885759e73e152dfafe18f54637bdb88afc1f6f02447615db1,False
3,r,1330-78-5,101-10-0,False,109,109,1.0,-0.0027431543287647878,200a517acc0a802885759e73e152dfafe18f54637bdb88afc1f6f02447615db1,False
3,r,13674-84-5,2465-27-2,False,109,109,1.0,-0.0027431543287647878,200a517acc0a802885759e73e152dfafe18f54637bdb88afc1f6f02447615db1,False
3,r,141517-21-7,97-53-0,False,109,109,1.0,-0.0027431543287647878,200a517acc0a802885759e73e152dfafe18f54637bdb88afc1f6f02447615db1,False
3,r,142459-58-3,91-20-3,False,109,109,1.0,-0.0027431543287647878,200a517acc0a802885759e73e152dfafe18f54637bdb88afc1f6f02447615db1,False
3,r,143-50-0,131860-33-8,False,109,109,1.0,-0.0027431543287647878,200a517acc0a802885759e73e152dfafe18f54637bdb88afc1f6f02447615db1,False
3,r,1461-22-9,7487-94-7,False,109,109,1.0,-0.0027431543287647878,200a517acc0a802885759e73e152dfafe18f54637bdb88afc1f6f02447615db1,False
3,r,147-24-0,113-48-4,False,109,109,1.0,-0.0027431543287647878,200a517acc0a802885759e73e152dfafe18f54637bdb88afc1f6f02447615db1,False
3,r,151506-44-4,71751-41-2,False,109,109,1.0,-0.0027431543287647878,200a517acc0a802885759e73e152dfafe18f54637bdb88afc1f6f02447615db1,False
3,r,153719-23-4,80844-07-1,False,109,109,1.0,-0.0027431543287647878,200a517acc0a802885759e73e152dfafe18f54637bdb88afc1f6f02447615db1,False
3,r,159138-81-5,97-77-8,False,109,109,1.0,-0.0027431543287647878,200a517acc0a802885759e73e152dfafe18f54637bdb88afc1f6f02447615db1,False
3,r,175013-18-0,122-14-5,False,109,109,1.0,-0.0027431543287647878,200a517acc0a802885759e73e152dfafe18f54637bdb88afc1f6f02447615db1,False
3,r,183658-27-7,860302-33-6,False,109,109,1.0,-0.0027431543287647878,200a517acc0a802885759e73e152dfafe18f54637bdb88afc1f6f02447615db1,False
3,r,188425-85-6,175013-18-0,False,109,109,1.0,-0.0027431543287647878,200a517acc0a802885759e73e152dfafe18f54637bdb88afc1f6f02447615db1,False
3,r,191-24-2,50-29-3,False,109,109,1.0,-0.0027431543287647878,200a517acc0a802885759e73e152dfafe18f54637bdb88afc1f6f02447615db1,False
3,r,1912-24-9,183658-27-7,False,109,109,1.0,-0.0027431543287647878,200a517acc0a802885759e73e152dfafe18f54637bdb88afc1f6f02447615db1,False
3,r,192-97-2,62-38-4,False,109,109,1.0,-0.0027431543287647878,200a517acc0a802885759e73e152dfafe18f54637bdb88afc1f6f02447615db1,False
3,r,1948-33-0,2971-36-0,False,109,109,1.0,-0.0027431543287647878,200a517acc0a802885759e73e152dfafe18f54637bdb88afc1f6f02447615db1,False
3,r,2001-95-8,55406-53-6,False,109,109,1.0,-0.0027431543287647878,200a517acc0a802885759e73e152dfafe18f54637bdb88afc1f6f02447615db1,False
3,r,203-64-5,115-28-6,False,109,109,1.0,-0.0027431543287647878,200a517acc0a802885759e73e152dfafe18f54637bdb88afc1f6f02447615db1,False
3,r,205-99-2,115-29-7,False,109,109,1.0,-0.0027431543287647878,200a517acc0a802885759e73e152dfafe18f54637bdb88afc1f6f02447615db1,False
3,r,207-08-9,298-04-4,False,109,109,1.0,-0.0027431543287647878,200a517acc0a802885759e73e152dfafe18f54637bdb88afc1f6f02447615db1,False
3,r,215-58-7,72-54-8,False,109,109,1.0,-0.0027431543287647878,200a517acc0a802885759e73e152dfafe18f54637bdb88afc1f6f02447615db1,False
3,r,218-01-9,50-78-2,False,109,109,1.0,-0.0027431543287647878,200a517acc0a802885759e73e152dfafe18f54637bdb88afc1f6f02447615db1,False
3,r,220860-50-4,22224-92-6,False,109,109,1.0,-0.0027431543287647878,200a517acc0a802885759e73e152dfafe18f54637bdb88afc1f6f02447615db1,False
3,r,2212-67-1,66230-04-4,False,109,109,1.0,-0.0027431543287647878,200a517acc0a802885759e73e152dfafe18f54637bdb88afc1f6f02447615db1,False
3,r,22224-92-6,55-98-1,False,109,109,1.0,-0.0027431543287647878,200a517acc0a802885759e73e152dfafe18f54637bdb88afc1f6f02447615db1,False
3,r,23031-36-9,29761-21-5,False,109,109,1.0,-0.0027431543287647878,200a517acc0a802885759e73e152dfafe18f54637bdb88afc1f6f02447615db1,False
3,r,2385-85-5,147-24-0,False,109,109,1.0,-0.0027431543287647878,200a517acc0a802885759e73e152dfafe18f54637bdb88afc1f6f02447615db1,False
3,r,2465-27-2,69-65-8,False,109,109,1.0,-0.0027431543287647878,200a517acc0a802885759e73e152dfafe18f54637bdb88afc1f6f02447615db1,False
3,r,26040-51-7,101-02-0,False,109,109,1.0,-0.0027431543287647878,200a517acc0a802885759e73e152dfafe18f54637bdb88afc1f6f02447615db1,False
3,r,2971-36-0,215-58-7,False,109,109,1.0,-0.0027431543287647878,200a517acc0a802885759e73e152dfafe18f54637bdb88afc1f6f02447615db1,False
3,r,29761-21-5,1461-22-9,False,109,109,1.0,-0.0027431543287647878,200a517acc0a802885759e73e152dfafe18f54637bdb88afc1f6f02447615db1,False
3,r,298-04-4,13674-84-5,False,109,109,1.0,-0.0027431543287647878,200a517acc0a802885759e73e152dfafe18f54637bdb88afc1f6f02447615db1,False
3,r,309-00-2,7696-12-0,False,109,109,1.0,-0.0027431543287647878,200a517acc0a802885759e73e152dfafe18f54637bdb88afc1f6f02447615db1,False
3,r,3380-34-5,133-06-2,False,109,109,1.0,-0.0027431543287647878,200a517acc0a802885759e73e152dfafe18f54637bdb88afc1f6f02447615db1,False
3,r,361377-29-9,57966-95-7,False,109,109,1.0,-0.0027431543287647878,200a517acc0a802885759e73e152dfafe18f54637bdb88afc1f6f02447615db1,False
3,r,36913-39-0,2001-95-8,False,109,109,1.0,-0.0027431543287647878,200a517acc0a802885759e73e152dfafe18f54637bdb88afc1f6f02447615db1,False
3,r,39515-41-8,8000-34-8,False,109,109,1.0,-0.0027431543287647878,200a517acc0a802885759e73e152dfafe18f54637bdb88afc1f6f02447615db1,False
3,r,50-06-6,5436-43-1,False,109,109,1.0,-0.0027431543287647878,200a517acc0a802885759e73e152dfafe18f54637bdb88afc1f6f02447615db1,False
3,r,50-29-3,75330-75-5,False,109,109,1.0,-0.0027431543287647878,200a517acc0a802885759e73e152dfafe18f54637bdb88afc1f6f02447615db1,False
3,r,50-32-8,1330-78-5,False,109,109,1.0,-0.0027431543287647878,200a517acc0a802885759e73e152dfafe18f54637bdb88afc1f6f02447615db1,False
3,r,50-55-5,105512-06-9,False,109,109,1.0,-0.0027431543287647878,200a517acc0a802885759e73e152dfafe18f54637bdb88afc1f6f02447615db1,False
3,r,50-78-2,50-55-5,False,109,109,1.0,-0.0027431543287647878,200a517acc0a802885759e73e152dfafe18f54637bdb88afc1f6f02447615db1,False
3,r,50-81-7,759-94-4,False,109,109,1.0,-0.0027431543287647878,200a517acc0a802885759e73e152dfafe18f54637bdb88afc1f6f02447615db1,False
3,r,51-03-6,68359-37-5,False,109,109,1.0,-0.0027431543287647878,200a517acc0a802885759e73e152dfafe18f54637bdb88afc1f6f02447615db1,False
3,r,52645-53-1,36913-39-0,False,109,109,1.0,-0.0027431543287647878,200a517acc0a802885759e73e152dfafe18f54637bdb88afc1f6f02447615db1,False
3,r,53-70-3,80-09-1,False,109,109,1.0,-0.0027431543287647878,200a517acc0a802885759e73e152dfafe18f54637bdb88afc1f6f02447615db1,False
3,r,5436-43-1,151506-44-4,False,109,109,1.0,-0.0027431543287647878,200a517acc0a802885759e73e152dfafe18f54637bdb88afc1f6f02447615db1,False
3,r,55-98-1,584-79-2,False,109,109,1.0,-0.0027431543287647878,200a517acc0a802885759e73e152dfafe18f54637bdb88afc1f6f02447615db1,False
3,r,55406-53-6,56-81-5,False,109,109,1.0,-0.0027431543287647878,200a517acc0a802885759e73e152dfafe18f54637bdb88afc1f6f02447615db1,False
3,r,56-04-2,50-32-8,False,109,109,1.0,-0.0027431543287647878,200a517acc0a802885759e73e152dfafe18f54637bdb88afc1f6f02447615db1,False
3,r,56-38-2,1095-90-5,False,109,109,1.0,-0.0027431543287647878,200a517acc0a802885759e73e152dfafe18f54637bdb88afc1f6f02447615db1,False
3,r,56-81-5,83-32-9,False,109,109,1.0,-0.0027431543287647878,200a517acc0a802885759e73e152dfafe18f54637bdb88afc1f6f02447615db1,False
3,r,57966-95-7,50-06-6,False,109,109,1.0,-0.0027431543287647878,200a517acc0a802885759e73e152dfafe18f54637bdb88afc1f6f02447615db1,False
3,r,584-79-2,111-94-4,False,109,109,1.0,-0.0027431543287647878,200a517acc0a802885759e73e152dfafe18f54637bdb88afc1f6f02447615db1,False
3,r,59-30-3,51-03-6,False,109,109,1.0,-0.0027431543287647878,200a517acc0a802885759e73e152dfafe18f54637bdb88afc1f6f02447615db1,False
3,r,60-54-8,111988-49-9,False,109,109,1.0,-0.0027431543287647878,200a517acc0a802885759e73e152dfafe18f54637bdb88afc1f6f02447615db1,False
3,r,60348-60-9,39515-41-8,False,109,109,1.0,-0.0027431543287647878,200a517acc0a802885759e73e152dfafe18f54637bdb88afc1f6f02447615db1,False
3,r,62-38-4,117-81-7,False,109,109,1.0,-0.0027431543287647878,200a517acc0a802885759e73e152dfafe18f54637bdb88afc1f6f02447615db1,False
3,r,633-65-8,120-12-7,False,109,109,1.0,-0.0027431543287647878,200a517acc0a802885759e73e152dfafe18f54637bdb88afc1f6f02447615db1,False
3,r,66230-04-4,59-30-3,False,109,109,1.0,-0.0027431543287647878,200a517acc0a802885759e73e152dfafe18f54637bdb88afc1f6f02447615db1,False
3,r,68359-37-5,2212-67-1,False,109,109,1.0,-0.0027431543287647878,200a517acc0a802885759e73e152dfafe18f54637bdb88afc1f6f02447615db1,False
3,r,68937-41-7,141517-21-7,False,109,109,1.0,-0.0027431543287647878,200a517acc0a802885759e73e152dfafe18f54637bdb88afc1f6f02447615db1,False
3,r,69-65-8,8018-01-7,False,109,109,1.0,-0.0027431543287647878,200a517acc0a802885759e73e152dfafe18f54637bdb88afc1f6f02447615db1,False
3,r,70-30-4,83-79-4,False,109,109,1.0,-0.0027431543287647878,200a517acc0a802885759e73e152dfafe18f54637bdb88afc1f6f02447615db1,False
3,r,71751-41-2,72-43-5,False,109,109,1.0,-0.0027431543287647878,200a517acc0a802885759e73e152dfafe18f54637bdb88afc1f6f02447615db1,False
3,r,72-43-5,23031-36-9,False,109,109,1.0,-0.0027431543287647878,200a517acc0a802885759e73e152dfafe18f54637bdb88afc1f6f02447615db1,False
3,r,72-54-8,361377-29-9,False,109,109,1.0,-0.0027431543287647878,200a517acc0a802885759e73e152dfafe18f54637bdb88afc1f6f02447615db1,False
3,r,72-55-9,68937-41-7,False,109,109,1.0,-0.0027431543287647878,200a517acc0a802885759e73e152dfafe18f54637bdb88afc1f6f02447615db1,False
3,r,7487-94-7,129-00-0,False,109,109,1.0,-0.0027431543287647878,200a517acc0a802885759e73e152dfafe18f54637bdb88afc1f6f02447615db1,False
3,r,75330-75-5,124378-77-4,False,109,109,1.0,-0.0027431543287647878,200a517acc0a802885759e73e152dfafe18f54637bdb88afc1f6f02447615db1,False
3,r,759-94-4,79538-32-2,False,109,109,1.0,-0.0027431543287647878,200a517acc0a802885759e73e152dfafe18f54637bdb88afc1f6f02447615db1,False
3,r,7696-12-0,82657-04-3,False,109,109,1.0,-0.0027431543287647878,200a517acc0a802885759e73e152dfafe18f54637bdb88afc1f6f02447615db1,False
3,r,77-40-7,53-70-3,False,109,109,1.0,-0.0027431543287647878,200a517acc0a802885759e73e152dfafe18f54637bdb88afc1f6f02447615db1,False
3,r,789-02-6,86-73-7,False,109,109,1.0,-0.0027431543287647878,200a517acc0a802885759e73e152dfafe18f54637bdb88afc1f6f02447615db1,False
3,r,79538-32-2,26040-51-7,False,109,109,1.0,-0.0027431543287647878,200a517acc0a802885759e73e152dfafe18f54637bdb88afc1f6f02447615db1,False
3,r,79902-63-9,60-54-8,False,109,109,1.0,-0.0027431543287647878,200a517acc0a802885759e73e152dfafe18f54637bdb88afc1f6f02447615db1,False
3,r,80-09-1,109-86-4,False,109,109,1.0,-0.0027431543287647878,200a517acc0a802885759e73e152dfafe18f54637bdb88afc1f6f02447615db1,False
3,r,8000-34-8,3380-34-5,False,109,109,1.0,-0.0027431543287647878,200a517acc0a802885759e73e152dfafe18f54637bdb88afc1f6f02447615db1,False
3,r,8018-01-7,56-04-2,False,109,109,1.0,-0.0027431543287647878,200a517acc0a802885759e73e152dfafe18f54637bdb88afc1f6f02447615db1,False
3,r,80844-07-1,10540-29-1,False,109,109,1.0,-0.0027431543287647878,200a517acc0a802885759e73e152dfafe18f54637bdb88afc1f6f02447615db1,False
3,r,82657-04-3,848641-69-0,False,109,109,1.0,-0.0027431543287647878,200a517acc0a802885759e73e152dfafe18f54637bdb88afc1f6f02447615db1,False
3,r,83-32-9,192-97-2,False,109,109,1.0,-0.0027431543287647878,200a517acc0a802885759e73e152dfafe18f54637bdb88afc1f6f02447615db1,False
3,r,83-79-4,159138-81-5,False,109,109,1.0,-0.0027431543287647878,200a517acc0a802885759e73e152dfafe18f54637bdb88afc1f6f02447615db1,False
3,r,848641-69-0,789-02-6,False,109,109,1.0,-0.0027431543287647878,200a517acc0a802885759e73e152dfafe18f54637bdb88afc1f6f02447615db1,False
3,r,86-73-7,77-40-7,False,109,109,1.0,-0.0027431543287647878,200a517acc0a802885759e73e152dfafe18f54637bdb88afc1f6f02447615db1,False
3,r,860302-33-6,56-38-2,False,109,109,1.0,-0.0027431543287647878,200a517acc0a802885759e73e152dfafe18f54637bdb88afc1f6f02447615db1,False
3,r,91-20-3,191-24-2,False,109,109,1.0,-0.0027431543287647878,200a517acc0a802885759e73e152dfafe18f54637bdb88afc1f6f02447615db1,False
3,r,97-53-0,207-08-9,False,109,109,1.0,-0.0027431543287647878,200a517acc0a802885759e73e152dfafe18f54637bdb88afc1f6f02447615db1,False
3,r,97-77-8,143-50-0,False,109,109,1.0,-0.0027431543287647878,200a517acc0a802885759e73e152dfafe18f54637bdb88afc1f6f02447615db1,False
3,r,NOCAS_47330,52645-53-1,False,109,109,1.0,-0.0027431543287647878,200a517acc0a802885759e73e152dfafe18f54637bdb88afc1f6f02447615db1,False
4,meanfiringrate,10043-35-3,105512-06-9,False,107,107,1.0,0.007428024965683729,36989343e477c378eca0806156a8b0dfe6bdea21e8fe434be7e5941a4ceb1460,False
4,meanfiringrate,101-10-0,192-97-2,False,107,107,1.0,0.007428024965683729,36989343e477c378eca0806156a8b0dfe6bdea21e8fe434be7e5941a4ceb1460,False
4,meanfiringrate,10453-86-8,59-30-3,False,107,107,1.0,0.007428024965683729,36989343e477c378eca0806156a8b0dfe6bdea21e8fe434be7e5941a4ceb1460,False
4,meanfiringrate,10540-29-1,70-30-4,False,107,107,1.0,0.007428024965683729,36989343e477c378eca0806156a8b0dfe6bdea21e8fe434be7e5941a4ceb1460,False
4,meanfiringrate,105512-06-9,215-58-7,False,107,107,1.0,0.007428024965683729,36989343e477c378eca0806156a8b0dfe6bdea21e8fe434be7e5941a4ceb1460,False
4,meanfiringrate,1095-90-5,203-64-5,False,107,107,1.0,0.007428024965683729,36989343e477c378eca0806156a8b0dfe6bdea21e8fe434be7e5941a4ceb1460,False
4,meanfiringrate,111988-49-9,848641-69-0,False,107,107,1.0,0.007428024965683729,36989343e477c378eca0806156a8b0dfe6bdea21e8fe434be7e5941a4ceb1460,False
4,meanfiringrate,113-48-4,77-40-7,False,107,107,1.0,0.007428024965683729,36989343e477c378eca0806156a8b0dfe6bdea21e8fe434be7e5941a4ceb1460,False
4,meanfiringrate,114-07-8,115-28-6,False,107,107,1.0,0.007428024965683729,36989343e477c378eca0806156a8b0dfe6bdea21e8fe434be7e5941a4ceb1460,False
4,meanfiringrate,115-28-6,2155-70-6,False,107,107,1.0,0.007428024965683729,36989343e477c378eca0806156a8b0dfe6bdea21e8fe434be7e5941a4ceb1460,False
4,meanfiringrate,115-29-7,52645-53-1,False,107,107,1.0,0.007428024965683729,36989343e477c378eca0806156a8b0dfe6bdea21e8fe434be7e5941a4ceb1460,False
4,meanfiringrate,117-81-7,113-48-4,False,107,107,1.0,0.007428024965683729,36989343e477c378eca0806156a8b0dfe6bdea21e8fe434be7e5941a4ceb1460,False
4,meanfiringrate,117428-22-5,79902-63-9,False,107,107,1.0,0.007428024965683729,36989343e477c378eca0806156a8b0dfe6bdea21e8fe434be7e5941a4ceb1460,False
4,meanfiringrate,12108-13-3,29761-21-5,False,107,107,1.0,0.007428024965683729,36989343e477c378eca0806156a8b0dfe6bdea21e8fe434be7e5941a4ceb1460,False
4,meanfiringrate,122-14-5,205-99-2,False,107,107,1.0,0.007428024965683729,36989343e477c378eca0806156a8b0dfe6bdea21e8fe434be7e5941a4ceb1460,False
4,meanfiringrate,1241-94-7,188425-85-6,False,107,107,1.0,0.007428024965683729,36989343e477c378eca0806156a8b0dfe6bdea21e8fe434be7e5941a4ceb1460,False
4,meanfiringrate,124378-77-4,298-04-4,False,107,107,1.0,0.007428024965683729,36989343e477c378eca0806156a8b0dfe6bdea21e8fe434be7e5941a4ceb1460,False
4,meanfiringrate,129-00-0,194098-25-4,False,107,107,1.0,0.007428024965683729,36989343e477c378eca0806156a8b0dfe6bdea21e8fe434be7e5941a4ceb1460,False
4,meanfiringrate,131860-33-8,1241-94-7,False,107,107,1.0,0.007428024965683729,36989343e477c378eca0806156a8b0dfe6bdea21e8fe434be7e5941a4ceb1460,False
4,meanfiringrate,133-06-2,111988-49-9,False,107,107,1.0,0.007428024965683729,36989343e477c378eca0806156a8b0dfe6bdea21e8fe434be7e5941a4ceb1460,False
4,meanfiringrate,141517-21-7,1563-66-2,False,107,107,1.0,0.007428024965683729,36989343e477c378eca0806156a8b0dfe6bdea21e8fe434be7e5941a4ceb1460,False
4,meanfiringrate,143-50-0,60-56-0,False,107,107,1.0,0.007428024965683729,36989343e477c378eca0806156a8b0dfe6bdea21e8fe434be7e5941a4ceb1460,False
4,meanfiringrate,1461-22-9,83-79-4,False,107,107,1.0,0.007428024965683729,36989343e477c378eca0806156a8b0dfe6bdea21e8fe434be7e5941a4ceb1460,False
4,meanfiringrate,147-24-0,131860-33-8,False,107,107,1.0,0.007428024965683729,36989343e477c378eca0806156a8b0dfe6bdea21e8fe434be7e5941a4ceb1460,False
4,meanfiringrate,1478-61-1,68631-49-2,False,107,107,1.0,0.007428024965683729,36989343e477c378eca0806156a8b0dfe6bdea21e8fe434be7e5941a4ceb1460,False
4,meanfiringrate,148477-71-8,28094-15-7,False,107,107,1.0,0.007428024965683729,36989343e477c378eca0806156a8b0dfe6bdea21e8fe434be7e5941a4ceb1460,False
4,meanfiringrate,1563-66-2,72-43-5,False,107,107,1.0,0.007428024965683729,36989343e477c378eca0806156a8b0dfe6bdea21e8fe434be7e5941a4ceb1460,False
4,meanfiringrate,159138-81-5,122-14-5,False,107,107,1.0,0.007428024965683729,36989343e477c378eca0806156a8b0dfe6bdea21e8fe434be7e5941a4ceb1460,False
4,meanfiringrate,188425-85-6,638-38-0,False,107,107,1.0,0.007428024965683729,36989343e477c378eca0806156a8b0dfe6bdea21e8fe434be7e5941a4ceb1460,False
4,meanfiringrate,191-24-2,309-00-2,False,107,107,1.0,0.007428024965683729,36989343e477c378eca0806156a8b0dfe6bdea21e8fe434be7e5941a4ceb1460,False
4,meanfiringrate,1912-24-9,72-55-9,False,107,107,1.0,0.007428024965683729,36989343e477c378eca0806156a8b0dfe6bdea21e8fe434be7e5941a4ceb1460,False
4,meanfiringrate,192-97-2,210880-92-5,False,107,107,1.0,0.007428024965683729,36989343e477c378eca0806156a8b0dfe6bdea21e8fe434be7e5941a4ceb1460,False
4,meanfiringrate,194098-25-4,56-81-5,False,107,107,1.0,0.007428024965683729,36989343e477c378eca0806156a8b0dfe6bdea21e8fe434be7e5941a4ceb1460,False
4,meanfiringrate,1948-33-0,57-74-9,False,107,107,1.0,0.007428024965683729,36989343e477c378eca0806156a8b0dfe6bdea21e8fe434be7e5941a4ceb1460,False
4,meanfiringrate,203-64-5,143-50-0,False,107,107,1.0,0.007428024965683729,36989343e477c378eca0806156a8b0dfe6bdea21e8fe434be7e5941a4ceb1460,False
4,meanfiringrate,205-99-2,72-20-8,False,107,107,1.0,0.007428024965683729,36989343e477c378eca0806156a8b0dfe6bdea21e8fe434be7e5941a4ceb1460,False
4,meanfiringrate,208-96-8,68937-41-7,False,107,107,1.0,0.007428024965683729,36989343e477c378eca0806156a8b0dfe6bdea21e8fe434be7e5941a4ceb1460,False
4,meanfiringrate,210880-92-5,133-06-2,False,107,107,1.0,0.007428024965683729,36989343e477c378eca0806156a8b0dfe6bdea21e8fe434be7e5941a4ceb1460,False
4,meanfiringrate,215-58-7,361377-29-9,False,107,107,1.0,0.007428024965683729,36989343e477c378eca0806156a8b0dfe6bdea21e8fe434be7e5941a4ceb1460,False
4,meanfiringrate,2155-70-6,91-20-3,False,107,107,1.0,0.007428024965683729,36989343e477c378eca0806156a8b0dfe6bdea21e8fe434be7e5941a4ceb1460,False
4,meanfiringrate,218-01-9,50-81-7,False,107,107,1.0,0.007428024965683729,36989343e477c378eca0806156a8b0dfe6bdea21e8fe434be7e5941a4ceb1460,False
4,meanfiringrate,220860-50-4,12108-13-3,False,107,107,1.0,0.007428024965683729,36989343e477c378eca0806156a8b0dfe6bdea21e8fe434be7e5941a4ceb1460,False
4,meanfiringrate,2212-67-1,1912-24-9,False,107,107,1.0,0.007428024965683729,36989343e477c378eca0806156a8b0dfe6bdea21e8fe434be7e5941a4ceb1460,False
4,meanfiringrate,22224-92-6,26040-51-7,False,107,107,1.0,0.007428024965683729,36989343e477c378eca0806156a8b0dfe6bdea21e8fe434be7e5941a4ceb1460,False
4,meanfiringrate,23031-36-9,101-10-0,False,107,107,1.0,0.007428024965683729,36989343e477c378eca0806156a8b0dfe6bdea21e8fe434be7e5941a4ceb1460,False
4,meanfiringrate,2385-85-5,85-01-8,False,107,107,1.0,0.007428024965683729,36989343e477c378eca0806156a8b0dfe6bdea21e8fe434be7e5941a4ceb1460,False
4,meanfiringrate,2465-27-2,80-09-1,False,107,107,1.0,0.007428024965683729,36989343e477c378eca0806156a8b0dfe6bdea21e8fe434be7e5941a4ceb1460,False
4,meanfiringrate,26040-51-7,51-03-6,False,107,107,1.0,0.007428024965683729,36989343e477c378eca0806156a8b0dfe6bdea21e8fe434be7e5941a4ceb1460,False
4,meanfiringrate,28094-15-7,80844-07-1,False,107,107,1.0,0.007428024965683729,36989343e477c378eca0806156a8b0dfe6bdea21e8fe434be7e5941a4ceb1460,False
4,meanfiringrate,28434-00-6,117428-22-5,False,107,107,1.0,0.007428024965683729,36989343e477c378eca0806156a8b0dfe6bdea21e8fe434be7e5941a4ceb1460,False
4,meanfiringrate,29761-21-5,2465-27-2,False,107,107,1.0,0.007428024965683729,36989343e477c378eca0806156a8b0dfe6bdea21e8fe434be7e5941a4ceb1460,False
4,meanfiringrate,298-04-4,56803-37-3,False,107,107,1.0,0.007428024965683729,36989343e477c378eca0806156a8b0dfe6bdea21e8fe434be7e5941a4ceb1460,False
4,meanfiringrate,309-00-2,50-55-5,False,107,107,1.0,0.007428024965683729,36989343e477c378eca0806156a8b0dfe6bdea21e8fe434be7e5941a4ceb1460,False
4,meanfiringrate,361377-29-9,124378-77-4,False,107,107,1.0,0.007428024965683729,36989343e477c378eca0806156a8b0dfe6bdea21e8fe434be7e5941a4ceb1460,False
4,meanfiringrate,36913-39-0,159138-81-5,False,107,107,1.0,0.007428024965683729,36989343e477c378eca0806156a8b0dfe6bdea21e8fe434be7e5941a4ceb1460,False
4,meanfiringrate,50-06-6,860302-33-6,False,107,107,1.0,0.007428024965683729,36989343e477c378eca0806156a8b0dfe6bdea21e8fe434be7e5941a4ceb1460,False
4,meanfiringrate,50-28-2,75330-75-5,False,107,107,1.0,0.007428024965683729,36989343e477c378eca0806156a8b0dfe6bdea21e8fe434be7e5941a4ceb1460,False
4,meanfiringrate,50-29-3,1095-90-5,False,107,107,1.0,0.007428024965683729,36989343e477c378eca0806156a8b0dfe6bdea21e8fe434be7e5941a4ceb1460,False
4,meanfiringrate,50-55-5,22224-92-6,False,107,107,1.0,0.007428024965683729,36989343e477c378eca0806156a8b0dfe6bdea21e8fe434be7e5941a4ceb1460,False
4,meanfiringrate,50-70-4,28434-00-6,False,107,107,1.0,0.007428024965683729,36989343e477c378eca0806156a8b0dfe6bdea21e8fe434be7e5941a4ceb1460,False
4,meanfiringrate,50-78-2,1948-33-0,False,107,107,1.0,0.007428024965683729,36989343e477c378eca0806156a8b0dfe6bdea21e8fe434be7e5941a4ceb1460,False
4,meanfiringrate,50-81-7,148477-71-8,False,107,107,1.0,0.007428024965683729,36989343e477c378eca0806156a8b0dfe6bdea21e8fe434be7e5941a4ceb1460,False
4,meanfiringrate,51-03-6,97-53-0,False,107,107,1.0,0.007428024965683729,36989343e477c378eca0806156a8b0dfe6bdea21e8fe434be7e5941a4ceb1460,False
4,meanfiringrate,51-52-5,81131-70-6,False,107,107,1.0,0.007428024965683729,36989343e477c378eca0806156a8b0dfe6bdea21e8fe434be7e5941a4ceb1460,False
4,meanfiringrate,52645-53-1,1461-22-9,False,107,107,1.0,0.007428024965683729,36989343e477c378eca0806156a8b0dfe6bdea21e8fe434be7e5941a4ceb1460,False
4,meanfiringrate,5436-43-1,147-24-0,False,107,107,1.0,0.007428024965683729,36989343e477c378eca0806156a8b0dfe6bdea21e8fe434be7e5941a4ceb1460,False
4,meanfiringrate,55-98-1,7696-12-0,False,107,107,1.0,0.007428024965683729,36989343e477c378eca0806156a8b0dfe6bdea21e8fe434be7e5941a4ceb1460,False
4,meanfiringrate,55406-53-6,50-70-4,False,107,107,1.0,0.007428024965683729,36989343e477c378eca0806156a8b0dfe6bdea21e8fe434be7e5941a4ceb1460,False
4,meanfiringrate,56-04-2,10453-86-8,False,107,107,1.0,0.007428024965683729,36989343e477c378eca0806156a8b0dfe6bdea21e8fe434be7e5941a4ceb1460,False
4,meanfiringrate,56-38-2,129-00-0,False,107,107,1.0,0.007428024965683729,36989343e477c378eca0806156a8b0dfe6bdea21e8fe434be7e5941a4ceb1460,False
4,meanfiringrate,56-55-3,56-38-2,False,107,107,1.0,0.007428024965683729,36989343e477c378eca0806156a8b0dfe6bdea21e8fe434be7e5941a4ceb1460,False
4,meanfiringrate,56-81-5,83-32-9,False,107,107,1.0,0.007428024965683729,36989343e477c378eca0806156a8b0dfe6bdea21e8fe434be7e5941a4ceb1460,False
4,meanfiringrate,56803-37-3,191-24-2,False,107,107,1.0,0.007428024965683729,36989343e477c378eca0806156a8b0dfe6bdea21e8fe434be7e5941a4ceb1460,False
4,meanfiringrate,57-74-9,1478-61-1,False,107,107,1.0,0.007428024965683729,36989343e477c378eca0806156a8b0dfe6bdea21e8fe434be7e5941a4ceb1460,False
4,meanfiringrate,57966-95-7,789-02-6,False,107,107,1.0,0.007428024965683729,36989343e477c378eca0806156a8b0dfe6bdea21e8fe434be7e5941a4ceb1460,False
4,meanfiringrate,584-79-2,55406-53-6,False,107,107,1.0,0.007428024965683729,36989343e477c378eca0806156a8b0dfe6bdea21e8fe434be7e5941a4ceb1460,False
4,meanfiringrate,59-30-3,10043-35-3,False,107,107,1.0,0.007428024965683729,36989343e477c378eca0806156a8b0dfe6bdea21e8fe434be7e5941a4ceb1460,False
4,meanfiringrate,60-56-0,56-55-3,False,107,107,1.0,0.007428024965683729,36989343e477c378eca0806156a8b0dfe6bdea21e8fe434be7e5941a4ceb1460,False
4,meanfiringrate,60348-60-9,5436-43-1,False,107,107,1.0,0.007428024965683729,36989343e477c378eca0806156a8b0dfe6bdea21e8fe434be7e5941a4ceb1460,False
4,meanfiringrate,62-38-4,218-01-9,False,107,107,1.0,0.007428024965683729,36989343e477c378eca0806156a8b0dfe6bdea21e8fe434be7e5941a4ceb1460,False
4,meanfiringrate,633-65-8,60348-60-9,False,107,107,1.0,0.007428024965683729,36989343e477c378eca0806156a8b0dfe6bdea21e8fe434be7e5941a4ceb1460,False
4,meanfiringrate,638-38-0,10540-29-1,False,107,107,1.0,0.007428024965683729,36989343e477c378eca0806156a8b0dfe6bdea21e8fe434be7e5941a4ceb1460,False
4,meanfiringrate,68631-49-2,759-94-4,False,107,107,1.0,0.007428024965683729,36989343e477c378eca0806156a8b0dfe6bdea21e8fe434be7e5941a4ceb1460,False
4,meanfiringrate,68937-41-7,23031-36-9,False,107,107,1.0,0.007428024965683729,36989343e477c378eca0806156a8b0dfe6bdea21e8fe434be7e5941a4ceb1460,False
4,meanfiringrate,70-30-4,584-79-2,False,107,107,1.0,0.007428024965683729,36989343e477c378eca0806156a8b0dfe6bdea21e8fe434be7e5941a4ceb1460,False
4,meanfiringrate,72-20-8,2385-85-5,False,107,107,1.0,0.007428024965683729,36989343e477c378eca0806156a8b0dfe6bdea21e8fe434be7e5941a4ceb1460,False
4,meanfiringrate,72-43-5,50-29-3,False,107,107,1.0,0.007428024965683729,36989343e477c378eca0806156a8b0dfe6bdea21e8fe434be7e5941a4ceb1460,False
4,meanfiringrate,72-55-9,56-04-2,False,107,107,1.0,0.007428024965683729,36989343e477c378eca0806156a8b0dfe6bdea21e8fe434be7e5941a4ceb1460,False
4,meanfiringrate,7487-94-7,55-98-1,False,107,107,1.0,0.007428024965683729,36989343e477c378eca0806156a8b0dfe6bdea21e8fe434be7e5941a4ceb1460,False
4,meanfiringrate,75330-75-5,57966-95-7,False,107,107,1.0,0.007428024965683729,36989343e477c378eca0806156a8b0dfe6bdea21e8fe434be7e5941a4ceb1460,False
4,meanfiringrate,759-94-4,117-81-7,False,107,107,1.0,0.007428024965683729,36989343e477c378eca0806156a8b0dfe6bdea21e8fe434be7e5941a4ceb1460,False
4,meanfiringrate,7696-12-0,62-38-4,False,107,107,1.0,0.007428024965683729,36989343e477c378eca0806156a8b0dfe6bdea21e8fe434be7e5941a4ceb1460,False
4,meanfiringrate,77-40-7,51-52-5,False,107,107,1.0,0.007428024965683729,36989343e477c378eca0806156a8b0dfe6bdea21e8fe434be7e5941a4ceb1460,False
4,meanfiringrate,789-02-6,7487-94-7,False,107,107,1.0,0.007428024965683729,36989343e477c378eca0806156a8b0dfe6bdea21e8fe434be7e5941a4ceb1460,False
4,meanfiringrate,79902-63-9,220860-50-4,False,107,107,1.0,0.007428024965683729,36989343e477c378eca0806156a8b0dfe6bdea21e8fe434be7e5941a4ceb1460,False
4,meanfiringrate,80-09-1,50-28-2,False,107,107,1.0,0.007428024965683729,36989343e477c378eca0806156a8b0dfe6bdea21e8fe434be7e5941a4ceb1460,False
4,meanfiringrate,8000-34-8,50-06-6,False,107,107,1.0,0.007428024965683729,36989343e477c378eca0806156a8b0dfe6bdea21e8fe434be7e5941a4ceb1460,False
4,meanfiringrate,8018-01-7,2212-67-1,False,107,107,1.0,0.007428024965683729,36989343e477c378eca0806156a8b0dfe6bdea21e8fe434be7e5941a4ceb1460,False
4,meanfiringrate,80844-07-1,50-78-2,False,107,107,1.0,0.007428024965683729,36989343e477c378eca0806156a8b0dfe6bdea21e8fe434be7e5941a4ceb1460,False
4,meanfiringrate,81131-70-6,8018-01-7,False,107,107,1.0,0.007428024965683729,36989343e477c378eca0806156a8b0dfe6bdea21e8fe434be7e5941a4ceb1460,False
4,meanfiringrate,83-32-9,8000-34-8,False,107,107,1.0,0.007428024965683729,36989343e477c378eca0806156a8b0dfe6bdea21e8fe434be7e5941a4ceb1460,False
4,meanfiringrate,83-79-4,115-29-7,False,107,107,1.0,0.007428024965683729,36989343e477c378eca0806156a8b0dfe6bdea21e8fe434be7e5941a4ceb1460,False
4,meanfiringrate,848641-69-0,141517-21-7,False,107,107,1.0,0.007428024965683729,36989343e477c378eca0806156a8b0dfe6bdea21e8fe434be7e5941a4ceb1460,False
4,meanfiringrate,85-01-8,114-07-8,False,107,107,1.0,0.007428024965683729,36989343e477c378eca0806156a8b0dfe6bdea21e8fe434be7e5941a4ceb1460,False
4,meanfiringrate,860302-33-6,633-65-8,False,107,107,1.0,0.007428024965683729,36989343e477c378eca0806156a8b0dfe6bdea21e8fe434be7e5941a4ceb1460,False
4,meanfiringrate,91-20-3,208-96-8,False,107,107,1.0,0.007428024965683729,36989343e477c378eca0806156a8b0dfe6bdea21e8fe434be7e5941a4ceb1460,False
4,meanfiringrate,97-53-0,36913-39-0,False,107,107,1.0,0.007428024965683729,36989343e477c378eca0806156a8b0dfe6bdea21e8fe434be7e5941a4ceb1460,False
4,burst.per.min,10043-35-3,59-30-3,False,107,107,1.0,0.10018346281193956,7cf880535e48a5f4b27e578ec0480ff39bdc6f0aded162834803b2c537a6eccf,False
4,burst.per.min,101-10-0,1241-94-7,False,107,107,1.0,0.10018346281193956,7cf880535e48a5f4b27e578ec0480ff39bdc6f0aded162834803b2c537a6eccf,False
4,burst.per.min,10453-86-8,52645-53-1,False,107,107,1.0,0.10018346281193956,7cf880535e48a5f4b27e578ec0480ff39bdc6f0aded162834803b2c537a6eccf,False
4,burst.per.min,10540-29-1,1478-61-1,False,107,107,1.0,0.10018346281193956,7cf880535e48a5f4b27e578ec0480ff39bdc6f0aded162834803b2c537a6eccf,False
4,burst.per.min,105512-06-9,80-09-1,False,107,107,1.0,0.10018346281193956,7cf880535e48a5f4b27e578ec0480ff39bdc6f0aded162834803b2c537a6eccf,False
4,burst.per.min,1095-90-5,133-06-2,False,107,107,1.0,0.10018346281193956,7cf880535e48a5f4b27e578ec0480ff39bdc6f0aded162834803b2c537a6eccf,False
4,burst.per.min,111988-49-9,2155-70-6,False,107,107,1.0,0.10018346281193956,7cf880535e48a5f4b27e578ec0480ff39bdc6f0aded162834803b2c537a6eccf,False
4,burst.per.min,113-48-4,638-38-0,False,107,107,1.0,0.10018346281193956,7cf880535e48a5f4b27e578ec0480ff39bdc6f0aded162834803b2c537a6eccf,False
4,burst.per.min,114-07-8,129-00-0,False,107,107,1.0,0.10018346281193956,7cf880535e48a5f4b27e578ec0480ff39bdc6f0aded162834803b2c537a6eccf,False
4,burst.per.min,115-28-6,208-96-8,False,107,107,1.0,0.10018346281193956,7cf880535e48a5f4b27e578ec0480ff39bdc6f0aded162834803b2c537a6eccf,False
4,burst.per.min,115-29-7,191-24-2,False,107,107,1.0,0.10018346281193956,7cf880535e48a5f4b27e578ec0480ff39bdc6f0aded162834803b2c537a6eccf,False
4,burst.per.min,117-81-7,10043-35-3,False,107,107,1.0,0.10018346281193956,7cf880535e48a5f4b27e578ec0480ff39bdc6f0aded162834803b2c537a6eccf,False
4,burst.per.min,117428-22-5,85-01-8,False,107,107,1.0,0.10018346281193956,7cf880535e48a5f4b27e578ec0480ff39bdc6f0aded162834803b2c537a6eccf,False
4,burst.per.min,12108-13-3,68631-49-2,False,107,107,1.0,0.10018346281193956,7cf880535e48a5f4b27e578ec0480ff39bdc6f0aded162834803b2c537a6eccf,False
4,burst.per.min,122-14-5,56-81-5,False,107,107,1.0,0.10018346281193956,7cf880535e48a5f4b27e578ec0480ff39bdc6f0aded162834803b2c537a6eccf,False
4,burst.per.min,1241-94-7,101-10-0,False,107,107,1.0,0.10018346281193956,7cf880535e48a5f4b27e578ec0480ff39bdc6f0aded162834803b2c537a6eccf,False
4,burst.per.min,124378-77-4,111988-49-9,False,107,107,1.0,0.10018346281193956,7cf880535e48a5f4b27e578ec0480ff39bdc6f0aded162834803b2c537a6eccf,False
4,burst.per.min,129-00-0,8018-01-7,False,107,107,1.0,0.10018346281193956,7cf880535e48a5f4b27e578ec0480ff39bdc6f0aded162834803b2c537a6eccf,False
4,burst.per.min,131860-33-8,848641-69-0,False,107,107,1.0,0.10018346281193956,7cf880535e48a5f4b27e578ec0480ff39bdc6f0aded162834803b2c537a6eccf,False
4,burst.per.min,133-06-2,72-55-9,False,107,107,1.0,0.10018346281193956,7cf880535e48a5f4b27e578ec0480ff39bdc6f0aded162834803b2c537a6eccf,False
4,burst.per.min,141517-21-7,218-01-9,False,107,107,1.0,0.10018346281193956,7cf880535e48a5f4b27e578ec0480ff39bdc6f0aded162834803b2c537a6eccf,False
4,burst.per.min,143-50-0,50-70-4,False,107,107,1.0,0.10018346281193956,7cf880535e48a5f4b27e578ec0480ff39bdc6f0aded162834803b2c537a6eccf,False
4,burst.per.min,1461-22-9,115-28-6,False,107,107,1.0,0.10018346281193956,7cf880535e48a5f4b27e578ec0480ff39bdc6f0aded162834803b2c537a6eccf,False
4,burst.per.min,147-24-0,56-55-3,False,107,107,1.0,0.10018346281193956,7cf880535e48a5f4b27e578ec0480ff39bdc6f0aded162834803b2c537a6eccf,False
4,burst.per.min,1478-61-1,159138-81-5,False,107,107,1.0,0.10018346281193956,7cf880535e48a5f4b27e578ec0480ff39bdc6f0aded162834803b2c537a6eccf,False
4,burst.per.min,148477-71-8,83-79-4,False,107,107,1.0,0.10018346281193956,7cf880535e48a5f4b27e578ec0480ff39bdc6f0aded162834803b2c537a6eccf,False
4,burst.per.min,1563-66-2,60348-60-9,False,107,107,1.0,0.10018346281193956,7cf880535e48a5f4b27e578ec0480ff39bdc6f0aded162834803b2c537a6eccf,False
4,burst.per.min,159138-81-5,68937-41-7,False,107,107,1.0,0.10018346281193956,7cf880535e48a5f4b27e578ec0480ff39bdc6f0aded162834803b2c537a6eccf,False
4,burst.per.min,188425-85-6,141517-21-7,False,107,107,1.0,0.10018346281193956,7cf880535e48a5f4b27e578ec0480ff39bdc6f0aded162834803b2c537a6eccf,False
4,burst.per.min,191-24-2,75330-75-5,False,107,107,1.0,0.10018346281193956,7cf880535e48a5f4b27e578ec0480ff39bdc6f0aded162834803b2c537a6eccf,False
4,burst.per.min,1912-24-9,97-53-0,False,107,107,1.0,0.10018346281193956,7cf880535e48a5f4b27e578ec0480ff39bdc6f0aded162834803b2c537a6eccf,False
4,burst.per.min,192-97-2,57-74-9,False,107,107,1.0,0.10018346281193956,7cf880535e48a5f4b27e578ec0480ff39bdc6f0aded162834803b2c537a6eccf,False
4,burst.per.min,194098-25-4,50-06-6,False,107,107,1.0,0.10018346281193956,7cf880535e48a5f4b27e578ec0480ff39bdc6f0aded162834803b2c537a6eccf,False
4,burst.per.min,1948-33-0,50-78-2,False,107,107,1.0,0.10018346281193956,7cf880535e48a5f4b27e578ec0480ff39bdc6f0aded162834803b2c537a6eccf,False
4,burst.per.min,203-64-5,584-79-2,False,107,107,1.0,0.10018346281193956,7cf880535e48a5f4b27e578ec0480ff39bdc6f0aded162834803b2c537a6eccf,False
4,burst.per.min,205-99-2,10540-29-1,False,107,107,1.0,0.10018346281193956,7cf880535e48a5f4b27e578ec0480ff39bdc6f0aded162834803b2c537a6eccf,False
4,burst.per.min,208-96-8,81131-70-6,False,107,107,1.0,0.10018346281193956,7cf880535e48a5f4b27e578ec0480ff39bdc6f0aded162834803b2c537a6eccf,False
4,burst.per.min,210880-92-5,188425-85-6,False,107,107,1.0,0.10018346281193956,7cf880535e48a5f4b27e578ec0480ff39bdc6f0aded162834803b2c537a6eccf,False
4,burst.per.min,215-58-7,22224-92-6,False,107,107,1.0,0.10018346281193956,7cf880535e48a5f4b27e578ec0480ff39bdc6f0aded162834803b2c537a6eccf,False
4,burst.per.min,2155-70-6,113-48-4,False,107,107,1.0,0.10018346281193956,7cf880535e48a5f4b27e578ec0480ff39bdc6f0aded162834803b2c537a6eccf,False
4,burst.per.min,218-01-9,117428-22-5,False,107,107,1.0,0.10018346281193956,7cf880535e48a5f4b27e578ec0480ff39bdc6f0aded162834803b2c537a6eccf,False
4,burst.per.min,220860-50-4,28434-00-6,False,107,107,1.0,0.10018346281193956,7cf880535e48a5f4b27e578ec0480ff39bdc6f0aded162834803b2c537a6eccf,False
4,burst.per.min,2212-67-1,51-52-5,False,107,107,1.0,0.10018346281193956,7cf880535e48a5f4b27e578ec0480ff39bdc6f0aded162834803b2c537a6eccf,False
4,burst.per.min,22224-92-6,114-07-8,False,107,107,1.0,0.10018346281193956,7cf880535e48a5f4b27e578ec0480ff39bdc6f0aded162834803b2c537a6eccf,False
4,burst.per.min,23031-36-9,72-43-5,False,107,107,1.0,0.10018346281193956,7cf880535e48a5f4b27e578ec0480ff39bdc6f0aded162834803b2c537a6eccf,False
4,burst.per.min,2385-85-5,26040-51-7,False,107,107,1.0,0.10018346281193956,7cf880535e48a5f4b27e578ec0480ff39bdc6f0aded162834803b2c537a6eccf,False
4,burst.per.min,2465-27-2,51-03-6,False,107,107,1.0,0.10018346281193956,7cf880535e48a5f4b27e578ec0480ff39bdc6f0aded162834803b2c537a6eccf,False
4,burst.per.min,26040-51-7,117-81-7,False,107,107,1.0,0.10018346281193956,7cf880535e48a5f4b27e578ec0480ff39bdc6f0aded162834803b2c537a6eccf,False
4,burst.per.min,28094-15-7,83-32-9,False,107,107,1.0,0.10018346281193956,7cf880535e48a5f4b27e578ec0480ff39bdc6f0aded162834803b2c537a6eccf,False
4,burst.per.min,28434-00-6,55406-53-6,False,107,107,1.0,0.10018346281193956,7cf880535e48a5f4b27e578ec0480ff39bdc6f0aded162834803b2c537a6eccf,False
4,burst.per.min,29761-21-5,124378-77-4,False,107,107,1.0,0.10018346281193956,7cf880535e48a5f4b27e578ec0480ff39bdc6f0aded162834803b2c537a6eccf,False
4,burst.per.min,298-04-4,1461-22-9,False,107,107,1.0,0.10018346281193956,7cf880535e48a5f4b27e578ec0480ff39bdc6f0aded162834803b2c537a6eccf,False
4,burst.per.min,309-00-2,50-29-3,False,107,107,1.0,0.10018346281193956,7cf880535e48a5f4b27e578ec0480ff39bdc6f0aded162834803b2c537a6eccf,False
4,burst.per.min,361377-29-9,205-99-2,False,107,107,1.0,0.10018346281193956,7cf880535e48a5f4b27e578ec0480ff39bdc6f0aded162834803b2c537a6eccf,False
4,burst.per.min,36913-39-0,79902-63-9,False,107,107,1.0,0.10018346281193956,7cf880535e48a5f4b27e578ec0480ff39bdc6f0aded162834803b2c537a6eccf,False
4,burst.per.min,50-06-6,298-04-4,False,107,107,1.0,0.10018346281193956,7cf880535e48a5f4b27e578ec0480ff39bdc6f0aded162834803b2c537a6eccf,False
4,burst.per.min,50-28-2,56803-37-3,False,107,107,1.0,0.10018346281193956,7cf880535e48a5f4b27e578ec0480ff39bdc6f0aded162834803b2c537a6eccf,False
4,burst.per.min,50-29-3,131860-33-8,False,107,107,1.0,0.10018346281193956,7cf880535e48a5f4b27e578ec0480ff39bdc6f0aded162834803b2c537a6eccf,False
4,burst.per.min,50-55-5,7696-12-0,False,107,107,1.0,0.10018346281193956,7cf880535e48a5f4b27e578ec0480ff39bdc6f0aded162834803b2c537a6eccf,False
4,burst.per.min,50-70-4,72-20-8,False,107,107,1.0,0.10018346281193956,7cf880535e48a5f4b27e578ec0480ff39bdc6f0aded162834803b2c537a6eccf,False
4,burst.per.min,50-78-2,91-20-3,False,107,107,1.0,0.10018346281193956,7cf880535e48a5f4b27e578ec0480ff39bdc6f0aded162834803b2c537a6eccf,False
4,burst.per.min,50-81-7,57966-95-7,False,107,107,1.0,0.10018346281193956,7cf880535e48a5f4b27e578ec0480ff39bdc6f0aded162834803b2c537a6eccf,False
4,burst.per.min,51-03-6,23031-36-9,False,107,107,1.0,0.10018346281193956,7cf880535e48a5f4b27e578ec0480ff39bdc6f0aded162834803b2c537a6eccf,False
4,burst.per.min,51-52-5,50-81-7,False,107,107,1.0,0.10018346281193956,7cf880535e48a5f4b27e578ec0480ff39bdc6f0aded162834803b2c537a6eccf,False
4,burst.per.min,52645-53-1,633-65-8,False,107,107,1.0,0.10018346281193956,7cf880535e48a5f4b27e578ec0480ff39bdc6f0aded162834803b2c537a6eccf,False
4,burst.per.min,5436-43-1,8000-34-8,False,107,107,1.0,0.10018346281193956,7cf880535e48a5f4b27e578ec0480ff39bdc6f0aded162834803b2c537a6eccf,False
4,burst.per.min,55-98-1,115-29-7,False,107,107,1.0,0.10018346281193956,7cf880535e48a5f4b27e578ec0480ff39bdc6f0aded162834803b2c537a6eccf,False
4,burst.per.min,55406-53-6,29761-21-5,False,107,107,1.0,0.10018346281193956,7cf880535e48a5f4b27e578ec0480ff39bdc6f0aded162834803b2c537a6eccf,False
4,burst.per.min,56-04-2,80844-07-1,False,107,107,1.0,0.10018346281193956,7cf880535e48a5f4b27e578ec0480ff39bdc6f0aded162834803b2c537a6eccf,False
4,burst.per.min,56-38-2,55-98-1,False,107,107,1.0,0.10018346281193956,7cf880535e48a5f4b27e578ec0480ff39bdc6f0aded162834803b2c537a6eccf,False
4,burst.per.min,56-55-3,1948-33-0,False,107,107,1.0,0.10018346281193956,7cf880535e48a5f4b27e578ec0480ff39bdc6f0aded162834803b2c537a6eccf,False
4,burst.per.min,56-81-5,2212-67-1,False,107,107,1.0,0.10018346281193956,7cf880535e48a5f4b27e578ec0480ff39bdc6f0aded162834803b2c537a6eccf,False
4,burst.per.min,56803-37-3,5436-43-1,False,107,107,1.0,0.10018346281193956,7cf880535e48a5f4b27e578ec0480ff39bdc6f0aded162834803b2c537a6eccf,False
4,burst.per.min,57-74-9,2385-85-5,False,107,107,1.0,0.10018346281193956,7cf880535e48a5f4b27e578ec0480ff39bdc6f0aded162834803b2c537a6eccf,False
4,burst.per.min,57966-95-7,77-40-7,False,107,107,1.0,0.10018346281193956,7cf880535e48a5f4b27e578ec0480ff39bdc6f0aded162834803b2c537a6eccf,False
4,burst.per.min,584-79-2,147-24-0,False,107,107,1.0,0.10018346281193956,7cf880535e48a5f4b27e578ec0480ff39bdc6f0aded162834803b2c537a6eccf,False
4,burst.per.min,59-30-3,50-55-5,False,107,107,1.0,0.10018346281193956,7cf880535e48a5f4b27e578ec0480ff39bdc6f0aded162834803b2c537a6eccf,False
4,burst.per.min,60-56-0,12108-13-3,False,107,107,1.0,0.10018346281193956,7cf880535e48a5f4b27e578ec0480ff39bdc6f0aded162834803b2c537a6eccf,False
4,burst.per.min,60348-60-9,36913-39-0,False,107,107,1.0,0.10018346281193956,7cf880535e48a5f4b27e578ec0480ff39bdc6f0aded162834803b2c537a6eccf,False
4,burst.per.min,62-38-4,194098-25-4,False,107,107,1.0,0.10018346281193956,7cf880535e48a5f4b27e578ec0480ff39bdc6f0aded162834803b2c537a6eccf,False
4,burst.per.min,633-65-8,309-00-2,False,107,107,1.0,0.10018346281193956,7cf880535e48a5f4b27e578ec0480ff39bdc6f0aded162834803b2c537a6eccf,False
4,burst.per.min,638-38-0,860302-33-6,False,107,107,1.0,0.10018346281193956,7cf880535e48a5f4b27e578ec0480ff39bdc6f0aded162834803b2c537a6eccf,False
4,burst.per.min,68631-49-2,148477-71-8,False,107,107,1.0,0.10018346281193956,7cf880535e48a5f4b27e578ec0480ff39bdc6f0aded162834803b2c537a6eccf,False
4,burst.per.min,68937-41-7,210880-92-5,False,107,107,1.0,0.10018346281193956,7cf880535e48a5f4b27e578ec0480ff39bdc6f0aded162834803b2c537a6eccf,False
4,burst.per.min,70-30-4,203-64-5,False,107,107,1.0,0.10018346281193956,7cf880535e48a5f4b27e578ec0480ff39bdc6f0aded162834803b2c537a6eccf,False
4,burst.per.min,72-20-8,50-28-2,False,107,107,1.0,0.10018346281193956,7cf880535e48a5f4b27e578ec0480ff39bdc6f0aded162834803b2c537a6eccf,False
4,burst.per.min,72-43-5,1912-24-9,False,107,107,1.0,0.10018346281193956,7cf880535e48a5f4b27e578ec0480ff39bdc6f0aded162834803b2c537a6eccf,False
4,burst.per.min,72-55-9,60-56-0,False,107,107,1.0,0.10018346281193956,7cf880535e48a5f4b27e578ec0480ff39bdc6f0aded162834803b2c537a6eccf,False
4,burst.per.min,7487-94-7,2465-27-2,False,107,107,1.0,0.10018346281193956,7cf880535e48a5f4b27e578ec0480ff39bdc6f0aded162834803b2c537a6eccf,False
4,burst.per.min,75330-75-5,361377-29-9,False,107,107,1.0,0.10018346281193956,7cf880535e48a5f4b27e578ec0480ff39bdc6f0aded162834803b2c537a6eccf,False
4,burst.per.min,759-94-4,1095-90-5,False,107,107,1.0,0.10018346281193956,7cf880535e48a5f4b27e578ec0480ff39bdc6f0aded162834803b2c537a6eccf,False
4,burst.per.min,7696-12-0,122-14-5,False,107,107,1.0,0.10018346281193956,7cf880535e48a5f4b27e578ec0480ff39bdc6f0aded162834803b2c537a6eccf,False
4,burst.per.min,77-40-7,759-94-4,False,107,107,1.0,0.10018346281193956,7cf880535e48a5f4b27e578ec0480ff39bdc6f0aded162834803b2c537a6eccf,False
4,burst.per.min,789-02-6,62-38-4,False,107,107,1.0,0.10018346281193956,7cf880535e48a5f4b27e578ec0480ff39bdc6f0aded162834803b2c537a6eccf,False
4,burst.per.min,79902-63-9,789-02-6,False,107,107,1.0,0.10018346281193956,7cf880535e48a5f4b27e578ec0480ff39bdc6f0aded162834803b2c537a6eccf,False
4,burst.per.min,80-09-1,70-30-4,False,107,107,1.0,0.10018346281193956,7cf880535e48a5f4b27e578ec0480ff39bdc6f0aded162834803b2c537a6eccf,False
4,burst.per.min,8000-34-8,220860-50-4,False,107,107,1.0,0.10018346281193956,7cf880535e48a5f4b27e578ec0480ff39bdc6f0aded162834803b2c537a6eccf,False
4,burst.per.min,8018-01-7,1563-66-2,False,107,107,1.0,0.10018346281193956,7cf880535e48a5f4b27e578ec0480ff39bdc6f0aded162834803b2c537a6eccf,False
4,burst.per.min,80844-07-1,105512-06-9,False,107,107,1.0,0.10018346281193956,7cf880535e48a5f4b27e578ec0480ff39bdc6f0aded162834803b2c537a6eccf,False
4,burst.per.min,81131-70-6,10453-86-8,False,107,107,1.0,0.10018346281193956,7cf880535e48a5f4b27e578ec0480ff39bdc6f0aded162834803b2c537a6eccf,False
4,burst.per.min,83-32-9,143-50-0,False,107,107,1.0,0.10018346281193956,7cf880535e48a5f4b27e578ec0480ff39bdc6f0aded162834803b2c537a6eccf,False
4,burst.per.min,83-79-4,192-97-2,False,107,107,1.0,0.10018346281193956,7cf880535e48a5f4b27e578ec0480ff39bdc6f0aded162834803b2c537a6eccf,False
4,burst.per.min,848641-69-0,215-58-7,False,107,107,1.0,0.10018346281193956,7cf880535e48a5f4b27e578ec0480ff39bdc6f0aded162834803b2c537a6eccf,False
4,burst.per.min,85-01-8,56-38-2,False,107,107,1.0,0.10018346281193956,7cf880535e48a5f4b27e578ec0480ff39bdc6f0aded162834803b2c537a6eccf,False
4,burst.per.min,860302-33-6,56-04-2,False,107,107,1.0,0.10018346281193956,7cf880535e48a5f4b27e578ec0480ff39bdc6f0aded162834803b2c537a6eccf,False
4,burst.per.min,91-20-3,28094-15-7,False,107,107,1.0,0.10018346281193956,7cf880535e48a5f4b27e578ec0480ff39bdc6f0aded162834803b2c537a6eccf,False
4,burst.per.min,97-53-0,7487-94-7,False,107,107,1.0,0.10018346281193956,7cf880535e48a5f4b27e578ec0480ff39bdc6f0aded162834803b2c537a6eccf,False
4,nAE,10043-35-3,133-06-2,False,107,107,1.0,0.007763076396602302,50ee36f3354dbe9382ff02a565fd4643d48b8c715a69cd989bbe0ff8220bca29,False
4,nAE,101-10-0,124378-77-4,False,107,107,1.0,0.007763076396602302,50ee36f3354dbe9382ff02a565fd4643d48b8c715a69cd989bbe0ff8220bca29,False
4,nAE,10453-86-8,56-81-5,False,107,107,1.0,0.007763076396602302,50ee36f3354dbe9382ff02a565fd4643d48b8c715a69cd989bbe0ff8220bca29,False
4,nAE,10540-29-1,309-00-2,False,107,107,1.0,0.007763076396602302,50ee36f3354dbe9382ff02a565fd4643d48b8c715a69cd989bbe0ff8220bca29,False
4,nAE,105512-06-9,113-48-4,False,107,107,1.0,0.007763076396602302,50ee36f3354dbe9382ff02a565fd4643d48b8c715a69cd989bbe0ff8220bca29,False
4,nAE,1095-90-5,36913-39-0,False,107,107,1.0,0.007763076396602302,50ee36f3354dbe9382ff02a565fd4643d48b8c715a69cd989bbe0ff8220bca29,False
4,nAE,111988-49-9,50-29-3,False,107,107,1.0,0.007763076396602302,50ee36f3354dbe9382ff02a565fd4643d48b8c715a69cd989bbe0ff8220bca29,False
4,nAE,113-48-4,194098-25-4,False,107,107,1.0,0.007763076396602302,50ee36f3354dbe9382ff02a565fd4643d48b8c715a69cd989bbe0ff8220bca29,False
4,nAE,114-07-8,56-38-2,False,107,107,1.0,0.007763076396602302,50ee36f3354dbe9382ff02a565fd4643d48b8c715a69cd989bbe0ff8220bca29,False
4,nAE,115-28-6,50-28-2,False,107,107,1.0,0.007763076396602302,50ee36f3354dbe9382ff02a565fd4643d48b8c715a69cd989bbe0ff8220bca29,False
4,nAE,115-29-7,83-32-9,False,107,107,1.0,0.007763076396602302,50ee36f3354dbe9382ff02a565fd4643d48b8c715a69cd989bbe0ff8220bca29,False
4,nAE,117-81-7,147-24-0,False,107,107,1.0,0.007763076396602302,50ee36f3354dbe9382ff02a565fd4643d48b8c715a69cd989bbe0ff8220bca29,False
4,nAE,117428-22-5,75330-75-5,False,107,107,1.0,0.007763076396602302,50ee36f3354dbe9382ff02a565fd4643d48b8c715a69cd989bbe0ff8220bca29,False
4,nAE,12108-13-3,50-06-6,False,107,107,1.0,0.007763076396602302,50ee36f3354dbe9382ff02a565fd4643d48b8c715a69cd989bbe0ff8220bca29,False
4,nAE,122-14-5,72-20-8,False,107,107,1.0,0.007763076396602302,50ee36f3354dbe9382ff02a565fd4643d48b8c715a69cd989bbe0ff8220bca29,False
4,nAE,1241-94-7,131860-33-8,False,107,107,1.0,0.007763076396602302,50ee36f3354dbe9382ff02a565fd4643d48b8c715a69cd989bbe0ff8220bca29,False
4,nAE,124378-77-4,298-04-4,False,107,107,1.0,0.007763076396602302,50ee36f3354dbe9382ff02a565fd4643d48b8c715a69cd989bbe0ff8220bca29,False
4,nAE,129-00-0,860302-33-6,False,107,107,1.0,0.007763076396602302,50ee36f3354dbe9382ff02a565fd4643d48b8c715a69cd989bbe0ff8220bca29,False
4,nAE,131860-33-8,7696-12-0,False,107,107,1.0,0.007763076396602302,50ee36f3354dbe9382ff02a565fd4643d48b8c715a69cd989bbe0ff8220bca29,False
4,nAE,133-06-2,1461-22-9,False,107,107,1.0,0.007763076396602302,50ee36f3354dbe9382ff02a565fd4643d48b8c715a69cd989bbe0ff8220bca29,False
4,nAE,141517-21-7,148477-71-8,False,107,107,1.0,0.007763076396602302,50ee36f3354dbe9382ff02a565fd4643d48b8c715a69cd989bbe0ff8220bca29,False
4,nAE,143-50-0,60348-60-9,False,107,107,1.0,0.007763076396602302,50ee36f3354dbe9382ff02a565fd4643d48b8c715a69cd989bbe0ff8220bca29,False
4,nAE,1461-22-9,638-38-0,False,107,107,1.0,0.007763076396602302,50ee36f3354dbe9382ff02a565fd4643d48b8c715a69cd989bbe0ff8220bca29,False
4,nAE,147-24-0,10540-29-1,False,107,107,1.0,0.007763076396602302,50ee36f3354dbe9382ff02a565fd4643d48b8c715a69cd989bbe0ff8220bca29,False
4,nAE,1478-61-1,80844-07-1,False,107,107,1.0,0.007763076396602302,50ee36f3354dbe9382ff02a565fd4643d48b8c715a69cd989bbe0ff8220bca29,False
4,nAE,148477-71-8,2212-67-1,False,107,107,1.0,0.007763076396602302,50ee36f3354dbe9382ff02a565fd4643d48b8c715a69cd989bbe0ff8220bca29,False
4,nAE,1563-66-2,188425-85-6,False,107,107,1.0,0.007763076396602302,50ee36f3354dbe9382ff02a565fd4643d48b8c715a69cd989bbe0ff8220bca29,False
4,nAE,159138-81-5,55-98-1,False,107,107,1.0,0.007763076396602302,50ee36f3354dbe9382ff02a565fd4643d48b8c715a69cd989bbe0ff8220bca29,False
4,nAE,188425-85-6,50-81-7,False,107,107,1.0,0.007763076396602302,50ee36f3354dbe9382ff02a565fd4643d48b8c715a69cd989bbe0ff8220bca29,False
4,nAE,191-24-2,2385-85-5,False,107,107,1.0,0.007763076396602302,50ee36f3354dbe9382ff02a565fd4643d48b8c715a69cd989bbe0ff8220bca29,False
4,nAE,1912-24-9,1563-66-2,False,107,107,1.0,0.007763076396602302,50ee36f3354dbe9382ff02a565fd4643d48b8c715a69cd989bbe0ff8220bca29,False
4,nAE,192-97-2,848641-69-0,False,107,107,1.0,0.007763076396602302,50ee36f3354dbe9382ff02a565fd4643d48b8c715a69cd989bbe0ff8220bca29,False
4,nAE,194098-25-4,220860-50-4,False,107,107,1.0,0.007763076396602302,50ee36f3354dbe9382ff02a565fd4643d48b8c715a69cd989bbe0ff8220bca29,False
4,nAE,1948-33-0,10043-35-3,False,107,107,1.0,0.007763076396602302,50ee36f3354dbe9382ff02a565fd4643d48b8c715a69cd989bbe0ff8220bca29,False
4,nAE,203-64-5,77-40-7,False,107,107,1.0,0.007763076396602302,50ee36f3354dbe9382ff02a565fd4643d48b8c715a69cd989bbe0ff8220bca29,False
4,nAE,205-99-2,50-70-4,False,107,107,1.0,0.007763076396602302,50ee36f3354dbe9382ff02a565fd4643d48b8c715a69cd989bbe0ff8220bca29,False
4,nAE,208-96-8,5436-43-1,False,107,107,1.0,0.007763076396602302,50ee36f3354dbe9382ff02a565fd4643d48b8c715a69cd989bbe0ff8220bca29,False
4,nAE,210880-92-5,26040-51-7,False,107,107,1.0,0.007763076396602302,50ee36f3354dbe9382ff02a565fd4643d48b8c715a69cd989bbe0ff8220bca29,False
4,nAE,215-58-7,191-24-2,False,107,107,1.0,0.007763076396602302,50ee36f3354dbe9382ff02a565fd4643d48b8c715a69cd989bbe0ff8220bca29,False
4,nAE,2155-70-6,143-50-0,False,107,107,1.0,0.007763076396602302,50ee36f3354dbe9382ff02a565fd4643d48b8c715a69cd989bbe0ff8220bca29,False
4,nAE,218-01-9,129-00-0,False,107,107,1.0,0.007763076396602302,50ee36f3354dbe9382ff02a565fd4643d48b8c715a69cd989bbe0ff8220bca29,False
4,nAE,220860-50-4,57966-95-7,False,107,107,1.0,0.007763076396602302,50ee36f3354dbe9382ff02a565fd4643d48b8c715a69cd989bbe0ff8220bca29,False
4,nAE,2212-67-1,114-07-8,False,107,107,1.0,0.007763076396602302,50ee36f3354dbe9382ff02a565fd4643d48b8c715a69cd989bbe0ff8220bca29,False
4,nAE,22224-92-6,28434-00-6,False,107,107,1.0,0.007763076396602302,50ee36f3354dbe9382ff02a565fd4643d48b8c715a69cd989bbe0ff8220bca29,False
4,nAE,23031-36-9,210880-92-5,False,107,107,1.0,0.007763076396602302,50ee36f3354dbe9382ff02a565fd4643d48b8c715a69cd989bbe0ff8220bca29,False
4,nAE,2385-85-5,122-14-5,False,107,107,1.0,0.007763076396602302,50ee36f3354dbe9382ff02a565fd4643d48b8c715a69cd989bbe0ff8220bca29,False
4,nAE,2465-27-2,50-55-5,False,107,107,1.0,0.007763076396602302,50ee36f3354dbe9382ff02a565fd4643d48b8c715a69cd989bbe0ff8220bca29,False
4,nAE,26040-51-7,28094-15-7,False,107,107,1.0,0.007763076396602302,50ee36f3354dbe9382ff02a565fd4643d48b8c715a69cd989bbe0ff8220bca29,False
4,nAE,28094-15-7,80-09-1,False,107,107,1.0,0.007763076396602302,50ee36f3354dbe9382ff02a565fd4643d48b8c715a69cd989bbe0ff8220bca29,False
4,nAE,28434-00-6,91-20-3,False,107,107,1.0,0.007763076396602302,50ee36f3354dbe9382ff02a565fd4643d48b8c715a69cd989bbe0ff8220bca29,False
4,nAE,29761-21-5,7487-94-7,False,107,107,1.0,0.007763076396602302,50ee36f3354dbe9382ff02a565fd4643d48b8c715a69cd989bbe0ff8220bca29,False
4,nAE,298-04-4,208-96-8,False,107,107,1.0,0.007763076396602302,50ee36f3354dbe9382ff02a565fd4643d48b8c715a69cd989bbe0ff8220bca29,False
4,nAE,309-00-2,203-64-5,False,107,107,1.0,0.007763076396602302,50ee36f3354dbe9382ff02a565fd4643d48b8c715a69cd989bbe0ff8220bca29,False
4,nAE,361377-29-9,105512-06-9,False,107,107,1.0,0.007763076396602302,50ee36f3354dbe9382ff02a565fd4643d48b8c715a69cd989bbe0ff8220bca29,False
4,nAE,36913-39-0,79902-63-9,False,107,107,1.0,0.007763076396602302,50ee36f3354dbe9382ff02a565fd4643d48b8c715a69cd989bbe0ff8220bca29,False
4,nAE,50-06-6,215-58-7,False,107,107,1.0,0.007763076396602302,50ee36f3354dbe9382ff02a565fd4643d48b8c715a69cd989bbe0ff8220bca29,False
4,nAE,50-28-2,1095-90-5,False,107,107,1.0,0.007763076396602302,50ee36f3354dbe9382ff02a565fd4643d48b8c715a69cd989bbe0ff8220bca29,False
4,nAE,50-29-3,159138-81-5,False,107,107,1.0,0.007763076396602302,50ee36f3354dbe9382ff02a565fd4643d48b8c715a69cd989bbe0ff8220bca29,False
4,nAE,50-55-5,101-10-0,False,107,107,1.0,0.007763076396602302,50ee36f3354dbe9382ff02a565fd4643d48b8c715a69cd989bbe0ff8220bca29,False
4,nAE,50-70-4,2465-27-2,False,107,107,1.0,0.007763076396602302,50ee36f3354dbe9382ff02a565fd4643d48b8c715a69cd989bbe0ff8220bca29,False
4,nAE,50-78-2,141517-21-7,False,107,107,1.0,0.007763076396602302,50ee36f3354dbe9382ff02a565fd4643d48b8c715a69cd989bbe0ff8220bca29,False
4,nAE,50-81-7,10453-86-8,False,107,107,1.0,0.007763076396602302,50ee36f3354dbe9382ff02a565fd4643d48b8c715a69cd989bbe0ff8220bca29,False
4,nAE,51-03-6,205-99-2,False,107,107,1.0,0.007763076396602302,50ee36f3354dbe9382ff02a565fd4643d48b8c715a69cd989bbe0ff8220bca29,False
4,nAE,51-52-5,1948-33-0,False,107,107,1.0,0.007763076396602302,50ee36f3354dbe9382ff02a565fd4643d48b8c715a69cd989bbe0ff8220bca29,False
4,nAE,52645-53-1,218-01-9,False,107,107,1.0,0.007763076396602302,50ee36f3354dbe9382ff02a565fd4643d48b8c715a69cd989bbe0ff8220bca29,False
4,nAE,5436-43-1,117428-22-5,False,107,107,1.0,0.007763076396602302,50ee36f3354dbe9382ff02a565fd4643d48b8c715a69cd989bbe0ff8220bca29,False
4,nAE,55-98-1,59-30-3,False,107,107,1.0,0.007763076396602302,50ee36f3354dbe9382ff02a565fd4643d48b8c715a69cd989bbe0ff8220bca29,False
4,nAE,55406-53-6,68937-41-7,False,107,107,1.0,0.007763076396602302,50ee36f3354dbe9382ff02a565fd4643d48b8c715a69cd989bbe0ff8220bca29,False
4,nAE,56-04-2,50-78-2,False,107,107,1.0,0.007763076396602302,50ee36f3354dbe9382ff02a565fd4643d48b8c715a69cd989bbe0ff8220bca29,False
4,nAE,56-38-2,111988-49-9,False,107,107,1.0,0.007763076396602302,50ee36f3354dbe9382ff02a565fd4643d48b8c715a69cd989bbe0ff8220bca29,False
4,nAE,56-55-3,57-74-9,False,107,107,1.0,0.007763076396602302,50ee36f3354dbe9382ff02a565fd4643d48b8c715a69cd989bbe0ff8220bca29,False
4,nAE,56-81-5,56803-37-3,False,107,107,1.0,0.007763076396602302,50ee36f3354dbe9382ff02a565fd4643d48b8c715a69cd989bbe0ff8220bca29,False
4,nAE,56803-37-3,2155-70-6,False,107,107,1.0,0.007763076396602302,50ee36f3354dbe9382ff02a565fd4643d48b8c715a69cd989bbe0ff8220bca29,False
4,nAE,57-74-9,60-56-0,False,107,107,1.0,0.007763076396602302,50ee36f3354dbe9382ff02a565fd4643d48b8c715a69cd989bbe0ff8220bca29,False
4,nAE,57966-95-7,72-55-9,False,107,107,1.0,0.007763076396602302,50ee36f3354dbe9382ff02a565fd4643d48b8c715a69cd989bbe0ff8220bca29,False
4,nAE,584-79-2,1478-61-1,False,107,107,1.0,0.007763076396602302,50ee36f3354dbe9382ff02a565fd4643d48b8c715a69cd989bbe0ff8220bca29,False
4,nAE,59-30-3,51-03-6,False,107,107,1.0,0.007763076396602302,50ee36f3354dbe9382ff02a565fd4643d48b8c715a69cd989bbe0ff8220bca29,False
4,nAE,60-56-0,29761-21-5,False,107,107,1.0,0.007763076396602302,50ee36f3354dbe9382ff02a565fd4643d48b8c715a69cd989bbe0ff8220bca29,False
4,nAE,60348-60-9,70-30-4,False,107,107,1.0,0.007763076396602302,50ee36f3354dbe9382ff02a565fd4643d48b8c715a69cd989bbe0ff8220bca29,False
4,nAE,62-38-4,22224-92-6,False,107,107,1.0,0.007763076396602302,50ee36f3354dbe9382ff02a565fd4643d48b8c715a69cd989bbe0ff8220bca29,False
4,nAE,633-65-8,115-29-7,False,107,107,1.0,0.007763076396602302,50ee36f3354dbe9382ff02a565fd4643d48b8c715a69cd989bbe0ff8220bca29,False
4,nAE,638-38-0,62-38-4,False,107,107,1.0,0.007763076396602302,50ee36f3354dbe9382ff02a565fd4643d48b8c715a69cd989bbe0ff8220bca29,False
4,nAE,68631-49-2,361377-29-9,False,107,107,1.0,0.007763076396602302,50ee36f3354dbe9382ff02a565fd4643d48b8c715a69cd989bbe0ff8220bca29,False
4,nAE,68937-41-7,97-53-0,False,107,107,1.0,0.007763076396602302,50ee36f3354dbe9382ff02a565fd4643d48b8c715a69cd989bbe0ff8220bca29,False
4,nAE,70-30-4,56-55-3,False,107,107,1.0,0.007763076396602302,50ee36f3354dbe9382ff02a565fd4643d48b8c715a69cd989bbe0ff8220bca29,False
4,nAE,72-20-8,85-01-8,False,107,107,1.0,0.007763076396602302,50ee36f3354dbe9382ff02a565fd4643d48b8c715a69cd989bbe0ff8220bca29,False
4,nAE,72-43-5,115-28-6,False,107,107,1.0,0.007763076396602302,50ee36f3354dbe9382ff02a565fd4643d48b8c715a69cd989bbe0ff8220bca29,False
4,nAE,72-55-9,117-81-7,False,107,107,1.0,0.007763076396602302,50ee36f3354dbe9382ff02a565fd4643d48b8c715a69cd989bbe0ff8220bca29,False
4,nAE,7487-94-7,12108-13-3,False,107,107,1.0,0.007763076396602302,50ee36f3354dbe9382ff02a565fd4643d48b8c715a69cd989bbe0ff8220bca29,False
4,nAE,75330-75-5,8000-34-8,False,107,107,1.0,0.007763076396602302,50ee36f3354dbe9382ff02a565fd4643d48b8c715a69cd989bbe0ff8220bca29,False
4,nAE,759-94-4,83-79-4,False,107,107,1.0,0.007763076396602302,50ee36f3354dbe9382ff02a565fd4643d48b8c715a69cd989bbe0ff8220bca29,False
4,nAE,7696-12-0,55406-53-6,False,107,107,1.0,0.007763076396602302,50ee36f3354dbe9382ff02a565fd4643d48b8c715a69cd989bbe0ff8220bca29,False
4,nAE,77-40-7,584-79-2,False,107,107,1.0,0.007763076396602302,50ee36f3354dbe9382ff02a565fd4643d48b8c715a69cd989bbe0ff8220bca29,False
4,nAE,789-02-6,8018-01-7,False,107,107,1.0,0.007763076396602302,50ee36f3354dbe9382ff02a565fd4643d48b8c715a69cd989bbe0ff8220bca29,False
4,nAE,79902-63-9,52645-53-1,False,107,107,1.0,0.007763076396602302,50ee36f3354dbe9382ff02a565fd4643d48b8c715a69cd989bbe0ff8220bca29,False
4,nAE,80-09-1,1912-24-9,False,107,107,1.0,0.007763076396602302,50ee36f3354dbe9382ff02a565fd4643d48b8c715a69cd989bbe0ff8220bca29,False
4,nAE,8000-34-8,81131-70-6,False,107,107,1.0,0.007763076396602302,50ee36f3354dbe9382ff02a565fd4643d48b8c715a69cd989bbe0ff8220bca29,False
4,nAE,8018-01-7,1241-94-7,False,107,107,1.0,0.007763076396602302,50ee36f3354dbe9382ff02a565fd4643d48b8c715a69cd989bbe0ff8220bca29,False
4,nAE,80844-07-1,759-94-4,False,107,107,1.0,0.007763076396602302,50ee36f3354dbe9382ff02a565fd4643d48b8c715a69cd989bbe0ff8220bca29,False
4,nAE,81131-70-6,56-04-2,False,107,107,1.0,0.007763076396602302,50ee36f3354dbe9382ff02a565fd4643d48b8c715a69cd989bbe0ff8220bca29,False
4,nAE,83-32-9,51-52-5,False,107,107,1.0,0.007763076396602302,50ee36f3354dbe9382ff02a565fd4643d48b8c715a69cd989bbe0ff8220bca29,False
4,nAE,83-79-4,789-02-6,False,107,107,1.0,0.007763076396602302,50ee36f3354dbe9382ff02a565fd4643d48b8c715a69cd989bbe0ff8220bca29,False
4,nAE,848641-69-0,192-97-2,False,107,107,1.0,0.007763076396602302,50ee36f3354dbe9382ff02a565fd4643d48b8c715a69cd989bbe0ff8220bca29,False
4,nAE,85-01-8,72-43-5,False,107,107,1.0,0.007763076396602302,50ee36f3354dbe9382ff02a565fd4643d48b8c715a69cd989bbe0ff8220bca29,False
4,nAE,860302-33-6,68631-49-2,False,107,107,1.0,0.007763076396602302,50ee36f3354dbe9382ff02a565fd4643d48b8c715a69cd989bbe0ff8220bca29,False
4,nAE,91-20-3,23031-36-9,False,107,107,1.0,0.007763076396602302,50ee36f3354dbe9382ff02a565fd4643d48b8c715a69cd989bbe0ff8220bca29,False
4,nAE,97-53-0,633-65-8,False,107,107,1.0,0.007763076396602302,50ee36f3354dbe9382ff02a565fd4643d48b8c715a69cd989bbe0ff8220bca29,False
4,ns.n,10043-35-3,70-30-4,False,96,96,1.0,0.012134128337454649,611944b63dbc4faecaddb4bdfe3a827fe46fb040aae45f50aacc0a544a6b3c71,False
4,ns.n,10453-86-8,56-04-2,False,96,96,1.0,0.012134128337454649,611944b63dbc4faecaddb4bdfe3a827fe46fb040aae45f50aacc0a544a6b3c71,False
4,ns.n,105512-06-9,50-81-7,False,96,96,1.0,0.012134128337454649,611944b63dbc4faecaddb4bdfe3a827fe46fb040aae45f50aacc0a544a6b3c71,False
4,ns.n,1095-90-5,584-79-2,False,96,96,1.0,0.012134128337454649,611944b63dbc4faecaddb4bdfe3a827fe46fb040aae45f50aacc0a544a6b3c71,False
4,ns.n,111988-49-9,75330-75-5,False,96,96,1.0,0.012134128337454649,611944b63dbc4faecaddb4bdfe3a827fe46fb040aae45f50aacc0a544a6b3c71,False
4,ns.n,114-07-8,62-38-4,False,96,96,1.0,0.012134128337454649,611944b63dbc4faecaddb4bdfe3a827fe46fb040aae45f50aacc0a544a6b3c71,False
4,ns.n,115-28-6,7487-94-7,False,96,96,1.0,0.012134128337454649,611944b63dbc4faecaddb4bdfe3a827fe46fb040aae45f50aacc0a544a6b3c71,False
4,ns.n,115-29-7,57966-95-7,False,96,96,1.0,0.012134128337454649,611944b63dbc4faecaddb4bdfe3a827fe46fb040aae45f50aacc0a544a6b3c71,False
4,ns.n,117-81-7,1478-61-1,False,96,96,1.0,0.012134128337454649,611944b63dbc4faecaddb4bdfe3a827fe46fb040aae45f50aacc0a544a6b3c71,False
4,ns.n,117428-22-5,2212-67-1,False,96,96,1.0,0.012134128337454649,611944b63dbc4faecaddb4bdfe3a827fe46fb040aae45f50aacc0a544a6b3c71,False
4,ns.n,12108-13-3,72-43-5,False,96,96,1.0,0.012134128337454649,611944b63dbc4faecaddb4bdfe3a827fe46fb040aae45f50aacc0a544a6b3c71,False
4,ns.n,122-14-5,36913-39-0,False,96,96,1.0,0.012134128337454649,611944b63dbc4faecaddb4bdfe3a827fe46fb040aae45f50aacc0a544a6b3c71,False
4,ns.n,1241-94-7,203-64-5,False,96,96,1.0,0.012134128337454649,611944b63dbc4faecaddb4bdfe3a827fe46fb040aae45f50aacc0a544a6b3c71,False
4,ns.n,124378-77-4,72-55-9,False,96,96,1.0,0.012134128337454649,611944b63dbc4faecaddb4bdfe3a827fe46fb040aae45f50aacc0a544a6b3c71,False
4,ns.n,129-00-0,208-96-8,False,96,96,1.0,0.012134128337454649,611944b63dbc4faecaddb4bdfe3a827fe46fb040aae45f50aacc0a544a6b3c71,False
4,ns.n,131860-33-8,218-01-9,False,96,96,1.0,0.012134128337454649,611944b63dbc4faecaddb4bdfe3a827fe46fb040aae45f50aacc0a544a6b3c71,False
4,ns.n,133-06-2,12108-13-3,False,96,96,1.0,0.012134128337454649,611944b63dbc4faecaddb4bdfe3a827fe46fb040aae45f50aacc0a544a6b3c71,False
4,ns.n,141517-21-7,115-28-6,False,96,96,1.0,0.012134128337454649,611944b63dbc4faecaddb4bdfe3a827fe46fb040aae45f50aacc0a544a6b3c71,False
4,ns.n,143-50-0,141517-21-7,False,96,96,1.0,0.012134128337454649,611944b63dbc4faecaddb4bdfe3a827fe46fb040aae45f50aacc0a544a6b3c71,False
4,ns.n,1461-22-9,117-81-7,False,96,96,1.0,0.012134128337454649,611944b63dbc4faecaddb4bdfe3a827fe46fb040aae45f50aacc0a544a6b3c71,False
4,ns.n,1478-61-1,192-97-2,False,96,96,1.0,0.012134128337454649,611944b63dbc4faecaddb4bdfe3a827fe46fb040aae45f50aacc0a544a6b3c71,False
4,ns.n,148477-71-8,122-14-5,False,96,96,1.0,0.012134128337454649,611944b63dbc4faecaddb4bdfe3a827fe46fb040aae45f50aacc0a544a6b3c71,False
4,ns.n,1563-66-2,91-20-3,False,96,96,1.0,0.012134128337454649,611944b63dbc4faecaddb4bdfe3a827fe46fb040aae45f50aacc0a544a6b3c71,False
4,ns.n,159138-81-5,50-28-2,False,96,96,1.0,0.012134128337454649,611944b63dbc4faecaddb4bdfe3a827fe46fb040aae45f50aacc0a544a6b3c71,False
4,ns.n,188425-85-6,105512-06-9,False,96,96,1.0,0.012134128337454649,611944b63dbc4faecaddb4bdfe3a827fe46fb040aae45f50aacc0a544a6b3c71,False
4,ns.n,191-24-2,56803-37-3,False,96,96,1.0,0.012134128337454649,611944b63dbc4faecaddb4bdfe3a827fe46fb040aae45f50aacc0a544a6b3c71,False
4,ns.n,1912-24-9,131860-33-8,False,96,96,1.0,0.012134128337454649,611944b63dbc4faecaddb4bdfe3a827fe46fb040aae45f50aacc0a544a6b3c71,False
4,ns.n,192-97-2,60-56-0,False,96,96,1.0,0.012134128337454649,611944b63dbc4faecaddb4bdfe3a827fe46fb040aae45f50aacc0a544a6b3c71,False
4,ns.n,194098-25-4,23031-36-9,False,96,96,1.0,0.012134128337454649,611944b63dbc4faecaddb4bdfe3a827fe46fb040aae45f50aacc0a544a6b3c71,False
4,ns.n,1948-33-0,143-50-0,False,96,96,1.0,0.012134128337454649,611944b63dbc4faecaddb4bdfe3a827fe46fb040aae45f50aacc0a544a6b3c71,False
4,ns.n,203-64-5,159138-81-5,False,96,96,1.0,0.012134128337454649,611944b63dbc4faecaddb4bdfe3a827fe46fb040aae45f50aacc0a544a6b3c71,False
4,ns.n,205-99-2,28434-00-6,False,96,96,1.0,0.012134128337454649,611944b63dbc4faecaddb4bdfe3a827fe46fb040aae45f50aacc0a544a6b3c71,False
4,ns.n,208-96-8,124378-77-4,False,96,96,1.0,0.012134128337454649,611944b63dbc4faecaddb4bdfe3a827fe46fb040aae45f50aacc0a544a6b3c71,False
4,ns.n,210880-92-5,361377-29-9,False,96,96,1.0,0.012134128337454649,611944b63dbc4faecaddb4bdfe3a827fe46fb040aae45f50aacc0a544a6b3c71,False
4,ns.n,215-58-7,759-94-4,False,96,96,1.0,0.012134128337454649,611944b63dbc4faecaddb4bdfe3a827fe46fb040aae45f50aacc0a544a6b3c71,False
4,ns.n,2155-70-6,789-02-6,False,96,96,1.0,0.012134128337454649,611944b63dbc4faecaddb4bdfe3a827fe46fb040aae45f50aacc0a544a6b3c71,False
4,ns.n,218-01-9,117428-22-5,False,96,96,1.0,0.012134128337454649,611944b63dbc4faecaddb4bdfe3a827fe46fb040aae45f50aacc0a544a6b3c71,False
4,ns.n,220860-50-4,68631-49-2,False,96,96,1.0,0.012134128337454649,611944b63dbc4faecaddb4bdfe3a827fe46fb040aae45f50aacc0a544a6b3c71,False
4,ns.n,2212-67-1,56-81-5,False,96,96,1.0,0.012134128337454649,611944b63dbc4faecaddb4bdfe3a827fe46fb040aae45f50aacc0a544a6b3c71,False
4,ns.n,22224-92-6,50-29-3,False,96,96,1.0,0.012134128337454649,611944b63dbc4faecaddb4bdfe3a827fe46fb040aae45f50aacc0a544a6b3c71,False
4,ns.n,23031-36-9,50-55-5,False,96,96,1.0,0.012134128337454649,611944b63dbc4faecaddb4bdfe3a827fe46fb040aae45f50aacc0a544a6b3c71,False
4,ns.n,2385-85-5,55-98-1,False,96,96,1.0,0.012134128337454649,611944b63dbc4faecaddb4bdfe3a827fe46fb040aae45f50aacc0a544a6b3c71,False
4,ns.n,2465-27-2,633-65-8,False,96,96,1.0,0.012134128337454649,611944b63dbc4faecaddb4bdfe3a827fe46fb040aae45f50aacc0a544a6b3c71,False
4,ns.n,26040-51-7,2155-70-6,False,96,96,1.0,0.012134128337454649,611944b63dbc4faecaddb4bdfe3a827fe46fb040aae45f50aacc0a544a6b3c71,False
4,ns.n,28094-15-7,860302-33-6,False,96,96,1.0,0.012134128337454649,611944b63dbc4faecaddb4bdfe3a827fe46fb040aae45f50aacc0a544a6b3c71,False
4,ns.n,28434-00-6,129-00-0,False,96,96,1.0,0.012134128337454649,611944b63dbc4faecaddb4bdfe3a827fe46fb040aae45f50aacc0a544a6b3c71,False
4,ns.n,29761-21-5,2385-85-5,False,96,96,1.0,0.012134128337454649,611944b63dbc4faecaddb4bdfe3a827fe46fb040aae45f50aacc0a544a6b3c71,False
4,ns.n,298-04-4,81131-70-6,False,96,96,1.0,0.012134128337454649,611944b63dbc4faecaddb4bdfe3a827fe46fb040aae45f50aacc0a544a6b3c71,False
4,ns.n,309-00-2,8018-01-7,False,96,96,1.0,0.012134128337454649,611944b63dbc4faecaddb4bdfe3a827fe46fb040aae45f50aacc0a544a6b3c71,False
4,ns.n,361377-29-9,111988-49-9,False,96,96,1.0,0.012134128337454649,611944b63dbc4faecaddb4bdfe3a827fe46fb040aae45f50aacc0a544a6b3c71,False
4,ns.n,36913-39-0,80844-07-1,False,96,96,1.0,0.012134128337454649,611944b63dbc4faecaddb4bdfe3a827fe46fb040aae45f50aacc0a544a6b3c71,False
4,ns.n,50-06-6,52645-53-1,False,96,96,1.0,0.012134128337454649,611944b63dbc4faecaddb4bdfe3a827fe46fb040aae45f50aacc0a544a6b3c71,False
4,ns.n,50-28-2,72-20-8,False,96,96,1.0,0.012134128337454649,611944b63dbc4faecaddb4bdfe3a827fe46fb040aae45f50aacc0a544a6b3c71,False
4,ns.n,50-29-3,1461-22-9,False,96,96,1.0,0.012134128337454649,611944b63dbc4faecaddb4bdfe3a827fe46fb040aae45f50aacc0a544a6b3c71,False
4,ns.n,50-55-5,85-01-8,False,96,96,1.0,0.012134128337454649,611944b63dbc4faecaddb4bdfe3a827fe46fb040aae45f50aacc0a544a6b3c71,False
4,ns.n,50-78-2,59-30-3,False,96,96,1.0,0.012134128337454649,611944b63dbc4faecaddb4bdfe3a827fe46fb040aae45f50aacc0a544a6b3c71,False
4,ns.n,50-81-7,1948-33-0,False,96,96,1.0,0.012134128337454649,611944b63dbc4faecaddb4bdfe3a827fe46fb040aae45f50aacc0a544a6b3c71,False
4,ns.n,52645-53-1,10453-86-8,False,96,96,1.0,0.012134128337454649,611944b63dbc4faecaddb4bdfe3a827fe46fb040aae45f50aacc0a544a6b3c71,False
4,ns.n,5436-43-1,83-79-4,False,96,96,1.0,0.012134128337454649,611944b63dbc4faecaddb4bdfe3a827fe46fb040aae45f50aacc0a544a6b3c71,False
4,ns.n,55-98-1,55406-53-6,False,96,96,1.0,0.012134128337454649,611944b63dbc4faecaddb4bdfe3a827fe46fb040aae45f50aacc0a544a6b3c71,False
4,ns.n,55406-53-6,28094-15-7,False,96,96,1.0,0.012134128337454649,611944b63dbc4faecaddb4bdfe3a827fe46fb040aae45f50aacc0a544a6b3c71,False
4,ns.n,56-04-2,22224-92-6,False,96,96,1.0,0.012134128337454649,611944b63dbc4faecaddb4bdfe3a827fe46fb040aae45f50aacc0a544a6b3c71,False
4,ns.n,56-38-2,5436-43-1,False,96,96,1.0,0.012134128337454649,611944b63dbc4faecaddb4bdfe3a827fe46fb040aae45f50aacc0a544a6b3c71,False
4,ns.n,56-55-3,83-32-9,False,96,96,1.0,0.012134128337454649,611944b63dbc4faecaddb4bdfe3a827fe46fb040aae45f50aacc0a544a6b3c71,False
4,ns.n,56-81-5,26040-51-7,False,96,96,1.0,0.012134128337454649,611944b63dbc4faecaddb4bdfe3a827fe46fb040aae45f50aacc0a544a6b3c71,False
4,ns.n,56803-37-3,29761-21-5,False,96,96,1.0,0.012134128337454649,611944b63dbc4faecaddb4bdfe3a827fe46fb040aae45f50aacc0a544a6b3c71,False
4,ns.n,57-74-9,56-55-3,False,96,96,1.0,0.012134128337454649,611944b63dbc4faecaddb4bdfe3a827fe46fb040aae45f50aacc0a544a6b3c71,False
4,ns.n,57966-95-7,298-04-4,False,96,96,1.0,0.012134128337454649,611944b63dbc4faecaddb4bdfe3a827fe46fb040aae45f50aacc0a544a6b3c71,False
4,ns.n,584-79-2,79902-63-9,False,96,96,1.0,0.012134128337454649,611944b63dbc4faecaddb4bdfe3a827fe46fb040aae45f50aacc0a544a6b3c71,False
4,ns.n,59-30-3,210880-92-5,False,96,96,1.0,0.012134128337454649,611944b63dbc4faecaddb4bdfe3a827fe46fb040aae45f50aacc0a544a6b3c71,False
4,ns.n,60-56-0,205-99-2,False,96,96,1.0,0.012134128337454649,611944b63dbc4faecaddb4bdfe3a827fe46fb040aae45f50aacc0a544a6b3c71,False
4,ns.n,60348-60-9,194098-25-4,False,96,96,1.0,0.012134128337454649,611944b63dbc4faecaddb4bdfe3a827fe46fb040aae45f50aacc0a544a6b3c71,False
4,ns.n,62-38-4,1912-24-9,False,96,96,1.0,0.012134128337454649,611944b63dbc4faecaddb4bdfe3a827fe46fb040aae45f50aacc0a544a6b3c71,False
4,ns.n,633-65-8,115-29-7,False,96,96,1.0,0.012134128337454649,611944b63dbc4faecaddb4bdfe3a827fe46fb040aae45f50aacc0a544a6b3c71,False
4,ns.n,638-38-0,220860-50-4,False,96,96,1.0,0.012134128337454649,611944b63dbc4faecaddb4bdfe3a827fe46fb040aae45f50aacc0a544a6b3c71,False
4,ns.n,68631-49-2,114-07-8,False,96,96,1.0,0.012134128337454649,611944b63dbc4faecaddb4bdfe3a827fe46fb040aae45f50aacc0a544a6b3c71,False
4,ns.n,68937-41-7,57-74-9,False,96,96,1.0,0.012134128337454649,611944b63dbc4faecaddb4bdfe3a827fe46fb040aae45f50aacc0a544a6b3c71,False
4,ns.n,70-30-4,10043-35-3,False,96,96,1.0,0.012134128337454649,611944b63dbc4faecaddb4bdfe3a827fe46fb040aae45f50aacc0a544a6b3c71,False
4,ns.n,72-20-8,191-24-2,False,96,96,1.0,0.012134128337454649,611944b63dbc4faecaddb4bdfe3a827fe46fb040aae45f50aacc0a544a6b3c71,False
4,ns.n,72-43-5,1563-66-2,False,96,96,1.0,0.012134128337454649,611944b63dbc4faecaddb4bdfe3a827fe46fb040aae45f50aacc0a544a6b3c71,False
4,ns.n,72-55-9,1095-90-5,False,96,96,1.0,0.012134128337454649,611944b63dbc4faecaddb4bdfe3a827fe46fb040aae45f50aacc0a544a6b3c71,False
4,ns.n,7487-94-7,148477-71-8,False,96,96,1.0,0.012134128337454649,611944b63dbc4faecaddb4bdfe3a827fe46fb040aae45f50aacc0a544a6b3c71,False
4,ns.n,75330-75-5,68937-41-7,False,96,96,1.0,0.012134128337454649,611944b63dbc4faecaddb4bdfe3a827fe46fb040aae45f50aacc0a544a6b3c71,False
4,ns.n,759-94-4,50-06-6,False,96,96,1.0,0.012134128337454649,611944b63dbc4faecaddb4bdfe3a827fe46fb040aae45f50aacc0a544a6b3c71,False
4,ns.n,7696-12-0,50-78-2,False,96,96,1.0,0.012134128337454649,611944b63dbc4faecaddb4bdfe3a827fe46fb040aae45f50aacc0a544a6b3c71,False
4,ns.n,789-02-6,309-00-2,False,96,96,1.0,0.012134128337454649,611944b63dbc4faecaddb4bdfe3a827fe46fb040aae45f50aacc0a544a6b3c71,False
4,ns.n,79902-63-9,2465-27-2,False,96,96,1.0,0.012134128337454649,611944b63dbc4faecaddb4bdfe3a827fe46fb040aae45f50aacc0a544a6b3c71,False
4,ns.n,80-09-1,638-38-0,False,96,96,1.0,0.012134128337454649,611944b63dbc4faecaddb4bdfe3a827fe46fb040aae45f50aacc0a544a6b3c71,False
4,ns.n,8018-01-7,80-09-1,False,96,96,1.0,0.012134128337454649,611944b63dbc4faecaddb4bdfe3a827fe46fb040aae45f50aacc0a544a6b3c71,False
4,ns.n,80844-07-1,60348-60-9,False,96,96,1.0,0.012134128337454649,611944b63dbc4faecaddb4bdfe3a827fe46fb040aae45f50aacc0a544a6b3c71,False
4,ns.n,81131-70-6,215-58-7,False,96,96,1.0,0.012134128337454649,611944b63dbc4faecaddb4bdfe3a827fe46fb040aae45f50aacc0a544a6b3c71,False
4,ns.n,83-32-9,188425-85-6,False,96,96,1.0,0.012134128337454649,611944b63dbc4faecaddb4bdfe3a827fe46fb040aae45f50aacc0a544a6b3c71,False
4,ns.n,83-79-4,1241-94-7,False,96,96,1.0,0.012134128337454649,611944b63dbc4faecaddb4bdfe3a827fe46fb040aae45f50aacc0a544a6b3c71,False
4,ns.n,85-01-8,133-06-2,False,96,96,1.0,0.012134128337454649,611944b63dbc4faecaddb4bdfe3a827fe46fb040aae45f50aacc0a544a6b3c71,False
4,ns.n,860302-33-6,7696-12-0,False,96,96,1.0,0.012134128337454649,611944b63dbc4faecaddb4bdfe3a827fe46fb040aae45f50aacc0a544a6b3c71,False
4,ns.n,91-20-3,56-38-2,False,96,96,1.0,0.012134128337454649,611944b63dbc4faecaddb4bdfe3a827fe46fb040aae45f50aacc0a544a6b3c71,False
4,r,10043-35-3,2385-85-5,False,107,107,1.0,-0.0014552389509470576,ba6d6c5b81e423ba26d2e85ff654316124341123122cbb537a20955acf9cac3b,False
4,r,101-10-0,124378-77-4,False,107,107,1.0,-0.0014552389509470576,ba6d6c5b81e423ba26d2e85ff654316124341123122cbb537a20955acf9cac3b,False
4,r,10453-86-8,191-24-2,False,107,107,1.0,-0.0014552389509470576,ba6d6c5b81e423ba26d2e85ff654316124341123122cbb537a20955acf9cac3b,False
4,r,10540-29-1,56-55-3,False,107,107,1.0,-0.0014552389509470576,ba6d6c5b81e423ba26d2e85ff654316124341123122cbb537a20955acf9cac3b,False
4,r,105512-06-9,131860-33-8,False,107,107,1.0,-0.0014552389509470576,ba6d6c5b81e423ba26d2e85ff654316124341123122cbb537a20955acf9cac3b,False
4,r,1095-90-5,1478-61-1,False,107,107,1.0,-0.0014552389509470576,ba6d6c5b81e423ba26d2e85ff654316124341123122cbb537a20955acf9cac3b,False
4,r,111988-49-9,22224-92-6,False,107,107,1.0,-0.0014552389509470576,ba6d6c5b81e423ba26d2e85ff654316124341123122cbb537a20955acf9cac3b,False
4,r,113-48-4,141517-21-7,False,107,107,1.0,-0.0014552389509470576,ba6d6c5b81e423ba26d2e85ff654316124341123122cbb537a20955acf9cac3b,False
4,r,114-07-8,115-29-7,False,107,107,1.0,-0.0014552389509470576,ba6d6c5b81e423ba26d2e85ff654316124341123122cbb537a20955acf9cac3b,False
4,r,115-28-6,28094-15-7,False,107,107,1.0,-0.0014552389509470576,ba6d6c5b81e423ba26d2e85ff654316124341123122cbb537a20955acf9cac3b,False
4,r,115-29-7,8000-34-8,False,107,107,1.0,-0.0014552389509470576,ba6d6c5b81e423ba26d2e85ff654316124341123122cbb537a20955acf9cac3b,False
4,r,117-81-7,28434-00-6,False,107,107,1.0,-0.0014552389509470576,ba6d6c5b81e423ba26d2e85ff654316124341123122cbb537a20955acf9cac3b,False
4,r,117428-22-5,85-01-8,False,107,107,1.0,-0.0014552389509470576,ba6d6c5b81e423ba26d2e85ff654316124341123122cbb537a20955acf9cac3b,False
4,r,12108-13-3,72-20-8,False,107,107,1.0,-0.0014552389509470576,ba6d6c5b81e423ba26d2e85ff654316124341123122cbb537a20955acf9cac3b,False
4,r,122-14-5,848641-69-0,False,107,107,1.0,-0.0014552389509470576,ba6d6c5b81e423ba26d2e85ff654316124341123122cbb537a20955acf9cac3b,False
4,r,1241-94-7,77-40-7,False,107,107,1.0,-0.0014552389509470576,ba6d6c5b81e423ba26d2e85ff654316124341123122cbb537a20955acf9cac3b,False
4,r,124378-77-4,218-01-9,False,107,107,1.0,-0.0014552389509470576,ba6d6c5b81e423ba26d2e85ff654316124341123122cbb537a20955acf9cac3b,False
4,r,129-00-0,50-81-7,False,107,107,1.0,-0.0014552389509470576,ba6d6c5b81e423ba26d2e85ff654316124341123122cbb537a20955acf9cac3b,False
4,r,131860-33-8,83-32-9,False,107,107,1.0,-0.0014552389509470576,ba6d6c5b81e423ba26d2e85ff654316124341123122cbb537a20955acf9cac3b,False
4,r,133-06-2,50-78-2,False,107,107,1.0,-0.0014552389509470576,ba6d6c5b81e423ba26d2e85ff654316124341123122cbb537a20955acf9cac3b,False
4,r,141517-21-7,789-02-6,False,107,107,1.0,-0.0014552389509470576,ba6d6c5b81e423ba26d2e85ff654316124341123122cbb537a20955acf9cac3b,False
4,r,143-50-0,2155-70-6,False,107,107,1.0,-0.0014552389509470576,ba6d6c5b81e423ba26d2e85ff654316124341123122cbb537a20955acf9cac3b,False
4,r,1461-22-9,60348-60-9,False,107,107,1.0,-0.0014552389509470576,ba6d6c5b81e423ba26d2e85ff654316124341123122cbb537a20955acf9cac3b,False
4,r,147-24-0,80-09-1,False,107,107,1.0,-0.0014552389509470576,ba6d6c5b81e423ba26d2e85ff654316124341123122cbb537a20955acf9cac3b,False
4,r,1478-61-1,309-00-2,False,107,107,1.0,-0.0014552389509470576,ba6d6c5b81e423ba26d2e85ff654316124341123122cbb537a20955acf9cac3b,False
4,r,148477-71-8,10453-86-8,False,107,107,1.0,-0.0014552389509470576,ba6d6c5b81e423ba26d2e85ff654316124341123122cbb537a20955acf9cac3b,False
4,r,1563-66-2,2465-27-2,False,107,107,1.0,-0.0014552389509470576,ba6d6c5b81e423ba26d2e85ff654316124341123122cbb537a20955acf9cac3b,False
4,r,159138-81-5,50-06-6,False,107,107,1.0,-0.0014552389509470576,ba6d6c5b81e423ba26d2e85ff654316124341123122cbb537a20955acf9cac3b,False
4,r,188425-85-6,51-52-5,False,107,107,1.0,-0.0014552389509470576,ba6d6c5b81e423ba26d2e85ff654316124341123122cbb537a20955acf9cac3b,False
4,r,191-24-2,220860-50-4,False,107,107,1.0,-0.0014552389509470576,ba6d6c5b81e423ba26d2e85ff654316124341123122cbb537a20955acf9cac3b,False
4,r,1912-24-9,79902-63-9,False,107,107,1.0,-0.0014552389509470576,ba6d6c5b81e423ba26d2e85ff654316124341123122cbb537a20955acf9cac3b,False
4,r,192-97-2,68631-49-2,False,107,107,1.0,-0.0014552389509470576,ba6d6c5b81e423ba26d2e85ff654316124341123122cbb537a20955acf9cac3b,False
4,r,194098-25-4,36913-39-0,False,107,107,1.0,-0.0014552389509470576,ba6d6c5b81e423ba26d2e85ff654316124341123122cbb537a20955acf9cac3b,False
4,r,1948-33-0,51-03-6,False,107,107,1.0,-0.0014552389509470576,ba6d6c5b81e423ba26d2e85ff654316124341123122cbb537a20955acf9cac3b,False
4,r,203-64-5,55-98-1,False,107,107,1.0,-0.0014552389509470576,ba6d6c5b81e423ba26d2e85ff654316124341123122cbb537a20955acf9cac3b,False
4,r,205-99-2,215-58-7,False,107,107,1.0,-0.0014552389509470576,ba6d6c5b81e423ba26d2e85ff654316124341123122cbb537a20955acf9cac3b,False
4,r,208-96-8,75330-75-5,False,107,107,1.0,-0.0014552389509470576,ba6d6c5b81e423ba26d2e85ff654316124341123122cbb537a20955acf9cac3b,False
4,r,210880-92-5,298-04-4,False,107,107,1.0,-0.0014552389509470576,ba6d6c5b81e423ba26d2e85ff654316124341123122cbb537a20955acf9cac3b,False
4,r,215-58-7,7696-12-0,False,107,107,1.0,-0.0014552389509470576,ba6d6c5b81e423ba26d2e85ff654316124341123122cbb537a20955acf9cac3b,False
4,r,2155-70-6,50-28-2,False,107,107,1.0,-0.0014552389509470576,ba6d6c5b81e423ba26d2e85ff654316124341123122cbb537a20955acf9cac3b,False
4,r,218-01-9,143-50-0,False,107,107,1.0,-0.0014552389509470576,ba6d6c5b81e423ba26d2e85ff654316124341123122cbb537a20955acf9cac3b,False
4,r,220860-50-4,584-79-2,False,107,107,1.0,-0.0014552389509470576,ba6d6c5b81e423ba26d2e85ff654316124341123122cbb537a20955acf9cac3b,False
4,r,2212-67-1,1241-94-7,False,107,107,1.0,-0.0014552389509470576,ba6d6c5b81e423ba26d2e85ff654316124341123122cbb537a20955acf9cac3b,False
4,r,22224-92-6,638-38-0,False,107,107,1.0,-0.0014552389509470576,ba6d6c5b81e423ba26d2e85ff654316124341123122cbb537a20955acf9cac3b,False
4,r,23031-36-9,83-79-4,False,107,107,1.0,-0.0014552389509470576,ba6d6c5b81e423ba26d2e85ff654316124341123122cbb537a20955acf9cac3b,False
4,r,2385-85-5,57966-95-7,False,107,107,1.0,-0.0014552389509470576,ba6d6c5b81e423ba26d2e85ff654316124341123122cbb537a20955acf9cac3b,False
4,r,2465-27-2,56-04-2,False,107,107,1.0,-0.0014552389509470576,ba6d6c5b81e423ba26d2e85ff654316124341123122cbb537a20955acf9cac3b,False
4,r,26040-51-7,188425-85-6,False,107,107,1.0,-0.0014552389509470576,ba6d6c5b81e423ba26d2e85ff654316124341123122cbb537a20955acf9cac3b,False
4,r,28094-15-7,52645-53-1,False,107,107,1.0,-0.0014552389509470576,ba6d6c5b81e423ba26d2e85ff654316124341123122cbb537a20955acf9cac3b,False
4,r,28434-00-6,105512-06-9,False,107,107,1.0,-0.0014552389509470576,ba6d6c5b81e423ba26d2e85ff654316124341123122cbb537a20955acf9cac3b,False
4,r,29761-21-5,759-94-4,False,107,107,1.0,-0.0014552389509470576,ba6d6c5b81e423ba26d2e85ff654316124341123122cbb537a20955acf9cac3b,False
4,r,298-04-4,205-99-2,False,107,107,1.0,-0.0014552389509470576,ba6d6c5b81e423ba26d2e85ff654316124341123122cbb537a20955acf9cac3b,False
4,r,309-00-2,72-55-9,False,107,107,1.0,-0.0014552389509470576,ba6d6c5b81e423ba26d2e85ff654316124341123122cbb537a20955acf9cac3b,False
4,r,361377-29-9,159138-81-5,False,107,107,1.0,-0.0014552389509470576,ba6d6c5b81e423ba26d2e85ff654316124341123122cbb537a20955acf9cac3b,False
4,r,36913-39-0,148477-71-8,False,107,107,1.0,-0.0014552389509470576,ba6d6c5b81e423ba26d2e85ff654316124341123122cbb537a20955acf9cac3b,False
4,r,50-06-6,1461-22-9,False,107,107,1.0,-0.0014552389509470576,ba6d6c5b81e423ba26d2e85ff654316124341123122cbb537a20955acf9cac3b,False
4,r,50-28-2,60-56-0,False,107,107,1.0,-0.0014552389509470576,ba6d6c5b81e423ba26d2e85ff654316124341123122cbb537a20955acf9cac3b,False
4,r,50-29-3,115-28-6,False,107,107,1.0,-0.0014552389509470576,ba6d6c5b81e423ba26d2e85ff654316124341123122cbb537a20955acf9cac3b,False
4,r,50-55-5,1948-33-0,False,107,107,1.0,-0.0014552389509470576,ba6d6c5b81e423ba26d2e85ff654316124341123122cbb537a20955acf9cac3b,False
4,r,50-70-4,8018-01-7,False,107,107,1.0,-0.0014552389509470576,ba6d6c5b81e423ba26d2e85ff654316124341123122cbb537a20955acf9cac3b,False
4,r,50-78-2,117-81-7,False,107,107,1.0,-0.0014552389509470576,ba6d6c5b81e423ba26d2e85ff654316124341123122cbb537a20955acf9cac3b,False
4,r,50-81-7,12108-13-3,False,107,107,1.0,-0.0014552389509470576,ba6d6c5b81e423ba26d2e85ff654316124341123122cbb537a20955acf9cac3b,False
4,r,51-03-6,210880-92-5,False,107,107,1.0,-0.0014552389509470576,ba6d6c5b81e423ba26d2e85ff654316124341123122cbb537a20955acf9cac3b,False
4,r,51-52-5,5436-43-1,False,107,107,1.0,-0.0014552389509470576,ba6d6c5b81e423ba26d2e85ff654316124341123122cbb537a20955acf9cac3b,False
4,r,52645-53-1,129-00-0,False,107,107,1.0,-0.0014552389509470576,ba6d6c5b81e423ba26d2e85ff654316124341123122cbb537a20955acf9cac3b,False
4,r,5436-43-1,57-74-9,False,107,107,1.0,-0.0014552389509470576,ba6d6c5b81e423ba26d2e85ff654316124341123122cbb537a20955acf9cac3b,False
4,r,55-98-1,633-65-8,False,107,107,1.0,-0.0014552389509470576,ba6d6c5b81e423ba26d2e85ff654316124341123122cbb537a20955acf9cac3b,False
4,r,55406-53-6,114-07-8,False,107,107,1.0,-0.0014552389509470576,ba6d6c5b81e423ba26d2e85ff654316124341123122cbb537a20955acf9cac3b,False
4,r,56-04-2,26040-51-7,False,107,107,1.0,-0.0014552389509470576,ba6d6c5b81e423ba26d2e85ff654316124341123122cbb537a20955acf9cac3b,False
4,r,56-38-2,208-96-8,False,107,107,1.0,-0.0014552389509470576,ba6d6c5b81e423ba26d2e85ff654316124341123122cbb537a20955acf9cac3b,False
4,r,56-55-3,80844-07-1,False,107,107,1.0,-0.0014552389509470576,ba6d6c5b81e423ba26d2e85ff654316124341123122cbb537a20955acf9cac3b,False
4,r,56-81-5,1912-24-9,False,107,107,1.0,-0.0014552389509470576,ba6d6c5b81e423ba26d2e85ff654316124341123122cbb537a20955acf9cac3b,False
4,r,56803-37-3,91-20-3,False,107,107,1.0,-0.0014552389509470576,ba6d6c5b81e423ba26d2e85ff654316124341123122cbb537a20955acf9cac3b,False
4,r,57-74-9,70-30-4,False,107,107,1.0,-0.0014552389509470576,ba6d6c5b81e423ba26d2e85ff654316124341123122cbb537a20955acf9cac3b,False
4,r,57966-95-7,10540-29-1,False,107,107,1.0,-0.0014552389509470576,ba6d6c5b81e423ba26d2e85ff654316124341123122cbb537a20955acf9cac3b,False
4,r,584-79-2,1563-66-2,False,107,107,1.0,-0.0014552389509470576,ba6d6c5b81e423ba26d2e85ff654316124341123122cbb537a20955acf9cac3b,False
4,r,59-30-3,97-53-0,False,107,107,1.0,-0.0014552389509470576,ba6d6c5b81e423ba26d2e85ff654316124341123122cbb537a20955acf9cac3b,False
4,r,60-56-0,113-48-4,False,107,107,1.0,-0.0014552389509470576,ba6d6c5b81e423ba26d2e85ff654316124341123122cbb537a20955acf9cac3b,False
4,r,60348-60-9,56803-37-3,False,107,107,1.0,-0.0014552389509470576,ba6d6c5b81e423ba26d2e85ff654316124341123122cbb537a20955acf9cac3b,False
4,r,62-38-4,50-70-4,False,107,107,1.0,-0.0014552389509470576,ba6d6c5b81e423ba26d2e85ff654316124341123122cbb537a20955acf9cac3b,False
4,r,633-65-8,192-97-2,False,107,107,1.0,-0.0014552389509470576,ba6d6c5b81e423ba26d2e85ff654316124341123122cbb537a20955acf9cac3b,False
4,r,638-38-0,2212-67-1,False,107,107,1.0,-0.0014552389509470576,ba6d6c5b81e423ba26d2e85ff654316124341123122cbb537a20955acf9cac3b,False
4,r,68631-49-2,68937-41-7,False,107,107,1.0,-0.0014552389509470576,ba6d6c5b81e423ba26d2e85ff654316124341123122cbb537a20955acf9cac3b,False
4,r,68937-41-7,10043-35-3,False,107,107,1.0,-0.0014552389509470576,ba6d6c5b81e423ba26d2e85ff654316124341123122cbb537a20955acf9cac3b,False
4,r,70-30-4,1095-90-5,False,107,107,1.0,-0.0014552389509470576,ba6d6c5b81e423ba26d2e85ff654316124341123122cbb537a20955acf9cac3b,False
4,r,72-20-8,56-81-5,False,107,107,1.0,-0.0014552389509470576,ba6d6c5b81e423ba26d2e85ff654316124341123122cbb537a20955acf9cac3b,False
4,r,72-43-5,23031-36-9,False,107,107,1.0,-0.0014552389509470576,ba6d6c5b81e423ba26d2e85ff654316124341123122cbb537a20955acf9cac3b,False
4,r,72-55-9,203-64-5,False,107,107,1.0,-0.0014552389509470576,ba6d6c5b81e423ba26d2e85ff654316124341123122cbb537a20955acf9cac3b,False
4,r,7487-94-7,56-38-2,False,107,107,1.0,-0.0014552389509470576,ba6d6c5b81e423ba26d2e85ff654316124341123122cbb537a20955acf9cac3b,False
4,r,75330-75-5,194098-25-4,False,107,107,1.0,-0.0014552389509470576,ba6d6c5b81e423ba26d2e85ff654316124341123122cbb537a20955acf9cac3b,False
4,r,759-94-4,111988-49-9,False,107,107,1.0,-0.0014552389509470576,ba6d6c5b81e423ba26d2e85ff654316124341123122cbb537a20955acf9cac3b,False
4,r,7696-12-0,29761-21-5,False,107,107,1.0,-0.0014552389509470576,ba6d6c5b81e423ba26d2e85ff654316124341123122cbb537a20955acf9cac3b,False
4,r,77-40-7,62-38-4,False,107,107,1.0,-0.0014552389509470576,ba6d6c5b81e423ba26d2e85ff654316124341123122cbb537a20955acf9cac3b,False
4,r,789-02-6,101-10-0,False,107,107,1.0,-0.0014552389509470576,ba6d6c5b81e423ba26d2e85ff654316124341123122cbb537a20955acf9cac3b,False
4,r,79902-63-9,59-30-3,False,107,107,1.0,-0.0014552389509470576,ba6d6c5b81e423ba26d2e85ff654316124341123122cbb537a20955acf9cac3b,False
4,r,80-09-1,133-06-2,False,107,107,1.0,-0.0014552389509470576,ba6d6c5b81e423ba26d2e85ff654316124341123122cbb537a20955acf9cac3b,False
4,r,8000-34-8,7487-94-7,False,107,107,1.0,-0.0014552389509470576,ba6d6c5b81e423ba26d2e85ff654316124341123122cbb537a20955acf9cac3b,False
4,r,8018-01-7,72-43-5,False,107,107,1.0,-0.0014552389509470576,ba6d6c5b81e423ba26d2e85ff654316124341123122cbb537a20955acf9cac3b,False
4,r,80844-07-1,147-24-0,False,107,107,1.0,-0.0014552389509470576,ba6d6c5b81e423ba26d2e85ff654316124341123122cbb537a20955acf9cac3b,False
4,r,81131-70-6,50-29-3,False,107,107,1.0,-0.0014552389509470576,ba6d6c5b81e423ba26d2e85ff654316124341123122cbb537a20955acf9cac3b,False
4,r,83-32-9,361377-29-9,False,107,107,1.0,-0.0014552389509470576,ba6d6c5b81e423ba26d2e85ff654316124341123122cbb537a20955acf9cac3b,False
4,r,83-79-4,860302-33-6,False,107,107,1.0,-0.0014552389509470576,ba6d6c5b81e423ba26d2e85ff654316124341123122cbb537a20955acf9cac3b,False
4,r,848641-69-0,122-14-5,False,107,107,1.0,-0.0014552389509470576,ba6d6c5b81e423ba26d2e85ff654316124341123122cbb537a20955acf9cac3b,False
4,r,85-01-8,55406-53-6,False,107,107,1.0,-0.0014552389509470576,ba6d6c5b81e423ba26d2e85ff654316124341123122cbb537a20955acf9cac3b,False
4,r,860302-33-6,50-55-5,False,107,107,1.0,-0.0014552389509470576,ba6d6c5b81e423ba26d2e85ff654316124341123122cbb537a20955acf9cac3b,False
4,r,91-20-3,81131-70-6,False,107,107,1.0,-0.0014552389509470576,ba6d6c5b81e423ba26d2e85ff654316124341123122cbb537a20955acf9cac3b,False
4,r,97-53-0,117428-22-5,False,107,107,1.0,-0.0014552389509470576,ba6d6c5b81e423ba26d2e85ff654316124341123122cbb537a20955acf9cac3b,False
