endpoint,feature,family,mean_absolute_contribution,rank,seed,outer_folds,variants_present
meanfiringrate,div7_meanfiringrate,DIV7 neural,20.225860001975924,1,0,5,bt_residual
meanfiringrate,div7_cv.time,DIV7 neural,2.7004023154885854,2,0,5,bt_residual
meanfiringrate,div5_meanfiringrate,DIV5 neural,2.524995039409237,3,0,5,bt_residual
meanfiringrate,div7_mean.dur,DIV7 neural,1.8506645915109359,4,0,5,bt_residual
meanfiringrate,div5_r,DIV5 neural,1.779391054977239,5,0,5,bt_residual
meanfiringrate,div7_burst.per.min,DIV7 neural,1.6875728354843673,6,0,5,bt_residual
meanfiringrate,div7_mean.isis,DIV7 neural,1.543571687394079,7,0,5,bt_residual
meanfiringrate,div7_cv.network,DIV7 neural,1.5366552256424604,8,0,5,bt_residual
meanfiringrate,div7_nAE,DIV7 neural,1.4225945825242812,9,0,5,bt_residual
meanfiringrate,div5_cv.time,DIV5 neural,1.040004340591134,10,0,5,bt_residual
meanfiringrate,div7_ns.percent.of.spikes.in.ns,DIV7 neural,1.0238951041076898,11,0,5,bt_residual
meanfiringrate,morgan_841,Morgan chemistry,0.9677607688458513,12,0,5,bt_residual
meanfiringrate,morgan_0,Morgan chemistry,0.8967496819997112,13,0,5,bt_residual
meanfiringrate,morgan_300,Morgan chemistry,0.755407678477959,14,0,5,bt_residual
meanfiringrate,div5_mean.dur,DIV5 neural,0.6931703174160613,15,0,5,bt_residual
meanfiringrate,desc_MolMR,RDKit descriptor,0.6330826811289509,16,0,5,bt_residual
meanfiringrate,div7_ns.durn.m,DIV7 neural,0.5294449357207184,17,0,5,bt_residual
meanfiringrate,div7_per.spikes.in.burst,DIV7 neural,0.49824143290983564,18,0,5,bt_residual
meanfiringrate,div7_nABE,DIV7 neural,0.4873360177422312,19,0,5,bt_residual
meanfiringrate,div7_r,DIV7 neural,0.48217701819156394,20,0,5,bt_residual
meanfiringrate,div7_mean.IBIs,DIV7 neural,0.4775677042712497,21,0,5,bt_residual
meanfiringrate,div5_burst.per.min,DIV5 neural,0.4015498031438093,22,0,5,bt_residual
meanfiringrate,div5_nAE,DIV5 neural,0.349394050553615,23,0,5,bt_residual
meanfiringrate,div5_ns.durn.m,DIV5 neural,0.33771384272593935,24,0,5,bt_residual
meanfiringrate,div5_ns.n,DIV5 neural,0.30506147206525397,25,0,5,bt_residual
meanfiringrate,div7_ns.peak.m,DIV7 neural,0.3005539842152874,26,0,5,bt_residual
meanfiringrate,div7_ns.mean.insis,DIV7 neural,0.27296964412533353,27,0,5,bt_residual
meanfiringrate,desc_HeavyAtomCount,RDKit descriptor,0.24674904160926314,28,0,5,bt_residual
meanfiringrate,morgan_506,Morgan chemistry,0.22312256334356761,29,0,5,bt_residual
meanfiringrate,div5_per.spikes.in.burst,DIV5 neural,0.20733071486773658,30,0,5,bt_residual
meanfiringrate,div5_cv.network,DIV5 neural,0.200114869422022,31,0,5,bt_residual
meanfiringrate,div5_mean.IBIs,DIV5 neural,0.14509807579248332,32,0,5,bt_residual
meanfiringrate,desc_MolWt,RDKit descriptor,0.12703870799290995,33,0,5,bt_residual
meanfiringrate,div5_mean.isis,DIV5 neural,0.12318161721359432,34,0,5,bt_residual
meanfiringrate,morgan_1999,Morgan chemistry,0.10627235420019246,35,0,5,bt_residual
meanfiringrate,morgan_277,Morgan chemistry,0.1062118812293858,36,0,5,bt_residual
meanfiringrate,log10_1p_dose,dose,0.094628901797046,37,0,5,bt_residual
meanfiringrate,div7_ns.n,DIV7 neural,0.09348340941310393,38,0,5,bt_residual
meanfiringrate,desc_NumHDonors,RDKit descriptor,0.08591100585135969,39,0,5,bt_residual
meanfiringrate,morgan_47,Morgan chemistry,0.08409086739506703,40,0,5,bt_residual
meanfiringrate,div5_ns.mean.spikes.in.ns,DIV5 neural,0.08204687523006929,41,0,5,bt_residual
meanfiringrate,div5_ns.peak.m,DIV5 neural,0.07901594703763376,42,0,5,bt_residual
meanfiringrate,morgan_1257,Morgan chemistry,0.06814910813528276,43,0,5,bt_residual
meanfiringrate,div7_ns.mean.spikes.in.ns,DIV7 neural,0.06784920469796148,44,0,5,bt_residual
meanfiringrate,desc_MolLogP,RDKit descriptor,0.06711794537444987,45,0,5,bt_residual
meanfiringrate,div5_ns.durn.sd,DIV5 neural,0.06659083700365594,46,0,5,bt_residual
meanfiringrate,morgan_547,Morgan chemistry,0.05865649954354253,47,0,5,bt_residual
meanfiringrate,morgan_288,Morgan chemistry,0.0558658147136525,48,0,5,bt_residual
meanfiringrate,morgan_87,Morgan chemistry,0.05424631059401694,49,0,5,bt_residual
meanfiringrate,desc_ExactMolWt,RDKit descriptor,0.04690913653095408,50,0,5,bt_residual
meanfiringrate,morgan_1141,Morgan chemistry,0.04678708106163411,51,0,5,bt_residual
meanfiringrate,desc_FractionCSP3,RDKit descriptor,0.04627099992700124,52,0,5,bt_residual
meanfiringrate,morgan_1366,Morgan chemistry,0.043942996963916583,53,0,5,bt_residual
meanfiringrate,morgan_970,Morgan chemistry,0.042660761436135855,54,0,5,bt_residual
meanfiringrate,desc_NumRotatableBonds,RDKit descriptor,0.04181028340113302,55,0,5,bt_residual
meanfiringrate,desc_NumAromaticRings,RDKit descriptor,0.04035334086139842,56,0,5,bt_residual
meanfiringrate,morgan_882,Morgan chemistry,0.037849448534301285,57,0,5,bt_residual
meanfiringrate,div7_ns.durn.sd,DIV7 neural,0.03742574822114136,58,0,5,bt_residual
meanfiringrate,div5_nABE,DIV5 neural,0.033943689286940755,59,0,5,bt_residual
meanfiringrate,morgan_1004,Morgan chemistry,0.033867568357445386,60,0,5,bt_residual
meanfiringrate,div5_ns.percent.of.spikes.in.ns,DIV5 neural,0.03347171976408606,61,0,5,bt_residual
meanfiringrate,desc_NumAliphaticRings,RDKit descriptor,0.03328440022375797,62,0,5,bt_residual
meanfiringrate,morgan_1417,Morgan chemistry,0.033281838383656066,63,0,5,bt_residual
meanfiringrate,desc_TPSA,RDKit descriptor,0.03212644965732144,64,0,5,bt_residual
meanfiringrate,morgan_1609,Morgan chemistry,0.03198444054748298,65,0,5,bt_residual
meanfiringrate,morgan_1349,Morgan chemistry,0.03169702648652667,66,0,5,bt_residual
meanfiringrate,morgan_1802,Morgan chemistry,0.030460741733298692,67,0,5,bt_residual
meanfiringrate,morgan_1088,Morgan chemistry,0.0282046173333194,68,0,5,bt_residual
meanfiringrate,morgan_875,Morgan chemistry,0.027805920240944,69,0,5,bt_residual
meanfiringrate,morgan_1188,Morgan chemistry,0.027284461700498825,70,0,5,bt_residual
meanfiringrate,morgan_697,Morgan chemistry,0.02671274971869205,71,0,5,bt_residual
meanfiringrate,morgan_294,Morgan chemistry,0.02609643258937138,72,0,5,bt_residual
meanfiringrate,morgan_650,Morgan chemistry,0.026086422371957088,73,0,5,bt_residual
meanfiringrate,morgan_252,Morgan chemistry,0.020484814036217183,74,0,5,bt_residual
meanfiringrate,morgan_70,Morgan chemistry,0.01954695593986066,75,0,5,bt_residual
meanfiringrate,morgan_445,Morgan chemistry,0.019350567680388574,76,0,5,bt_residual
meanfiringrate,morgan_155,Morgan chemistry,0.018856584793862666,77,0,5,bt_residual
meanfiringrate,morgan_750,Morgan chemistry,0.01883932774168972,78,0,5,bt_residual
meanfiringrate,morgan_216,Morgan chemistry,0.017935290874674163,79,0,5,bt_residual
meanfiringrate,desc_RingCount,RDKit descriptor,0.017918525386877097,80,0,5,bt_residual
meanfiringrate,morgan_1,Morgan chemistry,0.017458399909943457,81,0,5,bt_residual
meanfiringrate,morgan_656,Morgan chemistry,0.0144409511803653,82,0,5,bt_residual
meanfiringrate,desc_NOCount,RDKit descriptor,0.013406450182547365,83,0,5,bt_residual
meanfiringrate,morgan_1597,Morgan chemistry,0.012747518747233231,84,0,5,bt_residual
meanfiringrate,morgan_590,Morgan chemistry,0.011818925694268964,85,0,5,bt_residual
meanfiringrate,morgan_840,Morgan chemistry,0.011471710316401975,86,0,5,bt_residual
meanfiringrate,morgan_880,Morgan chemistry,0.01088517718741866,87,0,5,bt_residual
meanfiringrate,morgan_1602,Morgan chemistry,0.009863082536927458,88,0,5,bt_residual
meanfiringrate,morgan_147,Morgan chemistry,0.009832368286667167,89,0,5,bt_residual
meanfiringrate,cohort_toxcast,cohort,0.00922988639267502,90,0,5,bt_residual
meanfiringrate,morgan_1383,Morgan chemistry,0.008895712603854761,91,0,5,bt_residual
meanfiringrate,morgan_1683,Morgan chemistry,0.008513021619867257,92,0,5,bt_residual
meanfiringrate,morgan_501,Morgan chemistry,0.008034907426351703,93,0,5,bt_residual
meanfiringrate,morgan_591,Morgan chemistry,0.0076959327964931145,94,0,5,bt_residual
meanfiringrate,morgan_823,Morgan chemistry,0.0072830609310461855,95,0,5,bt_residual
meanfiringrate,morgan_1885,Morgan chemistry,0.00722582006268928,96,0,5,bt_residual
meanfiringrate,desc_NumHAcceptors,RDKit descriptor,0.006988025940809732,97,0,5,bt_residual
meanfiringrate,morgan_629,Morgan chemistry,0.006771625943684856,98,0,5,bt_residual
meanfiringrate,morgan_794,Morgan chemistry,0.006538862848096321,99,0,5,bt_residual
meanfiringrate,morgan_316,Morgan chemistry,0.0060209667868187456,100,0,5,bt_residual
meanfiringrate,morgan_1214,Morgan chemistry,0.005946823131249572,101,0,5,bt_residual
meanfiringrate,morgan_1292,Morgan chemistry,0.005910115019356694,102,0,5,bt_residual
meanfiringrate,morgan_961,Morgan chemistry,0.004862714370400989,103,0,5,bt_residual
meanfiringrate,morgan_2020,Morgan chemistry,0.004756742414333477,104,0,5,bt_residual
meanfiringrate,morgan_1544,Morgan chemistry,0.004683428237410371,105,0,5,bt_residual
meanfiringrate,morgan_1452,Morgan chemistry,0.0044854591792659534,106,0,5,bt_residual
meanfiringrate,desc_NHOHCount,RDKit descriptor,0.004447852127283,107,0,5,bt_residual
meanfiringrate,morgan_745,Morgan chemistry,0.004132725617301139,108,0,5,bt_residual
meanfiringrate,morgan_1917,Morgan chemistry,0.0035390816773885883,109,0,5,bt_residual
meanfiringrate,morgan_695,Morgan chemistry,0.0033444251995606183,110,0,5,bt_residual
meanfiringrate,div5_ns.mean.insis,DIV5 neural,0.002967157948341815,111,0,5,bt_residual
meanfiringrate,morgan_1003,Morgan chemistry,0.0027522764781105842,112,0,5,bt_residual
meanfiringrate,morgan_622,Morgan chemistry,0.002748954156957248,113,0,5,bt_residual
meanfiringrate,morgan_2017,Morgan chemistry,0.0027008873015526205,114,0,5,bt_residual
meanfiringrate,morgan_836,Morgan chemistry,0.002589728813690898,115,0,5,bt_residual
meanfiringrate,desc_NumSaturatedRings,RDKit descriptor,0.0025284937383599783,116,0,5,bt_residual
meanfiringrate,morgan_596,Morgan chemistry,0.00244227248870909,117,0,5,bt_residual
meanfiringrate,morgan_165,Morgan chemistry,0.0022756754192396825,118,0,5,bt_residual
meanfiringrate,morgan_781,Morgan chemistry,0.0020576390774797375,119,0,5,bt_residual
meanfiringrate,morgan_1203,Morgan chemistry,0.0020201630629454142,120,0,5,bt_residual
meanfiringrate,morgan_1007,Morgan chemistry,0.002016164913251706,121,0,5,bt_residual
meanfiringrate,morgan_577,Morgan chemistry,0.001803775125904306,122,0,5,bt_residual
meanfiringrate,morgan_217,Morgan chemistry,0.0017970035048310395,123,0,5,bt_residual
meanfiringrate,morgan_683,Morgan chemistry,0.001704320021640466,124,0,5,bt_residual
meanfiringrate,morgan_808,Morgan chemistry,0.0013445780434960986,125,0,5,bt_residual
meanfiringrate,morgan_69,Morgan chemistry,0.0013290301603102034,126,0,5,bt_residual
meanfiringrate,morgan_1313,Morgan chemistry,0.0010643086544734495,127,0,5,bt_residual
meanfiringrate,morgan_1111,Morgan chemistry,0.0010387642374298453,128,0,5,bt_residual
meanfiringrate,morgan_803,Morgan chemistry,0.0008924395889623619,129,0,5,bt_residual
meanfiringrate,morgan_1134,Morgan chemistry,0.0005936221969730659,130,0,5,bt_residual
meanfiringrate,morgan_1168,Morgan chemistry,0.00020461026506665152,131,0,5,bt_residual
meanfiringrate,morgan_1944,Morgan chemistry,0.0,132,0,5,bt_residual
meanfiringrate,morgan_1943,Morgan chemistry,0.0,133,0,5,bt_residual
meanfiringrate,morgan_1942,Morgan chemistry,0.0,134,0,5,bt_residual
meanfiringrate,morgan_1941,Morgan chemistry,0.0,135,0,5,bt_residual
meanfiringrate,morgan_1940,Morgan chemistry,0.0,136,0,5,bt_residual
meanfiringrate,morgan_1939,Morgan chemistry,0.0,137,0,5,bt_residual
meanfiringrate,morgan_1938,Morgan chemistry,0.0,138,0,5,bt_residual
meanfiringrate,morgan_1937,Morgan chemistry,0.0,139,0,5,bt_residual
meanfiringrate,morgan_1936,Morgan chemistry,0.0,140,0,5,bt_residual
meanfiringrate,morgan_1935,Morgan chemistry,0.0,141,0,5,bt_residual
meanfiringrate,morgan_1934,Morgan chemistry,0.0,142,0,5,bt_residual
meanfiringrate,morgan_1933,Morgan chemistry,0.0,143,0,5,bt_residual
meanfiringrate,morgan_1932,Morgan chemistry,0.0,144,0,5,bt_residual
meanfiringrate,morgan_1931,Morgan chemistry,0.0,145,0,5,bt_residual
meanfiringrate,morgan_1930,Morgan chemistry,0.0,146,0,5,bt_residual
meanfiringrate,morgan_1929,Morgan chemistry,0.0,147,0,5,bt_residual
meanfiringrate,morgan_1928,Morgan chemistry,0.0,148,0,5,bt_residual
meanfiringrate,morgan_1927,Morgan chemistry,0.0,149,0,5,bt_residual
meanfiringrate,morgan_1926,Morgan chemistry,0.0,150,0,5,bt_residual
meanfiringrate,morgan_1925,Morgan chemistry,0.0,151,0,5,bt_residual
meanfiringrate,morgan_1924,Morgan chemistry,0.0,152,0,5,bt_residual
meanfiringrate,morgan_1923,Morgan chemistry,0.0,153,0,5,bt_residual
meanfiringrate,morgan_1922,Morgan chemistry,0.0,154,0,5,bt_residual
meanfiringrate,morgan_1921,Morgan chemistry,0.0,155,0,5,bt_residual
meanfiringrate,morgan_1920,Morgan chemistry,0.0,156,0,5,bt_residual
meanfiringrate,morgan_1919,Morgan chemistry,0.0,157,0,5,bt_residual
meanfiringrate,morgan_1918,Morgan chemistry,0.0,158,0,5,bt_residual
meanfiringrate,morgan_1916,Morgan chemistry,0.0,159,0,5,bt_residual
meanfiringrate,morgan_1915,Morgan chemistry,0.0,160,0,5,bt_residual
meanfiringrate,morgan_1914,Morgan chemistry,0.0,161,0,5,bt_residual
meanfiringrate,morgan_1913,Morgan chemistry,0.0,162,0,5,bt_residual
meanfiringrate,morgan_1912,Morgan chemistry,0.0,163,0,5,bt_residual
meanfiringrate,morgan_1911,Morgan chemistry,0.0,164,0,5,bt_residual
meanfiringrate,morgan_1910,Morgan chemistry,0.0,165,0,5,bt_residual
meanfiringrate,morgan_1909,Morgan chemistry,0.0,166,0,5,bt_residual
meanfiringrate,morgan_1908,Morgan chemistry,0.0,167,0,5,bt_residual
meanfiringrate,morgan_1907,Morgan chemistry,0.0,168,0,5,bt_residual
meanfiringrate,morgan_1906,Morgan chemistry,0.0,169,0,5,bt_residual
meanfiringrate,morgan_1905,Morgan chemistry,0.0,170,0,5,bt_residual
meanfiringrate,morgan_1904,Morgan chemistry,0.0,171,0,5,bt_residual
meanfiringrate,morgan_1903,Morgan chemistry,0.0,172,0,5,bt_residual
meanfiringrate,morgan_1902,Morgan chemistry,0.0,173,0,5,bt_residual
meanfiringrate,morgan_1901,Morgan chemistry,0.0,174,0,5,bt_residual
meanfiringrate,morgan_1900,Morgan chemistry,0.0,175,0,5,bt_residual
meanfiringrate,morgan_1899,Morgan chemistry,0.0,176,0,5,bt_residual
meanfiringrate,morgan_1898,Morgan chemistry,0.0,177,0,5,bt_residual
meanfiringrate,morgan_1897,Morgan chemistry,0.0,178,0,5,bt_residual
meanfiringrate,morgan_1896,Morgan chemistry,0.0,179,0,5,bt_residual
meanfiringrate,morgan_1895,Morgan chemistry,0.0,180,0,5,bt_residual
meanfiringrate,morgan_1894,Morgan chemistry,0.0,181,0,5,bt_residual
meanfiringrate,morgan_1893,Morgan chemistry,0.0,182,0,5,bt_residual
meanfiringrate,morgan_1892,Morgan chemistry,0.0,183,0,5,bt_residual
meanfiringrate,morgan_1891,Morgan chemistry,0.0,184,0,5,bt_residual
meanfiringrate,morgan_1890,Morgan chemistry,0.0,185,0,5,bt_residual
meanfiringrate,morgan_1889,Morgan chemistry,0.0,186,0,5,bt_residual
meanfiringrate,morgan_1888,Morgan chemistry,0.0,187,0,5,bt_residual
meanfiringrate,morgan_1887,Morgan chemistry,0.0,188,0,5,bt_residual
meanfiringrate,morgan_1886,Morgan chemistry,0.0,189,0,5,bt_residual
meanfiringrate,morgan_1884,Morgan chemistry,0.0,190,0,5,bt_residual
meanfiringrate,morgan_1883,Morgan chemistry,0.0,191,0,5,bt_residual
meanfiringrate,morgan_1882,Morgan chemistry,0.0,192,0,5,bt_residual
meanfiringrate,morgan_1881,Morgan chemistry,0.0,193,0,5,bt_residual
meanfiringrate,morgan_1880,Morgan chemistry,0.0,194,0,5,bt_residual
meanfiringrate,morgan_1879,Morgan chemistry,0.0,195,0,5,bt_residual
meanfiringrate,morgan_1878,Morgan chemistry,0.0,196,0,5,bt_residual
meanfiringrate,morgan_1877,Morgan chemistry,0.0,197,0,5,bt_residual
meanfiringrate,morgan_1876,Morgan chemistry,0.0,198,0,5,bt_residual
meanfiringrate,morgan_1875,Morgan chemistry,0.0,199,0,5,bt_residual
meanfiringrate,morgan_1874,Morgan chemistry,0.0,200,0,5,bt_residual
meanfiringrate,morgan_1873,Morgan chemistry,0.0,201,0,5,bt_residual
meanfiringrate,morgan_1872,Morgan chemistry,0.0,202,0,5,bt_residual
meanfiringrate,morgan_1871,Morgan chemistry,0.0,203,0,5,bt_residual
meanfiringrate,morgan_1870,Morgan chemistry,0.0,204,0,5,bt_residual
meanfiringrate,morgan_1869,Morgan chemistry,0.0,205,0,5,bt_residual
meanfiringrate,morgan_1868,Morgan chemistry,0.0,206,0,5,bt_residual
meanfiringrate,morgan_1867,Morgan chemistry,0.0,207,0,5,bt_residual
meanfiringrate,morgan_1866,Morgan chemistry,0.0,208,0,5,bt_residual
meanfiringrate,morgan_1865,Morgan chemistry,0.0,209,0,5,bt_residual
meanfiringrate,morgan_1864,Morgan chemistry,0.0,210,0,5,bt_residual
meanfiringrate,morgan_1863,Morgan chemistry,0.0,211,0,5,bt_residual
meanfiringrate,morgan_1862,Morgan chemistry,0.0,212,0,5,bt_residual
meanfiringrate,morgan_1861,Morgan chemistry,0.0,213,0,5,bt_residual
meanfiringrate,morgan_1860,Morgan chemistry,0.0,214,0,5,bt_residual
meanfiringrate,morgan_1859,Morgan chemistry,0.0,215,0,5,bt_residual
meanfiringrate,morgan_1858,Morgan chemistry,0.0,216,0,5,bt_residual
meanfiringrate,morgan_1857,Morgan chemistry,0.0,217,0,5,bt_residual
meanfiringrate,morgan_1856,Morgan chemistry,0.0,218,0,5,bt_residual
meanfiringrate,morgan_1855,Morgan chemistry,0.0,219,0,5,bt_residual
meanfiringrate,morgan_1854,Morgan chemistry,0.0,220,0,5,bt_residual
meanfiringrate,morgan_1853,Morgan chemistry,0.0,221,0,5,bt_residual
meanfiringrate,morgan_1852,Morgan chemistry,0.0,222,0,5,bt_residual
meanfiringrate,morgan_1851,Morgan chemistry,0.0,223,0,5,bt_residual
meanfiringrate,morgan_1850,Morgan chemistry,0.0,224,0,5,bt_residual
meanfiringrate,morgan_1849,Morgan chemistry,0.0,225,0,5,bt_residual
meanfiringrate,morgan_1848,Morgan chemistry,0.0,226,0,5,bt_residual
meanfiringrate,morgan_1847,Morgan chemistry,0.0,227,0,5,bt_residual
meanfiringrate,morgan_1846,Morgan chemistry,0.0,228,0,5,bt_residual
meanfiringrate,morgan_1845,Morgan chemistry,0.0,229,0,5,bt_residual
meanfiringrate,morgan_1844,Morgan chemistry,0.0,230,0,5,bt_residual
meanfiringrate,morgan_1843,Morgan chemistry,0.0,231,0,5,bt_residual
meanfiringrate,morgan_1842,Morgan chemistry,0.0,232,0,5,bt_residual
meanfiringrate,morgan_1841,Morgan chemistry,0.0,233,0,5,bt_residual
meanfiringrate,morgan_1840,Morgan chemistry,0.0,234,0,5,bt_residual
meanfiringrate,morgan_1839,Morgan chemistry,0.0,235,0,5,bt_residual
meanfiringrate,morgan_1838,Morgan chemistry,0.0,236,0,5,bt_residual
meanfiringrate,morgan_1837,Morgan chemistry,0.0,237,0,5,bt_residual
meanfiringrate,morgan_1836,Morgan chemistry,0.0,238,0,5,bt_residual
meanfiringrate,morgan_1835,Morgan chemistry,0.0,239,0,5,bt_residual
meanfiringrate,morgan_1834,Morgan chemistry,0.0,240,0,5,bt_residual
meanfiringrate,morgan_1833,Morgan chemistry,0.0,241,0,5,bt_residual
meanfiringrate,morgan_1832,Morgan chemistry,0.0,242,0,5,bt_residual
meanfiringrate,morgan_1831,Morgan chemistry,0.0,243,0,5,bt_residual
meanfiringrate,morgan_1830,Morgan chemistry,0.0,244,0,5,bt_residual
meanfiringrate,morgan_1829,Morgan chemistry,0.0,245,0,5,bt_residual
meanfiringrate,morgan_1828,Morgan chemistry,0.0,246,0,5,bt_residual
meanfiringrate,morgan_1827,Morgan chemistry,0.0,247,0,5,bt_residual
meanfiringrate,morgan_1826,Morgan chemistry,0.0,248,0,5,bt_residual
meanfiringrate,morgan_1825,Morgan chemistry,0.0,249,0,5,bt_residual
meanfiringrate,morgan_1824,Morgan chemistry,0.0,250,0,5,bt_residual
meanfiringrate,morgan_1823,Morgan chemistry,0.0,251,0,5,bt_residual
meanfiringrate,morgan_1822,Morgan chemistry,0.0,252,0,5,bt_residual
meanfiringrate,morgan_1821,Morgan chemistry,0.0,253,0,5,bt_residual
meanfiringrate,morgan_1820,Morgan chemistry,0.0,254,0,5,bt_residual
meanfiringrate,morgan_1819,Morgan chemistry,0.0,255,0,5,bt_residual
meanfiringrate,morgan_1818,Morgan chemistry,0.0,256,0,5,bt_residual
meanfiringrate,morgan_1817,Morgan chemistry,0.0,257,0,5,bt_residual
meanfiringrate,morgan_1816,Morgan chemistry,0.0,258,0,5,bt_residual
meanfiringrate,morgan_1815,Morgan chemistry,0.0,259,0,5,bt_residual
meanfiringrate,morgan_1814,Morgan chemistry,0.0,260,0,5,bt_residual
meanfiringrate,morgan_1813,Morgan chemistry,0.0,261,0,5,bt_residual
meanfiringrate,morgan_1812,Morgan chemistry,0.0,262,0,5,bt_residual
meanfiringrate,morgan_1811,Morgan chemistry,0.0,263,0,5,bt_residual
meanfiringrate,morgan_1810,Morgan chemistry,0.0,264,0,5,bt_residual
meanfiringrate,morgan_1809,Morgan chemistry,0.0,265,0,5,bt_residual
meanfiringrate,morgan_1808,Morgan chemistry,0.0,266,0,5,bt_residual
meanfiringrate,morgan_1807,Morgan chemistry,0.0,267,0,5,bt_residual
meanfiringrate,morgan_1806,Morgan chemistry,0.0,268,0,5,bt_residual
meanfiringrate,morgan_1805,Morgan chemistry,0.0,269,0,5,bt_residual
meanfiringrate,morgan_1804,Morgan chemistry,0.0,270,0,5,bt_residual
meanfiringrate,morgan_1803,Morgan chemistry,0.0,271,0,5,bt_residual
meanfiringrate,morgan_1801,Morgan chemistry,0.0,272,0,5,bt_residual
meanfiringrate,morgan_1800,Morgan chemistry,0.0,273,0,5,bt_residual
meanfiringrate,morgan_1799,Morgan chemistry,0.0,274,0,5,bt_residual
meanfiringrate,morgan_1798,Morgan chemistry,0.0,275,0,5,bt_residual
meanfiringrate,morgan_1797,Morgan chemistry,0.0,276,0,5,bt_residual
meanfiringrate,morgan_1796,Morgan chemistry,0.0,277,0,5,bt_residual
meanfiringrate,morgan_1795,Morgan chemistry,0.0,278,0,5,bt_residual
meanfiringrate,morgan_1794,Morgan chemistry,0.0,279,0,5,bt_residual
meanfiringrate,morgan_1793,Morgan chemistry,0.0,280,0,5,bt_residual
meanfiringrate,morgan_1792,Morgan chemistry,0.0,281,0,5,bt_residual
meanfiringrate,morgan_1791,Morgan chemistry,0.0,282,0,5,bt_residual
meanfiringrate,morgan_1790,Morgan chemistry,0.0,283,0,5,bt_residual
meanfiringrate,morgan_1789,Morgan chemistry,0.0,284,0,5,bt_residual
meanfiringrate,morgan_1788,Morgan chemistry,0.0,285,0,5,bt_residual
meanfiringrate,morgan_1787,Morgan chemistry,0.0,286,0,5,bt_residual
meanfiringrate,morgan_1786,Morgan chemistry,0.0,287,0,5,bt_residual
meanfiringrate,morgan_1785,Morgan chemistry,0.0,288,0,5,bt_residual
meanfiringrate,morgan_1784,Morgan chemistry,0.0,289,0,5,bt_residual
meanfiringrate,morgan_1783,Morgan chemistry,0.0,290,0,5,bt_residual
meanfiringrate,morgan_1782,Morgan chemistry,0.0,291,0,5,bt_residual
meanfiringrate,morgan_1781,Morgan chemistry,0.0,292,0,5,bt_residual
meanfiringrate,morgan_1780,Morgan chemistry,0.0,293,0,5,bt_residual
meanfiringrate,morgan_1779,Morgan chemistry,0.0,294,0,5,bt_residual
meanfiringrate,morgan_1778,Morgan chemistry,0.0,295,0,5,bt_residual
meanfiringrate,morgan_1777,Morgan chemistry,0.0,296,0,5,bt_residual
meanfiringrate,morgan_1776,Morgan chemistry,0.0,297,0,5,bt_residual
meanfiringrate,morgan_1775,Morgan chemistry,0.0,298,0,5,bt_residual
meanfiringrate,morgan_1774,Morgan chemistry,0.0,299,0,5,bt_residual
meanfiringrate,morgan_1773,Morgan chemistry,0.0,300,0,5,bt_residual
meanfiringrate,morgan_1772,Morgan chemistry,0.0,301,0,5,bt_residual
meanfiringrate,morgan_1771,Morgan chemistry,0.0,302,0,5,bt_residual
meanfiringrate,morgan_1770,Morgan chemistry,0.0,303,0,5,bt_residual
meanfiringrate,morgan_1769,Morgan chemistry,0.0,304,0,5,bt_residual
meanfiringrate,morgan_1768,Morgan chemistry,0.0,305,0,5,bt_residual
meanfiringrate,morgan_1767,Morgan chemistry,0.0,306,0,5,bt_residual
meanfiringrate,morgan_1766,Morgan chemistry,0.0,307,0,5,bt_residual
meanfiringrate,morgan_1765,Morgan chemistry,0.0,308,0,5,bt_residual
meanfiringrate,morgan_1764,Morgan chemistry,0.0,309,0,5,bt_residual
meanfiringrate,morgan_1763,Morgan chemistry,0.0,310,0,5,bt_residual
meanfiringrate,morgan_1762,Morgan chemistry,0.0,311,0,5,bt_residual
meanfiringrate,morgan_1761,Morgan chemistry,0.0,312,0,5,bt_residual
meanfiringrate,morgan_1760,Morgan chemistry,0.0,313,0,5,bt_residual
meanfiringrate,morgan_1759,Morgan chemistry,0.0,314,0,5,bt_residual
meanfiringrate,morgan_1758,Morgan chemistry,0.0,315,0,5,bt_residual
meanfiringrate,morgan_1757,Morgan chemistry,0.0,316,0,5,bt_residual
meanfiringrate,morgan_1756,Morgan chemistry,0.0,317,0,5,bt_residual
meanfiringrate,morgan_1755,Morgan chemistry,0.0,318,0,5,bt_residual
meanfiringrate,morgan_1754,Morgan chemistry,0.0,319,0,5,bt_residual
meanfiringrate,morgan_1753,Morgan chemistry,0.0,320,0,5,bt_residual
meanfiringrate,morgan_1752,Morgan chemistry,0.0,321,0,5,bt_residual
meanfiringrate,morgan_1751,Morgan chemistry,0.0,322,0,5,bt_residual
meanfiringrate,morgan_1750,Morgan chemistry,0.0,323,0,5,bt_residual
meanfiringrate,morgan_1749,Morgan chemistry,0.0,324,0,5,bt_residual
meanfiringrate,morgan_1748,Morgan chemistry,0.0,325,0,5,bt_residual
meanfiringrate,morgan_1747,Morgan chemistry,0.0,326,0,5,bt_residual
meanfiringrate,morgan_1746,Morgan chemistry,0.0,327,0,5,bt_residual
meanfiringrate,morgan_1745,Morgan chemistry,0.0,328,0,5,bt_residual
meanfiringrate,morgan_1744,Morgan chemistry,0.0,329,0,5,bt_residual
meanfiringrate,morgan_1743,Morgan chemistry,0.0,330,0,5,bt_residual
meanfiringrate,morgan_1742,Morgan chemistry,0.0,331,0,5,bt_residual
meanfiringrate,morgan_1741,Morgan chemistry,0.0,332,0,5,bt_residual
meanfiringrate,morgan_1740,Morgan chemistry,0.0,333,0,5,bt_residual
meanfiringrate,morgan_1739,Morgan chemistry,0.0,334,0,5,bt_residual
meanfiringrate,morgan_1738,Morgan chemistry,0.0,335,0,5,bt_residual
meanfiringrate,morgan_1737,Morgan chemistry,0.0,336,0,5,bt_residual
meanfiringrate,morgan_1736,Morgan chemistry,0.0,337,0,5,bt_residual
meanfiringrate,morgan_1735,Morgan chemistry,0.0,338,0,5,bt_residual
meanfiringrate,morgan_1734,Morgan chemistry,0.0,339,0,5,bt_residual
meanfiringrate,morgan_1733,Morgan chemistry,0.0,340,0,5,bt_residual
meanfiringrate,morgan_1732,Morgan chemistry,0.0,341,0,5,bt_residual
meanfiringrate,morgan_1731,Morgan chemistry,0.0,342,0,5,bt_residual
meanfiringrate,morgan_1730,Morgan chemistry,0.0,343,0,5,bt_residual
meanfiringrate,morgan_1729,Morgan chemistry,0.0,344,0,5,bt_residual
meanfiringrate,morgan_1728,Morgan chemistry,0.0,345,0,5,bt_residual
meanfiringrate,morgan_1727,Morgan chemistry,0.0,346,0,5,bt_residual
meanfiringrate,morgan_1726,Morgan chemistry,0.0,347,0,5,bt_residual
meanfiringrate,morgan_1725,Morgan chemistry,0.0,348,0,5,bt_residual
meanfiringrate,morgan_1724,Morgan chemistry,0.0,349,0,5,bt_residual
meanfiringrate,morgan_1723,Morgan chemistry,0.0,350,0,5,bt_residual
meanfiringrate,morgan_1722,Morgan chemistry,0.0,351,0,5,bt_residual
meanfiringrate,morgan_1721,Morgan chemistry,0.0,352,0,5,bt_residual
meanfiringrate,morgan_1720,Morgan chemistry,0.0,353,0,5,bt_residual
meanfiringrate,morgan_1719,Morgan chemistry,0.0,354,0,5,bt_residual
meanfiringrate,morgan_1718,Morgan chemistry,0.0,355,0,5,bt_residual
meanfiringrate,morgan_1717,Morgan chemistry,0.0,356,0,5,bt_residual
meanfiringrate,morgan_1716,Morgan chemistry,0.0,357,0,5,bt_residual
meanfiringrate,morgan_1715,Morgan chemistry,0.0,358,0,5,bt_residual
meanfiringrate,morgan_1714,Morgan chemistry,0.0,359,0,5,bt_residual
meanfiringrate,morgan_1713,Morgan chemistry,0.0,360,0,5,bt_residual
meanfiringrate,morgan_1712,Morgan chemistry,0.0,361,0,5,bt_residual
meanfiringrate,morgan_1711,Morgan chemistry,0.0,362,0,5,bt_residual
meanfiringrate,morgan_1710,Morgan chemistry,0.0,363,0,5,bt_residual
meanfiringrate,morgan_1709,Morgan chemistry,0.0,364,0,5,bt_residual
meanfiringrate,morgan_1708,Morgan chemistry,0.0,365,0,5,bt_residual
meanfiringrate,morgan_1707,Morgan chemistry,0.0,366,0,5,bt_residual
meanfiringrate,morgan_1706,Morgan chemistry,0.0,367,0,5,bt_residual
meanfiringrate,morgan_1705,Morgan chemistry,0.0,368,0,5,bt_residual
meanfiringrate,morgan_1704,Morgan chemistry,0.0,369,0,5,bt_residual
meanfiringrate,morgan_1703,Morgan chemistry,0.0,370,0,5,bt_residual
meanfiringrate,morgan_1702,Morgan chemistry,0.0,371,0,5,bt_residual
meanfiringrate,morgan_1701,Morgan chemistry,0.0,372,0,5,bt_residual
meanfiringrate,morgan_1700,Morgan chemistry,0.0,373,0,5,bt_residual
meanfiringrate,morgan_1699,Morgan chemistry,0.0,374,0,5,bt_residual
meanfiringrate,morgan_1698,Morgan chemistry,0.0,375,0,5,bt_residual
meanfiringrate,morgan_1697,Morgan chemistry,0.0,376,0,5,bt_residual
meanfiringrate,morgan_1696,Morgan chemistry,0.0,377,0,5,bt_residual
meanfiringrate,morgan_1695,Morgan chemistry,0.0,378,0,5,bt_residual
meanfiringrate,morgan_1694,Morgan chemistry,0.0,379,0,5,bt_residual
meanfiringrate,morgan_1693,Morgan chemistry,0.0,380,0,5,bt_residual
meanfiringrate,morgan_1692,Morgan chemistry,0.0,381,0,5,bt_residual
meanfiringrate,morgan_1691,Morgan chemistry,0.0,382,0,5,bt_residual
meanfiringrate,morgan_1690,Morgan chemistry,0.0,383,0,5,bt_residual
meanfiringrate,morgan_1689,Morgan chemistry,0.0,384,0,5,bt_residual
meanfiringrate,morgan_1688,Morgan chemistry,0.0,385,0,5,bt_residual
meanfiringrate,morgan_1687,Morgan chemistry,0.0,386,0,5,bt_residual
meanfiringrate,morgan_1686,Morgan chemistry,0.0,387,0,5,bt_residual
meanfiringrate,morgan_1685,Morgan chemistry,0.0,388,0,5,bt_residual
meanfiringrate,morgan_1684,Morgan chemistry,0.0,389,0,5,bt_residual
meanfiringrate,morgan_1682,Morgan chemistry,0.0,390,0,5,bt_residual
meanfiringrate,morgan_1681,Morgan chemistry,0.0,391,0,5,bt_residual
meanfiringrate,morgan_1680,Morgan chemistry,0.0,392,0,5,bt_residual
meanfiringrate,morgan_1679,Morgan chemistry,0.0,393,0,5,bt_residual
meanfiringrate,morgan_1678,Morgan chemistry,0.0,394,0,5,bt_residual
meanfiringrate,morgan_1677,Morgan chemistry,0.0,395,0,5,bt_residual
meanfiringrate,morgan_1676,Morgan chemistry,0.0,396,0,5,bt_residual
meanfiringrate,morgan_1675,Morgan chemistry,0.0,397,0,5,bt_residual
meanfiringrate,morgan_1674,Morgan chemistry,0.0,398,0,5,bt_residual
meanfiringrate,morgan_1673,Morgan chemistry,0.0,399,0,5,bt_residual
meanfiringrate,morgan_1672,Morgan chemistry,0.0,400,0,5,bt_residual
meanfiringrate,morgan_1671,Morgan chemistry,0.0,401,0,5,bt_residual
meanfiringrate,morgan_1670,Morgan chemistry,0.0,402,0,5,bt_residual
meanfiringrate,morgan_1669,Morgan chemistry,0.0,403,0,5,bt_residual
meanfiringrate,morgan_1668,Morgan chemistry,0.0,404,0,5,bt_residual
meanfiringrate,morgan_1667,Morgan chemistry,0.0,405,0,5,bt_residual
meanfiringrate,morgan_1666,Morgan chemistry,0.0,406,0,5,bt_residual
meanfiringrate,morgan_1665,Morgan chemistry,0.0,407,0,5,bt_residual
meanfiringrate,morgan_1664,Morgan chemistry,0.0,408,0,5,bt_residual
meanfiringrate,morgan_1663,Morgan chemistry,0.0,409,0,5,bt_residual
meanfiringrate,morgan_1662,Morgan chemistry,0.0,410,0,5,bt_residual
meanfiringrate,morgan_1661,Morgan chemistry,0.0,411,0,5,bt_residual
meanfiringrate,morgan_1660,Morgan chemistry,0.0,412,0,5,bt_residual
meanfiringrate,morgan_1659,Morgan chemistry,0.0,413,0,5,bt_residual
meanfiringrate,morgan_1658,Morgan chemistry,0.0,414,0,5,bt_residual
meanfiringrate,morgan_1657,Morgan chemistry,0.0,415,0,5,bt_residual
meanfiringrate,morgan_1656,Morgan chemistry,0.0,416,0,5,bt_residual
meanfiringrate,morgan_1655,Morgan chemistry,0.0,417,0,5,bt_residual
meanfiringrate,morgan_1654,Morgan chemistry,0.0,418,0,5,bt_residual
meanfiringrate,morgan_1653,Morgan chemistry,0.0,419,0,5,bt_residual
meanfiringrate,morgan_1652,Morgan chemistry,0.0,420,0,5,bt_residual
meanfiringrate,morgan_1651,Morgan chemistry,0.0,421,0,5,bt_residual
meanfiringrate,morgan_1650,Morgan chemistry,0.0,422,0,5,bt_residual
meanfiringrate,morgan_1649,Morgan chemistry,0.0,423,0,5,bt_residual
meanfiringrate,morgan_1648,Morgan chemistry,0.0,424,0,5,bt_residual
meanfiringrate,morgan_1647,Morgan chemistry,0.0,425,0,5,bt_residual
meanfiringrate,morgan_1646,Morgan chemistry,0.0,426,0,5,bt_residual
meanfiringrate,morgan_1645,Morgan chemistry,0.0,427,0,5,bt_residual
meanfiringrate,morgan_1644,Morgan chemistry,0.0,428,0,5,bt_residual
meanfiringrate,morgan_1643,Morgan chemistry,0.0,429,0,5,bt_residual
meanfiringrate,morgan_1642,Morgan chemistry,0.0,430,0,5,bt_residual
meanfiringrate,morgan_1641,Morgan chemistry,0.0,431,0,5,bt_residual
meanfiringrate,morgan_1640,Morgan chemistry,0.0,432,0,5,bt_residual
meanfiringrate,morgan_1639,Morgan chemistry,0.0,433,0,5,bt_residual
meanfiringrate,morgan_1638,Morgan chemistry,0.0,434,0,5,bt_residual
meanfiringrate,morgan_1637,Morgan chemistry,0.0,435,0,5,bt_residual
meanfiringrate,morgan_1636,Morgan chemistry,0.0,436,0,5,bt_residual
meanfiringrate,morgan_1635,Morgan chemistry,0.0,437,0,5,bt_residual
meanfiringrate,morgan_1634,Morgan chemistry,0.0,438,0,5,bt_residual
meanfiringrate,morgan_1633,Morgan chemistry,0.0,439,0,5,bt_residual
meanfiringrate,morgan_1632,Morgan chemistry,0.0,440,0,5,bt_residual
meanfiringrate,morgan_1631,Morgan chemistry,0.0,441,0,5,bt_residual
meanfiringrate,morgan_1630,Morgan chemistry,0.0,442,0,5,bt_residual
meanfiringrate,morgan_1629,Morgan chemistry,0.0,443,0,5,bt_residual
meanfiringrate,morgan_1628,Morgan chemistry,0.0,444,0,5,bt_residual
meanfiringrate,morgan_1627,Morgan chemistry,0.0,445,0,5,bt_residual
meanfiringrate,morgan_1626,Morgan chemistry,0.0,446,0,5,bt_residual
meanfiringrate,morgan_1625,Morgan chemistry,0.0,447,0,5,bt_residual
meanfiringrate,morgan_1624,Morgan chemistry,0.0,448,0,5,bt_residual
meanfiringrate,morgan_1623,Morgan chemistry,0.0,449,0,5,bt_residual
meanfiringrate,morgan_1622,Morgan chemistry,0.0,450,0,5,bt_residual
meanfiringrate,morgan_1621,Morgan chemistry,0.0,451,0,5,bt_residual
meanfiringrate,morgan_1620,Morgan chemistry,0.0,452,0,5,bt_residual
meanfiringrate,morgan_1619,Morgan chemistry,0.0,453,0,5,bt_residual
meanfiringrate,morgan_1618,Morgan chemistry,0.0,454,0,5,bt_residual
meanfiringrate,morgan_1617,Morgan chemistry,0.0,455,0,5,bt_residual
meanfiringrate,morgan_1616,Morgan chemistry,0.0,456,0,5,bt_residual
meanfiringrate,morgan_1615,Morgan chemistry,0.0,457,0,5,bt_residual
meanfiringrate,morgan_1614,Morgan chemistry,0.0,458,0,5,bt_residual
meanfiringrate,morgan_1613,Morgan chemistry,0.0,459,0,5,bt_residual
meanfiringrate,morgan_1612,Morgan chemistry,0.0,460,0,5,bt_residual
meanfiringrate,morgan_1611,Morgan chemistry,0.0,461,0,5,bt_residual
meanfiringrate,morgan_1610,Morgan chemistry,0.0,462,0,5,bt_residual
meanfiringrate,morgan_1608,Morgan chemistry,0.0,463,0,5,bt_residual
meanfiringrate,morgan_1607,Morgan chemistry,0.0,464,0,5,bt_residual
meanfiringrate,morgan_1606,Morgan chemistry,0.0,465,0,5,bt_residual
meanfiringrate,morgan_1605,Morgan chemistry,0.0,466,0,5,bt_residual
meanfiringrate,morgan_1604,Morgan chemistry,0.0,467,0,5,bt_residual
meanfiringrate,morgan_1603,Morgan chemistry,0.0,468,0,5,bt_residual
meanfiringrate,morgan_1601,Morgan chemistry,0.0,469,0,5,bt_residual
meanfiringrate,morgan_1600,Morgan chemistry,0.0,470,0,5,bt_residual
meanfiringrate,morgan_1599,Morgan chemistry,0.0,471,0,5,bt_residual
meanfiringrate,morgan_1598,Morgan chemistry,0.0,472,0,5,bt_residual
meanfiringrate,morgan_1596,Morgan chemistry,0.0,473,0,5,bt_residual
meanfiringrate,morgan_1595,Morgan chemistry,0.0,474,0,5,bt_residual
meanfiringrate,morgan_1594,Morgan chemistry,0.0,475,0,5,bt_residual
meanfiringrate,morgan_1593,Morgan chemistry,0.0,476,0,5,bt_residual
meanfiringrate,morgan_1592,Morgan chemistry,0.0,477,0,5,bt_residual
meanfiringrate,morgan_1591,Morgan chemistry,0.0,478,0,5,bt_residual
meanfiringrate,morgan_1590,Morgan chemistry,0.0,479,0,5,bt_residual
meanfiringrate,morgan_1589,Morgan chemistry,0.0,480,0,5,bt_residual
meanfiringrate,morgan_1588,Morgan chemistry,0.0,481,0,5,bt_residual
meanfiringrate,morgan_1587,Morgan chemistry,0.0,482,0,5,bt_residual
meanfiringrate,morgan_1586,Morgan chemistry,0.0,483,0,5,bt_residual
meanfiringrate,morgan_1585,Morgan chemistry,0.0,484,0,5,bt_residual
meanfiringrate,morgan_1584,Morgan chemistry,0.0,485,0,5,bt_residual
meanfiringrate,morgan_1583,Morgan chemistry,0.0,486,0,5,bt_residual
meanfiringrate,morgan_1582,Morgan chemistry,0.0,487,0,5,bt_residual
meanfiringrate,morgan_1581,Morgan chemistry,0.0,488,0,5,bt_residual
meanfiringrate,morgan_1580,Morgan chemistry,0.0,489,0,5,bt_residual
meanfiringrate,morgan_1579,Morgan chemistry,0.0,490,0,5,bt_residual
meanfiringrate,morgan_1578,Morgan chemistry,0.0,491,0,5,bt_residual
meanfiringrate,morgan_1577,Morgan chemistry,0.0,492,0,5,bt_residual
meanfiringrate,morgan_1576,Morgan chemistry,0.0,493,0,5,bt_residual
meanfiringrate,morgan_1575,Morgan chemistry,0.0,494,0,5,bt_residual
meanfiringrate,morgan_1574,Morgan chemistry,0.0,495,0,5,bt_residual
meanfiringrate,morgan_1573,Morgan chemistry,0.0,496,0,5,bt_residual
meanfiringrate,morgan_1572,Morgan chemistry,0.0,497,0,5,bt_residual
meanfiringrate,morgan_1571,Morgan chemistry,0.0,498,0,5,bt_residual
meanfiringrate,morgan_1570,Morgan chemistry,0.0,499,0,5,bt_residual
meanfiringrate,morgan_1569,Morgan chemistry,0.0,500,0,5,bt_residual
meanfiringrate,morgan_1568,Morgan chemistry,0.0,501,0,5,bt_residual
meanfiringrate,morgan_1567,Morgan chemistry,0.0,502,0,5,bt_residual
meanfiringrate,morgan_1566,Morgan chemistry,0.0,503,0,5,bt_residual
meanfiringrate,morgan_1565,Morgan chemistry,0.0,504,0,5,bt_residual
meanfiringrate,morgan_1564,Morgan chemistry,0.0,505,0,5,bt_residual
meanfiringrate,morgan_1563,Morgan chemistry,0.0,506,0,5,bt_residual
meanfiringrate,morgan_1562,Morgan chemistry,0.0,507,0,5,bt_residual
meanfiringrate,morgan_1561,Morgan chemistry,0.0,508,0,5,bt_residual
meanfiringrate,morgan_1560,Morgan chemistry,0.0,509,0,5,bt_residual
meanfiringrate,morgan_1559,Morgan chemistry,0.0,510,0,5,bt_residual
meanfiringrate,morgan_1558,Morgan chemistry,0.0,511,0,5,bt_residual
meanfiringrate,morgan_1557,Morgan chemistry,0.0,512,0,5,bt_residual
meanfiringrate,morgan_1556,Morgan chemistry,0.0,513,0,5,bt_residual
meanfiringrate,morgan_1555,Morgan chemistry,0.0,514,0,5,bt_residual
meanfiringrate,morgan_1554,Morgan chemistry,0.0,515,0,5,bt_residual
meanfiringrate,morgan_1553,Morgan chemistry,0.0,516,0,5,bt_residual
meanfiringrate,morgan_1552,Morgan chemistry,0.0,517,0,5,bt_residual
meanfiringrate,morgan_1551,Morgan chemistry,0.0,518,0,5,bt_residual
meanfiringrate,morgan_1550,Morgan chemistry,0.0,519,0,5,bt_residual
meanfiringrate,morgan_1549,Morgan chemistry,0.0,520,0,5,bt_residual
meanfiringrate,morgan_1548,Morgan chemistry,0.0,521,0,5,bt_residual
meanfiringrate,morgan_1547,Morgan chemistry,0.0,522,0,5,bt_residual
meanfiringrate,morgan_1546,Morgan chemistry,0.0,523,0,5,bt_residual
meanfiringrate,morgan_1545,Morgan chemistry,0.0,524,0,5,bt_residual
meanfiringrate,morgan_1543,Morgan chemistry,0.0,525,0,5,bt_residual
meanfiringrate,morgan_1542,Morgan chemistry,0.0,526,0,5,bt_residual
meanfiringrate,morgan_1541,Morgan chemistry,0.0,527,0,5,bt_residual
meanfiringrate,morgan_1540,Morgan chemistry,0.0,528,0,5,bt_residual
meanfiringrate,morgan_1539,Morgan chemistry,0.0,529,0,5,bt_residual
meanfiringrate,morgan_1538,Morgan chemistry,0.0,530,0,5,bt_residual
meanfiringrate,morgan_1537,Morgan chemistry,0.0,531,0,5,bt_residual
meanfiringrate,morgan_1536,Morgan chemistry,0.0,532,0,5,bt_residual
meanfiringrate,morgan_1535,Morgan chemistry,0.0,533,0,5,bt_residual
meanfiringrate,morgan_1534,Morgan chemistry,0.0,534,0,5,bt_residual
meanfiringrate,morgan_1533,Morgan chemistry,0.0,535,0,5,bt_residual
meanfiringrate,morgan_1532,Morgan chemistry,0.0,536,0,5,bt_residual
meanfiringrate,morgan_1531,Morgan chemistry,0.0,537,0,5,bt_residual
meanfiringrate,morgan_1530,Morgan chemistry,0.0,538,0,5,bt_residual
meanfiringrate,morgan_1529,Morgan chemistry,0.0,539,0,5,bt_residual
meanfiringrate,morgan_1528,Morgan chemistry,0.0,540,0,5,bt_residual
meanfiringrate,morgan_1527,Morgan chemistry,0.0,541,0,5,bt_residual
meanfiringrate,morgan_1526,Morgan chemistry,0.0,542,0,5,bt_residual
meanfiringrate,morgan_1525,Morgan chemistry,0.0,543,0,5,bt_residual
meanfiringrate,morgan_1524,Morgan chemistry,0.0,544,0,5,bt_residual
meanfiringrate,morgan_1523,Morgan chemistry,0.0,545,0,5,bt_residual
meanfiringrate,morgan_1522,Morgan chemistry,0.0,546,0,5,bt_residual
meanfiringrate,morgan_1521,Morgan chemistry,0.0,547,0,5,bt_residual
meanfiringrate,morgan_1520,Morgan chemistry,0.0,548,0,5,bt_residual
meanfiringrate,morgan_1519,Morgan chemistry,0.0,549,0,5,bt_residual
meanfiringrate,morgan_1518,Morgan chemistry,0.0,550,0,5,bt_residual
meanfiringrate,morgan_1517,Morgan chemistry,0.0,551,0,5,bt_residual
meanfiringrate,morgan_1516,Morgan chemistry,0.0,552,0,5,bt_residual
meanfiringrate,morgan_1515,Morgan chemistry,0.0,553,0,5,bt_residual
meanfiringrate,morgan_1514,Morgan chemistry,0.0,554,0,5,bt_residual
meanfiringrate,morgan_1513,Morgan chemistry,0.0,555,0,5,bt_residual
meanfiringrate,morgan_1512,Morgan chemistry,0.0,556,0,5,bt_residual
meanfiringrate,morgan_1511,Morgan chemistry,0.0,557,0,5,bt_residual
meanfiringrate,morgan_1510,Morgan chemistry,0.0,558,0,5,bt_residual
meanfiringrate,morgan_1509,Morgan chemistry,0.0,559,0,5,bt_residual
meanfiringrate,morgan_1508,Morgan chemistry,0.0,560,0,5,bt_residual
meanfiringrate,morgan_1507,Morgan chemistry,0.0,561,0,5,bt_residual
meanfiringrate,morgan_1506,Morgan chemistry,0.0,562,0,5,bt_residual
meanfiringrate,morgan_1505,Morgan chemistry,0.0,563,0,5,bt_residual
meanfiringrate,morgan_1504,Morgan chemistry,0.0,564,0,5,bt_residual
meanfiringrate,morgan_1503,Morgan chemistry,0.0,565,0,5,bt_residual
meanfiringrate,morgan_1502,Morgan chemistry,0.0,566,0,5,bt_residual
meanfiringrate,morgan_1501,Morgan chemistry,0.0,567,0,5,bt_residual
meanfiringrate,morgan_1500,Morgan chemistry,0.0,568,0,5,bt_residual
meanfiringrate,morgan_1499,Morgan chemistry,0.0,569,0,5,bt_residual
meanfiringrate,morgan_1498,Morgan chemistry,0.0,570,0,5,bt_residual
meanfiringrate,morgan_1497,Morgan chemistry,0.0,571,0,5,bt_residual
meanfiringrate,morgan_1496,Morgan chemistry,0.0,572,0,5,bt_residual
meanfiringrate,morgan_1495,Morgan chemistry,0.0,573,0,5,bt_residual
meanfiringrate,morgan_1494,Morgan chemistry,0.0,574,0,5,bt_residual
meanfiringrate,morgan_1493,Morgan chemistry,0.0,575,0,5,bt_residual
meanfiringrate,morgan_1492,Morgan chemistry,0.0,576,0,5,bt_residual
meanfiringrate,morgan_1491,Morgan chemistry,0.0,577,0,5,bt_residual
meanfiringrate,morgan_1490,Morgan chemistry,0.0,578,0,5,bt_residual
meanfiringrate,morgan_1489,Morgan chemistry,0.0,579,0,5,bt_residual
meanfiringrate,morgan_1488,Morgan chemistry,0.0,580,0,5,bt_residual
meanfiringrate,morgan_1487,Morgan chemistry,0.0,581,0,5,bt_residual
meanfiringrate,morgan_1486,Morgan chemistry,0.0,582,0,5,bt_residual
meanfiringrate,morgan_1485,Morgan chemistry,0.0,583,0,5,bt_residual
meanfiringrate,morgan_1484,Morgan chemistry,0.0,584,0,5,bt_residual
meanfiringrate,morgan_1483,Morgan chemistry,0.0,585,0,5,bt_residual
meanfiringrate,morgan_1482,Morgan chemistry,0.0,586,0,5,bt_residual
meanfiringrate,morgan_1481,Morgan chemistry,0.0,587,0,5,bt_residual
meanfiringrate,morgan_1480,Morgan chemistry,0.0,588,0,5,bt_residual
meanfiringrate,morgan_1479,Morgan chemistry,0.0,589,0,5,bt_residual
meanfiringrate,morgan_1478,Morgan chemistry,0.0,590,0,5,bt_residual
meanfiringrate,morgan_1477,Morgan chemistry,0.0,591,0,5,bt_residual
meanfiringrate,morgan_1476,Morgan chemistry,0.0,592,0,5,bt_residual
meanfiringrate,morgan_1475,Morgan chemistry,0.0,593,0,5,bt_residual
meanfiringrate,morgan_1474,Morgan chemistry,0.0,594,0,5,bt_residual
meanfiringrate,morgan_1473,Morgan chemistry,0.0,595,0,5,bt_residual
meanfiringrate,morgan_1472,Morgan chemistry,0.0,596,0,5,bt_residual
meanfiringrate,morgan_1471,Morgan chemistry,0.0,597,0,5,bt_residual
meanfiringrate,morgan_1470,Morgan chemistry,0.0,598,0,5,bt_residual
meanfiringrate,morgan_1469,Morgan chemistry,0.0,599,0,5,bt_residual
meanfiringrate,morgan_1468,Morgan chemistry,0.0,600,0,5,bt_residual
meanfiringrate,morgan_1467,Morgan chemistry,0.0,601,0,5,bt_residual
meanfiringrate,morgan_1466,Morgan chemistry,0.0,602,0,5,bt_residual
meanfiringrate,morgan_1465,Morgan chemistry,0.0,603,0,5,bt_residual
meanfiringrate,morgan_1464,Morgan chemistry,0.0,604,0,5,bt_residual
meanfiringrate,morgan_1463,Morgan chemistry,0.0,605,0,5,bt_residual
meanfiringrate,morgan_1462,Morgan chemistry,0.0,606,0,5,bt_residual
meanfiringrate,morgan_1461,Morgan chemistry,0.0,607,0,5,bt_residual
meanfiringrate,morgan_1460,Morgan chemistry,0.0,608,0,5,bt_residual
meanfiringrate,morgan_1459,Morgan chemistry,0.0,609,0,5,bt_residual
meanfiringrate,morgan_1458,Morgan chemistry,0.0,610,0,5,bt_residual
meanfiringrate,morgan_1457,Morgan chemistry,0.0,611,0,5,bt_residual
meanfiringrate,morgan_1456,Morgan chemistry,0.0,612,0,5,bt_residual
meanfiringrate,morgan_1455,Morgan chemistry,0.0,613,0,5,bt_residual
meanfiringrate,morgan_1454,Morgan chemistry,0.0,614,0,5,bt_residual
meanfiringrate,morgan_1453,Morgan chemistry,0.0,615,0,5,bt_residual
meanfiringrate,morgan_1451,Morgan chemistry,0.0,616,0,5,bt_residual
meanfiringrate,morgan_1450,Morgan chemistry,0.0,617,0,5,bt_residual
meanfiringrate,morgan_1449,Morgan chemistry,0.0,618,0,5,bt_residual
meanfiringrate,morgan_1448,Morgan chemistry,0.0,619,0,5,bt_residual
meanfiringrate,morgan_1447,Morgan chemistry,0.0,620,0,5,bt_residual
meanfiringrate,morgan_1446,Morgan chemistry,0.0,621,0,5,bt_residual
meanfiringrate,morgan_1445,Morgan chemistry,0.0,622,0,5,bt_residual
meanfiringrate,morgan_1444,Morgan chemistry,0.0,623,0,5,bt_residual
meanfiringrate,morgan_1443,Morgan chemistry,0.0,624,0,5,bt_residual
meanfiringrate,morgan_1442,Morgan chemistry,0.0,625,0,5,bt_residual
meanfiringrate,morgan_1441,Morgan chemistry,0.0,626,0,5,bt_residual
meanfiringrate,morgan_1440,Morgan chemistry,0.0,627,0,5,bt_residual
meanfiringrate,morgan_1439,Morgan chemistry,0.0,628,0,5,bt_residual
meanfiringrate,morgan_1438,Morgan chemistry,0.0,629,0,5,bt_residual
meanfiringrate,morgan_1437,Morgan chemistry,0.0,630,0,5,bt_residual
meanfiringrate,morgan_1436,Morgan chemistry,0.0,631,0,5,bt_residual
meanfiringrate,morgan_1435,Morgan chemistry,0.0,632,0,5,bt_residual
meanfiringrate,morgan_1434,Morgan chemistry,0.0,633,0,5,bt_residual
meanfiringrate,morgan_1433,Morgan chemistry,0.0,634,0,5,bt_residual
meanfiringrate,morgan_1432,Morgan chemistry,0.0,635,0,5,bt_residual
meanfiringrate,morgan_1431,Morgan chemistry,0.0,636,0,5,bt_residual
meanfiringrate,morgan_1430,Morgan chemistry,0.0,637,0,5,bt_residual
meanfiringrate,morgan_1429,Morgan chemistry,0.0,638,0,5,bt_residual
meanfiringrate,morgan_1428,Morgan chemistry,0.0,639,0,5,bt_residual
meanfiringrate,morgan_1427,Morgan chemistry,0.0,640,0,5,bt_residual
meanfiringrate,morgan_1426,Morgan chemistry,0.0,641,0,5,bt_residual
meanfiringrate,morgan_1425,Morgan chemistry,0.0,642,0,5,bt_residual
meanfiringrate,morgan_1424,Morgan chemistry,0.0,643,0,5,bt_residual
meanfiringrate,morgan_1423,Morgan chemistry,0.0,644,0,5,bt_residual
meanfiringrate,morgan_1422,Morgan chemistry,0.0,645,0,5,bt_residual
meanfiringrate,morgan_1421,Morgan chemistry,0.0,646,0,5,bt_residual
meanfiringrate,morgan_1420,Morgan chemistry,0.0,647,0,5,bt_residual
meanfiringrate,morgan_1419,Morgan chemistry,0.0,648,0,5,bt_residual
meanfiringrate,morgan_1418,Morgan chemistry,0.0,649,0,5,bt_residual
meanfiringrate,morgan_1416,Morgan chemistry,0.0,650,0,5,bt_residual
meanfiringrate,morgan_1415,Morgan chemistry,0.0,651,0,5,bt_residual
meanfiringrate,morgan_1414,Morgan chemistry,0.0,652,0,5,bt_residual
meanfiringrate,morgan_1413,Morgan chemistry,0.0,653,0,5,bt_residual
meanfiringrate,morgan_1412,Morgan chemistry,0.0,654,0,5,bt_residual
meanfiringrate,morgan_1411,Morgan chemistry,0.0,655,0,5,bt_residual
meanfiringrate,morgan_1410,Morgan chemistry,0.0,656,0,5,bt_residual
meanfiringrate,morgan_1409,Morgan chemistry,0.0,657,0,5,bt_residual
meanfiringrate,morgan_1408,Morgan chemistry,0.0,658,0,5,bt_residual
meanfiringrate,morgan_1407,Morgan chemistry,0.0,659,0,5,bt_residual
meanfiringrate,morgan_1406,Morgan chemistry,0.0,660,0,5,bt_residual
meanfiringrate,morgan_1405,Morgan chemistry,0.0,661,0,5,bt_residual
meanfiringrate,morgan_1404,Morgan chemistry,0.0,662,0,5,bt_residual
meanfiringrate,morgan_1403,Morgan chemistry,0.0,663,0,5,bt_residual
meanfiringrate,morgan_1402,Morgan chemistry,0.0,664,0,5,bt_residual
meanfiringrate,morgan_1401,Morgan chemistry,0.0,665,0,5,bt_residual
meanfiringrate,morgan_1400,Morgan chemistry,0.0,666,0,5,bt_residual
meanfiringrate,morgan_1399,Morgan chemistry,0.0,667,0,5,bt_residual
meanfiringrate,morgan_1398,Morgan chemistry,0.0,668,0,5,bt_residual
meanfiringrate,morgan_1397,Morgan chemistry,0.0,669,0,5,bt_residual
meanfiringrate,morgan_1396,Morgan chemistry,0.0,670,0,5,bt_residual
meanfiringrate,morgan_1395,Morgan chemistry,0.0,671,0,5,bt_residual
meanfiringrate,morgan_1394,Morgan chemistry,0.0,672,0,5,bt_residual
meanfiringrate,morgan_1393,Morgan chemistry,0.0,673,0,5,bt_residual
meanfiringrate,morgan_1392,Morgan chemistry,0.0,674,0,5,bt_residual
meanfiringrate,morgan_1391,Morgan chemistry,0.0,675,0,5,bt_residual
meanfiringrate,morgan_1390,Morgan chemistry,0.0,676,0,5,bt_residual
meanfiringrate,morgan_1389,Morgan chemistry,0.0,677,0,5,bt_residual
meanfiringrate,morgan_1388,Morgan chemistry,0.0,678,0,5,bt_residual
meanfiringrate,morgan_1387,Morgan chemistry,0.0,679,0,5,bt_residual
meanfiringrate,morgan_1386,Morgan chemistry,0.0,680,0,5,bt_residual
meanfiringrate,morgan_1385,Morgan chemistry,0.0,681,0,5,bt_residual
meanfiringrate,morgan_1384,Morgan chemistry,0.0,682,0,5,bt_residual
meanfiringrate,morgan_1382,Morgan chemistry,0.0,683,0,5,bt_residual
meanfiringrate,morgan_1381,Morgan chemistry,0.0,684,0,5,bt_residual
meanfiringrate,morgan_1380,Morgan chemistry,0.0,685,0,5,bt_residual
meanfiringrate,morgan_1379,Morgan chemistry,0.0,686,0,5,bt_residual
meanfiringrate,morgan_1378,Morgan chemistry,0.0,687,0,5,bt_residual
meanfiringrate,morgan_1377,Morgan chemistry,0.0,688,0,5,bt_residual
meanfiringrate,morgan_1376,Morgan chemistry,0.0,689,0,5,bt_residual
meanfiringrate,morgan_1375,Morgan chemistry,0.0,690,0,5,bt_residual
meanfiringrate,morgan_1374,Morgan chemistry,0.0,691,0,5,bt_residual
meanfiringrate,morgan_1373,Morgan chemistry,0.0,692,0,5,bt_residual
meanfiringrate,morgan_1372,Morgan chemistry,0.0,693,0,5,bt_residual
meanfiringrate,morgan_1371,Morgan chemistry,0.0,694,0,5,bt_residual
meanfiringrate,morgan_1370,Morgan chemistry,0.0,695,0,5,bt_residual
meanfiringrate,morgan_1369,Morgan chemistry,0.0,696,0,5,bt_residual
meanfiringrate,morgan_1368,Morgan chemistry,0.0,697,0,5,bt_residual
meanfiringrate,morgan_1367,Morgan chemistry,0.0,698,0,5,bt_residual
meanfiringrate,morgan_1365,Morgan chemistry,0.0,699,0,5,bt_residual
meanfiringrate,morgan_1364,Morgan chemistry,0.0,700,0,5,bt_residual
meanfiringrate,morgan_1363,Morgan chemistry,0.0,701,0,5,bt_residual
meanfiringrate,morgan_1362,Morgan chemistry,0.0,702,0,5,bt_residual
meanfiringrate,morgan_1361,Morgan chemistry,0.0,703,0,5,bt_residual
meanfiringrate,morgan_1360,Morgan chemistry,0.0,704,0,5,bt_residual
meanfiringrate,morgan_1359,Morgan chemistry,0.0,705,0,5,bt_residual
meanfiringrate,morgan_1358,Morgan chemistry,0.0,706,0,5,bt_residual
meanfiringrate,morgan_1357,Morgan chemistry,0.0,707,0,5,bt_residual
meanfiringrate,morgan_1356,Morgan chemistry,0.0,708,0,5,bt_residual
meanfiringrate,morgan_1355,Morgan chemistry,0.0,709,0,5,bt_residual
meanfiringrate,morgan_1354,Morgan chemistry,0.0,710,0,5,bt_residual
meanfiringrate,morgan_1353,Morgan chemistry,0.0,711,0,5,bt_residual
meanfiringrate,morgan_1352,Morgan chemistry,0.0,712,0,5,bt_residual
meanfiringrate,morgan_1351,Morgan chemistry,0.0,713,0,5,bt_residual
meanfiringrate,morgan_1350,Morgan chemistry,0.0,714,0,5,bt_residual
meanfiringrate,morgan_1348,Morgan chemistry,0.0,715,0,5,bt_residual
meanfiringrate,morgan_1347,Morgan chemistry,0.0,716,0,5,bt_residual
meanfiringrate,morgan_1346,Morgan chemistry,0.0,717,0,5,bt_residual
meanfiringrate,morgan_1345,Morgan chemistry,0.0,718,0,5,bt_residual
meanfiringrate,morgan_1344,Morgan chemistry,0.0,719,0,5,bt_residual
meanfiringrate,morgan_1343,Morgan chemistry,0.0,720,0,5,bt_residual
meanfiringrate,morgan_1342,Morgan chemistry,0.0,721,0,5,bt_residual
meanfiringrate,morgan_1341,Morgan chemistry,0.0,722,0,5,bt_residual
meanfiringrate,morgan_1340,Morgan chemistry,0.0,723,0,5,bt_residual
meanfiringrate,morgan_1339,Morgan chemistry,0.0,724,0,5,bt_residual
meanfiringrate,morgan_1338,Morgan chemistry,0.0,725,0,5,bt_residual
meanfiringrate,morgan_1337,Morgan chemistry,0.0,726,0,5,bt_residual
meanfiringrate,morgan_1336,Morgan chemistry,0.0,727,0,5,bt_residual
meanfiringrate,morgan_1335,Morgan chemistry,0.0,728,0,5,bt_residual
meanfiringrate,morgan_1334,Morgan chemistry,0.0,729,0,5,bt_residual
meanfiringrate,morgan_1333,Morgan chemistry,0.0,730,0,5,bt_residual
meanfiringrate,morgan_1332,Morgan chemistry,0.0,731,0,5,bt_residual
meanfiringrate,morgan_1331,Morgan chemistry,0.0,732,0,5,bt_residual
meanfiringrate,morgan_1330,Morgan chemistry,0.0,733,0,5,bt_residual
meanfiringrate,morgan_1329,Morgan chemistry,0.0,734,0,5,bt_residual
meanfiringrate,morgan_1328,Morgan chemistry,0.0,735,0,5,bt_residual
meanfiringrate,morgan_1327,Morgan chemistry,0.0,736,0,5,bt_residual
meanfiringrate,morgan_1326,Morgan chemistry,0.0,737,0,5,bt_residual
meanfiringrate,morgan_1325,Morgan chemistry,0.0,738,0,5,bt_residual
meanfiringrate,morgan_1324,Morgan chemistry,0.0,739,0,5,bt_residual
meanfiringrate,morgan_1323,Morgan chemistry,0.0,740,0,5,bt_residual
meanfiringrate,morgan_1322,Morgan chemistry,0.0,741,0,5,bt_residual
meanfiringrate,morgan_1321,Morgan chemistry,0.0,742,0,5,bt_residual
meanfiringrate,morgan_1320,Morgan chemistry,0.0,743,0,5,bt_residual
meanfiringrate,morgan_1319,Morgan chemistry,0.0,744,0,5,bt_residual
meanfiringrate,morgan_1318,Morgan chemistry,0.0,745,0,5,bt_residual
meanfiringrate,morgan_1317,Morgan chemistry,0.0,746,0,5,bt_residual
meanfiringrate,morgan_1316,Morgan chemistry,0.0,747,0,5,bt_residual
meanfiringrate,morgan_1315,Morgan chemistry,0.0,748,0,5,bt_residual
meanfiringrate,morgan_1314,Morgan chemistry,0.0,749,0,5,bt_residual
meanfiringrate,morgan_1312,Morgan chemistry,0.0,750,0,5,bt_residual
meanfiringrate,morgan_1311,Morgan chemistry,0.0,751,0,5,bt_residual
meanfiringrate,morgan_1310,Morgan chemistry,0.0,752,0,5,bt_residual
meanfiringrate,morgan_1309,Morgan chemistry,0.0,753,0,5,bt_residual
meanfiringrate,morgan_1308,Morgan chemistry,0.0,754,0,5,bt_residual
meanfiringrate,morgan_1307,Morgan chemistry,0.0,755,0,5,bt_residual
meanfiringrate,morgan_1306,Morgan chemistry,0.0,756,0,5,bt_residual
meanfiringrate,morgan_1305,Morgan chemistry,0.0,757,0,5,bt_residual
meanfiringrate,morgan_1304,Morgan chemistry,0.0,758,0,5,bt_residual
meanfiringrate,morgan_1303,Morgan chemistry,0.0,759,0,5,bt_residual
meanfiringrate,morgan_1302,Morgan chemistry,0.0,760,0,5,bt_residual
meanfiringrate,morgan_1301,Morgan chemistry,0.0,761,0,5,bt_residual
meanfiringrate,morgan_1300,Morgan chemistry,0.0,762,0,5,bt_residual
meanfiringrate,morgan_1299,Morgan chemistry,0.0,763,0,5,bt_residual
meanfiringrate,morgan_1298,Morgan chemistry,0.0,764,0,5,bt_residual
meanfiringrate,morgan_1297,Morgan chemistry,0.0,765,0,5,bt_residual
meanfiringrate,morgan_1296,Morgan chemistry,0.0,766,0,5,bt_residual
meanfiringrate,morgan_1295,Morgan chemistry,0.0,767,0,5,bt_residual
meanfiringrate,morgan_1294,Morgan chemistry,0.0,768,0,5,bt_residual
meanfiringrate,morgan_1293,Morgan chemistry,0.0,769,0,5,bt_residual
meanfiringrate,morgan_1291,Morgan chemistry,0.0,770,0,5,bt_residual
meanfiringrate,morgan_1290,Morgan chemistry,0.0,771,0,5,bt_residual
meanfiringrate,morgan_1289,Morgan chemistry,0.0,772,0,5,bt_residual
meanfiringrate,morgan_1288,Morgan chemistry,0.0,773,0,5,bt_residual
meanfiringrate,morgan_1287,Morgan chemistry,0.0,774,0,5,bt_residual
meanfiringrate,morgan_1286,Morgan chemistry,0.0,775,0,5,bt_residual
meanfiringrate,morgan_1285,Morgan chemistry,0.0,776,0,5,bt_residual
meanfiringrate,morgan_1284,Morgan chemistry,0.0,777,0,5,bt_residual
meanfiringrate,morgan_1283,Morgan chemistry,0.0,778,0,5,bt_residual
meanfiringrate,morgan_1282,Morgan chemistry,0.0,779,0,5,bt_residual
meanfiringrate,morgan_1281,Morgan chemistry,0.0,780,0,5,bt_residual
meanfiringrate,morgan_1280,Morgan chemistry,0.0,781,0,5,bt_residual
meanfiringrate,morgan_1279,Morgan chemistry,0.0,782,0,5,bt_residual
meanfiringrate,morgan_1278,Morgan chemistry,0.0,783,0,5,bt_residual
meanfiringrate,morgan_1277,Morgan chemistry,0.0,784,0,5,bt_residual
meanfiringrate,morgan_1276,Morgan chemistry,0.0,785,0,5,bt_residual
meanfiringrate,morgan_1275,Morgan chemistry,0.0,786,0,5,bt_residual
meanfiringrate,morgan_1274,Morgan chemistry,0.0,787,0,5,bt_residual
meanfiringrate,morgan_1273,Morgan chemistry,0.0,788,0,5,bt_residual
meanfiringrate,morgan_1272,Morgan chemistry,0.0,789,0,5,bt_residual
meanfiringrate,morgan_1271,Morgan chemistry,0.0,790,0,5,bt_residual
meanfiringrate,morgan_1270,Morgan chemistry,0.0,791,0,5,bt_residual
meanfiringrate,morgan_1269,Morgan chemistry,0.0,792,0,5,bt_residual
meanfiringrate,morgan_1268,Morgan chemistry,0.0,793,0,5,bt_residual
meanfiringrate,morgan_1267,Morgan chemistry,0.0,794,0,5,bt_residual
meanfiringrate,morgan_1266,Morgan chemistry,0.0,795,0,5,bt_residual
meanfiringrate,morgan_1265,Morgan chemistry,0.0,796,0,5,bt_residual
meanfiringrate,morgan_1264,Morgan chemistry,0.0,797,0,5,bt_residual
meanfiringrate,morgan_1263,Morgan chemistry,0.0,798,0,5,bt_residual
meanfiringrate,morgan_1262,Morgan chemistry,0.0,799,0,5,bt_residual
meanfiringrate,morgan_1261,Morgan chemistry,0.0,800,0,5,bt_residual
meanfiringrate,morgan_1260,Morgan chemistry,0.0,801,0,5,bt_residual
meanfiringrate,morgan_1259,Morgan chemistry,0.0,802,0,5,bt_residual
meanfiringrate,morgan_1258,Morgan chemistry,0.0,803,0,5,bt_residual
meanfiringrate,morgan_1256,Morgan chemistry,0.0,804,0,5,bt_residual
meanfiringrate,morgan_1255,Morgan chemistry,0.0,805,0,5,bt_residual
meanfiringrate,morgan_1254,Morgan chemistry,0.0,806,0,5,bt_residual
meanfiringrate,morgan_1253,Morgan chemistry,0.0,807,0,5,bt_residual
meanfiringrate,morgan_1252,Morgan chemistry,0.0,808,0,5,bt_residual
meanfiringrate,morgan_1251,Morgan chemistry,0.0,809,0,5,bt_residual
meanfiringrate,morgan_1250,Morgan chemistry,0.0,810,0,5,bt_residual
meanfiringrate,morgan_1249,Morgan chemistry,0.0,811,0,5,bt_residual
meanfiringrate,morgan_1248,Morgan chemistry,0.0,812,0,5,bt_residual
meanfiringrate,morgan_1247,Morgan chemistry,0.0,813,0,5,bt_residual
meanfiringrate,morgan_1246,Morgan chemistry,0.0,814,0,5,bt_residual
meanfiringrate,morgan_1245,Morgan chemistry,0.0,815,0,5,bt_residual
meanfiringrate,morgan_1244,Morgan chemistry,0.0,816,0,5,bt_residual
meanfiringrate,morgan_1243,Morgan chemistry,0.0,817,0,5,bt_residual
meanfiringrate,morgan_1242,Morgan chemistry,0.0,818,0,5,bt_residual
meanfiringrate,morgan_1241,Morgan chemistry,0.0,819,0,5,bt_residual
meanfiringrate,morgan_1240,Morgan chemistry,0.0,820,0,5,bt_residual
meanfiringrate,morgan_1239,Morgan chemistry,0.0,821,0,5,bt_residual
meanfiringrate,morgan_1238,Morgan chemistry,0.0,822,0,5,bt_residual
meanfiringrate,morgan_1237,Morgan chemistry,0.0,823,0,5,bt_residual
meanfiringrate,morgan_1236,Morgan chemistry,0.0,824,0,5,bt_residual
meanfiringrate,morgan_1235,Morgan chemistry,0.0,825,0,5,bt_residual
meanfiringrate,morgan_1234,Morgan chemistry,0.0,826,0,5,bt_residual
meanfiringrate,morgan_1233,Morgan chemistry,0.0,827,0,5,bt_residual
meanfiringrate,morgan_1232,Morgan chemistry,0.0,828,0,5,bt_residual
meanfiringrate,morgan_1231,Morgan chemistry,0.0,829,0,5,bt_residual
meanfiringrate,morgan_1230,Morgan chemistry,0.0,830,0,5,bt_residual
meanfiringrate,morgan_1229,Morgan chemistry,0.0,831,0,5,bt_residual
meanfiringrate,morgan_1228,Morgan chemistry,0.0,832,0,5,bt_residual
meanfiringrate,morgan_1227,Morgan chemistry,0.0,833,0,5,bt_residual
meanfiringrate,morgan_1226,Morgan chemistry,0.0,834,0,5,bt_residual
meanfiringrate,morgan_1225,Morgan chemistry,0.0,835,0,5,bt_residual
meanfiringrate,morgan_1224,Morgan chemistry,0.0,836,0,5,bt_residual
meanfiringrate,morgan_1223,Morgan chemistry,0.0,837,0,5,bt_residual
meanfiringrate,morgan_1222,Morgan chemistry,0.0,838,0,5,bt_residual
meanfiringrate,morgan_1221,Morgan chemistry,0.0,839,0,5,bt_residual
meanfiringrate,morgan_1220,Morgan chemistry,0.0,840,0,5,bt_residual
meanfiringrate,morgan_1219,Morgan chemistry,0.0,841,0,5,bt_residual
meanfiringrate,morgan_1218,Morgan chemistry,0.0,842,0,5,bt_residual
meanfiringrate,morgan_1217,Morgan chemistry,0.0,843,0,5,bt_residual
meanfiringrate,morgan_1216,Morgan chemistry,0.0,844,0,5,bt_residual
meanfiringrate,morgan_1215,Morgan chemistry,0.0,845,0,5,bt_residual
meanfiringrate,morgan_1213,Morgan chemistry,0.0,846,0,5,bt_residual
meanfiringrate,morgan_1212,Morgan chemistry,0.0,847,0,5,bt_residual
meanfiringrate,morgan_1211,Morgan chemistry,0.0,848,0,5,bt_residual
meanfiringrate,morgan_1210,Morgan chemistry,0.0,849,0,5,bt_residual
meanfiringrate,morgan_1209,Morgan chemistry,0.0,850,0,5,bt_residual
meanfiringrate,morgan_1208,Morgan chemistry,0.0,851,0,5,bt_residual
meanfiringrate,morgan_1207,Morgan chemistry,0.0,852,0,5,bt_residual
meanfiringrate,morgan_1206,Morgan chemistry,0.0,853,0,5,bt_residual
meanfiringrate,morgan_1205,Morgan chemistry,0.0,854,0,5,bt_residual
meanfiringrate,morgan_1204,Morgan chemistry,0.0,855,0,5,bt_residual
meanfiringrate,morgan_1202,Morgan chemistry,0.0,856,0,5,bt_residual
meanfiringrate,morgan_1201,Morgan chemistry,0.0,857,0,5,bt_residual
meanfiringrate,morgan_1200,Morgan chemistry,0.0,858,0,5,bt_residual
meanfiringrate,morgan_1199,Morgan chemistry,0.0,859,0,5,bt_residual
meanfiringrate,morgan_1198,Morgan chemistry,0.0,860,0,5,bt_residual
meanfiringrate,morgan_1197,Morgan chemistry,0.0,861,0,5,bt_residual
meanfiringrate,morgan_1196,Morgan chemistry,0.0,862,0,5,bt_residual
meanfiringrate,morgan_1195,Morgan chemistry,0.0,863,0,5,bt_residual
meanfiringrate,morgan_1194,Morgan chemistry,0.0,864,0,5,bt_residual
meanfiringrate,morgan_1193,Morgan chemistry,0.0,865,0,5,bt_residual
meanfiringrate,morgan_1192,Morgan chemistry,0.0,866,0,5,bt_residual
meanfiringrate,morgan_1191,Morgan chemistry,0.0,867,0,5,bt_residual
meanfiringrate,morgan_1190,Morgan chemistry,0.0,868,0,5,bt_residual
meanfiringrate,morgan_1189,Morgan chemistry,0.0,869,0,5,bt_residual
meanfiringrate,morgan_1187,Morgan chemistry,0.0,870,0,5,bt_residual
meanfiringrate,morgan_1186,Morgan chemistry,0.0,871,0,5,bt_residual
meanfiringrate,morgan_1185,Morgan chemistry,0.0,872,0,5,bt_residual
meanfiringrate,morgan_1184,Morgan chemistry,0.0,873,0,5,bt_residual
meanfiringrate,morgan_1183,Morgan chemistry,0.0,874,0,5,bt_residual
meanfiringrate,morgan_1182,Morgan chemistry,0.0,875,0,5,bt_residual
meanfiringrate,morgan_1181,Morgan chemistry,0.0,876,0,5,bt_residual
meanfiringrate,morgan_1180,Morgan chemistry,0.0,877,0,5,bt_residual
meanfiringrate,morgan_1179,Morgan chemistry,0.0,878,0,5,bt_residual
meanfiringrate,morgan_1178,Morgan chemistry,0.0,879,0,5,bt_residual
meanfiringrate,morgan_1177,Morgan chemistry,0.0,880,0,5,bt_residual
meanfiringrate,morgan_1176,Morgan chemistry,0.0,881,0,5,bt_residual
meanfiringrate,morgan_1175,Morgan chemistry,0.0,882,0,5,bt_residual
meanfiringrate,morgan_1174,Morgan chemistry,0.0,883,0,5,bt_residual
meanfiringrate,morgan_1173,Morgan chemistry,0.0,884,0,5,bt_residual
meanfiringrate,morgan_1172,Morgan chemistry,0.0,885,0,5,bt_residual
meanfiringrate,morgan_1171,Morgan chemistry,0.0,886,0,5,bt_residual
meanfiringrate,morgan_1170,Morgan chemistry,0.0,887,0,5,bt_residual
meanfiringrate,morgan_1169,Morgan chemistry,0.0,888,0,5,bt_residual
meanfiringrate,morgan_1167,Morgan chemistry,0.0,889,0,5,bt_residual
meanfiringrate,morgan_1166,Morgan chemistry,0.0,890,0,5,bt_residual
meanfiringrate,morgan_1165,Morgan chemistry,0.0,891,0,5,bt_residual
meanfiringrate,morgan_1164,Morgan chemistry,0.0,892,0,5,bt_residual
meanfiringrate,morgan_1163,Morgan chemistry,0.0,893,0,5,bt_residual
meanfiringrate,morgan_1162,Morgan chemistry,0.0,894,0,5,bt_residual
meanfiringrate,morgan_1161,Morgan chemistry,0.0,895,0,5,bt_residual
meanfiringrate,morgan_1160,Morgan chemistry,0.0,896,0,5,bt_residual
meanfiringrate,morgan_1159,Morgan chemistry,0.0,897,0,5,bt_residual
meanfiringrate,morgan_1158,Morgan chemistry,0.0,898,0,5,bt_residual
meanfiringrate,morgan_1157,Morgan chemistry,0.0,899,0,5,bt_residual
meanfiringrate,morgan_1156,Morgan chemistry,0.0,900,0,5,bt_residual
meanfiringrate,morgan_1155,Morgan chemistry,0.0,901,0,5,bt_residual
meanfiringrate,morgan_1154,Morgan chemistry,0.0,902,0,5,bt_residual
meanfiringrate,morgan_1153,Morgan chemistry,0.0,903,0,5,bt_residual
meanfiringrate,morgan_1152,Morgan chemistry,0.0,904,0,5,bt_residual
meanfiringrate,morgan_1151,Morgan chemistry,0.0,905,0,5,bt_residual
meanfiringrate,morgan_1150,Morgan chemistry,0.0,906,0,5,bt_residual
meanfiringrate,morgan_1149,Morgan chemistry,0.0,907,0,5,bt_residual
meanfiringrate,morgan_1148,Morgan chemistry,0.0,908,0,5,bt_residual
meanfiringrate,morgan_1147,Morgan chemistry,0.0,909,0,5,bt_residual
meanfiringrate,morgan_1146,Morgan chemistry,0.0,910,0,5,bt_residual
meanfiringrate,morgan_1145,Morgan chemistry,0.0,911,0,5,bt_residual
meanfiringrate,morgan_1144,Morgan chemistry,0.0,912,0,5,bt_residual
meanfiringrate,morgan_1143,Morgan chemistry,0.0,913,0,5,bt_residual
meanfiringrate,morgan_1142,Morgan chemistry,0.0,914,0,5,bt_residual
meanfiringrate,morgan_1140,Morgan chemistry,0.0,915,0,5,bt_residual
meanfiringrate,morgan_1139,Morgan chemistry,0.0,916,0,5,bt_residual
meanfiringrate,morgan_1138,Morgan chemistry,0.0,917,0,5,bt_residual
meanfiringrate,morgan_1137,Morgan chemistry,0.0,918,0,5,bt_residual
meanfiringrate,morgan_1136,Morgan chemistry,0.0,919,0,5,bt_residual
meanfiringrate,morgan_1135,Morgan chemistry,0.0,920,0,5,bt_residual
meanfiringrate,morgan_1133,Morgan chemistry,0.0,921,0,5,bt_residual
meanfiringrate,morgan_1132,Morgan chemistry,0.0,922,0,5,bt_residual
meanfiringrate,morgan_1131,Morgan chemistry,0.0,923,0,5,bt_residual
meanfiringrate,morgan_1130,Morgan chemistry,0.0,924,0,5,bt_residual
meanfiringrate,morgan_1129,Morgan chemistry,0.0,925,0,5,bt_residual
meanfiringrate,morgan_1128,Morgan chemistry,0.0,926,0,5,bt_residual
meanfiringrate,morgan_1127,Morgan chemistry,0.0,927,0,5,bt_residual
meanfiringrate,morgan_1126,Morgan chemistry,0.0,928,0,5,bt_residual
meanfiringrate,morgan_1125,Morgan chemistry,0.0,929,0,5,bt_residual
meanfiringrate,morgan_1124,Morgan chemistry,0.0,930,0,5,bt_residual
meanfiringrate,morgan_1123,Morgan chemistry,0.0,931,0,5,bt_residual
meanfiringrate,morgan_1122,Morgan chemistry,0.0,932,0,5,bt_residual
meanfiringrate,morgan_1121,Morgan chemistry,0.0,933,0,5,bt_residual
meanfiringrate,morgan_1120,Morgan chemistry,0.0,934,0,5,bt_residual
meanfiringrate,morgan_1119,Morgan chemistry,0.0,935,0,5,bt_residual
meanfiringrate,morgan_1118,Morgan chemistry,0.0,936,0,5,bt_residual
meanfiringrate,morgan_1117,Morgan chemistry,0.0,937,0,5,bt_residual
meanfiringrate,morgan_1116,Morgan chemistry,0.0,938,0,5,bt_residual
meanfiringrate,morgan_1115,Morgan chemistry,0.0,939,0,5,bt_residual
meanfiringrate,morgan_1114,Morgan chemistry,0.0,940,0,5,bt_residual
meanfiringrate,morgan_1113,Morgan chemistry,0.0,941,0,5,bt_residual
meanfiringrate,morgan_1112,Morgan chemistry,0.0,942,0,5,bt_residual
meanfiringrate,morgan_1110,Morgan chemistry,0.0,943,0,5,bt_residual
meanfiringrate,morgan_1109,Morgan chemistry,0.0,944,0,5,bt_residual
meanfiringrate,morgan_1108,Morgan chemistry,0.0,945,0,5,bt_residual
meanfiringrate,morgan_1107,Morgan chemistry,0.0,946,0,5,bt_residual
meanfiringrate,morgan_1106,Morgan chemistry,0.0,947,0,5,bt_residual
meanfiringrate,morgan_1105,Morgan chemistry,0.0,948,0,5,bt_residual
meanfiringrate,morgan_1104,Morgan chemistry,0.0,949,0,5,bt_residual
meanfiringrate,morgan_1103,Morgan chemistry,0.0,950,0,5,bt_residual
meanfiringrate,morgan_1102,Morgan chemistry,0.0,951,0,5,bt_residual
meanfiringrate,morgan_1101,Morgan chemistry,0.0,952,0,5,bt_residual
meanfiringrate,morgan_1100,Morgan chemistry,0.0,953,0,5,bt_residual
meanfiringrate,morgan_1099,Morgan chemistry,0.0,954,0,5,bt_residual
meanfiringrate,morgan_1098,Morgan chemistry,0.0,955,0,5,bt_residual
meanfiringrate,morgan_1097,Morgan chemistry,0.0,956,0,5,bt_residual
meanfiringrate,morgan_1096,Morgan chemistry,0.0,957,0,5,bt_residual
meanfiringrate,morgan_1095,Morgan chemistry,0.0,958,0,5,bt_residual
meanfiringrate,morgan_1094,Morgan chemistry,0.0,959,0,5,bt_residual
meanfiringrate,morgan_1093,Morgan chemistry,0.0,960,0,5,bt_residual
meanfiringrate,morgan_1092,Morgan chemistry,0.0,961,0,5,bt_residual
meanfiringrate,morgan_1091,Morgan chemistry,0.0,962,0,5,bt_residual
meanfiringrate,morgan_1090,Morgan chemistry,0.0,963,0,5,bt_residual
meanfiringrate,morgan_1089,Morgan chemistry,0.0,964,0,5,bt_residual
meanfiringrate,morgan_1087,Morgan chemistry,0.0,965,0,5,bt_residual
meanfiringrate,morgan_1086,Morgan chemistry,0.0,966,0,5,bt_residual
meanfiringrate,morgan_1085,Morgan chemistry,0.0,967,0,5,bt_residual
meanfiringrate,morgan_1084,Morgan chemistry,0.0,968,0,5,bt_residual
meanfiringrate,morgan_1083,Morgan chemistry,0.0,969,0,5,bt_residual
meanfiringrate,morgan_1082,Morgan chemistry,0.0,970,0,5,bt_residual
meanfiringrate,morgan_1081,Morgan chemistry,0.0,971,0,5,bt_residual
meanfiringrate,morgan_1080,Morgan chemistry,0.0,972,0,5,bt_residual
meanfiringrate,morgan_1079,Morgan chemistry,0.0,973,0,5,bt_residual
meanfiringrate,morgan_1078,Morgan chemistry,0.0,974,0,5,bt_residual
meanfiringrate,morgan_1077,Morgan chemistry,0.0,975,0,5,bt_residual
meanfiringrate,morgan_1076,Morgan chemistry,0.0,976,0,5,bt_residual
meanfiringrate,morgan_1075,Morgan chemistry,0.0,977,0,5,bt_residual
meanfiringrate,morgan_1074,Morgan chemistry,0.0,978,0,5,bt_residual
meanfiringrate,morgan_1073,Morgan chemistry,0.0,979,0,5,bt_residual
meanfiringrate,morgan_1072,Morgan chemistry,0.0,980,0,5,bt_residual
meanfiringrate,morgan_1071,Morgan chemistry,0.0,981,0,5,bt_residual
meanfiringrate,morgan_1070,Morgan chemistry,0.0,982,0,5,bt_residual
meanfiringrate,morgan_1069,Morgan chemistry,0.0,983,0,5,bt_residual
meanfiringrate,morgan_1068,Morgan chemistry,0.0,984,0,5,bt_residual
meanfiringrate,morgan_1067,Morgan chemistry,0.0,985,0,5,bt_residual
meanfiringrate,morgan_1066,Morgan chemistry,0.0,986,0,5,bt_residual
meanfiringrate,morgan_1065,Morgan chemistry,0.0,987,0,5,bt_residual
meanfiringrate,morgan_1064,Morgan chemistry,0.0,988,0,5,bt_residual
meanfiringrate,morgan_1063,Morgan chemistry,0.0,989,0,5,bt_residual
meanfiringrate,morgan_1062,Morgan chemistry,0.0,990,0,5,bt_residual
meanfiringrate,morgan_1061,Morgan chemistry,0.0,991,0,5,bt_residual
meanfiringrate,morgan_1060,Morgan chemistry,0.0,992,0,5,bt_residual
meanfiringrate,morgan_1059,Morgan chemistry,0.0,993,0,5,bt_residual
meanfiringrate,morgan_1058,Morgan chemistry,0.0,994,0,5,bt_residual
meanfiringrate,morgan_1057,Morgan chemistry,0.0,995,0,5,bt_residual
meanfiringrate,morgan_1056,Morgan chemistry,0.0,996,0,5,bt_residual
meanfiringrate,morgan_1055,Morgan chemistry,0.0,997,0,5,bt_residual
meanfiringrate,morgan_1054,Morgan chemistry,0.0,998,0,5,bt_residual
meanfiringrate,morgan_1053,Morgan chemistry,0.0,999,0,5,bt_residual
meanfiringrate,morgan_1052,Morgan chemistry,0.0,1000,0,5,bt_residual
meanfiringrate,morgan_1051,Morgan chemistry,0.0,1001,0,5,bt_residual
meanfiringrate,morgan_1050,Morgan chemistry,0.0,1002,0,5,bt_residual
meanfiringrate,morgan_1049,Morgan chemistry,0.0,1003,0,5,bt_residual
meanfiringrate,morgan_1048,Morgan chemistry,0.0,1004,0,5,bt_residual
meanfiringrate,morgan_1047,Morgan chemistry,0.0,1005,0,5,bt_residual
meanfiringrate,morgan_1046,Morgan chemistry,0.0,1006,0,5,bt_residual
meanfiringrate,morgan_1045,Morgan chemistry,0.0,1007,0,5,bt_residual
meanfiringrate,morgan_1044,Morgan chemistry,0.0,1008,0,5,bt_residual
meanfiringrate,morgan_1043,Morgan chemistry,0.0,1009,0,5,bt_residual
meanfiringrate,morgan_1042,Morgan chemistry,0.0,1010,0,5,bt_residual
meanfiringrate,morgan_1041,Morgan chemistry,0.0,1011,0,5,bt_residual
meanfiringrate,morgan_1040,Morgan chemistry,0.0,1012,0,5,bt_residual
meanfiringrate,morgan_1039,Morgan chemistry,0.0,1013,0,5,bt_residual
meanfiringrate,morgan_1038,Morgan chemistry,0.0,1014,0,5,bt_residual
meanfiringrate,morgan_1037,Morgan chemistry,0.0,1015,0,5,bt_residual
meanfiringrate,morgan_1036,Morgan chemistry,0.0,1016,0,5,bt_residual
meanfiringrate,morgan_1035,Morgan chemistry,0.0,1017,0,5,bt_residual
meanfiringrate,morgan_1034,Morgan chemistry,0.0,1018,0,5,bt_residual
meanfiringrate,morgan_1033,Morgan chemistry,0.0,1019,0,5,bt_residual
meanfiringrate,morgan_1032,Morgan chemistry,0.0,1020,0,5,bt_residual
meanfiringrate,morgan_1031,Morgan chemistry,0.0,1021,0,5,bt_residual
meanfiringrate,morgan_1030,Morgan chemistry,0.0,1022,0,5,bt_residual
meanfiringrate,morgan_1029,Morgan chemistry,0.0,1023,0,5,bt_residual
meanfiringrate,morgan_1028,Morgan chemistry,0.0,1024,0,5,bt_residual
meanfiringrate,morgan_1027,Morgan chemistry,0.0,1025,0,5,bt_residual
meanfiringrate,morgan_1026,Morgan chemistry,0.0,1026,0,5,bt_residual
meanfiringrate,morgan_1025,Morgan chemistry,0.0,1027,0,5,bt_residual
meanfiringrate,morgan_1024,Morgan chemistry,0.0,1028,0,5,bt_residual
meanfiringrate,morgan_1023,Morgan chemistry,0.0,1029,0,5,bt_residual
meanfiringrate,morgan_1022,Morgan chemistry,0.0,1030,0,5,bt_residual
meanfiringrate,morgan_1021,Morgan chemistry,0.0,1031,0,5,bt_residual
meanfiringrate,morgan_1020,Morgan chemistry,0.0,1032,0,5,bt_residual
meanfiringrate,morgan_1019,Morgan chemistry,0.0,1033,0,5,bt_residual
meanfiringrate,morgan_1018,Morgan chemistry,0.0,1034,0,5,bt_residual
meanfiringrate,morgan_1017,Morgan chemistry,0.0,1035,0,5,bt_residual
meanfiringrate,morgan_1016,Morgan chemistry,0.0,1036,0,5,bt_residual
meanfiringrate,morgan_1015,Morgan chemistry,0.0,1037,0,5,bt_residual
meanfiringrate,morgan_1014,Morgan chemistry,0.0,1038,0,5,bt_residual
meanfiringrate,morgan_1013,Morgan chemistry,0.0,1039,0,5,bt_residual
meanfiringrate,morgan_1012,Morgan chemistry,0.0,1040,0,5,bt_residual
meanfiringrate,morgan_1011,Morgan chemistry,0.0,1041,0,5,bt_residual
meanfiringrate,morgan_1010,Morgan chemistry,0.0,1042,0,5,bt_residual
meanfiringrate,morgan_1009,Morgan chemistry,0.0,1043,0,5,bt_residual
meanfiringrate,morgan_1008,Morgan chemistry,0.0,1044,0,5,bt_residual
meanfiringrate,morgan_1006,Morgan chemistry,0.0,1045,0,5,bt_residual
meanfiringrate,morgan_1005,Morgan chemistry,0.0,1046,0,5,bt_residual
meanfiringrate,morgan_1002,Morgan chemistry,0.0,1047,0,5,bt_residual
meanfiringrate,morgan_1001,Morgan chemistry,0.0,1048,0,5,bt_residual
meanfiringrate,morgan_1000,Morgan chemistry,0.0,1049,0,5,bt_residual
meanfiringrate,morgan_999,Morgan chemistry,0.0,1050,0,5,bt_residual
meanfiringrate,morgan_998,Morgan chemistry,0.0,1051,0,5,bt_residual
meanfiringrate,morgan_997,Morgan chemistry,0.0,1052,0,5,bt_residual
meanfiringrate,morgan_996,Morgan chemistry,0.0,1053,0,5,bt_residual
meanfiringrate,morgan_995,Morgan chemistry,0.0,1054,0,5,bt_residual
meanfiringrate,morgan_994,Morgan chemistry,0.0,1055,0,5,bt_residual
meanfiringrate,morgan_993,Morgan chemistry,0.0,1056,0,5,bt_residual
meanfiringrate,morgan_992,Morgan chemistry,0.0,1057,0,5,bt_residual
meanfiringrate,morgan_991,Morgan chemistry,0.0,1058,0,5,bt_residual
meanfiringrate,morgan_990,Morgan chemistry,0.0,1059,0,5,bt_residual
meanfiringrate,morgan_989,Morgan chemistry,0.0,1060,0,5,bt_residual
meanfiringrate,morgan_988,Morgan chemistry,0.0,1061,0,5,bt_residual
meanfiringrate,morgan_987,Morgan chemistry,0.0,1062,0,5,bt_residual
meanfiringrate,morgan_986,Morgan chemistry,0.0,1063,0,5,bt_residual
meanfiringrate,morgan_985,Morgan chemistry,0.0,1064,0,5,bt_residual
meanfiringrate,morgan_984,Morgan chemistry,0.0,1065,0,5,bt_residual
meanfiringrate,morgan_983,Morgan chemistry,0.0,1066,0,5,bt_residual
meanfiringrate,morgan_982,Morgan chemistry,0.0,1067,0,5,bt_residual
meanfiringrate,morgan_981,Morgan chemistry,0.0,1068,0,5,bt_residual
meanfiringrate,morgan_980,Morgan chemistry,0.0,1069,0,5,bt_residual
meanfiringrate,morgan_979,Morgan chemistry,0.0,1070,0,5,bt_residual
meanfiringrate,morgan_978,Morgan chemistry,0.0,1071,0,5,bt_residual
meanfiringrate,morgan_977,Morgan chemistry,0.0,1072,0,5,bt_residual
meanfiringrate,morgan_976,Morgan chemistry,0.0,1073,0,5,bt_residual
meanfiringrate,morgan_975,Morgan chemistry,0.0,1074,0,5,bt_residual
meanfiringrate,morgan_974,Morgan chemistry,0.0,1075,0,5,bt_residual
meanfiringrate,morgan_973,Morgan chemistry,0.0,1076,0,5,bt_residual
meanfiringrate,morgan_972,Morgan chemistry,0.0,1077,0,5,bt_residual
meanfiringrate,morgan_971,Morgan chemistry,0.0,1078,0,5,bt_residual
meanfiringrate,morgan_2022,Morgan chemistry,0.0,1079,0,5,bt_residual
meanfiringrate,morgan_969,Morgan chemistry,0.0,1080,0,5,bt_residual
meanfiringrate,morgan_968,Morgan chemistry,0.0,1081,0,5,bt_residual
meanfiringrate,morgan_967,Morgan chemistry,0.0,1082,0,5,bt_residual
meanfiringrate,morgan_966,Morgan chemistry,0.0,1083,0,5,bt_residual
meanfiringrate,morgan_965,Morgan chemistry,0.0,1084,0,5,bt_residual
meanfiringrate,morgan_964,Morgan chemistry,0.0,1085,0,5,bt_residual
meanfiringrate,morgan_963,Morgan chemistry,0.0,1086,0,5,bt_residual
meanfiringrate,morgan_962,Morgan chemistry,0.0,1087,0,5,bt_residual
meanfiringrate,morgan_2037,Morgan chemistry,0.0,1088,0,5,bt_residual
meanfiringrate,morgan_960,Morgan chemistry,0.0,1089,0,5,bt_residual
meanfiringrate,morgan_959,Morgan chemistry,0.0,1090,0,5,bt_residual
meanfiringrate,morgan_958,Morgan chemistry,0.0,1091,0,5,bt_residual
meanfiringrate,morgan_957,Morgan chemistry,0.0,1092,0,5,bt_residual
meanfiringrate,morgan_956,Morgan chemistry,0.0,1093,0,5,bt_residual
meanfiringrate,morgan_955,Morgan chemistry,0.0,1094,0,5,bt_residual
meanfiringrate,morgan_954,Morgan chemistry,0.0,1095,0,5,bt_residual
meanfiringrate,morgan_953,Morgan chemistry,0.0,1096,0,5,bt_residual
meanfiringrate,morgan_952,Morgan chemistry,0.0,1097,0,5,bt_residual
meanfiringrate,morgan_951,Morgan chemistry,0.0,1098,0,5,bt_residual
meanfiringrate,morgan_950,Morgan chemistry,0.0,1099,0,5,bt_residual
meanfiringrate,morgan_949,Morgan chemistry,0.0,1100,0,5,bt_residual
meanfiringrate,morgan_948,Morgan chemistry,0.0,1101,0,5,bt_residual
meanfiringrate,morgan_947,Morgan chemistry,0.0,1102,0,5,bt_residual
meanfiringrate,morgan_946,Morgan chemistry,0.0,1103,0,5,bt_residual
meanfiringrate,morgan_945,Morgan chemistry,0.0,1104,0,5,bt_residual
meanfiringrate,morgan_944,Morgan chemistry,0.0,1105,0,5,bt_residual
meanfiringrate,morgan_943,Morgan chemistry,0.0,1106,0,5,bt_residual
meanfiringrate,morgan_942,Morgan chemistry,0.0,1107,0,5,bt_residual
meanfiringrate,morgan_941,Morgan chemistry,0.0,1108,0,5,bt_residual
meanfiringrate,morgan_940,Morgan chemistry,0.0,1109,0,5,bt_residual
meanfiringrate,morgan_939,Morgan chemistry,0.0,1110,0,5,bt_residual
meanfiringrate,morgan_938,Morgan chemistry,0.0,1111,0,5,bt_residual
meanfiringrate,morgan_937,Morgan chemistry,0.0,1112,0,5,bt_residual
meanfiringrate,morgan_936,Morgan chemistry,0.0,1113,0,5,bt_residual
meanfiringrate,morgan_935,Morgan chemistry,0.0,1114,0,5,bt_residual
meanfiringrate,morgan_934,Morgan chemistry,0.0,1115,0,5,bt_residual
meanfiringrate,morgan_933,Morgan chemistry,0.0,1116,0,5,bt_residual
meanfiringrate,morgan_932,Morgan chemistry,0.0,1117,0,5,bt_residual
meanfiringrate,morgan_931,Morgan chemistry,0.0,1118,0,5,bt_residual
meanfiringrate,morgan_930,Morgan chemistry,0.0,1119,0,5,bt_residual
meanfiringrate,morgan_929,Morgan chemistry,0.0,1120,0,5,bt_residual
meanfiringrate,morgan_928,Morgan chemistry,0.0,1121,0,5,bt_residual
meanfiringrate,morgan_927,Morgan chemistry,0.0,1122,0,5,bt_residual
meanfiringrate,morgan_926,Morgan chemistry,0.0,1123,0,5,bt_residual
meanfiringrate,morgan_925,Morgan chemistry,0.0,1124,0,5,bt_residual
meanfiringrate,morgan_924,Morgan chemistry,0.0,1125,0,5,bt_residual
meanfiringrate,morgan_923,Morgan chemistry,0.0,1126,0,5,bt_residual
meanfiringrate,morgan_922,Morgan chemistry,0.0,1127,0,5,bt_residual
meanfiringrate,morgan_921,Morgan chemistry,0.0,1128,0,5,bt_residual
meanfiringrate,morgan_920,Morgan chemistry,0.0,1129,0,5,bt_residual
meanfiringrate,morgan_919,Morgan chemistry,0.0,1130,0,5,bt_residual
meanfiringrate,morgan_918,Morgan chemistry,0.0,1131,0,5,bt_residual
meanfiringrate,morgan_917,Morgan chemistry,0.0,1132,0,5,bt_residual
meanfiringrate,morgan_916,Morgan chemistry,0.0,1133,0,5,bt_residual
meanfiringrate,morgan_915,Morgan chemistry,0.0,1134,0,5,bt_residual
meanfiringrate,morgan_914,Morgan chemistry,0.0,1135,0,5,bt_residual
meanfiringrate,morgan_913,Morgan chemistry,0.0,1136,0,5,bt_residual
meanfiringrate,morgan_912,Morgan chemistry,0.0,1137,0,5,bt_residual
meanfiringrate,morgan_911,Morgan chemistry,0.0,1138,0,5,bt_residual
meanfiringrate,morgan_910,Morgan chemistry,0.0,1139,0,5,bt_residual
meanfiringrate,morgan_909,Morgan chemistry,0.0,1140,0,5,bt_residual
meanfiringrate,morgan_908,Morgan chemistry,0.0,1141,0,5,bt_residual
meanfiringrate,morgan_907,Morgan chemistry,0.0,1142,0,5,bt_residual
meanfiringrate,morgan_906,Morgan chemistry,0.0,1143,0,5,bt_residual
meanfiringrate,morgan_905,Morgan chemistry,0.0,1144,0,5,bt_residual
meanfiringrate,morgan_904,Morgan chemistry,0.0,1145,0,5,bt_residual
meanfiringrate,morgan_903,Morgan chemistry,0.0,1146,0,5,bt_residual
meanfiringrate,morgan_902,Morgan chemistry,0.0,1147,0,5,bt_residual
meanfiringrate,morgan_901,Morgan chemistry,0.0,1148,0,5,bt_residual
meanfiringrate,morgan_900,Morgan chemistry,0.0,1149,0,5,bt_residual
meanfiringrate,morgan_899,Morgan chemistry,0.0,1150,0,5,bt_residual
meanfiringrate,morgan_898,Morgan chemistry,0.0,1151,0,5,bt_residual
meanfiringrate,morgan_897,Morgan chemistry,0.0,1152,0,5,bt_residual
meanfiringrate,morgan_896,Morgan chemistry,0.0,1153,0,5,bt_residual
meanfiringrate,morgan_895,Morgan chemistry,0.0,1154,0,5,bt_residual
meanfiringrate,morgan_894,Morgan chemistry,0.0,1155,0,5,bt_residual
meanfiringrate,morgan_893,Morgan chemistry,0.0,1156,0,5,bt_residual
meanfiringrate,morgan_892,Morgan chemistry,0.0,1157,0,5,bt_residual
meanfiringrate,morgan_891,Morgan chemistry,0.0,1158,0,5,bt_residual
meanfiringrate,morgan_890,Morgan chemistry,0.0,1159,0,5,bt_residual
meanfiringrate,morgan_889,Morgan chemistry,0.0,1160,0,5,bt_residual
meanfiringrate,morgan_888,Morgan chemistry,0.0,1161,0,5,bt_residual
meanfiringrate,morgan_887,Morgan chemistry,0.0,1162,0,5,bt_residual
meanfiringrate,morgan_886,Morgan chemistry,0.0,1163,0,5,bt_residual
meanfiringrate,morgan_885,Morgan chemistry,0.0,1164,0,5,bt_residual
meanfiringrate,morgan_884,Morgan chemistry,0.0,1165,0,5,bt_residual
meanfiringrate,morgan_883,Morgan chemistry,0.0,1166,0,5,bt_residual
meanfiringrate,structure_missing,structure availability,0.0,1167,0,5,bt_residual
meanfiringrate,morgan_881,Morgan chemistry,0.0,1168,0,5,bt_residual
meanfiringrate,morgan_2047,Morgan chemistry,0.0,1169,0,5,bt_residual
meanfiringrate,morgan_879,Morgan chemistry,0.0,1170,0,5,bt_residual
meanfiringrate,morgan_878,Morgan chemistry,0.0,1171,0,5,bt_residual
meanfiringrate,morgan_877,Morgan chemistry,0.0,1172,0,5,bt_residual
meanfiringrate,morgan_876,Morgan chemistry,0.0,1173,0,5,bt_residual
meanfiringrate,morgan_2046,Morgan chemistry,0.0,1174,0,5,bt_residual
meanfiringrate,morgan_874,Morgan chemistry,0.0,1175,0,5,bt_residual
meanfiringrate,morgan_873,Morgan chemistry,0.0,1176,0,5,bt_residual
meanfiringrate,morgan_872,Morgan chemistry,0.0,1177,0,5,bt_residual
meanfiringrate,morgan_871,Morgan chemistry,0.0,1178,0,5,bt_residual
meanfiringrate,morgan_870,Morgan chemistry,0.0,1179,0,5,bt_residual
meanfiringrate,morgan_869,Morgan chemistry,0.0,1180,0,5,bt_residual
meanfiringrate,morgan_868,Morgan chemistry,0.0,1181,0,5,bt_residual
meanfiringrate,morgan_867,Morgan chemistry,0.0,1182,0,5,bt_residual
meanfiringrate,morgan_866,Morgan chemistry,0.0,1183,0,5,bt_residual
meanfiringrate,morgan_865,Morgan chemistry,0.0,1184,0,5,bt_residual
meanfiringrate,morgan_864,Morgan chemistry,0.0,1185,0,5,bt_residual
meanfiringrate,morgan_863,Morgan chemistry,0.0,1186,0,5,bt_residual
meanfiringrate,morgan_862,Morgan chemistry,0.0,1187,0,5,bt_residual
meanfiringrate,morgan_861,Morgan chemistry,0.0,1188,0,5,bt_residual
meanfiringrate,morgan_860,Morgan chemistry,0.0,1189,0,5,bt_residual
meanfiringrate,morgan_859,Morgan chemistry,0.0,1190,0,5,bt_residual
meanfiringrate,morgan_858,Morgan chemistry,0.0,1191,0,5,bt_residual
meanfiringrate,morgan_857,Morgan chemistry,0.0,1192,0,5,bt_residual
meanfiringrate,morgan_856,Morgan chemistry,0.0,1193,0,5,bt_residual
meanfiringrate,morgan_855,Morgan chemistry,0.0,1194,0,5,bt_residual
meanfiringrate,morgan_854,Morgan chemistry,0.0,1195,0,5,bt_residual
meanfiringrate,morgan_853,Morgan chemistry,0.0,1196,0,5,bt_residual
meanfiringrate,morgan_852,Morgan chemistry,0.0,1197,0,5,bt_residual
meanfiringrate,morgan_851,Morgan chemistry,0.0,1198,0,5,bt_residual
meanfiringrate,morgan_850,Morgan chemistry,0.0,1199,0,5,bt_residual
meanfiringrate,morgan_849,Morgan chemistry,0.0,1200,0,5,bt_residual
meanfiringrate,morgan_848,Morgan chemistry,0.0,1201,0,5,bt_residual
meanfiringrate,morgan_847,Morgan chemistry,0.0,1202,0,5,bt_residual
meanfiringrate,morgan_846,Morgan chemistry,0.0,1203,0,5,bt_residual
meanfiringrate,morgan_845,Morgan chemistry,0.0,1204,0,5,bt_residual
meanfiringrate,morgan_844,Morgan chemistry,0.0,1205,0,5,bt_residual
meanfiringrate,morgan_843,Morgan chemistry,0.0,1206,0,5,bt_residual
meanfiringrate,morgan_842,Morgan chemistry,0.0,1207,0,5,bt_residual
meanfiringrate,morgan_2045,Morgan chemistry,0.0,1208,0,5,bt_residual
meanfiringrate,morgan_2044,Morgan chemistry,0.0,1209,0,5,bt_residual
meanfiringrate,morgan_839,Morgan chemistry,0.0,1210,0,5,bt_residual
meanfiringrate,morgan_838,Morgan chemistry,0.0,1211,0,5,bt_residual
meanfiringrate,morgan_837,Morgan chemistry,0.0,1212,0,5,bt_residual
meanfiringrate,morgan_2043,Morgan chemistry,0.0,1213,0,5,bt_residual
meanfiringrate,morgan_835,Morgan chemistry,0.0,1214,0,5,bt_residual
meanfiringrate,morgan_834,Morgan chemistry,0.0,1215,0,5,bt_residual
meanfiringrate,morgan_833,Morgan chemistry,0.0,1216,0,5,bt_residual
meanfiringrate,morgan_832,Morgan chemistry,0.0,1217,0,5,bt_residual
meanfiringrate,morgan_831,Morgan chemistry,0.0,1218,0,5,bt_residual
meanfiringrate,morgan_830,Morgan chemistry,0.0,1219,0,5,bt_residual
meanfiringrate,morgan_829,Morgan chemistry,0.0,1220,0,5,bt_residual
meanfiringrate,morgan_828,Morgan chemistry,0.0,1221,0,5,bt_residual
meanfiringrate,morgan_827,Morgan chemistry,0.0,1222,0,5,bt_residual
meanfiringrate,morgan_826,Morgan chemistry,0.0,1223,0,5,bt_residual
meanfiringrate,morgan_825,Morgan chemistry,0.0,1224,0,5,bt_residual
meanfiringrate,morgan_824,Morgan chemistry,0.0,1225,0,5,bt_residual
meanfiringrate,morgan_2038,Morgan chemistry,0.0,1226,0,5,bt_residual
meanfiringrate,morgan_822,Morgan chemistry,0.0,1227,0,5,bt_residual
meanfiringrate,morgan_821,Morgan chemistry,0.0,1228,0,5,bt_residual
meanfiringrate,morgan_820,Morgan chemistry,0.0,1229,0,5,bt_residual
meanfiringrate,morgan_819,Morgan chemistry,0.0,1230,0,5,bt_residual
meanfiringrate,morgan_818,Morgan chemistry,0.0,1231,0,5,bt_residual
meanfiringrate,morgan_817,Morgan chemistry,0.0,1232,0,5,bt_residual
meanfiringrate,morgan_816,Morgan chemistry,0.0,1233,0,5,bt_residual
meanfiringrate,morgan_815,Morgan chemistry,0.0,1234,0,5,bt_residual
meanfiringrate,morgan_814,Morgan chemistry,0.0,1235,0,5,bt_residual
meanfiringrate,morgan_813,Morgan chemistry,0.0,1236,0,5,bt_residual
meanfiringrate,morgan_812,Morgan chemistry,0.0,1237,0,5,bt_residual
meanfiringrate,morgan_811,Morgan chemistry,0.0,1238,0,5,bt_residual
meanfiringrate,morgan_810,Morgan chemistry,0.0,1239,0,5,bt_residual
meanfiringrate,morgan_809,Morgan chemistry,0.0,1240,0,5,bt_residual
meanfiringrate,morgan_2041,Morgan chemistry,0.0,1241,0,5,bt_residual
meanfiringrate,morgan_807,Morgan chemistry,0.0,1242,0,5,bt_residual
meanfiringrate,morgan_806,Morgan chemistry,0.0,1243,0,5,bt_residual
meanfiringrate,morgan_805,Morgan chemistry,0.0,1244,0,5,bt_residual
meanfiringrate,morgan_804,Morgan chemistry,0.0,1245,0,5,bt_residual
meanfiringrate,morgan_2021,Morgan chemistry,0.0,1246,0,5,bt_residual
meanfiringrate,morgan_802,Morgan chemistry,0.0,1247,0,5,bt_residual
meanfiringrate,morgan_801,Morgan chemistry,0.0,1248,0,5,bt_residual
meanfiringrate,morgan_800,Morgan chemistry,0.0,1249,0,5,bt_residual
meanfiringrate,morgan_799,Morgan chemistry,0.0,1250,0,5,bt_residual
meanfiringrate,morgan_798,Morgan chemistry,0.0,1251,0,5,bt_residual
meanfiringrate,morgan_797,Morgan chemistry,0.0,1252,0,5,bt_residual
meanfiringrate,morgan_796,Morgan chemistry,0.0,1253,0,5,bt_residual
meanfiringrate,morgan_795,Morgan chemistry,0.0,1254,0,5,bt_residual
meanfiringrate,morgan_2019,Morgan chemistry,0.0,1255,0,5,bt_residual
meanfiringrate,morgan_793,Morgan chemistry,0.0,1256,0,5,bt_residual
meanfiringrate,morgan_792,Morgan chemistry,0.0,1257,0,5,bt_residual
meanfiringrate,morgan_791,Morgan chemistry,0.0,1258,0,5,bt_residual
meanfiringrate,morgan_790,Morgan chemistry,0.0,1259,0,5,bt_residual
meanfiringrate,morgan_789,Morgan chemistry,0.0,1260,0,5,bt_residual
meanfiringrate,morgan_788,Morgan chemistry,0.0,1261,0,5,bt_residual
meanfiringrate,morgan_787,Morgan chemistry,0.0,1262,0,5,bt_residual
meanfiringrate,morgan_786,Morgan chemistry,0.0,1263,0,5,bt_residual
meanfiringrate,morgan_785,Morgan chemistry,0.0,1264,0,5,bt_residual
meanfiringrate,morgan_784,Morgan chemistry,0.0,1265,0,5,bt_residual
meanfiringrate,morgan_783,Morgan chemistry,0.0,1266,0,5,bt_residual
meanfiringrate,morgan_782,Morgan chemistry,0.0,1267,0,5,bt_residual
meanfiringrate,morgan_2018,Morgan chemistry,0.0,1268,0,5,bt_residual
meanfiringrate,morgan_780,Morgan chemistry,0.0,1269,0,5,bt_residual
meanfiringrate,morgan_779,Morgan chemistry,0.0,1270,0,5,bt_residual
meanfiringrate,morgan_778,Morgan chemistry,0.0,1271,0,5,bt_residual
meanfiringrate,morgan_777,Morgan chemistry,0.0,1272,0,5,bt_residual
meanfiringrate,morgan_776,Morgan chemistry,0.0,1273,0,5,bt_residual
meanfiringrate,morgan_775,Morgan chemistry,0.0,1274,0,5,bt_residual
meanfiringrate,morgan_774,Morgan chemistry,0.0,1275,0,5,bt_residual
meanfiringrate,morgan_773,Morgan chemistry,0.0,1276,0,5,bt_residual
meanfiringrate,morgan_772,Morgan chemistry,0.0,1277,0,5,bt_residual
meanfiringrate,morgan_771,Morgan chemistry,0.0,1278,0,5,bt_residual
meanfiringrate,morgan_770,Morgan chemistry,0.0,1279,0,5,bt_residual
meanfiringrate,morgan_769,Morgan chemistry,0.0,1280,0,5,bt_residual
meanfiringrate,morgan_768,Morgan chemistry,0.0,1281,0,5,bt_residual
meanfiringrate,morgan_767,Morgan chemistry,0.0,1282,0,5,bt_residual
meanfiringrate,morgan_766,Morgan chemistry,0.0,1283,0,5,bt_residual
meanfiringrate,morgan_765,Morgan chemistry,0.0,1284,0,5,bt_residual
meanfiringrate,morgan_764,Morgan chemistry,0.0,1285,0,5,bt_residual
meanfiringrate,morgan_763,Morgan chemistry,0.0,1286,0,5,bt_residual
meanfiringrate,morgan_762,Morgan chemistry,0.0,1287,0,5,bt_residual
meanfiringrate,morgan_761,Morgan chemistry,0.0,1288,0,5,bt_residual
meanfiringrate,morgan_760,Morgan chemistry,0.0,1289,0,5,bt_residual
meanfiringrate,morgan_759,Morgan chemistry,0.0,1290,0,5,bt_residual
meanfiringrate,morgan_758,Morgan chemistry,0.0,1291,0,5,bt_residual
meanfiringrate,morgan_757,Morgan chemistry,0.0,1292,0,5,bt_residual
meanfiringrate,morgan_756,Morgan chemistry,0.0,1293,0,5,bt_residual
meanfiringrate,morgan_755,Morgan chemistry,0.0,1294,0,5,bt_residual
meanfiringrate,morgan_754,Morgan chemistry,0.0,1295,0,5,bt_residual
meanfiringrate,morgan_753,Morgan chemistry,0.0,1296,0,5,bt_residual
meanfiringrate,morgan_752,Morgan chemistry,0.0,1297,0,5,bt_residual
meanfiringrate,morgan_751,Morgan chemistry,0.0,1298,0,5,bt_residual
meanfiringrate,morgan_2016,Morgan chemistry,0.0,1299,0,5,bt_residual
meanfiringrate,morgan_749,Morgan chemistry,0.0,1300,0,5,bt_residual
meanfiringrate,morgan_748,Morgan chemistry,0.0,1301,0,5,bt_residual
meanfiringrate,morgan_747,Morgan chemistry,0.0,1302,0,5,bt_residual
meanfiringrate,morgan_746,Morgan chemistry,0.0,1303,0,5,bt_residual
meanfiringrate,morgan_2015,Morgan chemistry,0.0,1304,0,5,bt_residual
meanfiringrate,morgan_744,Morgan chemistry,0.0,1305,0,5,bt_residual
meanfiringrate,morgan_743,Morgan chemistry,0.0,1306,0,5,bt_residual
meanfiringrate,morgan_742,Morgan chemistry,0.0,1307,0,5,bt_residual
meanfiringrate,morgan_741,Morgan chemistry,0.0,1308,0,5,bt_residual
meanfiringrate,morgan_740,Morgan chemistry,0.0,1309,0,5,bt_residual
meanfiringrate,morgan_739,Morgan chemistry,0.0,1310,0,5,bt_residual
meanfiringrate,morgan_738,Morgan chemistry,0.0,1311,0,5,bt_residual
meanfiringrate,morgan_737,Morgan chemistry,0.0,1312,0,5,bt_residual
meanfiringrate,morgan_736,Morgan chemistry,0.0,1313,0,5,bt_residual
meanfiringrate,morgan_735,Morgan chemistry,0.0,1314,0,5,bt_residual
meanfiringrate,morgan_734,Morgan chemistry,0.0,1315,0,5,bt_residual
meanfiringrate,morgan_733,Morgan chemistry,0.0,1316,0,5,bt_residual
meanfiringrate,morgan_732,Morgan chemistry,0.0,1317,0,5,bt_residual
meanfiringrate,morgan_731,Morgan chemistry,0.0,1318,0,5,bt_residual
meanfiringrate,morgan_730,Morgan chemistry,0.0,1319,0,5,bt_residual
meanfiringrate,morgan_729,Morgan chemistry,0.0,1320,0,5,bt_residual
meanfiringrate,morgan_728,Morgan chemistry,0.0,1321,0,5,bt_residual
meanfiringrate,morgan_727,Morgan chemistry,0.0,1322,0,5,bt_residual
meanfiringrate,morgan_726,Morgan chemistry,0.0,1323,0,5,bt_residual
meanfiringrate,morgan_725,Morgan chemistry,0.0,1324,0,5,bt_residual
meanfiringrate,morgan_724,Morgan chemistry,0.0,1325,0,5,bt_residual
meanfiringrate,morgan_723,Morgan chemistry,0.0,1326,0,5,bt_residual
meanfiringrate,morgan_722,Morgan chemistry,0.0,1327,0,5,bt_residual
meanfiringrate,morgan_721,Morgan chemistry,0.0,1328,0,5,bt_residual
meanfiringrate,morgan_720,Morgan chemistry,0.0,1329,0,5,bt_residual
meanfiringrate,morgan_719,Morgan chemistry,0.0,1330,0,5,bt_residual
meanfiringrate,morgan_718,Morgan chemistry,0.0,1331,0,5,bt_residual
meanfiringrate,morgan_717,Morgan chemistry,0.0,1332,0,5,bt_residual
meanfiringrate,morgan_716,Morgan chemistry,0.0,1333,0,5,bt_residual
meanfiringrate,morgan_715,Morgan chemistry,0.0,1334,0,5,bt_residual
meanfiringrate,morgan_714,Morgan chemistry,0.0,1335,0,5,bt_residual
meanfiringrate,morgan_713,Morgan chemistry,0.0,1336,0,5,bt_residual
meanfiringrate,morgan_712,Morgan chemistry,0.0,1337,0,5,bt_residual
meanfiringrate,morgan_711,Morgan chemistry,0.0,1338,0,5,bt_residual
meanfiringrate,morgan_710,Morgan chemistry,0.0,1339,0,5,bt_residual
meanfiringrate,morgan_709,Morgan chemistry,0.0,1340,0,5,bt_residual
meanfiringrate,morgan_708,Morgan chemistry,0.0,1341,0,5,bt_residual
meanfiringrate,morgan_707,Morgan chemistry,0.0,1342,0,5,bt_residual
meanfiringrate,morgan_706,Morgan chemistry,0.0,1343,0,5,bt_residual
meanfiringrate,morgan_705,Morgan chemistry,0.0,1344,0,5,bt_residual
meanfiringrate,morgan_704,Morgan chemistry,0.0,1345,0,5,bt_residual
meanfiringrate,morgan_703,Morgan chemistry,0.0,1346,0,5,bt_residual
meanfiringrate,morgan_702,Morgan chemistry,0.0,1347,0,5,bt_residual
meanfiringrate,morgan_701,Morgan chemistry,0.0,1348,0,5,bt_residual
meanfiringrate,morgan_700,Morgan chemistry,0.0,1349,0,5,bt_residual
meanfiringrate,morgan_699,Morgan chemistry,0.0,1350,0,5,bt_residual
meanfiringrate,morgan_698,Morgan chemistry,0.0,1351,0,5,bt_residual
meanfiringrate,morgan_2014,Morgan chemistry,0.0,1352,0,5,bt_residual
meanfiringrate,morgan_696,Morgan chemistry,0.0,1353,0,5,bt_residual
meanfiringrate,morgan_2013,Morgan chemistry,0.0,1354,0,5,bt_residual
meanfiringrate,morgan_694,Morgan chemistry,0.0,1355,0,5,bt_residual
meanfiringrate,morgan_693,Morgan chemistry,0.0,1356,0,5,bt_residual
meanfiringrate,morgan_692,Morgan chemistry,0.0,1357,0,5,bt_residual
meanfiringrate,morgan_691,Morgan chemistry,0.0,1358,0,5,bt_residual
meanfiringrate,morgan_690,Morgan chemistry,0.0,1359,0,5,bt_residual
meanfiringrate,morgan_689,Morgan chemistry,0.0,1360,0,5,bt_residual
meanfiringrate,morgan_688,Morgan chemistry,0.0,1361,0,5,bt_residual
meanfiringrate,morgan_687,Morgan chemistry,0.0,1362,0,5,bt_residual
meanfiringrate,morgan_686,Morgan chemistry,0.0,1363,0,5,bt_residual
meanfiringrate,morgan_685,Morgan chemistry,0.0,1364,0,5,bt_residual
meanfiringrate,morgan_684,Morgan chemistry,0.0,1365,0,5,bt_residual
meanfiringrate,morgan_2012,Morgan chemistry,0.0,1366,0,5,bt_residual
meanfiringrate,morgan_682,Morgan chemistry,0.0,1367,0,5,bt_residual
meanfiringrate,morgan_681,Morgan chemistry,0.0,1368,0,5,bt_residual
meanfiringrate,morgan_680,Morgan chemistry,0.0,1369,0,5,bt_residual
meanfiringrate,morgan_679,Morgan chemistry,0.0,1370,0,5,bt_residual
meanfiringrate,morgan_678,Morgan chemistry,0.0,1371,0,5,bt_residual
meanfiringrate,morgan_677,Morgan chemistry,0.0,1372,0,5,bt_residual
meanfiringrate,morgan_676,Morgan chemistry,0.0,1373,0,5,bt_residual
meanfiringrate,morgan_675,Morgan chemistry,0.0,1374,0,5,bt_residual
meanfiringrate,morgan_674,Morgan chemistry,0.0,1375,0,5,bt_residual
meanfiringrate,morgan_673,Morgan chemistry,0.0,1376,0,5,bt_residual
meanfiringrate,morgan_672,Morgan chemistry,0.0,1377,0,5,bt_residual
meanfiringrate,morgan_671,Morgan chemistry,0.0,1378,0,5,bt_residual
meanfiringrate,morgan_670,Morgan chemistry,0.0,1379,0,5,bt_residual
meanfiringrate,morgan_669,Morgan chemistry,0.0,1380,0,5,bt_residual
meanfiringrate,morgan_668,Morgan chemistry,0.0,1381,0,5,bt_residual
meanfiringrate,morgan_667,Morgan chemistry,0.0,1382,0,5,bt_residual
meanfiringrate,morgan_666,Morgan chemistry,0.0,1383,0,5,bt_residual
meanfiringrate,morgan_665,Morgan chemistry,0.0,1384,0,5,bt_residual
meanfiringrate,morgan_664,Morgan chemistry,0.0,1385,0,5,bt_residual
meanfiringrate,morgan_663,Morgan chemistry,0.0,1386,0,5,bt_residual
meanfiringrate,morgan_662,Morgan chemistry,0.0,1387,0,5,bt_residual
meanfiringrate,morgan_661,Morgan chemistry,0.0,1388,0,5,bt_residual
meanfiringrate,morgan_660,Morgan chemistry,0.0,1389,0,5,bt_residual
meanfiringrate,morgan_659,Morgan chemistry,0.0,1390,0,5,bt_residual
meanfiringrate,morgan_658,Morgan chemistry,0.0,1391,0,5,bt_residual
meanfiringrate,morgan_657,Morgan chemistry,0.0,1392,0,5,bt_residual
meanfiringrate,morgan_2011,Morgan chemistry,0.0,1393,0,5,bt_residual
meanfiringrate,morgan_655,Morgan chemistry,0.0,1394,0,5,bt_residual
meanfiringrate,morgan_654,Morgan chemistry,0.0,1395,0,5,bt_residual
meanfiringrate,morgan_653,Morgan chemistry,0.0,1396,0,5,bt_residual
meanfiringrate,morgan_652,Morgan chemistry,0.0,1397,0,5,bt_residual
meanfiringrate,morgan_651,Morgan chemistry,0.0,1398,0,5,bt_residual
meanfiringrate,morgan_2010,Morgan chemistry,0.0,1399,0,5,bt_residual
meanfiringrate,morgan_649,Morgan chemistry,0.0,1400,0,5,bt_residual
meanfiringrate,morgan_648,Morgan chemistry,0.0,1401,0,5,bt_residual
meanfiringrate,morgan_647,Morgan chemistry,0.0,1402,0,5,bt_residual
meanfiringrate,morgan_646,Morgan chemistry,0.0,1403,0,5,bt_residual
meanfiringrate,morgan_645,Morgan chemistry,0.0,1404,0,5,bt_residual
meanfiringrate,morgan_644,Morgan chemistry,0.0,1405,0,5,bt_residual
meanfiringrate,morgan_643,Morgan chemistry,0.0,1406,0,5,bt_residual
meanfiringrate,morgan_642,Morgan chemistry,0.0,1407,0,5,bt_residual
meanfiringrate,morgan_641,Morgan chemistry,0.0,1408,0,5,bt_residual
meanfiringrate,morgan_640,Morgan chemistry,0.0,1409,0,5,bt_residual
meanfiringrate,morgan_639,Morgan chemistry,0.0,1410,0,5,bt_residual
meanfiringrate,morgan_638,Morgan chemistry,0.0,1411,0,5,bt_residual
meanfiringrate,morgan_637,Morgan chemistry,0.0,1412,0,5,bt_residual
meanfiringrate,morgan_636,Morgan chemistry,0.0,1413,0,5,bt_residual
meanfiringrate,morgan_635,Morgan chemistry,0.0,1414,0,5,bt_residual
meanfiringrate,morgan_634,Morgan chemistry,0.0,1415,0,5,bt_residual
meanfiringrate,morgan_633,Morgan chemistry,0.0,1416,0,5,bt_residual
meanfiringrate,morgan_632,Morgan chemistry,0.0,1417,0,5,bt_residual
meanfiringrate,morgan_631,Morgan chemistry,0.0,1418,0,5,bt_residual
meanfiringrate,morgan_630,Morgan chemistry,0.0,1419,0,5,bt_residual
meanfiringrate,morgan_2009,Morgan chemistry,0.0,1420,0,5,bt_residual
meanfiringrate,morgan_628,Morgan chemistry,0.0,1421,0,5,bt_residual
meanfiringrate,morgan_627,Morgan chemistry,0.0,1422,0,5,bt_residual
meanfiringrate,morgan_626,Morgan chemistry,0.0,1423,0,5,bt_residual
meanfiringrate,morgan_625,Morgan chemistry,0.0,1424,0,5,bt_residual
meanfiringrate,morgan_624,Morgan chemistry,0.0,1425,0,5,bt_residual
meanfiringrate,morgan_623,Morgan chemistry,0.0,1426,0,5,bt_residual
meanfiringrate,morgan_2008,Morgan chemistry,0.0,1427,0,5,bt_residual
meanfiringrate,morgan_621,Morgan chemistry,0.0,1428,0,5,bt_residual
meanfiringrate,morgan_620,Morgan chemistry,0.0,1429,0,5,bt_residual
meanfiringrate,morgan_619,Morgan chemistry,0.0,1430,0,5,bt_residual
meanfiringrate,morgan_618,Morgan chemistry,0.0,1431,0,5,bt_residual
meanfiringrate,morgan_617,Morgan chemistry,0.0,1432,0,5,bt_residual
meanfiringrate,morgan_616,Morgan chemistry,0.0,1433,0,5,bt_residual
meanfiringrate,morgan_615,Morgan chemistry,0.0,1434,0,5,bt_residual
meanfiringrate,morgan_614,Morgan chemistry,0.0,1435,0,5,bt_residual
meanfiringrate,morgan_613,Morgan chemistry,0.0,1436,0,5,bt_residual
meanfiringrate,morgan_612,Morgan chemistry,0.0,1437,0,5,bt_residual
meanfiringrate,morgan_611,Morgan chemistry,0.0,1438,0,5,bt_residual
meanfiringrate,morgan_610,Morgan chemistry,0.0,1439,0,5,bt_residual
meanfiringrate,morgan_609,Morgan chemistry,0.0,1440,0,5,bt_residual
meanfiringrate,morgan_608,Morgan chemistry,0.0,1441,0,5,bt_residual
meanfiringrate,morgan_607,Morgan chemistry,0.0,1442,0,5,bt_residual
meanfiringrate,morgan_606,Morgan chemistry,0.0,1443,0,5,bt_residual
meanfiringrate,morgan_605,Morgan chemistry,0.0,1444,0,5,bt_residual
meanfiringrate,morgan_604,Morgan chemistry,0.0,1445,0,5,bt_residual
meanfiringrate,morgan_603,Morgan chemistry,0.0,1446,0,5,bt_residual
meanfiringrate,morgan_602,Morgan chemistry,0.0,1447,0,5,bt_residual
meanfiringrate,morgan_601,Morgan chemistry,0.0,1448,0,5,bt_residual
meanfiringrate,morgan_600,Morgan chemistry,0.0,1449,0,5,bt_residual
meanfiringrate,morgan_599,Morgan chemistry,0.0,1450,0,5,bt_residual
meanfiringrate,morgan_598,Morgan chemistry,0.0,1451,0,5,bt_residual
meanfiringrate,morgan_597,Morgan chemistry,0.0,1452,0,5,bt_residual
meanfiringrate,morgan_2007,Morgan chemistry,0.0,1453,0,5,bt_residual
meanfiringrate,morgan_595,Morgan chemistry,0.0,1454,0,5,bt_residual
meanfiringrate,morgan_594,Morgan chemistry,0.0,1455,0,5,bt_residual
meanfiringrate,morgan_593,Morgan chemistry,0.0,1456,0,5,bt_residual
meanfiringrate,morgan_592,Morgan chemistry,0.0,1457,0,5,bt_residual
meanfiringrate,morgan_2006,Morgan chemistry,0.0,1458,0,5,bt_residual
meanfiringrate,morgan_2005,Morgan chemistry,0.0,1459,0,5,bt_residual
meanfiringrate,morgan_589,Morgan chemistry,0.0,1460,0,5,bt_residual
meanfiringrate,morgan_588,Morgan chemistry,0.0,1461,0,5,bt_residual
meanfiringrate,morgan_587,Morgan chemistry,0.0,1462,0,5,bt_residual
meanfiringrate,morgan_586,Morgan chemistry,0.0,1463,0,5,bt_residual
meanfiringrate,morgan_585,Morgan chemistry,0.0,1464,0,5,bt_residual
meanfiringrate,morgan_584,Morgan chemistry,0.0,1465,0,5,bt_residual
meanfiringrate,morgan_583,Morgan chemistry,0.0,1466,0,5,bt_residual
meanfiringrate,morgan_582,Morgan chemistry,0.0,1467,0,5,bt_residual
meanfiringrate,morgan_581,Morgan chemistry,0.0,1468,0,5,bt_residual
meanfiringrate,morgan_580,Morgan chemistry,0.0,1469,0,5,bt_residual
meanfiringrate,morgan_579,Morgan chemistry,0.0,1470,0,5,bt_residual
meanfiringrate,morgan_578,Morgan chemistry,0.0,1471,0,5,bt_residual
meanfiringrate,morgan_2004,Morgan chemistry,0.0,1472,0,5,bt_residual
meanfiringrate,morgan_576,Morgan chemistry,0.0,1473,0,5,bt_residual
meanfiringrate,morgan_575,Morgan chemistry,0.0,1474,0,5,bt_residual
meanfiringrate,morgan_574,Morgan chemistry,0.0,1475,0,5,bt_residual
meanfiringrate,morgan_573,Morgan chemistry,0.0,1476,0,5,bt_residual
meanfiringrate,morgan_572,Morgan chemistry,0.0,1477,0,5,bt_residual
meanfiringrate,morgan_571,Morgan chemistry,0.0,1478,0,5,bt_residual
meanfiringrate,morgan_570,Morgan chemistry,0.0,1479,0,5,bt_residual
meanfiringrate,morgan_569,Morgan chemistry,0.0,1480,0,5,bt_residual
meanfiringrate,morgan_568,Morgan chemistry,0.0,1481,0,5,bt_residual
meanfiringrate,morgan_567,Morgan chemistry,0.0,1482,0,5,bt_residual
meanfiringrate,morgan_566,Morgan chemistry,0.0,1483,0,5,bt_residual
meanfiringrate,morgan_565,Morgan chemistry,0.0,1484,0,5,bt_residual
meanfiringrate,morgan_564,Morgan chemistry,0.0,1485,0,5,bt_residual
meanfiringrate,morgan_563,Morgan chemistry,0.0,1486,0,5,bt_residual
meanfiringrate,morgan_562,Morgan chemistry,0.0,1487,0,5,bt_residual
meanfiringrate,morgan_561,Morgan chemistry,0.0,1488,0,5,bt_residual
meanfiringrate,morgan_560,Morgan chemistry,0.0,1489,0,5,bt_residual
meanfiringrate,morgan_559,Morgan chemistry,0.0,1490,0,5,bt_residual
meanfiringrate,morgan_558,Morgan chemistry,0.0,1491,0,5,bt_residual
meanfiringrate,morgan_557,Morgan chemistry,0.0,1492,0,5,bt_residual
meanfiringrate,morgan_556,Morgan chemistry,0.0,1493,0,5,bt_residual
meanfiringrate,morgan_555,Morgan chemistry,0.0,1494,0,5,bt_residual
meanfiringrate,morgan_554,Morgan chemistry,0.0,1495,0,5,bt_residual
meanfiringrate,morgan_553,Morgan chemistry,0.0,1496,0,5,bt_residual
meanfiringrate,morgan_552,Morgan chemistry,0.0,1497,0,5,bt_residual
meanfiringrate,morgan_551,Morgan chemistry,0.0,1498,0,5,bt_residual
meanfiringrate,morgan_550,Morgan chemistry,0.0,1499,0,5,bt_residual
meanfiringrate,morgan_549,Morgan chemistry,0.0,1500,0,5,bt_residual
meanfiringrate,morgan_548,Morgan chemistry,0.0,1501,0,5,bt_residual
meanfiringrate,morgan_2003,Morgan chemistry,0.0,1502,0,5,bt_residual
meanfiringrate,morgan_546,Morgan chemistry,0.0,1503,0,5,bt_residual
meanfiringrate,morgan_545,Morgan chemistry,0.0,1504,0,5,bt_residual
meanfiringrate,morgan_544,Morgan chemistry,0.0,1505,0,5,bt_residual
meanfiringrate,morgan_543,Morgan chemistry,0.0,1506,0,5,bt_residual
meanfiringrate,morgan_542,Morgan chemistry,0.0,1507,0,5,bt_residual
meanfiringrate,morgan_541,Morgan chemistry,0.0,1508,0,5,bt_residual
meanfiringrate,morgan_540,Morgan chemistry,0.0,1509,0,5,bt_residual
meanfiringrate,morgan_539,Morgan chemistry,0.0,1510,0,5,bt_residual
meanfiringrate,morgan_538,Morgan chemistry,0.0,1511,0,5,bt_residual
meanfiringrate,morgan_537,Morgan chemistry,0.0,1512,0,5,bt_residual
meanfiringrate,morgan_536,Morgan chemistry,0.0,1513,0,5,bt_residual
meanfiringrate,morgan_535,Morgan chemistry,0.0,1514,0,5,bt_residual
meanfiringrate,morgan_534,Morgan chemistry,0.0,1515,0,5,bt_residual
meanfiringrate,morgan_533,Morgan chemistry,0.0,1516,0,5,bt_residual
meanfiringrate,morgan_532,Morgan chemistry,0.0,1517,0,5,bt_residual
meanfiringrate,morgan_531,Morgan chemistry,0.0,1518,0,5,bt_residual
meanfiringrate,morgan_530,Morgan chemistry,0.0,1519,0,5,bt_residual
meanfiringrate,morgan_529,Morgan chemistry,0.0,1520,0,5,bt_residual
meanfiringrate,morgan_528,Morgan chemistry,0.0,1521,0,5,bt_residual
meanfiringrate,morgan_527,Morgan chemistry,0.0,1522,0,5,bt_residual
meanfiringrate,morgan_526,Morgan chemistry,0.0,1523,0,5,bt_residual
meanfiringrate,morgan_525,Morgan chemistry,0.0,1524,0,5,bt_residual
meanfiringrate,morgan_524,Morgan chemistry,0.0,1525,0,5,bt_residual
meanfiringrate,morgan_523,Morgan chemistry,0.0,1526,0,5,bt_residual
meanfiringrate,morgan_522,Morgan chemistry,0.0,1527,0,5,bt_residual
meanfiringrate,morgan_521,Morgan chemistry,0.0,1528,0,5,bt_residual
meanfiringrate,morgan_520,Morgan chemistry,0.0,1529,0,5,bt_residual
meanfiringrate,morgan_519,Morgan chemistry,0.0,1530,0,5,bt_residual
meanfiringrate,morgan_518,Morgan chemistry,0.0,1531,0,5,bt_residual
meanfiringrate,morgan_517,Morgan chemistry,0.0,1532,0,5,bt_residual
meanfiringrate,morgan_516,Morgan chemistry,0.0,1533,0,5,bt_residual
meanfiringrate,morgan_515,Morgan chemistry,0.0,1534,0,5,bt_residual
meanfiringrate,morgan_514,Morgan chemistry,0.0,1535,0,5,bt_residual
meanfiringrate,morgan_513,Morgan chemistry,0.0,1536,0,5,bt_residual
meanfiringrate,morgan_512,Morgan chemistry,0.0,1537,0,5,bt_residual
meanfiringrate,morgan_511,Morgan chemistry,0.0,1538,0,5,bt_residual
meanfiringrate,morgan_510,Morgan chemistry,0.0,1539,0,5,bt_residual
meanfiringrate,morgan_509,Morgan chemistry,0.0,1540,0,5,bt_residual
meanfiringrate,morgan_508,Morgan chemistry,0.0,1541,0,5,bt_residual
meanfiringrate,morgan_507,Morgan chemistry,0.0,1542,0,5,bt_residual
meanfiringrate,morgan_2002,Morgan chemistry,0.0,1543,0,5,bt_residual
meanfiringrate,morgan_505,Morgan chemistry,0.0,1544,0,5,bt_residual
meanfiringrate,morgan_504,Morgan chemistry,0.0,1545,0,5,bt_residual
meanfiringrate,morgan_503,Morgan chemistry,0.0,1546,0,5,bt_residual
meanfiringrate,morgan_502,Morgan chemistry,0.0,1547,0,5,bt_residual
meanfiringrate,morgan_2001,Morgan chemistry,0.0,1548,0,5,bt_residual
meanfiringrate,morgan_500,Morgan chemistry,0.0,1549,0,5,bt_residual
meanfiringrate,morgan_499,Morgan chemistry,0.0,1550,0,5,bt_residual
meanfiringrate,morgan_498,Morgan chemistry,0.0,1551,0,5,bt_residual
meanfiringrate,morgan_497,Morgan chemistry,0.0,1552,0,5,bt_residual
meanfiringrate,morgan_496,Morgan chemistry,0.0,1553,0,5,bt_residual
meanfiringrate,morgan_495,Morgan chemistry,0.0,1554,0,5,bt_residual
meanfiringrate,morgan_494,Morgan chemistry,0.0,1555,0,5,bt_residual
meanfiringrate,morgan_493,Morgan chemistry,0.0,1556,0,5,bt_residual
meanfiringrate,morgan_492,Morgan chemistry,0.0,1557,0,5,bt_residual
meanfiringrate,morgan_491,Morgan chemistry,0.0,1558,0,5,bt_residual
meanfiringrate,morgan_490,Morgan chemistry,0.0,1559,0,5,bt_residual
meanfiringrate,morgan_489,Morgan chemistry,0.0,1560,0,5,bt_residual
meanfiringrate,morgan_488,Morgan chemistry,0.0,1561,0,5,bt_residual
meanfiringrate,morgan_487,Morgan chemistry,0.0,1562,0,5,bt_residual
meanfiringrate,morgan_486,Morgan chemistry,0.0,1563,0,5,bt_residual
meanfiringrate,morgan_485,Morgan chemistry,0.0,1564,0,5,bt_residual
meanfiringrate,morgan_484,Morgan chemistry,0.0,1565,0,5,bt_residual
meanfiringrate,morgan_483,Morgan chemistry,0.0,1566,0,5,bt_residual
meanfiringrate,morgan_482,Morgan chemistry,0.0,1567,0,5,bt_residual
meanfiringrate,morgan_481,Morgan chemistry,0.0,1568,0,5,bt_residual
meanfiringrate,morgan_480,Morgan chemistry,0.0,1569,0,5,bt_residual
meanfiringrate,morgan_479,Morgan chemistry,0.0,1570,0,5,bt_residual
meanfiringrate,morgan_478,Morgan chemistry,0.0,1571,0,5,bt_residual
meanfiringrate,morgan_477,Morgan chemistry,0.0,1572,0,5,bt_residual
meanfiringrate,morgan_476,Morgan chemistry,0.0,1573,0,5,bt_residual
meanfiringrate,morgan_475,Morgan chemistry,0.0,1574,0,5,bt_residual
meanfiringrate,morgan_474,Morgan chemistry,0.0,1575,0,5,bt_residual
meanfiringrate,morgan_473,Morgan chemistry,0.0,1576,0,5,bt_residual
meanfiringrate,morgan_472,Morgan chemistry,0.0,1577,0,5,bt_residual
meanfiringrate,morgan_471,Morgan chemistry,0.0,1578,0,5,bt_residual
meanfiringrate,morgan_470,Morgan chemistry,0.0,1579,0,5,bt_residual
meanfiringrate,morgan_469,Morgan chemistry,0.0,1580,0,5,bt_residual
meanfiringrate,morgan_468,Morgan chemistry,0.0,1581,0,5,bt_residual
meanfiringrate,morgan_467,Morgan chemistry,0.0,1582,0,5,bt_residual
meanfiringrate,morgan_466,Morgan chemistry,0.0,1583,0,5,bt_residual
meanfiringrate,morgan_465,Morgan chemistry,0.0,1584,0,5,bt_residual
meanfiringrate,morgan_464,Morgan chemistry,0.0,1585,0,5,bt_residual
meanfiringrate,morgan_463,Morgan chemistry,0.0,1586,0,5,bt_residual
meanfiringrate,morgan_462,Morgan chemistry,0.0,1587,0,5,bt_residual
meanfiringrate,morgan_461,Morgan chemistry,0.0,1588,0,5,bt_residual
meanfiringrate,morgan_460,Morgan chemistry,0.0,1589,0,5,bt_residual
meanfiringrate,morgan_459,Morgan chemistry,0.0,1590,0,5,bt_residual
meanfiringrate,morgan_458,Morgan chemistry,0.0,1591,0,5,bt_residual
meanfiringrate,morgan_457,Morgan chemistry,0.0,1592,0,5,bt_residual
meanfiringrate,morgan_456,Morgan chemistry,0.0,1593,0,5,bt_residual
meanfiringrate,morgan_455,Morgan chemistry,0.0,1594,0,5,bt_residual
meanfiringrate,morgan_454,Morgan chemistry,0.0,1595,0,5,bt_residual
meanfiringrate,morgan_453,Morgan chemistry,0.0,1596,0,5,bt_residual
meanfiringrate,morgan_452,Morgan chemistry,0.0,1597,0,5,bt_residual
meanfiringrate,morgan_451,Morgan chemistry,0.0,1598,0,5,bt_residual
meanfiringrate,morgan_450,Morgan chemistry,0.0,1599,0,5,bt_residual
meanfiringrate,morgan_449,Morgan chemistry,0.0,1600,0,5,bt_residual
meanfiringrate,morgan_448,Morgan chemistry,0.0,1601,0,5,bt_residual
meanfiringrate,morgan_447,Morgan chemistry,0.0,1602,0,5,bt_residual
meanfiringrate,morgan_446,Morgan chemistry,0.0,1603,0,5,bt_residual
meanfiringrate,morgan_2000,Morgan chemistry,0.0,1604,0,5,bt_residual
meanfiringrate,morgan_1998,Morgan chemistry,0.0,1605,0,5,bt_residual
meanfiringrate,morgan_443,Morgan chemistry,0.0,1606,0,5,bt_residual
meanfiringrate,morgan_442,Morgan chemistry,0.0,1607,0,5,bt_residual
meanfiringrate,morgan_441,Morgan chemistry,0.0,1608,0,5,bt_residual
meanfiringrate,morgan_440,Morgan chemistry,0.0,1609,0,5,bt_residual
meanfiringrate,morgan_439,Morgan chemistry,0.0,1610,0,5,bt_residual
meanfiringrate,morgan_438,Morgan chemistry,0.0,1611,0,5,bt_residual
meanfiringrate,morgan_437,Morgan chemistry,0.0,1612,0,5,bt_residual
meanfiringrate,morgan_436,Morgan chemistry,0.0,1613,0,5,bt_residual
meanfiringrate,morgan_435,Morgan chemistry,0.0,1614,0,5,bt_residual
meanfiringrate,morgan_434,Morgan chemistry,0.0,1615,0,5,bt_residual
meanfiringrate,morgan_433,Morgan chemistry,0.0,1616,0,5,bt_residual
meanfiringrate,morgan_432,Morgan chemistry,0.0,1617,0,5,bt_residual
meanfiringrate,morgan_431,Morgan chemistry,0.0,1618,0,5,bt_residual
meanfiringrate,morgan_430,Morgan chemistry,0.0,1619,0,5,bt_residual
meanfiringrate,morgan_429,Morgan chemistry,0.0,1620,0,5,bt_residual
meanfiringrate,morgan_428,Morgan chemistry,0.0,1621,0,5,bt_residual
meanfiringrate,morgan_427,Morgan chemistry,0.0,1622,0,5,bt_residual
meanfiringrate,morgan_426,Morgan chemistry,0.0,1623,0,5,bt_residual
meanfiringrate,morgan_425,Morgan chemistry,0.0,1624,0,5,bt_residual
meanfiringrate,morgan_424,Morgan chemistry,0.0,1625,0,5,bt_residual
meanfiringrate,morgan_423,Morgan chemistry,0.0,1626,0,5,bt_residual
meanfiringrate,morgan_422,Morgan chemistry,0.0,1627,0,5,bt_residual
meanfiringrate,morgan_421,Morgan chemistry,0.0,1628,0,5,bt_residual
meanfiringrate,morgan_420,Morgan chemistry,0.0,1629,0,5,bt_residual
meanfiringrate,morgan_419,Morgan chemistry,0.0,1630,0,5,bt_residual
meanfiringrate,morgan_418,Morgan chemistry,0.0,1631,0,5,bt_residual
meanfiringrate,morgan_417,Morgan chemistry,0.0,1632,0,5,bt_residual
meanfiringrate,morgan_416,Morgan chemistry,0.0,1633,0,5,bt_residual
meanfiringrate,morgan_415,Morgan chemistry,0.0,1634,0,5,bt_residual
meanfiringrate,morgan_414,Morgan chemistry,0.0,1635,0,5,bt_residual
meanfiringrate,morgan_413,Morgan chemistry,0.0,1636,0,5,bt_residual
meanfiringrate,morgan_412,Morgan chemistry,0.0,1637,0,5,bt_residual
meanfiringrate,morgan_411,Morgan chemistry,0.0,1638,0,5,bt_residual
meanfiringrate,morgan_410,Morgan chemistry,0.0,1639,0,5,bt_residual
meanfiringrate,morgan_409,Morgan chemistry,0.0,1640,0,5,bt_residual
meanfiringrate,morgan_408,Morgan chemistry,0.0,1641,0,5,bt_residual
meanfiringrate,morgan_407,Morgan chemistry,0.0,1642,0,5,bt_residual
meanfiringrate,morgan_406,Morgan chemistry,0.0,1643,0,5,bt_residual
meanfiringrate,morgan_405,Morgan chemistry,0.0,1644,0,5,bt_residual
meanfiringrate,morgan_404,Morgan chemistry,0.0,1645,0,5,bt_residual
meanfiringrate,morgan_403,Morgan chemistry,0.0,1646,0,5,bt_residual
meanfiringrate,morgan_402,Morgan chemistry,0.0,1647,0,5,bt_residual
meanfiringrate,morgan_401,Morgan chemistry,0.0,1648,0,5,bt_residual
meanfiringrate,morgan_400,Morgan chemistry,0.0,1649,0,5,bt_residual
meanfiringrate,morgan_399,Morgan chemistry,0.0,1650,0,5,bt_residual
meanfiringrate,morgan_398,Morgan chemistry,0.0,1651,0,5,bt_residual
meanfiringrate,morgan_397,Morgan chemistry,0.0,1652,0,5,bt_residual
meanfiringrate,morgan_396,Morgan chemistry,0.0,1653,0,5,bt_residual
meanfiringrate,morgan_395,Morgan chemistry,0.0,1654,0,5,bt_residual
meanfiringrate,morgan_394,Morgan chemistry,0.0,1655,0,5,bt_residual
meanfiringrate,morgan_393,Morgan chemistry,0.0,1656,0,5,bt_residual
meanfiringrate,morgan_392,Morgan chemistry,0.0,1657,0,5,bt_residual
meanfiringrate,morgan_391,Morgan chemistry,0.0,1658,0,5,bt_residual
meanfiringrate,morgan_390,Morgan chemistry,0.0,1659,0,5,bt_residual
meanfiringrate,morgan_389,Morgan chemistry,0.0,1660,0,5,bt_residual
meanfiringrate,morgan_388,Morgan chemistry,0.0,1661,0,5,bt_residual
meanfiringrate,morgan_387,Morgan chemistry,0.0,1662,0,5,bt_residual
meanfiringrate,morgan_386,Morgan chemistry,0.0,1663,0,5,bt_residual
meanfiringrate,morgan_385,Morgan chemistry,0.0,1664,0,5,bt_residual
meanfiringrate,morgan_384,Morgan chemistry,0.0,1665,0,5,bt_residual
meanfiringrate,morgan_383,Morgan chemistry,0.0,1666,0,5,bt_residual
meanfiringrate,morgan_382,Morgan chemistry,0.0,1667,0,5,bt_residual
meanfiringrate,morgan_381,Morgan chemistry,0.0,1668,0,5,bt_residual
meanfiringrate,morgan_380,Morgan chemistry,0.0,1669,0,5,bt_residual
meanfiringrate,morgan_379,Morgan chemistry,0.0,1670,0,5,bt_residual
meanfiringrate,morgan_378,Morgan chemistry,0.0,1671,0,5,bt_residual
meanfiringrate,morgan_377,Morgan chemistry,0.0,1672,0,5,bt_residual
meanfiringrate,morgan_376,Morgan chemistry,0.0,1673,0,5,bt_residual
meanfiringrate,morgan_375,Morgan chemistry,0.0,1674,0,5,bt_residual
meanfiringrate,morgan_374,Morgan chemistry,0.0,1675,0,5,bt_residual
meanfiringrate,morgan_373,Morgan chemistry,0.0,1676,0,5,bt_residual
meanfiringrate,morgan_372,Morgan chemistry,0.0,1677,0,5,bt_residual
meanfiringrate,morgan_371,Morgan chemistry,0.0,1678,0,5,bt_residual
meanfiringrate,morgan_370,Morgan chemistry,0.0,1679,0,5,bt_residual
meanfiringrate,morgan_369,Morgan chemistry,0.0,1680,0,5,bt_residual
meanfiringrate,morgan_368,Morgan chemistry,0.0,1681,0,5,bt_residual
meanfiringrate,morgan_367,Morgan chemistry,0.0,1682,0,5,bt_residual
meanfiringrate,morgan_366,Morgan chemistry,0.0,1683,0,5,bt_residual
meanfiringrate,morgan_365,Morgan chemistry,0.0,1684,0,5,bt_residual
meanfiringrate,morgan_364,Morgan chemistry,0.0,1685,0,5,bt_residual
meanfiringrate,morgan_363,Morgan chemistry,0.0,1686,0,5,bt_residual
meanfiringrate,morgan_362,Morgan chemistry,0.0,1687,0,5,bt_residual
meanfiringrate,morgan_361,Morgan chemistry,0.0,1688,0,5,bt_residual
meanfiringrate,morgan_360,Morgan chemistry,0.0,1689,0,5,bt_residual
meanfiringrate,morgan_359,Morgan chemistry,0.0,1690,0,5,bt_residual
meanfiringrate,morgan_358,Morgan chemistry,0.0,1691,0,5,bt_residual
meanfiringrate,morgan_357,Morgan chemistry,0.0,1692,0,5,bt_residual
meanfiringrate,morgan_356,Morgan chemistry,0.0,1693,0,5,bt_residual
meanfiringrate,morgan_355,Morgan chemistry,0.0,1694,0,5,bt_residual
meanfiringrate,morgan_354,Morgan chemistry,0.0,1695,0,5,bt_residual
meanfiringrate,morgan_353,Morgan chemistry,0.0,1696,0,5,bt_residual
meanfiringrate,morgan_352,Morgan chemistry,0.0,1697,0,5,bt_residual
meanfiringrate,morgan_351,Morgan chemistry,0.0,1698,0,5,bt_residual
meanfiringrate,morgan_350,Morgan chemistry,0.0,1699,0,5,bt_residual
meanfiringrate,morgan_349,Morgan chemistry,0.0,1700,0,5,bt_residual
meanfiringrate,morgan_348,Morgan chemistry,0.0,1701,0,5,bt_residual
meanfiringrate,morgan_347,Morgan chemistry,0.0,1702,0,5,bt_residual
meanfiringrate,morgan_346,Morgan chemistry,0.0,1703,0,5,bt_residual
meanfiringrate,morgan_345,Morgan chemistry,0.0,1704,0,5,bt_residual
meanfiringrate,morgan_344,Morgan chemistry,0.0,1705,0,5,bt_residual
meanfiringrate,morgan_343,Morgan chemistry,0.0,1706,0,5,bt_residual
meanfiringrate,morgan_342,Morgan chemistry,0.0,1707,0,5,bt_residual
meanfiringrate,morgan_341,Morgan chemistry,0.0,1708,0,5,bt_residual
meanfiringrate,morgan_340,Morgan chemistry,0.0,1709,0,5,bt_residual
meanfiringrate,morgan_339,Morgan chemistry,0.0,1710,0,5,bt_residual
meanfiringrate,morgan_338,Morgan chemistry,0.0,1711,0,5,bt_residual
meanfiringrate,morgan_337,Morgan chemistry,0.0,1712,0,5,bt_residual
meanfiringrate,morgan_336,Morgan chemistry,0.0,1713,0,5,bt_residual
meanfiringrate,morgan_335,Morgan chemistry,0.0,1714,0,5,bt_residual
meanfiringrate,morgan_334,Morgan chemistry,0.0,1715,0,5,bt_residual
meanfiringrate,morgan_333,Morgan chemistry,0.0,1716,0,5,bt_residual
meanfiringrate,morgan_332,Morgan chemistry,0.0,1717,0,5,bt_residual
meanfiringrate,morgan_331,Morgan chemistry,0.0,1718,0,5,bt_residual
meanfiringrate,morgan_330,Morgan chemistry,0.0,1719,0,5,bt_residual
meanfiringrate,morgan_329,Morgan chemistry,0.0,1720,0,5,bt_residual
meanfiringrate,morgan_328,Morgan chemistry,0.0,1721,0,5,bt_residual
meanfiringrate,morgan_327,Morgan chemistry,0.0,1722,0,5,bt_residual
meanfiringrate,morgan_326,Morgan chemistry,0.0,1723,0,5,bt_residual
meanfiringrate,morgan_325,Morgan chemistry,0.0,1724,0,5,bt_residual
meanfiringrate,morgan_324,Morgan chemistry,0.0,1725,0,5,bt_residual
meanfiringrate,morgan_323,Morgan chemistry,0.0,1726,0,5,bt_residual
meanfiringrate,morgan_322,Morgan chemistry,0.0,1727,0,5,bt_residual
meanfiringrate,morgan_321,Morgan chemistry,0.0,1728,0,5,bt_residual
meanfiringrate,morgan_320,Morgan chemistry,0.0,1729,0,5,bt_residual
meanfiringrate,morgan_319,Morgan chemistry,0.0,1730,0,5,bt_residual
meanfiringrate,morgan_318,Morgan chemistry,0.0,1731,0,5,bt_residual
meanfiringrate,morgan_317,Morgan chemistry,0.0,1732,0,5,bt_residual
meanfiringrate,morgan_1997,Morgan chemistry,0.0,1733,0,5,bt_residual
meanfiringrate,morgan_315,Morgan chemistry,0.0,1734,0,5,bt_residual
meanfiringrate,morgan_314,Morgan chemistry,0.0,1735,0,5,bt_residual
meanfiringrate,morgan_313,Morgan chemistry,0.0,1736,0,5,bt_residual
meanfiringrate,morgan_312,Morgan chemistry,0.0,1737,0,5,bt_residual
meanfiringrate,morgan_311,Morgan chemistry,0.0,1738,0,5,bt_residual
meanfiringrate,morgan_310,Morgan chemistry,0.0,1739,0,5,bt_residual
meanfiringrate,morgan_309,Morgan chemistry,0.0,1740,0,5,bt_residual
meanfiringrate,morgan_308,Morgan chemistry,0.0,1741,0,5,bt_residual
meanfiringrate,morgan_307,Morgan chemistry,0.0,1742,0,5,bt_residual
meanfiringrate,morgan_306,Morgan chemistry,0.0,1743,0,5,bt_residual
meanfiringrate,morgan_305,Morgan chemistry,0.0,1744,0,5,bt_residual
meanfiringrate,morgan_304,Morgan chemistry,0.0,1745,0,5,bt_residual
meanfiringrate,morgan_303,Morgan chemistry,0.0,1746,0,5,bt_residual
meanfiringrate,morgan_302,Morgan chemistry,0.0,1747,0,5,bt_residual
meanfiringrate,morgan_301,Morgan chemistry,0.0,1748,0,5,bt_residual
meanfiringrate,morgan_1996,Morgan chemistry,0.0,1749,0,5,bt_residual
meanfiringrate,morgan_299,Morgan chemistry,0.0,1750,0,5,bt_residual
meanfiringrate,morgan_298,Morgan chemistry,0.0,1751,0,5,bt_residual
meanfiringrate,morgan_297,Morgan chemistry,0.0,1752,0,5,bt_residual
meanfiringrate,morgan_296,Morgan chemistry,0.0,1753,0,5,bt_residual
meanfiringrate,morgan_295,Morgan chemistry,0.0,1754,0,5,bt_residual
meanfiringrate,morgan_1995,Morgan chemistry,0.0,1755,0,5,bt_residual
meanfiringrate,morgan_293,Morgan chemistry,0.0,1756,0,5,bt_residual
meanfiringrate,morgan_292,Morgan chemistry,0.0,1757,0,5,bt_residual
meanfiringrate,morgan_291,Morgan chemistry,0.0,1758,0,5,bt_residual
meanfiringrate,morgan_290,Morgan chemistry,0.0,1759,0,5,bt_residual
meanfiringrate,morgan_289,Morgan chemistry,0.0,1760,0,5,bt_residual
meanfiringrate,morgan_1994,Morgan chemistry,0.0,1761,0,5,bt_residual
meanfiringrate,morgan_287,Morgan chemistry,0.0,1762,0,5,bt_residual
meanfiringrate,morgan_286,Morgan chemistry,0.0,1763,0,5,bt_residual
meanfiringrate,morgan_285,Morgan chemistry,0.0,1764,0,5,bt_residual
meanfiringrate,morgan_284,Morgan chemistry,0.0,1765,0,5,bt_residual
meanfiringrate,morgan_283,Morgan chemistry,0.0,1766,0,5,bt_residual
meanfiringrate,morgan_282,Morgan chemistry,0.0,1767,0,5,bt_residual
meanfiringrate,morgan_281,Morgan chemistry,0.0,1768,0,5,bt_residual
meanfiringrate,morgan_280,Morgan chemistry,0.0,1769,0,5,bt_residual
meanfiringrate,morgan_279,Morgan chemistry,0.0,1770,0,5,bt_residual
meanfiringrate,morgan_278,Morgan chemistry,0.0,1771,0,5,bt_residual
meanfiringrate,morgan_1993,Morgan chemistry,0.0,1772,0,5,bt_residual
meanfiringrate,morgan_276,Morgan chemistry,0.0,1773,0,5,bt_residual
meanfiringrate,morgan_275,Morgan chemistry,0.0,1774,0,5,bt_residual
meanfiringrate,morgan_274,Morgan chemistry,0.0,1775,0,5,bt_residual
meanfiringrate,morgan_273,Morgan chemistry,0.0,1776,0,5,bt_residual
meanfiringrate,morgan_272,Morgan chemistry,0.0,1777,0,5,bt_residual
meanfiringrate,morgan_271,Morgan chemistry,0.0,1778,0,5,bt_residual
meanfiringrate,morgan_270,Morgan chemistry,0.0,1779,0,5,bt_residual
meanfiringrate,morgan_269,Morgan chemistry,0.0,1780,0,5,bt_residual
meanfiringrate,morgan_268,Morgan chemistry,0.0,1781,0,5,bt_residual
meanfiringrate,morgan_267,Morgan chemistry,0.0,1782,0,5,bt_residual
meanfiringrate,morgan_266,Morgan chemistry,0.0,1783,0,5,bt_residual
meanfiringrate,morgan_265,Morgan chemistry,0.0,1784,0,5,bt_residual
meanfiringrate,morgan_264,Morgan chemistry,0.0,1785,0,5,bt_residual
meanfiringrate,morgan_263,Morgan chemistry,0.0,1786,0,5,bt_residual
meanfiringrate,morgan_262,Morgan chemistry,0.0,1787,0,5,bt_residual
meanfiringrate,morgan_261,Morgan chemistry,0.0,1788,0,5,bt_residual
meanfiringrate,morgan_260,Morgan chemistry,0.0,1789,0,5,bt_residual
meanfiringrate,morgan_259,Morgan chemistry,0.0,1790,0,5,bt_residual
meanfiringrate,morgan_258,Morgan chemistry,0.0,1791,0,5,bt_residual
meanfiringrate,morgan_257,Morgan chemistry,0.0,1792,0,5,bt_residual
meanfiringrate,morgan_256,Morgan chemistry,0.0,1793,0,5,bt_residual
meanfiringrate,morgan_255,Morgan chemistry,0.0,1794,0,5,bt_residual
meanfiringrate,morgan_254,Morgan chemistry,0.0,1795,0,5,bt_residual
meanfiringrate,morgan_253,Morgan chemistry,0.0,1796,0,5,bt_residual
meanfiringrate,morgan_1992,Morgan chemistry,0.0,1797,0,5,bt_residual
meanfiringrate,morgan_251,Morgan chemistry,0.0,1798,0,5,bt_residual
meanfiringrate,morgan_250,Morgan chemistry,0.0,1799,0,5,bt_residual
meanfiringrate,morgan_249,Morgan chemistry,0.0,1800,0,5,bt_residual
meanfiringrate,morgan_248,Morgan chemistry,0.0,1801,0,5,bt_residual
meanfiringrate,morgan_247,Morgan chemistry,0.0,1802,0,5,bt_residual
meanfiringrate,morgan_246,Morgan chemistry,0.0,1803,0,5,bt_residual
meanfiringrate,morgan_245,Morgan chemistry,0.0,1804,0,5,bt_residual
meanfiringrate,morgan_244,Morgan chemistry,0.0,1805,0,5,bt_residual
meanfiringrate,morgan_243,Morgan chemistry,0.0,1806,0,5,bt_residual
meanfiringrate,morgan_242,Morgan chemistry,0.0,1807,0,5,bt_residual
meanfiringrate,morgan_241,Morgan chemistry,0.0,1808,0,5,bt_residual
meanfiringrate,morgan_240,Morgan chemistry,0.0,1809,0,5,bt_residual
meanfiringrate,morgan_239,Morgan chemistry,0.0,1810,0,5,bt_residual
meanfiringrate,morgan_238,Morgan chemistry,0.0,1811,0,5,bt_residual
meanfiringrate,morgan_237,Morgan chemistry,0.0,1812,0,5,bt_residual
meanfiringrate,morgan_236,Morgan chemistry,0.0,1813,0,5,bt_residual
meanfiringrate,morgan_235,Morgan chemistry,0.0,1814,0,5,bt_residual
meanfiringrate,morgan_234,Morgan chemistry,0.0,1815,0,5,bt_residual
meanfiringrate,morgan_233,Morgan chemistry,0.0,1816,0,5,bt_residual
meanfiringrate,morgan_232,Morgan chemistry,0.0,1817,0,5,bt_residual
meanfiringrate,morgan_231,Morgan chemistry,0.0,1818,0,5,bt_residual
meanfiringrate,morgan_230,Morgan chemistry,0.0,1819,0,5,bt_residual
meanfiringrate,morgan_229,Morgan chemistry,0.0,1820,0,5,bt_residual
meanfiringrate,morgan_228,Morgan chemistry,0.0,1821,0,5,bt_residual
meanfiringrate,morgan_227,Morgan chemistry,0.0,1822,0,5,bt_residual
meanfiringrate,morgan_226,Morgan chemistry,0.0,1823,0,5,bt_residual
meanfiringrate,morgan_225,Morgan chemistry,0.0,1824,0,5,bt_residual
meanfiringrate,morgan_224,Morgan chemistry,0.0,1825,0,5,bt_residual
meanfiringrate,morgan_223,Morgan chemistry,0.0,1826,0,5,bt_residual
meanfiringrate,morgan_222,Morgan chemistry,0.0,1827,0,5,bt_residual
meanfiringrate,morgan_221,Morgan chemistry,0.0,1828,0,5,bt_residual
meanfiringrate,morgan_220,Morgan chemistry,0.0,1829,0,5,bt_residual
meanfiringrate,morgan_219,Morgan chemistry,0.0,1830,0,5,bt_residual
meanfiringrate,morgan_218,Morgan chemistry,0.0,1831,0,5,bt_residual
meanfiringrate,morgan_1991,Morgan chemistry,0.0,1832,0,5,bt_residual
meanfiringrate,morgan_1990,Morgan chemistry,0.0,1833,0,5,bt_residual
meanfiringrate,morgan_215,Morgan chemistry,0.0,1834,0,5,bt_residual
meanfiringrate,morgan_214,Morgan chemistry,0.0,1835,0,5,bt_residual
meanfiringrate,morgan_213,Morgan chemistry,0.0,1836,0,5,bt_residual
meanfiringrate,morgan_212,Morgan chemistry,0.0,1837,0,5,bt_residual
meanfiringrate,morgan_211,Morgan chemistry,0.0,1838,0,5,bt_residual
meanfiringrate,morgan_210,Morgan chemistry,0.0,1839,0,5,bt_residual
meanfiringrate,morgan_209,Morgan chemistry,0.0,1840,0,5,bt_residual
meanfiringrate,morgan_208,Morgan chemistry,0.0,1841,0,5,bt_residual
meanfiringrate,morgan_207,Morgan chemistry,0.0,1842,0,5,bt_residual
meanfiringrate,morgan_206,Morgan chemistry,0.0,1843,0,5,bt_residual
meanfiringrate,morgan_205,Morgan chemistry,0.0,1844,0,5,bt_residual
meanfiringrate,morgan_204,Morgan chemistry,0.0,1845,0,5,bt_residual
meanfiringrate,morgan_203,Morgan chemistry,0.0,1846,0,5,bt_residual
meanfiringrate,morgan_202,Morgan chemistry,0.0,1847,0,5,bt_residual
meanfiringrate,morgan_201,Morgan chemistry,0.0,1848,0,5,bt_residual
meanfiringrate,morgan_200,Morgan chemistry,0.0,1849,0,5,bt_residual
meanfiringrate,morgan_199,Morgan chemistry,0.0,1850,0,5,bt_residual
meanfiringrate,morgan_198,Morgan chemistry,0.0,1851,0,5,bt_residual
meanfiringrate,morgan_197,Morgan chemistry,0.0,1852,0,5,bt_residual
meanfiringrate,morgan_196,Morgan chemistry,0.0,1853,0,5,bt_residual
meanfiringrate,morgan_195,Morgan chemistry,0.0,1854,0,5,bt_residual
meanfiringrate,morgan_194,Morgan chemistry,0.0,1855,0,5,bt_residual
meanfiringrate,morgan_193,Morgan chemistry,0.0,1856,0,5,bt_residual
meanfiringrate,morgan_192,Morgan chemistry,0.0,1857,0,5,bt_residual
meanfiringrate,morgan_191,Morgan chemistry,0.0,1858,0,5,bt_residual
meanfiringrate,morgan_190,Morgan chemistry,0.0,1859,0,5,bt_residual
meanfiringrate,morgan_189,Morgan chemistry,0.0,1860,0,5,bt_residual
meanfiringrate,morgan_188,Morgan chemistry,0.0,1861,0,5,bt_residual
meanfiringrate,morgan_187,Morgan chemistry,0.0,1862,0,5,bt_residual
meanfiringrate,morgan_186,Morgan chemistry,0.0,1863,0,5,bt_residual
meanfiringrate,morgan_185,Morgan chemistry,0.0,1864,0,5,bt_residual
meanfiringrate,morgan_184,Morgan chemistry,0.0,1865,0,5,bt_residual
meanfiringrate,morgan_183,Morgan chemistry,0.0,1866,0,5,bt_residual
meanfiringrate,morgan_182,Morgan chemistry,0.0,1867,0,5,bt_residual
meanfiringrate,morgan_181,Morgan chemistry,0.0,1868,0,5,bt_residual
meanfiringrate,morgan_180,Morgan chemistry,0.0,1869,0,5,bt_residual
meanfiringrate,morgan_179,Morgan chemistry,0.0,1870,0,5,bt_residual
meanfiringrate,morgan_178,Morgan chemistry,0.0,1871,0,5,bt_residual
meanfiringrate,morgan_444,Morgan chemistry,0.0,1872,0,5,bt_residual
meanfiringrate,morgan_176,Morgan chemistry,0.0,1873,0,5,bt_residual
meanfiringrate,morgan_175,Morgan chemistry,0.0,1874,0,5,bt_residual
meanfiringrate,morgan_174,Morgan chemistry,0.0,1875,0,5,bt_residual
meanfiringrate,morgan_173,Morgan chemistry,0.0,1876,0,5,bt_residual
meanfiringrate,morgan_172,Morgan chemistry,0.0,1877,0,5,bt_residual
meanfiringrate,morgan_171,Morgan chemistry,0.0,1878,0,5,bt_residual
meanfiringrate,morgan_170,Morgan chemistry,0.0,1879,0,5,bt_residual
meanfiringrate,morgan_169,Morgan chemistry,0.0,1880,0,5,bt_residual
meanfiringrate,morgan_168,Morgan chemistry,0.0,1881,0,5,bt_residual
meanfiringrate,morgan_167,Morgan chemistry,0.0,1882,0,5,bt_residual
meanfiringrate,morgan_166,Morgan chemistry,0.0,1883,0,5,bt_residual
meanfiringrate,morgan_1989,Morgan chemistry,0.0,1884,0,5,bt_residual
meanfiringrate,morgan_164,Morgan chemistry,0.0,1885,0,5,bt_residual
meanfiringrate,morgan_163,Morgan chemistry,0.0,1886,0,5,bt_residual
meanfiringrate,morgan_162,Morgan chemistry,0.0,1887,0,5,bt_residual
meanfiringrate,morgan_161,Morgan chemistry,0.0,1888,0,5,bt_residual
meanfiringrate,morgan_160,Morgan chemistry,0.0,1889,0,5,bt_residual
meanfiringrate,morgan_159,Morgan chemistry,0.0,1890,0,5,bt_residual
meanfiringrate,morgan_158,Morgan chemistry,0.0,1891,0,5,bt_residual
meanfiringrate,morgan_157,Morgan chemistry,0.0,1892,0,5,bt_residual
meanfiringrate,morgan_156,Morgan chemistry,0.0,1893,0,5,bt_residual
meanfiringrate,morgan_1988,Morgan chemistry,0.0,1894,0,5,bt_residual
meanfiringrate,morgan_154,Morgan chemistry,0.0,1895,0,5,bt_residual
meanfiringrate,morgan_153,Morgan chemistry,0.0,1896,0,5,bt_residual
meanfiringrate,morgan_152,Morgan chemistry,0.0,1897,0,5,bt_residual
meanfiringrate,morgan_151,Morgan chemistry,0.0,1898,0,5,bt_residual
meanfiringrate,morgan_150,Morgan chemistry,0.0,1899,0,5,bt_residual
meanfiringrate,morgan_149,Morgan chemistry,0.0,1900,0,5,bt_residual
meanfiringrate,morgan_148,Morgan chemistry,0.0,1901,0,5,bt_residual
meanfiringrate,morgan_1987,Morgan chemistry,0.0,1902,0,5,bt_residual
meanfiringrate,morgan_146,Morgan chemistry,0.0,1903,0,5,bt_residual
meanfiringrate,morgan_145,Morgan chemistry,0.0,1904,0,5,bt_residual
meanfiringrate,morgan_144,Morgan chemistry,0.0,1905,0,5,bt_residual
meanfiringrate,morgan_143,Morgan chemistry,0.0,1906,0,5,bt_residual
meanfiringrate,morgan_142,Morgan chemistry,0.0,1907,0,5,bt_residual
meanfiringrate,morgan_141,Morgan chemistry,0.0,1908,0,5,bt_residual
meanfiringrate,morgan_140,Morgan chemistry,0.0,1909,0,5,bt_residual
meanfiringrate,morgan_139,Morgan chemistry,0.0,1910,0,5,bt_residual
meanfiringrate,morgan_138,Morgan chemistry,0.0,1911,0,5,bt_residual
meanfiringrate,morgan_137,Morgan chemistry,0.0,1912,0,5,bt_residual
meanfiringrate,morgan_136,Morgan chemistry,0.0,1913,0,5,bt_residual
meanfiringrate,morgan_135,Morgan chemistry,0.0,1914,0,5,bt_residual
meanfiringrate,morgan_134,Morgan chemistry,0.0,1915,0,5,bt_residual
meanfiringrate,morgan_133,Morgan chemistry,0.0,1916,0,5,bt_residual
meanfiringrate,morgan_132,Morgan chemistry,0.0,1917,0,5,bt_residual
meanfiringrate,morgan_131,Morgan chemistry,0.0,1918,0,5,bt_residual
meanfiringrate,morgan_130,Morgan chemistry,0.0,1919,0,5,bt_residual
meanfiringrate,morgan_129,Morgan chemistry,0.0,1920,0,5,bt_residual
meanfiringrate,morgan_128,Morgan chemistry,0.0,1921,0,5,bt_residual
meanfiringrate,morgan_127,Morgan chemistry,0.0,1922,0,5,bt_residual
meanfiringrate,morgan_126,Morgan chemistry,0.0,1923,0,5,bt_residual
meanfiringrate,morgan_125,Morgan chemistry,0.0,1924,0,5,bt_residual
meanfiringrate,morgan_124,Morgan chemistry,0.0,1925,0,5,bt_residual
meanfiringrate,morgan_123,Morgan chemistry,0.0,1926,0,5,bt_residual
meanfiringrate,morgan_122,Morgan chemistry,0.0,1927,0,5,bt_residual
meanfiringrate,morgan_121,Morgan chemistry,0.0,1928,0,5,bt_residual
meanfiringrate,morgan_120,Morgan chemistry,0.0,1929,0,5,bt_residual
meanfiringrate,morgan_119,Morgan chemistry,0.0,1930,0,5,bt_residual
meanfiringrate,morgan_118,Morgan chemistry,0.0,1931,0,5,bt_residual
meanfiringrate,morgan_117,Morgan chemistry,0.0,1932,0,5,bt_residual
meanfiringrate,morgan_116,Morgan chemistry,0.0,1933,0,5,bt_residual
meanfiringrate,morgan_115,Morgan chemistry,0.0,1934,0,5,bt_residual
meanfiringrate,morgan_114,Morgan chemistry,0.0,1935,0,5,bt_residual
meanfiringrate,morgan_113,Morgan chemistry,0.0,1936,0,5,bt_residual
meanfiringrate,morgan_112,Morgan chemistry,0.0,1937,0,5,bt_residual
meanfiringrate,morgan_111,Morgan chemistry,0.0,1938,0,5,bt_residual
meanfiringrate,morgan_110,Morgan chemistry,0.0,1939,0,5,bt_residual
meanfiringrate,morgan_109,Morgan chemistry,0.0,1940,0,5,bt_residual
meanfiringrate,morgan_108,Morgan chemistry,0.0,1941,0,5,bt_residual
meanfiringrate,morgan_107,Morgan chemistry,0.0,1942,0,5,bt_residual
meanfiringrate,morgan_106,Morgan chemistry,0.0,1943,0,5,bt_residual
meanfiringrate,morgan_105,Morgan chemistry,0.0,1944,0,5,bt_residual
meanfiringrate,morgan_104,Morgan chemistry,0.0,1945,0,5,bt_residual
meanfiringrate,morgan_103,Morgan chemistry,0.0,1946,0,5,bt_residual
meanfiringrate,morgan_102,Morgan chemistry,0.0,1947,0,5,bt_residual
meanfiringrate,morgan_101,Morgan chemistry,0.0,1948,0,5,bt_residual
meanfiringrate,morgan_100,Morgan chemistry,0.0,1949,0,5,bt_residual
meanfiringrate,morgan_99,Morgan chemistry,0.0,1950,0,5,bt_residual
meanfiringrate,morgan_98,Morgan chemistry,0.0,1951,0,5,bt_residual
meanfiringrate,morgan_97,Morgan chemistry,0.0,1952,0,5,bt_residual
meanfiringrate,morgan_96,Morgan chemistry,0.0,1953,0,5,bt_residual
meanfiringrate,morgan_95,Morgan chemistry,0.0,1954,0,5,bt_residual
meanfiringrate,morgan_94,Morgan chemistry,0.0,1955,0,5,bt_residual
meanfiringrate,morgan_93,Morgan chemistry,0.0,1956,0,5,bt_residual
meanfiringrate,morgan_92,Morgan chemistry,0.0,1957,0,5,bt_residual
meanfiringrate,morgan_91,Morgan chemistry,0.0,1958,0,5,bt_residual
meanfiringrate,morgan_90,Morgan chemistry,0.0,1959,0,5,bt_residual
meanfiringrate,morgan_89,Morgan chemistry,0.0,1960,0,5,bt_residual
meanfiringrate,morgan_88,Morgan chemistry,0.0,1961,0,5,bt_residual
meanfiringrate,morgan_1986,Morgan chemistry,0.0,1962,0,5,bt_residual
meanfiringrate,morgan_86,Morgan chemistry,0.0,1963,0,5,bt_residual
meanfiringrate,morgan_85,Morgan chemistry,0.0,1964,0,5,bt_residual
meanfiringrate,morgan_84,Morgan chemistry,0.0,1965,0,5,bt_residual
meanfiringrate,morgan_83,Morgan chemistry,0.0,1966,0,5,bt_residual
meanfiringrate,morgan_82,Morgan chemistry,0.0,1967,0,5,bt_residual
meanfiringrate,morgan_81,Morgan chemistry,0.0,1968,0,5,bt_residual
meanfiringrate,morgan_80,Morgan chemistry,0.0,1969,0,5,bt_residual
meanfiringrate,morgan_79,Morgan chemistry,0.0,1970,0,5,bt_residual
meanfiringrate,morgan_78,Morgan chemistry,0.0,1971,0,5,bt_residual
meanfiringrate,morgan_77,Morgan chemistry,0.0,1972,0,5,bt_residual
meanfiringrate,morgan_76,Morgan chemistry,0.0,1973,0,5,bt_residual
meanfiringrate,morgan_75,Morgan chemistry,0.0,1974,0,5,bt_residual
meanfiringrate,morgan_74,Morgan chemistry,0.0,1975,0,5,bt_residual
meanfiringrate,morgan_73,Morgan chemistry,0.0,1976,0,5,bt_residual
meanfiringrate,morgan_72,Morgan chemistry,0.0,1977,0,5,bt_residual
meanfiringrate,morgan_71,Morgan chemistry,0.0,1978,0,5,bt_residual
meanfiringrate,morgan_1985,Morgan chemistry,0.0,1979,0,5,bt_residual
meanfiringrate,morgan_1984,Morgan chemistry,0.0,1980,0,5,bt_residual
meanfiringrate,morgan_68,Morgan chemistry,0.0,1981,0,5,bt_residual
meanfiringrate,morgan_67,Morgan chemistry,0.0,1982,0,5,bt_residual
meanfiringrate,morgan_66,Morgan chemistry,0.0,1983,0,5,bt_residual
meanfiringrate,morgan_65,Morgan chemistry,0.0,1984,0,5,bt_residual
meanfiringrate,morgan_64,Morgan chemistry,0.0,1985,0,5,bt_residual
meanfiringrate,morgan_63,Morgan chemistry,0.0,1986,0,5,bt_residual
meanfiringrate,morgan_62,Morgan chemistry,0.0,1987,0,5,bt_residual
meanfiringrate,morgan_61,Morgan chemistry,0.0,1988,0,5,bt_residual
meanfiringrate,morgan_60,Morgan chemistry,0.0,1989,0,5,bt_residual
meanfiringrate,morgan_59,Morgan chemistry,0.0,1990,0,5,bt_residual
meanfiringrate,morgan_58,Morgan chemistry,0.0,1991,0,5,bt_residual
meanfiringrate,morgan_57,Morgan chemistry,0.0,1992,0,5,bt_residual
meanfiringrate,morgan_56,Morgan chemistry,0.0,1993,0,5,bt_residual
meanfiringrate,morgan_55,Morgan chemistry,0.0,1994,0,5,bt_residual
meanfiringrate,morgan_54,Morgan chemistry,0.0,1995,0,5,bt_residual
meanfiringrate,morgan_53,Morgan chemistry,0.0,1996,0,5,bt_residual
meanfiringrate,morgan_52,Morgan chemistry,0.0,1997,0,5,bt_residual
meanfiringrate,morgan_51,Morgan chemistry,0.0,1998,0,5,bt_residual
meanfiringrate,morgan_50,Morgan chemistry,0.0,1999,0,5,bt_residual
meanfiringrate,morgan_49,Morgan chemistry,0.0,2000,0,5,bt_residual
meanfiringrate,morgan_48,Morgan chemistry,0.0,2001,0,5,bt_residual
meanfiringrate,morgan_1983,Morgan chemistry,0.0,2002,0,5,bt_residual
meanfiringrate,morgan_46,Morgan chemistry,0.0,2003,0,5,bt_residual
meanfiringrate,morgan_45,Morgan chemistry,0.0,2004,0,5,bt_residual
meanfiringrate,morgan_44,Morgan chemistry,0.0,2005,0,5,bt_residual
meanfiringrate,morgan_43,Morgan chemistry,0.0,2006,0,5,bt_residual
meanfiringrate,morgan_42,Morgan chemistry,0.0,2007,0,5,bt_residual
meanfiringrate,morgan_41,Morgan chemistry,0.0,2008,0,5,bt_residual
meanfiringrate,morgan_40,Morgan chemistry,0.0,2009,0,5,bt_residual
meanfiringrate,morgan_39,Morgan chemistry,0.0,2010,0,5,bt_residual
meanfiringrate,morgan_38,Morgan chemistry,0.0,2011,0,5,bt_residual
meanfiringrate,morgan_37,Morgan chemistry,0.0,2012,0,5,bt_residual
meanfiringrate,morgan_36,Morgan chemistry,0.0,2013,0,5,bt_residual
meanfiringrate,morgan_35,Morgan chemistry,0.0,2014,0,5,bt_residual
meanfiringrate,morgan_34,Morgan chemistry,0.0,2015,0,5,bt_residual
meanfiringrate,morgan_33,Morgan chemistry,0.0,2016,0,5,bt_residual
meanfiringrate,morgan_32,Morgan chemistry,0.0,2017,0,5,bt_residual
meanfiringrate,morgan_31,Morgan chemistry,0.0,2018,0,5,bt_residual
meanfiringrate,morgan_30,Morgan chemistry,0.0,2019,0,5,bt_residual
meanfiringrate,morgan_29,Morgan chemistry,0.0,2020,0,5,bt_residual
meanfiringrate,morgan_28,Morgan chemistry,0.0,2021,0,5,bt_residual
meanfiringrate,morgan_27,Morgan chemistry,0.0,2022,0,5,bt_residual
meanfiringrate,morgan_26,Morgan chemistry,0.0,2023,0,5,bt_residual
meanfiringrate,morgan_25,Morgan chemistry,0.0,2024,0,5,bt_residual
meanfiringrate,morgan_24,Morgan chemistry,0.0,2025,0,5,bt_residual
meanfiringrate,morgan_23,Morgan chemistry,0.0,2026,0,5,bt_residual
meanfiringrate,morgan_22,Morgan chemistry,0.0,2027,0,5,bt_residual
meanfiringrate,morgan_21,Morgan chemistry,0.0,2028,0,5,bt_residual
meanfiringrate,morgan_20,Morgan chemistry,0.0,2029,0,5,bt_residual
meanfiringrate,morgan_19,Morgan chemistry,0.0,2030,0,5,bt_residual
meanfiringrate,morgan_18,Morgan chemistry,0.0,2031,0,5,bt_residual
meanfiringrate,morgan_17,Morgan chemistry,0.0,2032,0,5,bt_residual
meanfiringrate,morgan_16,Morgan chemistry,0.0,2033,0,5,bt_residual
meanfiringrate,morgan_15,Morgan chemistry,0.0,2034,0,5,bt_residual
meanfiringrate,morgan_14,Morgan chemistry,0.0,2035,0,5,bt_residual
meanfiringrate,morgan_13,Morgan chemistry,0.0,2036,0,5,bt_residual
meanfiringrate,morgan_12,Morgan chemistry,0.0,2037,0,5,bt_residual
meanfiringrate,morgan_11,Morgan chemistry,0.0,2038,0,5,bt_residual
meanfiringrate,morgan_10,Morgan chemistry,0.0,2039,0,5,bt_residual
meanfiringrate,morgan_9,Morgan chemistry,0.0,2040,0,5,bt_residual
meanfiringrate,morgan_8,Morgan chemistry,0.0,2041,0,5,bt_residual
meanfiringrate,morgan_7,Morgan chemistry,0.0,2042,0,5,bt_residual
meanfiringrate,morgan_6,Morgan chemistry,0.0,2043,0,5,bt_residual
meanfiringrate,morgan_5,Morgan chemistry,0.0,2044,0,5,bt_residual
meanfiringrate,morgan_4,Morgan chemistry,0.0,2045,0,5,bt_residual
meanfiringrate,morgan_3,Morgan chemistry,0.0,2046,0,5,bt_residual
meanfiringrate,morgan_2,Morgan chemistry,0.0,2047,0,5,bt_residual
meanfiringrate,morgan_1982,Morgan chemistry,0.0,2048,0,5,bt_residual
meanfiringrate,morgan_1981,Morgan chemistry,0.0,2049,0,5,bt_residual
meanfiringrate,morgan_1980,Morgan chemistry,0.0,2050,0,5,bt_residual
meanfiringrate,morgan_1979,Morgan chemistry,0.0,2051,0,5,bt_residual
meanfiringrate,morgan_1978,Morgan chemistry,0.0,2052,0,5,bt_residual
meanfiringrate,morgan_1977,Morgan chemistry,0.0,2053,0,5,bt_residual
meanfiringrate,morgan_1976,Morgan chemistry,0.0,2054,0,5,bt_residual
meanfiringrate,morgan_1975,Morgan chemistry,0.0,2055,0,5,bt_residual
meanfiringrate,morgan_1974,Morgan chemistry,0.0,2056,0,5,bt_residual
meanfiringrate,morgan_1973,Morgan chemistry,0.0,2057,0,5,bt_residual
meanfiringrate,morgan_1972,Morgan chemistry,0.0,2058,0,5,bt_residual
meanfiringrate,morgan_1971,Morgan chemistry,0.0,2059,0,5,bt_residual
meanfiringrate,morgan_1970,Morgan chemistry,0.0,2060,0,5,bt_residual
meanfiringrate,morgan_1969,Morgan chemistry,0.0,2061,0,5,bt_residual
meanfiringrate,morgan_1968,Morgan chemistry,0.0,2062,0,5,bt_residual
meanfiringrate,morgan_1967,Morgan chemistry,0.0,2063,0,5,bt_residual
meanfiringrate,morgan_1966,Morgan chemistry,0.0,2064,0,5,bt_residual
meanfiringrate,morgan_1965,Morgan chemistry,0.0,2065,0,5,bt_residual
meanfiringrate,morgan_1964,Morgan chemistry,0.0,2066,0,5,bt_residual
meanfiringrate,morgan_1963,Morgan chemistry,0.0,2067,0,5,bt_residual
meanfiringrate,div7_cv.network_missing,DIV7 neural,0.0,2068,0,5,bt_residual
meanfiringrate,div7_cv.time_missing,DIV7 neural,0.0,2069,0,5,bt_residual
meanfiringrate,div7_r_missing,DIV7 neural,0.0,2070,0,5,bt_residual
meanfiringrate,div7_ns.mean.spikes.in.ns_missing,DIV7 neural,0.0,2071,0,5,bt_residual
meanfiringrate,div7_ns.durn.sd_missing,DIV7 neural,0.0,2072,0,5,bt_residual
meanfiringrate,div7_ns.mean.insis_missing,DIV7 neural,0.0,2073,0,5,bt_residual
meanfiringrate,div7_ns.percent.of.spikes.in.ns_missing,DIV7 neural,0.0,2074,0,5,bt_residual
meanfiringrate,div7_ns.durn.m_missing,DIV7 neural,0.0,2075,0,5,bt_residual
meanfiringrate,div7_ns.peak.m_missing,DIV7 neural,0.0,2076,0,5,bt_residual
meanfiringrate,div7_ns.n_missing,DIV7 neural,0.0,2077,0,5,bt_residual
meanfiringrate,div7_nABE_missing,DIV7 neural,0.0,2078,0,5,bt_residual
meanfiringrate,div7_nAE_missing,DIV7 neural,0.0,2079,0,5,bt_residual
meanfiringrate,div7_mean.IBIs_missing,DIV7 neural,0.0,2080,0,5,bt_residual
meanfiringrate,div7_mean.dur_missing,DIV7 neural,0.0,2081,0,5,bt_residual
meanfiringrate,div7_per.spikes.in.burst_missing,DIV7 neural,0.0,2082,0,5,bt_residual
meanfiringrate,div7_mean.isis_missing,DIV7 neural,0.0,2083,0,5,bt_residual
meanfiringrate,div7_burst.per.min_missing,DIV7 neural,0.0,2084,0,5,bt_residual
meanfiringrate,div7_meanfiringrate_missing,DIV7 neural,0.0,2085,0,5,bt_residual
meanfiringrate,div5_cv.network_missing,DIV5 neural,0.0,2086,0,5,bt_residual
meanfiringrate,div5_cv.time_missing,DIV5 neural,0.0,2087,0,5,bt_residual
meanfiringrate,div5_r_missing,DIV5 neural,0.0,2088,0,5,bt_residual
meanfiringrate,div5_ns.mean.spikes.in.ns_missing,DIV5 neural,0.0,2089,0,5,bt_residual
meanfiringrate,div5_ns.durn.sd_missing,DIV5 neural,0.0,2090,0,5,bt_residual
meanfiringrate,div5_ns.mean.insis_missing,DIV5 neural,0.0,2091,0,5,bt_residual
meanfiringrate,div5_ns.percent.of.spikes.in.ns_missing,DIV5 neural,0.0,2092,0,5,bt_residual
meanfiringrate,div5_ns.durn.m_missing,DIV5 neural,0.0,2093,0,5,bt_residual
meanfiringrate,div5_ns.peak.m_missing,DIV5 neural,0.0,2094,0,5,bt_residual
meanfiringrate,div5_ns.n_missing,DIV5 neural,0.0,2095,0,5,bt_residual
meanfiringrate,div5_nABE_missing,DIV5 neural,0.0,2096,0,5,bt_residual
meanfiringrate,div5_nAE_missing,DIV5 neural,0.0,2097,0,5,bt_residual
meanfiringrate,div5_mean.IBIs_missing,DIV5 neural,0.0,2098,0,5,bt_residual
meanfiringrate,div5_mean.dur_missing,DIV5 neural,0.0,2099,0,5,bt_residual
meanfiringrate,div5_per.spikes.in.burst_missing,DIV5 neural,0.0,2100,0,5,bt_residual
meanfiringrate,div5_mean.isis_missing,DIV5 neural,0.0,2101,0,5,bt_residual
meanfiringrate,div5_burst.per.min_missing,DIV5 neural,0.0,2102,0,5,bt_residual
meanfiringrate,div5_meanfiringrate_missing,DIV5 neural,0.0,2103,0,5,bt_residual
meanfiringrate,morgan_1962,Morgan chemistry,0.0,2104,0,5,bt_residual
meanfiringrate,morgan_1961,Morgan chemistry,0.0,2105,0,5,bt_residual
meanfiringrate,morgan_1960,Morgan chemistry,0.0,2106,0,5,bt_residual
meanfiringrate,morgan_1959,Morgan chemistry,0.0,2107,0,5,bt_residual
meanfiringrate,morgan_2042,Morgan chemistry,0.0,2108,0,5,bt_residual
meanfiringrate,morgan_1958,Morgan chemistry,0.0,2109,0,5,bt_residual
meanfiringrate,morgan_1957,Morgan chemistry,0.0,2110,0,5,bt_residual
meanfiringrate,morgan_1956,Morgan chemistry,0.0,2111,0,5,bt_residual
meanfiringrate,morgan_1955,Morgan chemistry,0.0,2112,0,5,bt_residual
meanfiringrate,morgan_1954,Morgan chemistry,0.0,2113,0,5,bt_residual
meanfiringrate,morgan_1953,Morgan chemistry,0.0,2114,0,5,bt_residual
meanfiringrate,morgan_1952,Morgan chemistry,0.0,2115,0,5,bt_residual
meanfiringrate,morgan_1951,Morgan chemistry,0.0,2116,0,5,bt_residual
meanfiringrate,morgan_1950,Morgan chemistry,0.0,2117,0,5,bt_residual
meanfiringrate,morgan_1949,Morgan chemistry,0.0,2118,0,5,bt_residual
meanfiringrate,morgan_1948,Morgan chemistry,0.0,2119,0,5,bt_residual
meanfiringrate,morgan_1947,Morgan chemistry,0.0,2120,0,5,bt_residual
meanfiringrate,morgan_1946,Morgan chemistry,0.0,2121,0,5,bt_residual
meanfiringrate,morgan_1945,Morgan chemistry,0.0,2122,0,5,bt_residual
meanfiringrate,morgan_2039,Morgan chemistry,0.0,2123,0,5,bt_residual
meanfiringrate,morgan_2040,Morgan chemistry,0.0,2124,0,5,bt_residual
meanfiringrate,morgan_2036,Morgan chemistry,0.0,2125,0,5,bt_residual
meanfiringrate,morgan_2035,Morgan chemistry,0.0,2126,0,5,bt_residual
meanfiringrate,morgan_2034,Morgan chemistry,0.0,2127,0,5,bt_residual
meanfiringrate,morgan_2033,Morgan chemistry,0.0,2128,0,5,bt_residual
meanfiringrate,morgan_2032,Morgan chemistry,0.0,2129,0,5,bt_residual
meanfiringrate,morgan_2031,Morgan chemistry,0.0,2130,0,5,bt_residual
meanfiringrate,morgan_2030,Morgan chemistry,0.0,2131,0,5,bt_residual
meanfiringrate,morgan_2029,Morgan chemistry,0.0,2132,0,5,bt_residual
meanfiringrate,morgan_2028,Morgan chemistry,0.0,2133,0,5,bt_residual
meanfiringrate,morgan_2027,Morgan chemistry,0.0,2134,0,5,bt_residual
meanfiringrate,morgan_2026,Morgan chemistry,0.0,2135,0,5,bt_residual
meanfiringrate,morgan_2025,Morgan chemistry,0.0,2136,0,5,bt_residual
meanfiringrate,morgan_2024,Morgan chemistry,0.0,2137,0,5,bt_residual
meanfiringrate,morgan_2023,Morgan chemistry,0.0,2138,0,5,bt_residual
meanfiringrate,morgan_177,Morgan chemistry,0.0,2139,0,5,bt_residual
burst.per.min,div7_r,DIV7 neural,8.977164921798105,1,0,5,direct
burst.per.min,div7_burst.per.min,DIV7 neural,3.484699759896346,2,0,5,direct
burst.per.min,log10_1p_dose,dose,2.770637392059086,3,0,5,direct
burst.per.min,div7_meanfiringrate,DIV7 neural,2.1914594455028142,4,0,5,direct
burst.per.min,div7_cv.time,DIV7 neural,1.5400163395198312,5,0,5,direct
burst.per.min,desc_MolWt,RDKit descriptor,1.4965626573938084,6,0,5,direct
burst.per.min,div7_nAE,DIV7 neural,1.13634231146865,7,0,5,direct
burst.per.min,morgan_0,Morgan chemistry,1.1341312738854115,8,0,5,direct
burst.per.min,desc_MolMR,RDKit descriptor,1.110312664602685,9,0,5,direct
burst.per.min,div7_ns.mean.spikes.in.ns,DIV7 neural,1.064814274705301,10,0,5,direct
burst.per.min,div7_cv.network,DIV7 neural,1.0527154066431241,11,0,5,direct
burst.per.min,div7_ns.peak.m,DIV7 neural,1.016564316636934,12,0,5,direct
burst.per.min,desc_NumAliphaticRings,RDKit descriptor,0.9947242436446543,13,0,5,direct
burst.per.min,morgan_841,Morgan chemistry,0.5731775685558169,14,0,5,direct
burst.per.min,desc_HeavyAtomCount,RDKit descriptor,0.5087989784601167,15,0,5,direct
burst.per.min,div7_mean.dur,DIV7 neural,0.4465742298937219,16,0,5,direct
burst.per.min,desc_ExactMolWt,RDKit descriptor,0.39200010074405217,17,0,5,direct
burst.per.min,morgan_87,Morgan chemistry,0.33706391420890025,18,0,5,direct
burst.per.min,div7_ns.percent.of.spikes.in.ns,DIV7 neural,0.3205499292358639,19,0,5,direct
burst.per.min,desc_NumRotatableBonds,RDKit descriptor,0.2718235789321539,20,0,5,direct
burst.per.min,div7_ns.mean.insis,DIV7 neural,0.26580942897346077,21,0,5,direct
burst.per.min,div5_meanfiringrate,DIV5 neural,0.2651373380281794,22,0,5,direct
burst.per.min,cohort_toxcast,cohort,0.2267536525651226,23,0,5,direct
burst.per.min,desc_NHOHCount,RDKit descriptor,0.21014309586502436,24,0,5,direct
burst.per.min,morgan_1417,Morgan chemistry,0.20520584226593258,25,0,5,direct
burst.per.min,div7_ns.durn.m,DIV7 neural,0.18094112647799995,26,0,5,direct
burst.per.min,morgan_674,Morgan chemistry,0.17780026676147942,27,0,5,direct
burst.per.min,morgan_591,Morgan chemistry,0.16918678499582246,28,0,5,direct
burst.per.min,div5_burst.per.min,DIV5 neural,0.16668179490434842,29,0,5,direct
burst.per.min,desc_NumHAcceptors,RDKit descriptor,0.1561027849753072,30,0,5,direct
burst.per.min,div5_mean.isis,DIV5 neural,0.15282438495966394,31,0,5,direct
burst.per.min,morgan_1245,Morgan chemistry,0.15249915573540634,32,0,5,direct
burst.per.min,morgan_1802,Morgan chemistry,0.15148025047122024,33,0,5,direct
burst.per.min,morgan_277,Morgan chemistry,0.15093917546309824,34,0,5,direct
burst.per.min,morgan_70,Morgan chemistry,0.1396766197024368,35,0,5,direct
burst.per.min,morgan_231,Morgan chemistry,0.13266783671116267,36,0,5,direct
burst.per.min,morgan_1257,Morgan chemistry,0.11685056714561042,37,0,5,direct
burst.per.min,div5_mean.IBIs,DIV5 neural,0.11564001253270727,38,0,5,direct
burst.per.min,morgan_300,Morgan chemistry,0.11129296371551949,39,0,5,direct
burst.per.min,div7_nABE,DIV7 neural,0.10869336535963486,40,0,5,direct
burst.per.min,morgan_47,Morgan chemistry,0.10780638503277395,41,0,5,direct
burst.per.min,div5_mean.dur,DIV5 neural,0.10584551447958458,42,0,5,direct
burst.per.min,div5_cv.network,DIV5 neural,0.10403786681768462,43,0,5,direct
burst.per.min,morgan_1163,Morgan chemistry,0.10388587121888408,44,0,5,direct
burst.per.min,desc_NumAromaticRings,RDKit descriptor,0.10361173209242934,45,0,5,direct
burst.per.min,div5_nABE,DIV5 neural,0.10212321655722115,46,0,5,direct
burst.per.min,div7_per.spikes.in.burst,DIV7 neural,0.1009472296463223,47,0,5,direct
burst.per.min,div7_ns.n,DIV7 neural,0.09973385413800638,48,0,5,direct
burst.per.min,div7_mean.IBIs,DIV7 neural,0.09919702115021353,49,0,5,direct
burst.per.min,morgan_984,Morgan chemistry,0.0983017570390476,50,0,5,direct
burst.per.min,morgan_288,Morgan chemistry,0.09678764418354184,51,0,5,direct
burst.per.min,morgan_1683,Morgan chemistry,0.09528633365480918,52,0,5,direct
burst.per.min,div7_ns.durn.sd,DIV7 neural,0.0945049083139014,53,0,5,direct
burst.per.min,div7_mean.isis,DIV7 neural,0.09205433491646774,54,0,5,direct
burst.per.min,div5_per.spikes.in.burst,DIV5 neural,0.08877666822568638,55,0,5,direct
burst.per.min,morgan_816,Morgan chemistry,0.08295545897145909,56,0,5,direct
burst.per.min,morgan_1383,Morgan chemistry,0.07921443844404746,57,0,5,direct
burst.per.min,morgan_280,Morgan chemistry,0.07867644903228038,58,0,5,direct
burst.per.min,morgan_1313,Morgan chemistry,0.07866122286150774,59,0,5,direct
burst.per.min,desc_MolLogP,RDKit descriptor,0.07818632050762027,60,0,5,direct
burst.per.min,morgan_718,Morgan chemistry,0.07785206939291767,61,0,5,direct
burst.per.min,morgan_1597,Morgan chemistry,0.0726478625470259,62,0,5,direct
burst.per.min,div5_cv.time,DIV5 neural,0.07164540933811758,63,0,5,direct
burst.per.min,div5_ns.durn.m,DIV5 neural,0.07006297899982122,64,0,5,direct
burst.per.min,desc_FractionCSP3,RDKit descriptor,0.06489957035995844,65,0,5,direct
burst.per.min,desc_NumSaturatedRings,RDKit descriptor,0.06482817432073158,66,0,5,direct
burst.per.min,desc_TPSA,RDKit descriptor,0.06457529340203352,67,0,5,direct
burst.per.min,morgan_1649,Morgan chemistry,0.06408798131417101,68,0,5,direct
burst.per.min,morgan_561,Morgan chemistry,0.06407872147447481,69,0,5,direct
burst.per.min,desc_NumHDonors,RDKit descriptor,0.061809914318595345,70,0,5,direct
burst.per.min,morgan_192,Morgan chemistry,0.06138011695831779,71,0,5,direct
burst.per.min,morgan_59,Morgan chemistry,0.06070506478857806,72,0,5,direct
burst.per.min,morgan_1764,Morgan chemistry,0.05708785319891502,73,0,5,direct
burst.per.min,morgan_1665,Morgan chemistry,0.0566771499753937,74,0,5,direct
burst.per.min,morgan_836,Morgan chemistry,0.05655433108487467,75,0,5,direct
burst.per.min,div5_nAE,DIV5 neural,0.05637613807137557,76,0,5,direct
burst.per.min,morgan_97,Morgan chemistry,0.05493380516532838,77,0,5,direct
burst.per.min,desc_NOCount,RDKit descriptor,0.05406952467490369,78,0,5,direct
burst.per.min,morgan_534,Morgan chemistry,0.05193749375230684,79,0,5,direct
burst.per.min,morgan_832,Morgan chemistry,0.0512392802501288,80,0,5,direct
burst.per.min,morgan_294,Morgan chemistry,0.05083928145761565,81,0,5,direct
burst.per.min,morgan_243,Morgan chemistry,0.044550297063166704,82,0,5,direct
burst.per.min,morgan_80,Morgan chemistry,0.04266358923724317,83,0,5,direct
burst.per.min,div5_r,DIV5 neural,0.0423448920015275,84,0,5,direct
burst.per.min,morgan_352,Morgan chemistry,0.0416524541659618,85,0,5,direct
burst.per.min,morgan_1679,Morgan chemistry,0.03998820870880067,86,0,5,direct
burst.per.min,morgan_322,Morgan chemistry,0.03692959190353634,87,0,5,direct
burst.per.min,morgan_1296,Morgan chemistry,0.03690311476940245,88,0,5,direct
burst.per.min,morgan_1274,Morgan chemistry,0.036755389115941804,89,0,5,direct
burst.per.min,morgan_1385,Morgan chemistry,0.03524486286433663,90,0,5,direct
burst.per.min,morgan_1007,Morgan chemistry,0.034174874072938455,91,0,5,direct
burst.per.min,morgan_1309,Morgan chemistry,0.033736908999015026,92,0,5,direct
burst.per.min,morgan_1778,Morgan chemistry,0.03308803453220157,93,0,5,direct
burst.per.min,morgan_216,Morgan chemistry,0.03272741235147311,94,0,5,direct
burst.per.min,morgan_729,Morgan chemistry,0.03231841654289426,95,0,5,direct
burst.per.min,morgan_1602,Morgan chemistry,0.032142912309000814,96,0,5,direct
burst.per.min,morgan_155,Morgan chemistry,0.03161763769435132,97,0,5,direct
burst.per.min,morgan_1004,Morgan chemistry,0.031424792263451524,98,0,5,direct
burst.per.min,morgan_882,Morgan chemistry,0.030931447434613086,99,0,5,direct
burst.per.min,morgan_883,Morgan chemistry,0.03086675492327983,100,0,5,direct
burst.per.min,morgan_316,Morgan chemistry,0.030635685432614305,101,0,5,direct
burst.per.min,div5_ns.peak.m,DIV5 neural,0.030521927856084867,102,0,5,direct
burst.per.min,morgan_629,Morgan chemistry,0.028237946390166996,103,0,5,direct
burst.per.min,morgan_798,Morgan chemistry,0.027329530185601844,104,0,5,direct
burst.per.min,div5_ns.mean.spikes.in.ns,DIV5 neural,0.02620524637342438,105,0,5,direct
burst.per.min,morgan_165,Morgan chemistry,0.02523042273333692,106,0,5,direct
burst.per.min,morgan_1726,Morgan chemistry,0.024892249445276935,107,0,5,direct
burst.per.min,morgan_1761,Morgan chemistry,0.023654463018958023,108,0,5,direct
burst.per.min,morgan_1447,Morgan chemistry,0.023335071999257006,109,0,5,direct
burst.per.min,desc_RingCount,RDKit descriptor,0.02286608481970359,110,0,5,direct
burst.per.min,morgan_970,Morgan chemistry,0.021636184744947537,111,0,5,direct
burst.per.min,morgan_790,Morgan chemistry,0.02013800838800866,112,0,5,direct
burst.per.min,morgan_1001,Morgan chemistry,0.0197521044513372,113,0,5,direct
burst.per.min,morgan_1745,Morgan chemistry,0.018589255847330167,114,0,5,direct
burst.per.min,morgan_549,Morgan chemistry,0.018480217362952044,115,0,5,direct
burst.per.min,morgan_577,Morgan chemistry,0.01756320776432518,116,0,5,direct
burst.per.min,div5_ns.percent.of.spikes.in.ns,DIV5 neural,0.01737057822426473,117,0,5,direct
burst.per.min,morgan_1126,Morgan chemistry,0.017257351574935312,118,0,5,direct
burst.per.min,morgan_217,Morgan chemistry,0.01603160587352092,119,0,5,direct
burst.per.min,morgan_562,Morgan chemistry,0.01576263885798417,120,0,5,direct
burst.per.min,morgan_147,Morgan chemistry,0.015525191787659652,121,0,5,direct
burst.per.min,morgan_446,Morgan chemistry,0.015449323053435078,122,0,5,direct
burst.per.min,morgan_1506,Morgan chemistry,0.015399446872275645,123,0,5,direct
burst.per.min,morgan_750,Morgan chemistry,0.015297272073940969,124,0,5,direct
burst.per.min,morgan_346,Morgan chemistry,0.015255253615341788,125,0,5,direct
burst.per.min,morgan_1544,Morgan chemistry,0.014733794401949786,126,0,5,direct
burst.per.min,morgan_884,Morgan chemistry,0.014199991864482248,127,0,5,direct
burst.per.min,morgan_1453,Morgan chemistry,0.013898229974461353,128,0,5,direct
burst.per.min,morgan_1722,Morgan chemistry,0.01387113810876223,129,0,5,direct
burst.per.min,morgan_1328,Morgan chemistry,0.0138361867018572,130,0,5,direct
burst.per.min,morgan_807,Morgan chemistry,0.01337058419787039,131,0,5,direct
burst.per.min,morgan_1991,Morgan chemistry,0.012738032603827049,132,0,5,direct
burst.per.min,div5_ns.durn.sd,DIV5 neural,0.011381858915794553,133,0,5,direct
burst.per.min,morgan_1223,Morgan chemistry,0.011381031960014283,134,0,5,direct
burst.per.min,morgan_1411,Morgan chemistry,0.0112485615756568,135,0,5,direct
burst.per.min,morgan_1070,Morgan chemistry,0.011085811562425508,136,0,5,direct
burst.per.min,morgan_1617,Morgan chemistry,0.010788257666460173,137,0,5,direct
burst.per.min,morgan_1035,Morgan chemistry,0.01015345881304403,138,0,5,direct
burst.per.min,morgan_1551,Morgan chemistry,0.00940909254269337,139,0,5,direct
burst.per.min,morgan_1203,Morgan chemistry,0.009369162827964843,140,0,5,direct
burst.per.min,morgan_149,Morgan chemistry,0.008821294532986138,141,0,5,direct
burst.per.min,morgan_1980,Morgan chemistry,0.008788619689115389,142,0,5,direct
burst.per.min,morgan_1380,Morgan chemistry,0.00872608901947502,143,0,5,direct
burst.per.min,morgan_1019,Morgan chemistry,0.008678853042482391,144,0,5,direct
burst.per.min,morgan_656,Morgan chemistry,0.008644439104035145,145,0,5,direct
burst.per.min,morgan_794,Morgan chemistry,0.008386941406670519,146,0,5,direct
burst.per.min,morgan_1,Morgan chemistry,0.008247770662382832,147,0,5,direct
burst.per.min,morgan_547,Morgan chemistry,0.007628905960894007,148,0,5,direct
burst.per.min,morgan_506,Morgan chemistry,0.007574830585577357,149,0,5,direct
burst.per.min,div5_ns.mean.insis,DIV5 neural,0.007572183693487813,150,0,5,direct
burst.per.min,morgan_694,Morgan chemistry,0.007557675594419945,151,0,5,direct
burst.per.min,morgan_5,Morgan chemistry,0.007503646095906656,152,0,5,direct
burst.per.min,morgan_1349,Morgan chemistry,0.0072256519099858805,153,0,5,direct
burst.per.min,morgan_1011,Morgan chemistry,0.00715827284835455,154,0,5,direct
burst.per.min,morgan_222,Morgan chemistry,0.006988521636001707,155,0,5,direct
burst.per.min,morgan_1384,Morgan chemistry,0.006694048877776138,156,0,5,direct
burst.per.min,morgan_918,Morgan chemistry,0.006505533466188926,157,0,5,direct
burst.per.min,morgan_1697,Morgan chemistry,0.006495850762044351,158,0,5,direct
burst.per.min,morgan_940,Morgan chemistry,0.006460169168907826,159,0,5,direct
burst.per.min,morgan_673,Morgan chemistry,0.006135522849916473,160,0,5,direct
burst.per.min,morgan_1609,Morgan chemistry,0.006026155836000217,161,0,5,direct
burst.per.min,morgan_880,Morgan chemistry,0.006007555432207002,162,0,5,direct
burst.per.min,morgan_781,Morgan chemistry,0.005767910499272384,163,0,5,direct
burst.per.min,morgan_829,Morgan chemistry,0.005724682582644965,164,0,5,direct
burst.per.min,morgan_739,Morgan chemistry,0.005706241281013789,165,0,5,direct
burst.per.min,morgan_292,Morgan chemistry,0.005629245573141444,166,0,5,direct
burst.per.min,morgan_1292,Morgan chemistry,0.005555234086795116,167,0,5,direct
burst.per.min,morgan_1362,Morgan chemistry,0.005473344814120315,168,0,5,direct
burst.per.min,morgan_893,Morgan chemistry,0.005372465008825768,169,0,5,direct
burst.per.min,morgan_1657,Morgan chemistry,0.005298807865052711,170,0,5,direct
burst.per.min,morgan_875,Morgan chemistry,0.005212896452175351,171,0,5,direct
burst.per.min,morgan_1717,Morgan chemistry,0.005190073387829337,172,0,5,direct
burst.per.min,morgan_1060,Morgan chemistry,0.005031380597061998,173,0,5,direct
burst.per.min,morgan_392,Morgan chemistry,0.004959272118065301,174,0,5,direct
burst.per.min,div5_ns.n,DIV5 neural,0.004928972777419203,175,0,5,direct
burst.per.min,morgan_823,Morgan chemistry,0.004728458645775562,176,0,5,direct
burst.per.min,morgan_69,Morgan chemistry,0.00470428626368365,177,0,5,direct
burst.per.min,morgan_148,Morgan chemistry,0.0046731343888860985,178,0,5,direct
burst.per.min,morgan_1456,Morgan chemistry,0.0046460215500959265,179,0,5,direct
burst.per.min,morgan_1652,Morgan chemistry,0.004589122756728976,180,0,5,direct
burst.per.min,morgan_683,Morgan chemistry,0.004539646266952274,181,0,5,direct
burst.per.min,morgan_1997,Morgan chemistry,0.004356722662768026,182,0,5,direct
burst.per.min,morgan_987,Morgan chemistry,0.004292850888620211,183,0,5,direct
burst.per.min,morgan_1941,Morgan chemistry,0.004285458035356416,184,0,5,direct
burst.per.min,morgan_1716,Morgan chemistry,0.004203342546628216,185,0,5,direct
burst.per.min,morgan_596,Morgan chemistry,0.004180968453095654,186,0,5,direct
burst.per.min,morgan_321,Morgan chemistry,0.004115095758062648,187,0,5,direct
burst.per.min,morgan_695,Morgan chemistry,0.003980299619239147,188,0,5,direct
burst.per.min,morgan_114,Morgan chemistry,0.003943218490270179,189,0,5,direct
burst.per.min,morgan_252,Morgan chemistry,0.003844673122008016,190,0,5,direct
burst.per.min,morgan_389,Morgan chemistry,0.00377267317509088,191,0,5,direct
burst.per.min,morgan_451,Morgan chemistry,0.003769136730610855,192,0,5,direct
burst.per.min,morgan_501,Morgan chemistry,0.0037004776357665776,193,0,5,direct
burst.per.min,morgan_1999,Morgan chemistry,0.0036711688116779478,194,0,5,direct
burst.per.min,morgan_582,Morgan chemistry,0.003388793919030137,195,0,5,direct
burst.per.min,morgan_697,Morgan chemistry,0.003284519112954928,196,0,5,direct
burst.per.min,morgan_1214,Morgan chemistry,0.003271170253828755,197,0,5,direct
burst.per.min,morgan_295,Morgan chemistry,0.003155256350209394,198,0,5,direct
burst.per.min,morgan_34,Morgan chemistry,0.003096488282436461,199,0,5,direct
burst.per.min,morgan_1570,Morgan chemistry,0.0030731406268172377,200,0,5,direct
burst.per.min,morgan_935,Morgan chemistry,0.003029563764887532,201,0,5,direct
burst.per.min,morgan_653,Morgan chemistry,0.0030228246854046197,202,0,5,direct
burst.per.min,morgan_1389,Morgan chemistry,0.00293535791982816,203,0,5,direct
burst.per.min,morgan_151,Morgan chemistry,0.002745768920643123,204,0,5,direct
burst.per.min,morgan_24,Morgan chemistry,0.0027210130466250922,205,0,5,direct
burst.per.min,morgan_233,Morgan chemistry,0.0025951672257400874,206,0,5,direct
burst.per.min,morgan_745,Morgan chemistry,0.002572033818312517,207,0,5,direct
burst.per.min,morgan_890,Morgan chemistry,0.0024960869409906584,208,0,5,direct
burst.per.min,morgan_175,Morgan chemistry,0.0023938243783365085,209,0,5,direct
burst.per.min,morgan_1044,Morgan chemistry,0.0023111238723664772,210,0,5,direct
burst.per.min,morgan_722,Morgan chemistry,0.0021110292025438445,211,0,5,direct
burst.per.min,morgan_1885,Morgan chemistry,0.0020914936628867323,212,0,5,direct
burst.per.min,morgan_862,Morgan chemistry,0.0020545235299688626,213,0,5,direct
burst.per.min,morgan_863,Morgan chemistry,0.0019391817370737632,214,0,5,direct
burst.per.min,morgan_898,Morgan chemistry,0.0019028753511548982,215,0,5,direct
burst.per.min,morgan_1629,Morgan chemistry,0.0018857677621165597,216,0,5,direct
burst.per.min,morgan_1339,Morgan chemistry,0.0017694524658007885,217,0,5,direct
burst.per.min,morgan_2038,Morgan chemistry,0.0017160146724520707,218,0,5,direct
burst.per.min,morgan_590,Morgan chemistry,0.0017033976128720861,219,0,5,direct
burst.per.min,morgan_1325,Morgan chemistry,0.0016689817971131933,220,0,5,direct
burst.per.min,morgan_909,Morgan chemistry,0.001657474228716272,221,0,5,direct
burst.per.min,morgan_190,Morgan chemistry,0.0015244948582386407,222,0,5,direct
burst.per.min,morgan_486,Morgan chemistry,0.0015228130216673604,223,0,5,direct
burst.per.min,morgan_1758,Morgan chemistry,0.0015155630787526528,224,0,5,direct
burst.per.min,morgan_4,Morgan chemistry,0.001510262137322914,225,0,5,direct
burst.per.min,morgan_554,Morgan chemistry,0.0014868217894411463,226,0,5,direct
burst.per.min,morgan_1738,Morgan chemistry,0.0014707500071037473,227,0,5,direct
burst.per.min,morgan_571,Morgan chemistry,0.0014535865680439266,228,0,5,direct
burst.per.min,morgan_431,Morgan chemistry,0.0013569757694334495,229,0,5,direct
burst.per.min,morgan_1911,Morgan chemistry,0.0012678297485892228,230,0,5,direct
burst.per.min,morgan_1866,Morgan chemistry,0.0011809025927791445,231,0,5,direct
burst.per.min,morgan_301,Morgan chemistry,0.0011801644573061485,232,0,5,direct
burst.per.min,morgan_1213,Morgan chemistry,0.001142522129486865,233,0,5,direct
burst.per.min,morgan_366,Morgan chemistry,0.0011412994129451242,234,0,5,direct
burst.per.min,morgan_1733,Morgan chemistry,0.0010853545872245248,235,0,5,direct
burst.per.min,morgan_1914,Morgan chemistry,0.0010697618713529091,236,0,5,direct
burst.per.min,morgan_1028,Morgan chemistry,0.0010508483085106676,237,0,5,direct
burst.per.min,morgan_1800,Morgan chemistry,0.0009692297793748811,238,0,5,direct
burst.per.min,morgan_456,Morgan chemistry,0.0008931323064593818,239,0,5,direct
burst.per.min,morgan_1464,Morgan chemistry,0.0008928511203743342,240,0,5,direct
burst.per.min,morgan_20,Morgan chemistry,0.00087755449174896,241,0,5,direct
burst.per.min,morgan_1058,Morgan chemistry,0.000862224658173839,242,0,5,direct
burst.per.min,morgan_978,Morgan chemistry,0.0008347164692841176,243,0,5,direct
burst.per.min,morgan_1114,Morgan chemistry,0.0007450354146206473,244,0,5,direct
burst.per.min,morgan_428,Morgan chemistry,0.000648948620623491,245,0,5,direct
burst.per.min,morgan_1708,Morgan chemistry,0.0006388849982126491,246,0,5,direct
burst.per.min,morgan_1582,Morgan chemistry,0.0006089964368211941,247,0,5,direct
burst.per.min,morgan_361,Morgan chemistry,0.0006089623518816129,248,0,5,direct
burst.per.min,morgan_1209,Morgan chemistry,0.0006067254763888562,249,0,5,direct
burst.per.min,morgan_896,Morgan chemistry,0.000570583531237024,250,0,5,direct
burst.per.min,morgan_632,Morgan chemistry,0.0005251833303706853,251,0,5,direct
burst.per.min,morgan_271,Morgan chemistry,0.0004710019456119988,252,0,5,direct
burst.per.min,morgan_1972,Morgan chemistry,0.0004356816176354416,253,0,5,direct
burst.per.min,morgan_623,Morgan chemistry,0.00033714572393049407,254,0,5,direct
burst.per.min,morgan_1366,Morgan chemistry,0.00026762664435416695,255,0,5,direct
burst.per.min,morgan_314,Morgan chemistry,0.00024091678224210663,256,0,5,direct
burst.per.min,morgan_2034,Morgan chemistry,0.0,257,0,5,direct
burst.per.min,morgan_2021,Morgan chemistry,0.0,258,0,5,direct
burst.per.min,morgan_1796,Morgan chemistry,0.0,259,0,5,direct
burst.per.min,morgan_1797,Morgan chemistry,0.0,260,0,5,direct
burst.per.min,morgan_1798,Morgan chemistry,0.0,261,0,5,direct
burst.per.min,morgan_1799,Morgan chemistry,0.0,262,0,5,direct
burst.per.min,morgan_2047,Morgan chemistry,0.0,263,0,5,direct
burst.per.min,morgan_2041,Morgan chemistry,0.0,264,0,5,direct
burst.per.min,morgan_2040,Morgan chemistry,0.0,265,0,5,direct
burst.per.min,morgan_2025,Morgan chemistry,0.0,266,0,5,direct
burst.per.min,morgan_2026,Morgan chemistry,0.0,267,0,5,direct
burst.per.min,morgan_2027,Morgan chemistry,0.0,268,0,5,direct
burst.per.min,morgan_2028,Morgan chemistry,0.0,269,0,5,direct
burst.per.min,morgan_2029,Morgan chemistry,0.0,270,0,5,direct
burst.per.min,morgan_2030,Morgan chemistry,0.0,271,0,5,direct
burst.per.min,morgan_2031,Morgan chemistry,0.0,272,0,5,direct
burst.per.min,div5_ns.percent.of.spikes.in.ns_missing,DIV5 neural,0.0,273,0,5,direct
burst.per.min,morgan_1779,Morgan chemistry,0.0,274,0,5,direct
burst.per.min,morgan_1780,Morgan chemistry,0.0,275,0,5,direct
burst.per.min,morgan_1781,Morgan chemistry,0.0,276,0,5,direct
burst.per.min,morgan_1782,Morgan chemistry,0.0,277,0,5,direct
burst.per.min,morgan_1783,Morgan chemistry,0.0,278,0,5,direct
burst.per.min,morgan_1784,Morgan chemistry,0.0,279,0,5,direct
burst.per.min,morgan_1785,Morgan chemistry,0.0,280,0,5,direct
burst.per.min,morgan_1786,Morgan chemistry,0.0,281,0,5,direct
burst.per.min,morgan_1787,Morgan chemistry,0.0,282,0,5,direct
burst.per.min,morgan_1788,Morgan chemistry,0.0,283,0,5,direct
burst.per.min,morgan_1789,Morgan chemistry,0.0,284,0,5,direct
burst.per.min,morgan_1790,Morgan chemistry,0.0,285,0,5,direct
burst.per.min,morgan_1791,Morgan chemistry,0.0,286,0,5,direct
burst.per.min,morgan_1792,Morgan chemistry,0.0,287,0,5,direct
burst.per.min,morgan_1793,Morgan chemistry,0.0,288,0,5,direct
burst.per.min,morgan_1794,Morgan chemistry,0.0,289,0,5,direct
burst.per.min,morgan_1760,Morgan chemistry,0.0,290,0,5,direct
burst.per.min,morgan_1762,Morgan chemistry,0.0,291,0,5,direct
burst.per.min,morgan_1763,Morgan chemistry,0.0,292,0,5,direct
burst.per.min,morgan_1765,Morgan chemistry,0.0,293,0,5,direct
burst.per.min,morgan_1766,Morgan chemistry,0.0,294,0,5,direct
burst.per.min,morgan_1767,Morgan chemistry,0.0,295,0,5,direct
burst.per.min,morgan_1768,Morgan chemistry,0.0,296,0,5,direct
burst.per.min,morgan_1769,Morgan chemistry,0.0,297,0,5,direct
burst.per.min,morgan_1770,Morgan chemistry,0.0,298,0,5,direct
burst.per.min,morgan_1771,Morgan chemistry,0.0,299,0,5,direct
burst.per.min,morgan_1772,Morgan chemistry,0.0,300,0,5,direct
burst.per.min,morgan_1773,Morgan chemistry,0.0,301,0,5,direct
burst.per.min,morgan_1774,Morgan chemistry,0.0,302,0,5,direct
burst.per.min,morgan_1775,Morgan chemistry,0.0,303,0,5,direct
burst.per.min,morgan_1776,Morgan chemistry,0.0,304,0,5,direct
burst.per.min,morgan_1777,Morgan chemistry,0.0,305,0,5,direct
burst.per.min,morgan_1742,Morgan chemistry,0.0,306,0,5,direct
burst.per.min,morgan_1743,Morgan chemistry,0.0,307,0,5,direct
burst.per.min,morgan_1744,Morgan chemistry,0.0,308,0,5,direct
burst.per.min,morgan_1746,Morgan chemistry,0.0,309,0,5,direct
burst.per.min,morgan_1747,Morgan chemistry,0.0,310,0,5,direct
burst.per.min,morgan_1748,Morgan chemistry,0.0,311,0,5,direct
burst.per.min,morgan_1749,Morgan chemistry,0.0,312,0,5,direct
burst.per.min,morgan_1750,Morgan chemistry,0.0,313,0,5,direct
burst.per.min,morgan_1751,Morgan chemistry,0.0,314,0,5,direct
burst.per.min,morgan_1752,Morgan chemistry,0.0,315,0,5,direct
burst.per.min,morgan_1753,Morgan chemistry,0.0,316,0,5,direct
burst.per.min,morgan_1754,Morgan chemistry,0.0,317,0,5,direct
burst.per.min,morgan_1755,Morgan chemistry,0.0,318,0,5,direct
burst.per.min,morgan_1756,Morgan chemistry,0.0,319,0,5,direct
burst.per.min,morgan_1757,Morgan chemistry,0.0,320,0,5,direct
burst.per.min,morgan_1759,Morgan chemistry,0.0,321,0,5,direct
burst.per.min,morgan_1723,Morgan chemistry,0.0,322,0,5,direct
burst.per.min,morgan_1724,Morgan chemistry,0.0,323,0,5,direct
burst.per.min,morgan_1725,Morgan chemistry,0.0,324,0,5,direct
burst.per.min,morgan_1727,Morgan chemistry,0.0,325,0,5,direct
burst.per.min,morgan_1728,Morgan chemistry,0.0,326,0,5,direct
burst.per.min,morgan_1729,Morgan chemistry,0.0,327,0,5,direct
burst.per.min,morgan_1730,Morgan chemistry,0.0,328,0,5,direct
burst.per.min,morgan_1731,Morgan chemistry,0.0,329,0,5,direct
burst.per.min,morgan_1732,Morgan chemistry,0.0,330,0,5,direct
burst.per.min,morgan_1734,Morgan chemistry,0.0,331,0,5,direct
burst.per.min,morgan_1735,Morgan chemistry,0.0,332,0,5,direct
burst.per.min,morgan_1736,Morgan chemistry,0.0,333,0,5,direct
burst.per.min,morgan_1737,Morgan chemistry,0.0,334,0,5,direct
burst.per.min,morgan_1739,Morgan chemistry,0.0,335,0,5,direct
burst.per.min,morgan_1740,Morgan chemistry,0.0,336,0,5,direct
burst.per.min,morgan_1741,Morgan chemistry,0.0,337,0,5,direct
burst.per.min,morgan_1816,Morgan chemistry,0.0,338,0,5,direct
burst.per.min,morgan_1705,Morgan chemistry,0.0,339,0,5,direct
burst.per.min,morgan_1706,Morgan chemistry,0.0,340,0,5,direct
burst.per.min,morgan_1707,Morgan chemistry,0.0,341,0,5,direct
burst.per.min,morgan_1709,Morgan chemistry,0.0,342,0,5,direct
burst.per.min,morgan_1710,Morgan chemistry,0.0,343,0,5,direct
burst.per.min,morgan_1711,Morgan chemistry,0.0,344,0,5,direct
burst.per.min,morgan_1712,Morgan chemistry,0.0,345,0,5,direct
burst.per.min,morgan_1713,Morgan chemistry,0.0,346,0,5,direct
burst.per.min,morgan_1714,Morgan chemistry,0.0,347,0,5,direct
burst.per.min,morgan_1715,Morgan chemistry,0.0,348,0,5,direct
burst.per.min,morgan_1718,Morgan chemistry,0.0,349,0,5,direct
burst.per.min,morgan_1719,Morgan chemistry,0.0,350,0,5,direct
burst.per.min,morgan_1720,Morgan chemistry,0.0,351,0,5,direct
burst.per.min,morgan_1721,Morgan chemistry,0.0,352,0,5,direct
burst.per.min,morgan_1703,Morgan chemistry,0.0,353,0,5,direct
burst.per.min,morgan_1704,Morgan chemistry,0.0,354,0,5,direct
burst.per.min,morgan_1801,Morgan chemistry,0.0,355,0,5,direct
burst.per.min,morgan_1803,Morgan chemistry,0.0,356,0,5,direct
burst.per.min,morgan_1804,Morgan chemistry,0.0,357,0,5,direct
burst.per.min,morgan_1805,Morgan chemistry,0.0,358,0,5,direct
burst.per.min,morgan_1806,Morgan chemistry,0.0,359,0,5,direct
burst.per.min,morgan_1807,Morgan chemistry,0.0,360,0,5,direct
burst.per.min,morgan_1808,Morgan chemistry,0.0,361,0,5,direct
burst.per.min,morgan_1809,Morgan chemistry,0.0,362,0,5,direct
burst.per.min,morgan_1810,Morgan chemistry,0.0,363,0,5,direct
burst.per.min,morgan_1811,Morgan chemistry,0.0,364,0,5,direct
burst.per.min,morgan_1812,Morgan chemistry,0.0,365,0,5,direct
burst.per.min,morgan_1813,Morgan chemistry,0.0,366,0,5,direct
burst.per.min,morgan_1814,Morgan chemistry,0.0,367,0,5,direct
burst.per.min,morgan_1815,Morgan chemistry,0.0,368,0,5,direct
burst.per.min,morgan_1686,Morgan chemistry,0.0,369,0,5,direct
burst.per.min,morgan_1687,Morgan chemistry,0.0,370,0,5,direct
burst.per.min,morgan_1688,Morgan chemistry,0.0,371,0,5,direct
burst.per.min,morgan_1689,Morgan chemistry,0.0,372,0,5,direct
burst.per.min,morgan_1690,Morgan chemistry,0.0,373,0,5,direct
burst.per.min,morgan_1691,Morgan chemistry,0.0,374,0,5,direct
burst.per.min,morgan_1692,Morgan chemistry,0.0,375,0,5,direct
burst.per.min,morgan_1693,Morgan chemistry,0.0,376,0,5,direct
burst.per.min,morgan_1694,Morgan chemistry,0.0,377,0,5,direct
burst.per.min,morgan_1695,Morgan chemistry,0.0,378,0,5,direct
burst.per.min,morgan_1696,Morgan chemistry,0.0,379,0,5,direct
burst.per.min,morgan_1698,Morgan chemistry,0.0,380,0,5,direct
burst.per.min,morgan_1699,Morgan chemistry,0.0,381,0,5,direct
burst.per.min,morgan_1700,Morgan chemistry,0.0,382,0,5,direct
burst.per.min,morgan_1701,Morgan chemistry,0.0,383,0,5,direct
burst.per.min,morgan_1702,Morgan chemistry,0.0,384,0,5,direct
burst.per.min,morgan_1668,Morgan chemistry,0.0,385,0,5,direct
burst.per.min,morgan_1669,Morgan chemistry,0.0,386,0,5,direct
burst.per.min,morgan_1670,Morgan chemistry,0.0,387,0,5,direct
burst.per.min,morgan_1671,Morgan chemistry,0.0,388,0,5,direct
burst.per.min,morgan_1672,Morgan chemistry,0.0,389,0,5,direct
burst.per.min,morgan_1673,Morgan chemistry,0.0,390,0,5,direct
burst.per.min,morgan_1674,Morgan chemistry,0.0,391,0,5,direct
burst.per.min,morgan_1675,Morgan chemistry,0.0,392,0,5,direct
burst.per.min,morgan_1676,Morgan chemistry,0.0,393,0,5,direct
burst.per.min,morgan_1677,Morgan chemistry,0.0,394,0,5,direct
burst.per.min,morgan_1678,Morgan chemistry,0.0,395,0,5,direct
burst.per.min,morgan_1680,Morgan chemistry,0.0,396,0,5,direct
burst.per.min,morgan_1681,Morgan chemistry,0.0,397,0,5,direct
burst.per.min,morgan_1682,Morgan chemistry,0.0,398,0,5,direct
burst.per.min,morgan_1684,Morgan chemistry,0.0,399,0,5,direct
burst.per.min,morgan_1685,Morgan chemistry,0.0,400,0,5,direct
burst.per.min,morgan_1648,Morgan chemistry,0.0,401,0,5,direct
burst.per.min,morgan_1650,Morgan chemistry,0.0,402,0,5,direct
burst.per.min,morgan_1651,Morgan chemistry,0.0,403,0,5,direct
burst.per.min,morgan_1653,Morgan chemistry,0.0,404,0,5,direct
burst.per.min,morgan_1654,Morgan chemistry,0.0,405,0,5,direct
burst.per.min,morgan_1655,Morgan chemistry,0.0,406,0,5,direct
burst.per.min,morgan_1656,Morgan chemistry,0.0,407,0,5,direct
burst.per.min,morgan_1658,Morgan chemistry,0.0,408,0,5,direct
burst.per.min,morgan_1659,Morgan chemistry,0.0,409,0,5,direct
burst.per.min,morgan_1660,Morgan chemistry,0.0,410,0,5,direct
burst.per.min,morgan_1661,Morgan chemistry,0.0,411,0,5,direct
burst.per.min,morgan_1662,Morgan chemistry,0.0,412,0,5,direct
burst.per.min,morgan_1663,Morgan chemistry,0.0,413,0,5,direct
burst.per.min,morgan_1664,Morgan chemistry,0.0,414,0,5,direct
burst.per.min,morgan_1666,Morgan chemistry,0.0,415,0,5,direct
burst.per.min,morgan_1667,Morgan chemistry,0.0,416,0,5,direct
burst.per.min,morgan_1632,Morgan chemistry,0.0,417,0,5,direct
burst.per.min,morgan_1633,Morgan chemistry,0.0,418,0,5,direct
burst.per.min,morgan_1634,Morgan chemistry,0.0,419,0,5,direct
burst.per.min,morgan_1635,Morgan chemistry,0.0,420,0,5,direct
burst.per.min,morgan_1636,Morgan chemistry,0.0,421,0,5,direct
burst.per.min,morgan_1637,Morgan chemistry,0.0,422,0,5,direct
burst.per.min,morgan_1638,Morgan chemistry,0.0,423,0,5,direct
burst.per.min,morgan_1639,Morgan chemistry,0.0,424,0,5,direct
burst.per.min,morgan_1640,Morgan chemistry,0.0,425,0,5,direct
burst.per.min,morgan_1641,Morgan chemistry,0.0,426,0,5,direct
burst.per.min,morgan_1642,Morgan chemistry,0.0,427,0,5,direct
burst.per.min,morgan_1643,Morgan chemistry,0.0,428,0,5,direct
burst.per.min,morgan_1644,Morgan chemistry,0.0,429,0,5,direct
burst.per.min,morgan_1645,Morgan chemistry,0.0,430,0,5,direct
burst.per.min,morgan_1646,Morgan chemistry,0.0,431,0,5,direct
burst.per.min,morgan_1647,Morgan chemistry,0.0,432,0,5,direct
burst.per.min,morgan_1614,Morgan chemistry,0.0,433,0,5,direct
burst.per.min,morgan_1615,Morgan chemistry,0.0,434,0,5,direct
burst.per.min,morgan_1616,Morgan chemistry,0.0,435,0,5,direct
burst.per.min,morgan_1618,Morgan chemistry,0.0,436,0,5,direct
burst.per.min,morgan_1619,Morgan chemistry,0.0,437,0,5,direct
burst.per.min,morgan_1620,Morgan chemistry,0.0,438,0,5,direct
burst.per.min,morgan_1621,Morgan chemistry,0.0,439,0,5,direct
burst.per.min,morgan_1622,Morgan chemistry,0.0,440,0,5,direct
burst.per.min,morgan_1623,Morgan chemistry,0.0,441,0,5,direct
burst.per.min,morgan_1624,Morgan chemistry,0.0,442,0,5,direct
burst.per.min,morgan_1625,Morgan chemistry,0.0,443,0,5,direct
burst.per.min,morgan_1626,Morgan chemistry,0.0,444,0,5,direct
burst.per.min,morgan_1627,Morgan chemistry,0.0,445,0,5,direct
burst.per.min,morgan_1628,Morgan chemistry,0.0,446,0,5,direct
burst.per.min,morgan_1630,Morgan chemistry,0.0,447,0,5,direct
burst.per.min,morgan_1631,Morgan chemistry,0.0,448,0,5,direct
burst.per.min,morgan_1595,Morgan chemistry,0.0,449,0,5,direct
burst.per.min,morgan_1596,Morgan chemistry,0.0,450,0,5,direct
burst.per.min,morgan_1598,Morgan chemistry,0.0,451,0,5,direct
burst.per.min,morgan_1599,Morgan chemistry,0.0,452,0,5,direct
burst.per.min,morgan_1600,Morgan chemistry,0.0,453,0,5,direct
burst.per.min,morgan_1601,Morgan chemistry,0.0,454,0,5,direct
burst.per.min,morgan_1603,Morgan chemistry,0.0,455,0,5,direct
burst.per.min,morgan_1604,Morgan chemistry,0.0,456,0,5,direct
burst.per.min,morgan_1605,Morgan chemistry,0.0,457,0,5,direct
burst.per.min,morgan_1606,Morgan chemistry,0.0,458,0,5,direct
burst.per.min,morgan_1607,Morgan chemistry,0.0,459,0,5,direct
burst.per.min,morgan_1608,Morgan chemistry,0.0,460,0,5,direct
burst.per.min,morgan_1610,Morgan chemistry,0.0,461,0,5,direct
burst.per.min,morgan_1611,Morgan chemistry,0.0,462,0,5,direct
burst.per.min,morgan_1612,Morgan chemistry,0.0,463,0,5,direct
burst.per.min,morgan_1613,Morgan chemistry,0.0,464,0,5,direct
burst.per.min,morgan_1579,Morgan chemistry,0.0,465,0,5,direct
burst.per.min,morgan_1580,Morgan chemistry,0.0,466,0,5,direct
burst.per.min,morgan_1581,Morgan chemistry,0.0,467,0,5,direct
burst.per.min,morgan_1583,Morgan chemistry,0.0,468,0,5,direct
burst.per.min,morgan_1584,Morgan chemistry,0.0,469,0,5,direct
burst.per.min,morgan_1585,Morgan chemistry,0.0,470,0,5,direct
burst.per.min,morgan_1586,Morgan chemistry,0.0,471,0,5,direct
burst.per.min,morgan_1587,Morgan chemistry,0.0,472,0,5,direct
burst.per.min,morgan_1588,Morgan chemistry,0.0,473,0,5,direct
burst.per.min,morgan_1589,Morgan chemistry,0.0,474,0,5,direct
burst.per.min,morgan_1590,Morgan chemistry,0.0,475,0,5,direct
burst.per.min,morgan_1591,Morgan chemistry,0.0,476,0,5,direct
burst.per.min,morgan_1592,Morgan chemistry,0.0,477,0,5,direct
burst.per.min,morgan_1593,Morgan chemistry,0.0,478,0,5,direct
burst.per.min,morgan_1594,Morgan chemistry,0.0,479,0,5,direct
burst.per.min,morgan_1562,Morgan chemistry,0.0,480,0,5,direct
burst.per.min,morgan_1563,Morgan chemistry,0.0,481,0,5,direct
burst.per.min,morgan_1564,Morgan chemistry,0.0,482,0,5,direct
burst.per.min,morgan_1565,Morgan chemistry,0.0,483,0,5,direct
burst.per.min,morgan_1566,Morgan chemistry,0.0,484,0,5,direct
burst.per.min,morgan_1567,Morgan chemistry,0.0,485,0,5,direct
burst.per.min,morgan_1568,Morgan chemistry,0.0,486,0,5,direct
burst.per.min,morgan_1569,Morgan chemistry,0.0,487,0,5,direct
burst.per.min,morgan_1571,Morgan chemistry,0.0,488,0,5,direct
burst.per.min,morgan_1572,Morgan chemistry,0.0,489,0,5,direct
burst.per.min,morgan_1573,Morgan chemistry,0.0,490,0,5,direct
burst.per.min,morgan_1574,Morgan chemistry,0.0,491,0,5,direct
burst.per.min,morgan_1575,Morgan chemistry,0.0,492,0,5,direct
burst.per.min,morgan_1576,Morgan chemistry,0.0,493,0,5,direct
burst.per.min,morgan_1577,Morgan chemistry,0.0,494,0,5,direct
burst.per.min,morgan_1578,Morgan chemistry,0.0,495,0,5,direct
burst.per.min,morgan_1545,Morgan chemistry,0.0,496,0,5,direct
burst.per.min,morgan_1546,Morgan chemistry,0.0,497,0,5,direct
burst.per.min,morgan_1547,Morgan chemistry,0.0,498,0,5,direct
burst.per.min,morgan_1548,Morgan chemistry,0.0,499,0,5,direct
burst.per.min,morgan_1549,Morgan chemistry,0.0,500,0,5,direct
burst.per.min,morgan_1550,Morgan chemistry,0.0,501,0,5,direct
burst.per.min,morgan_1552,Morgan chemistry,0.0,502,0,5,direct
burst.per.min,morgan_1553,Morgan chemistry,0.0,503,0,5,direct
burst.per.min,morgan_1554,Morgan chemistry,0.0,504,0,5,direct
burst.per.min,morgan_1555,Morgan chemistry,0.0,505,0,5,direct
burst.per.min,morgan_1556,Morgan chemistry,0.0,506,0,5,direct
burst.per.min,morgan_1557,Morgan chemistry,0.0,507,0,5,direct
burst.per.min,morgan_1558,Morgan chemistry,0.0,508,0,5,direct
burst.per.min,morgan_1559,Morgan chemistry,0.0,509,0,5,direct
burst.per.min,morgan_1560,Morgan chemistry,0.0,510,0,5,direct
burst.per.min,morgan_1561,Morgan chemistry,0.0,511,0,5,direct
burst.per.min,morgan_1528,Morgan chemistry,0.0,512,0,5,direct
burst.per.min,morgan_1529,Morgan chemistry,0.0,513,0,5,direct
burst.per.min,morgan_1530,Morgan chemistry,0.0,514,0,5,direct
burst.per.min,morgan_1531,Morgan chemistry,0.0,515,0,5,direct
burst.per.min,morgan_1532,Morgan chemistry,0.0,516,0,5,direct
burst.per.min,morgan_1533,Morgan chemistry,0.0,517,0,5,direct
burst.per.min,morgan_1534,Morgan chemistry,0.0,518,0,5,direct
burst.per.min,morgan_1535,Morgan chemistry,0.0,519,0,5,direct
burst.per.min,morgan_1536,Morgan chemistry,0.0,520,0,5,direct
burst.per.min,morgan_1537,Morgan chemistry,0.0,521,0,5,direct
burst.per.min,morgan_1538,Morgan chemistry,0.0,522,0,5,direct
burst.per.min,morgan_1539,Morgan chemistry,0.0,523,0,5,direct
burst.per.min,morgan_1540,Morgan chemistry,0.0,524,0,5,direct
burst.per.min,morgan_1541,Morgan chemistry,0.0,525,0,5,direct
burst.per.min,morgan_1542,Morgan chemistry,0.0,526,0,5,direct
burst.per.min,morgan_1543,Morgan chemistry,0.0,527,0,5,direct
burst.per.min,morgan_1512,Morgan chemistry,0.0,528,0,5,direct
burst.per.min,morgan_1513,Morgan chemistry,0.0,529,0,5,direct
burst.per.min,morgan_1514,Morgan chemistry,0.0,530,0,5,direct
burst.per.min,morgan_1515,Morgan chemistry,0.0,531,0,5,direct
burst.per.min,morgan_1516,Morgan chemistry,0.0,532,0,5,direct
burst.per.min,morgan_1517,Morgan chemistry,0.0,533,0,5,direct
burst.per.min,morgan_1518,Morgan chemistry,0.0,534,0,5,direct
burst.per.min,morgan_1519,Morgan chemistry,0.0,535,0,5,direct
burst.per.min,morgan_1520,Morgan chemistry,0.0,536,0,5,direct
burst.per.min,morgan_1521,Morgan chemistry,0.0,537,0,5,direct
burst.per.min,morgan_1522,Morgan chemistry,0.0,538,0,5,direct
burst.per.min,morgan_1523,Morgan chemistry,0.0,539,0,5,direct
burst.per.min,morgan_1524,Morgan chemistry,0.0,540,0,5,direct
burst.per.min,morgan_1525,Morgan chemistry,0.0,541,0,5,direct
burst.per.min,morgan_1526,Morgan chemistry,0.0,542,0,5,direct
burst.per.min,morgan_1527,Morgan chemistry,0.0,543,0,5,direct
burst.per.min,morgan_1495,Morgan chemistry,0.0,544,0,5,direct
burst.per.min,morgan_1496,Morgan chemistry,0.0,545,0,5,direct
burst.per.min,morgan_1497,Morgan chemistry,0.0,546,0,5,direct
burst.per.min,morgan_1498,Morgan chemistry,0.0,547,0,5,direct
burst.per.min,morgan_1499,Morgan chemistry,0.0,548,0,5,direct
burst.per.min,morgan_1500,Morgan chemistry,0.0,549,0,5,direct
burst.per.min,morgan_1501,Morgan chemistry,0.0,550,0,5,direct
burst.per.min,morgan_1502,Morgan chemistry,0.0,551,0,5,direct
burst.per.min,morgan_1503,Morgan chemistry,0.0,552,0,5,direct
burst.per.min,morgan_1504,Morgan chemistry,0.0,553,0,5,direct
burst.per.min,morgan_1505,Morgan chemistry,0.0,554,0,5,direct
burst.per.min,morgan_1507,Morgan chemistry,0.0,555,0,5,direct
burst.per.min,morgan_1508,Morgan chemistry,0.0,556,0,5,direct
burst.per.min,morgan_1509,Morgan chemistry,0.0,557,0,5,direct
burst.per.min,morgan_1510,Morgan chemistry,0.0,558,0,5,direct
burst.per.min,morgan_1511,Morgan chemistry,0.0,559,0,5,direct
burst.per.min,morgan_1479,Morgan chemistry,0.0,560,0,5,direct
burst.per.min,morgan_1480,Morgan chemistry,0.0,561,0,5,direct
burst.per.min,morgan_1481,Morgan chemistry,0.0,562,0,5,direct
burst.per.min,morgan_1482,Morgan chemistry,0.0,563,0,5,direct
burst.per.min,morgan_1483,Morgan chemistry,0.0,564,0,5,direct
burst.per.min,morgan_1484,Morgan chemistry,0.0,565,0,5,direct
burst.per.min,morgan_1485,Morgan chemistry,0.0,566,0,5,direct
burst.per.min,morgan_1486,Morgan chemistry,0.0,567,0,5,direct
burst.per.min,morgan_1487,Morgan chemistry,0.0,568,0,5,direct
burst.per.min,morgan_1488,Morgan chemistry,0.0,569,0,5,direct
burst.per.min,morgan_1489,Morgan chemistry,0.0,570,0,5,direct
burst.per.min,morgan_1490,Morgan chemistry,0.0,571,0,5,direct
burst.per.min,morgan_1491,Morgan chemistry,0.0,572,0,5,direct
burst.per.min,morgan_1492,Morgan chemistry,0.0,573,0,5,direct
burst.per.min,morgan_1493,Morgan chemistry,0.0,574,0,5,direct
burst.per.min,morgan_1494,Morgan chemistry,0.0,575,0,5,direct
burst.per.min,morgan_1831,Morgan chemistry,0.0,576,0,5,direct
burst.per.min,morgan_1832,Morgan chemistry,0.0,577,0,5,direct
burst.per.min,morgan_1465,Morgan chemistry,0.0,578,0,5,direct
burst.per.min,morgan_1466,Morgan chemistry,0.0,579,0,5,direct
burst.per.min,morgan_1467,Morgan chemistry,0.0,580,0,5,direct
burst.per.min,morgan_1468,Morgan chemistry,0.0,581,0,5,direct
burst.per.min,morgan_1469,Morgan chemistry,0.0,582,0,5,direct
burst.per.min,morgan_1470,Morgan chemistry,0.0,583,0,5,direct
burst.per.min,morgan_1471,Morgan chemistry,0.0,584,0,5,direct
burst.per.min,morgan_1472,Morgan chemistry,0.0,585,0,5,direct
burst.per.min,morgan_1473,Morgan chemistry,0.0,586,0,5,direct
burst.per.min,morgan_1474,Morgan chemistry,0.0,587,0,5,direct
burst.per.min,morgan_1475,Morgan chemistry,0.0,588,0,5,direct
burst.per.min,morgan_1476,Morgan chemistry,0.0,589,0,5,direct
burst.per.min,morgan_1477,Morgan chemistry,0.0,590,0,5,direct
burst.per.min,morgan_1478,Morgan chemistry,0.0,591,0,5,direct
burst.per.min,morgan_1462,Morgan chemistry,0.0,592,0,5,direct
burst.per.min,morgan_1463,Morgan chemistry,0.0,593,0,5,direct
burst.per.min,morgan_1817,Morgan chemistry,0.0,594,0,5,direct
burst.per.min,morgan_1818,Morgan chemistry,0.0,595,0,5,direct
burst.per.min,morgan_1819,Morgan chemistry,0.0,596,0,5,direct
burst.per.min,morgan_1820,Morgan chemistry,0.0,597,0,5,direct
burst.per.min,morgan_1821,Morgan chemistry,0.0,598,0,5,direct
burst.per.min,morgan_1822,Morgan chemistry,0.0,599,0,5,direct
burst.per.min,morgan_1823,Morgan chemistry,0.0,600,0,5,direct
burst.per.min,morgan_1824,Morgan chemistry,0.0,601,0,5,direct
burst.per.min,morgan_1825,Morgan chemistry,0.0,602,0,5,direct
burst.per.min,morgan_1826,Morgan chemistry,0.0,603,0,5,direct
burst.per.min,morgan_1827,Morgan chemistry,0.0,604,0,5,direct
burst.per.min,morgan_1828,Morgan chemistry,0.0,605,0,5,direct
burst.per.min,morgan_1829,Morgan chemistry,0.0,606,0,5,direct
burst.per.min,morgan_1830,Morgan chemistry,0.0,607,0,5,direct
burst.per.min,morgan_1443,Morgan chemistry,0.0,608,0,5,direct
burst.per.min,morgan_1444,Morgan chemistry,0.0,609,0,5,direct
burst.per.min,morgan_1445,Morgan chemistry,0.0,610,0,5,direct
burst.per.min,morgan_1446,Morgan chemistry,0.0,611,0,5,direct
burst.per.min,morgan_1448,Morgan chemistry,0.0,612,0,5,direct
burst.per.min,morgan_1449,Morgan chemistry,0.0,613,0,5,direct
burst.per.min,morgan_1450,Morgan chemistry,0.0,614,0,5,direct
burst.per.min,morgan_1451,Morgan chemistry,0.0,615,0,5,direct
burst.per.min,morgan_1452,Morgan chemistry,0.0,616,0,5,direct
burst.per.min,morgan_1454,Morgan chemistry,0.0,617,0,5,direct
burst.per.min,morgan_1455,Morgan chemistry,0.0,618,0,5,direct
burst.per.min,morgan_1457,Morgan chemistry,0.0,619,0,5,direct
burst.per.min,morgan_1458,Morgan chemistry,0.0,620,0,5,direct
burst.per.min,morgan_1459,Morgan chemistry,0.0,621,0,5,direct
burst.per.min,morgan_1460,Morgan chemistry,0.0,622,0,5,direct
burst.per.min,morgan_1461,Morgan chemistry,0.0,623,0,5,direct
burst.per.min,morgan_1427,Morgan chemistry,0.0,624,0,5,direct
burst.per.min,morgan_1428,Morgan chemistry,0.0,625,0,5,direct
burst.per.min,morgan_1429,Morgan chemistry,0.0,626,0,5,direct
burst.per.min,morgan_1430,Morgan chemistry,0.0,627,0,5,direct
burst.per.min,morgan_1431,Morgan chemistry,0.0,628,0,5,direct
burst.per.min,morgan_1432,Morgan chemistry,0.0,629,0,5,direct
burst.per.min,morgan_1433,Morgan chemistry,0.0,630,0,5,direct
burst.per.min,morgan_1434,Morgan chemistry,0.0,631,0,5,direct
burst.per.min,morgan_1435,Morgan chemistry,0.0,632,0,5,direct
burst.per.min,morgan_1436,Morgan chemistry,0.0,633,0,5,direct
burst.per.min,morgan_1437,Morgan chemistry,0.0,634,0,5,direct
burst.per.min,morgan_1438,Morgan chemistry,0.0,635,0,5,direct
burst.per.min,morgan_1439,Morgan chemistry,0.0,636,0,5,direct
burst.per.min,morgan_1440,Morgan chemistry,0.0,637,0,5,direct
burst.per.min,morgan_1441,Morgan chemistry,0.0,638,0,5,direct
burst.per.min,morgan_1442,Morgan chemistry,0.0,639,0,5,direct
burst.per.min,morgan_1409,Morgan chemistry,0.0,640,0,5,direct
burst.per.min,morgan_1410,Morgan chemistry,0.0,641,0,5,direct
burst.per.min,morgan_1412,Morgan chemistry,0.0,642,0,5,direct
burst.per.min,morgan_1413,Morgan chemistry,0.0,643,0,5,direct
burst.per.min,morgan_1414,Morgan chemistry,0.0,644,0,5,direct
burst.per.min,morgan_1415,Morgan chemistry,0.0,645,0,5,direct
burst.per.min,morgan_1416,Morgan chemistry,0.0,646,0,5,direct
burst.per.min,morgan_1418,Morgan chemistry,0.0,647,0,5,direct
burst.per.min,morgan_1419,Morgan chemistry,0.0,648,0,5,direct
burst.per.min,morgan_1420,Morgan chemistry,0.0,649,0,5,direct
burst.per.min,morgan_1421,Morgan chemistry,0.0,650,0,5,direct
burst.per.min,morgan_1422,Morgan chemistry,0.0,651,0,5,direct
burst.per.min,morgan_1423,Morgan chemistry,0.0,652,0,5,direct
burst.per.min,morgan_1424,Morgan chemistry,0.0,653,0,5,direct
burst.per.min,morgan_1425,Morgan chemistry,0.0,654,0,5,direct
burst.per.min,morgan_1426,Morgan chemistry,0.0,655,0,5,direct
burst.per.min,morgan_1393,Morgan chemistry,0.0,656,0,5,direct
burst.per.min,morgan_1394,Morgan chemistry,0.0,657,0,5,direct
burst.per.min,morgan_1395,Morgan chemistry,0.0,658,0,5,direct
burst.per.min,morgan_1396,Morgan chemistry,0.0,659,0,5,direct
burst.per.min,morgan_1397,Morgan chemistry,0.0,660,0,5,direct
burst.per.min,morgan_1398,Morgan chemistry,0.0,661,0,5,direct
burst.per.min,morgan_1399,Morgan chemistry,0.0,662,0,5,direct
burst.per.min,morgan_1400,Morgan chemistry,0.0,663,0,5,direct
burst.per.min,morgan_1401,Morgan chemistry,0.0,664,0,5,direct
burst.per.min,morgan_1402,Morgan chemistry,0.0,665,0,5,direct
burst.per.min,morgan_1403,Morgan chemistry,0.0,666,0,5,direct
burst.per.min,morgan_1404,Morgan chemistry,0.0,667,0,5,direct
burst.per.min,morgan_1405,Morgan chemistry,0.0,668,0,5,direct
burst.per.min,morgan_1406,Morgan chemistry,0.0,669,0,5,direct
burst.per.min,morgan_1407,Morgan chemistry,0.0,670,0,5,direct
burst.per.min,morgan_1408,Morgan chemistry,0.0,671,0,5,direct
burst.per.min,morgan_1372,Morgan chemistry,0.0,672,0,5,direct
burst.per.min,morgan_1373,Morgan chemistry,0.0,673,0,5,direct
burst.per.min,morgan_1374,Morgan chemistry,0.0,674,0,5,direct
burst.per.min,morgan_1375,Morgan chemistry,0.0,675,0,5,direct
burst.per.min,morgan_1376,Morgan chemistry,0.0,676,0,5,direct
burst.per.min,morgan_1377,Morgan chemistry,0.0,677,0,5,direct
burst.per.min,morgan_1378,Morgan chemistry,0.0,678,0,5,direct
burst.per.min,morgan_1379,Morgan chemistry,0.0,679,0,5,direct
burst.per.min,morgan_1381,Morgan chemistry,0.0,680,0,5,direct
burst.per.min,morgan_1382,Morgan chemistry,0.0,681,0,5,direct
burst.per.min,morgan_1386,Morgan chemistry,0.0,682,0,5,direct
burst.per.min,morgan_1387,Morgan chemistry,0.0,683,0,5,direct
burst.per.min,morgan_1388,Morgan chemistry,0.0,684,0,5,direct
burst.per.min,morgan_1390,Morgan chemistry,0.0,685,0,5,direct
burst.per.min,morgan_1391,Morgan chemistry,0.0,686,0,5,direct
burst.per.min,morgan_1392,Morgan chemistry,0.0,687,0,5,direct
burst.per.min,morgan_1355,Morgan chemistry,0.0,688,0,5,direct
burst.per.min,morgan_1356,Morgan chemistry,0.0,689,0,5,direct
burst.per.min,morgan_1357,Morgan chemistry,0.0,690,0,5,direct
burst.per.min,morgan_1358,Morgan chemistry,0.0,691,0,5,direct
burst.per.min,morgan_1359,Morgan chemistry,0.0,692,0,5,direct
burst.per.min,morgan_1360,Morgan chemistry,0.0,693,0,5,direct
burst.per.min,morgan_1361,Morgan chemistry,0.0,694,0,5,direct
burst.per.min,morgan_1363,Morgan chemistry,0.0,695,0,5,direct
burst.per.min,morgan_1364,Morgan chemistry,0.0,696,0,5,direct
burst.per.min,morgan_1365,Morgan chemistry,0.0,697,0,5,direct
burst.per.min,morgan_1367,Morgan chemistry,0.0,698,0,5,direct
burst.per.min,morgan_1368,Morgan chemistry,0.0,699,0,5,direct
burst.per.min,morgan_1369,Morgan chemistry,0.0,700,0,5,direct
burst.per.min,morgan_1370,Morgan chemistry,0.0,701,0,5,direct
burst.per.min,morgan_1371,Morgan chemistry,0.0,702,0,5,direct
burst.per.min,morgan_1337,Morgan chemistry,0.0,703,0,5,direct
burst.per.min,morgan_1338,Morgan chemistry,0.0,704,0,5,direct
burst.per.min,morgan_1340,Morgan chemistry,0.0,705,0,5,direct
burst.per.min,morgan_1341,Morgan chemistry,0.0,706,0,5,direct
burst.per.min,morgan_1342,Morgan chemistry,0.0,707,0,5,direct
burst.per.min,morgan_1343,Morgan chemistry,0.0,708,0,5,direct
burst.per.min,morgan_1344,Morgan chemistry,0.0,709,0,5,direct
burst.per.min,morgan_1345,Morgan chemistry,0.0,710,0,5,direct
burst.per.min,morgan_1346,Morgan chemistry,0.0,711,0,5,direct
burst.per.min,morgan_1347,Morgan chemistry,0.0,712,0,5,direct
burst.per.min,morgan_1348,Morgan chemistry,0.0,713,0,5,direct
burst.per.min,morgan_1350,Morgan chemistry,0.0,714,0,5,direct
burst.per.min,morgan_1351,Morgan chemistry,0.0,715,0,5,direct
burst.per.min,morgan_1352,Morgan chemistry,0.0,716,0,5,direct
burst.per.min,morgan_1353,Morgan chemistry,0.0,717,0,5,direct
burst.per.min,morgan_1354,Morgan chemistry,0.0,718,0,5,direct
burst.per.min,morgan_1847,Morgan chemistry,0.0,719,0,5,direct
burst.per.min,morgan_1848,Morgan chemistry,0.0,720,0,5,direct
burst.per.min,morgan_1321,Morgan chemistry,0.0,721,0,5,direct
burst.per.min,morgan_1322,Morgan chemistry,0.0,722,0,5,direct
burst.per.min,morgan_1323,Morgan chemistry,0.0,723,0,5,direct
burst.per.min,morgan_1324,Morgan chemistry,0.0,724,0,5,direct
burst.per.min,morgan_1326,Morgan chemistry,0.0,725,0,5,direct
burst.per.min,morgan_1327,Morgan chemistry,0.0,726,0,5,direct
burst.per.min,morgan_1329,Morgan chemistry,0.0,727,0,5,direct
burst.per.min,morgan_1330,Morgan chemistry,0.0,728,0,5,direct
burst.per.min,morgan_1331,Morgan chemistry,0.0,729,0,5,direct
burst.per.min,morgan_1332,Morgan chemistry,0.0,730,0,5,direct
burst.per.min,morgan_1333,Morgan chemistry,0.0,731,0,5,direct
burst.per.min,morgan_1334,Morgan chemistry,0.0,732,0,5,direct
burst.per.min,morgan_1335,Morgan chemistry,0.0,733,0,5,direct
burst.per.min,morgan_1336,Morgan chemistry,0.0,734,0,5,direct
burst.per.min,morgan_1319,Morgan chemistry,0.0,735,0,5,direct
burst.per.min,morgan_1320,Morgan chemistry,0.0,736,0,5,direct
burst.per.min,morgan_1833,Morgan chemistry,0.0,737,0,5,direct
burst.per.min,morgan_1834,Morgan chemistry,0.0,738,0,5,direct
burst.per.min,morgan_1835,Morgan chemistry,0.0,739,0,5,direct
burst.per.min,morgan_1836,Morgan chemistry,0.0,740,0,5,direct
burst.per.min,morgan_1837,Morgan chemistry,0.0,741,0,5,direct
burst.per.min,morgan_1838,Morgan chemistry,0.0,742,0,5,direct
burst.per.min,morgan_1839,Morgan chemistry,0.0,743,0,5,direct
burst.per.min,morgan_1840,Morgan chemistry,0.0,744,0,5,direct
burst.per.min,morgan_1841,Morgan chemistry,0.0,745,0,5,direct
burst.per.min,morgan_1842,Morgan chemistry,0.0,746,0,5,direct
burst.per.min,morgan_1843,Morgan chemistry,0.0,747,0,5,direct
burst.per.min,morgan_1844,Morgan chemistry,0.0,748,0,5,direct
burst.per.min,morgan_1845,Morgan chemistry,0.0,749,0,5,direct
burst.per.min,morgan_1846,Morgan chemistry,0.0,750,0,5,direct
burst.per.min,morgan_1301,Morgan chemistry,0.0,751,0,5,direct
burst.per.min,morgan_1302,Morgan chemistry,0.0,752,0,5,direct
burst.per.min,morgan_1303,Morgan chemistry,0.0,753,0,5,direct
burst.per.min,morgan_1304,Morgan chemistry,0.0,754,0,5,direct
burst.per.min,morgan_1305,Morgan chemistry,0.0,755,0,5,direct
burst.per.min,morgan_1306,Morgan chemistry,0.0,756,0,5,direct
burst.per.min,morgan_1307,Morgan chemistry,0.0,757,0,5,direct
burst.per.min,morgan_1308,Morgan chemistry,0.0,758,0,5,direct
burst.per.min,morgan_1310,Morgan chemistry,0.0,759,0,5,direct
burst.per.min,morgan_1311,Morgan chemistry,0.0,760,0,5,direct
burst.per.min,morgan_1312,Morgan chemistry,0.0,761,0,5,direct
burst.per.min,morgan_1314,Morgan chemistry,0.0,762,0,5,direct
burst.per.min,morgan_1315,Morgan chemistry,0.0,763,0,5,direct
burst.per.min,morgan_1316,Morgan chemistry,0.0,764,0,5,direct
burst.per.min,morgan_1317,Morgan chemistry,0.0,765,0,5,direct
burst.per.min,morgan_1318,Morgan chemistry,0.0,766,0,5,direct
burst.per.min,morgan_1283,Morgan chemistry,0.0,767,0,5,direct
burst.per.min,morgan_1284,Morgan chemistry,0.0,768,0,5,direct
burst.per.min,morgan_1285,Morgan chemistry,0.0,769,0,5,direct
burst.per.min,morgan_1286,Morgan chemistry,0.0,770,0,5,direct
burst.per.min,morgan_1287,Morgan chemistry,0.0,771,0,5,direct
burst.per.min,morgan_1288,Morgan chemistry,0.0,772,0,5,direct
burst.per.min,morgan_1289,Morgan chemistry,0.0,773,0,5,direct
burst.per.min,morgan_1290,Morgan chemistry,0.0,774,0,5,direct
burst.per.min,morgan_1291,Morgan chemistry,0.0,775,0,5,direct
burst.per.min,morgan_1293,Morgan chemistry,0.0,776,0,5,direct
burst.per.min,morgan_1294,Morgan chemistry,0.0,777,0,5,direct
burst.per.min,morgan_1295,Morgan chemistry,0.0,778,0,5,direct
burst.per.min,morgan_1297,Morgan chemistry,0.0,779,0,5,direct
burst.per.min,morgan_1298,Morgan chemistry,0.0,780,0,5,direct
burst.per.min,morgan_1299,Morgan chemistry,0.0,781,0,5,direct
burst.per.min,morgan_1300,Morgan chemistry,0.0,782,0,5,direct
burst.per.min,morgan_1266,Morgan chemistry,0.0,783,0,5,direct
burst.per.min,morgan_1267,Morgan chemistry,0.0,784,0,5,direct
burst.per.min,morgan_1268,Morgan chemistry,0.0,785,0,5,direct
burst.per.min,morgan_1269,Morgan chemistry,0.0,786,0,5,direct
burst.per.min,morgan_1270,Morgan chemistry,0.0,787,0,5,direct
burst.per.min,morgan_1271,Morgan chemistry,0.0,788,0,5,direct
burst.per.min,morgan_1272,Morgan chemistry,0.0,789,0,5,direct
burst.per.min,morgan_1273,Morgan chemistry,0.0,790,0,5,direct
burst.per.min,morgan_1275,Morgan chemistry,0.0,791,0,5,direct
burst.per.min,morgan_1276,Morgan chemistry,0.0,792,0,5,direct
burst.per.min,morgan_1277,Morgan chemistry,0.0,793,0,5,direct
burst.per.min,morgan_1278,Morgan chemistry,0.0,794,0,5,direct
burst.per.min,morgan_1279,Morgan chemistry,0.0,795,0,5,direct
burst.per.min,morgan_1280,Morgan chemistry,0.0,796,0,5,direct
burst.per.min,morgan_1281,Morgan chemistry,0.0,797,0,5,direct
burst.per.min,morgan_1282,Morgan chemistry,0.0,798,0,5,direct
burst.per.min,morgan_1249,Morgan chemistry,0.0,799,0,5,direct
burst.per.min,morgan_1250,Morgan chemistry,0.0,800,0,5,direct
burst.per.min,morgan_1251,Morgan chemistry,0.0,801,0,5,direct
burst.per.min,morgan_1252,Morgan chemistry,0.0,802,0,5,direct
burst.per.min,morgan_1253,Morgan chemistry,0.0,803,0,5,direct
burst.per.min,morgan_1254,Morgan chemistry,0.0,804,0,5,direct
burst.per.min,morgan_1255,Morgan chemistry,0.0,805,0,5,direct
burst.per.min,morgan_1256,Morgan chemistry,0.0,806,0,5,direct
burst.per.min,morgan_1258,Morgan chemistry,0.0,807,0,5,direct
burst.per.min,morgan_1259,Morgan chemistry,0.0,808,0,5,direct
burst.per.min,morgan_1260,Morgan chemistry,0.0,809,0,5,direct
burst.per.min,morgan_1261,Morgan chemistry,0.0,810,0,5,direct
burst.per.min,morgan_1262,Morgan chemistry,0.0,811,0,5,direct
burst.per.min,morgan_1263,Morgan chemistry,0.0,812,0,5,direct
burst.per.min,morgan_1264,Morgan chemistry,0.0,813,0,5,direct
burst.per.min,morgan_1265,Morgan chemistry,0.0,814,0,5,direct
burst.per.min,morgan_1232,Morgan chemistry,0.0,815,0,5,direct
burst.per.min,morgan_1233,Morgan chemistry,0.0,816,0,5,direct
burst.per.min,morgan_1234,Morgan chemistry,0.0,817,0,5,direct
burst.per.min,morgan_1235,Morgan chemistry,0.0,818,0,5,direct
burst.per.min,morgan_1236,Morgan chemistry,0.0,819,0,5,direct
burst.per.min,morgan_1237,Morgan chemistry,0.0,820,0,5,direct
burst.per.min,morgan_1238,Morgan chemistry,0.0,821,0,5,direct
burst.per.min,morgan_1239,Morgan chemistry,0.0,822,0,5,direct
burst.per.min,morgan_1240,Morgan chemistry,0.0,823,0,5,direct
burst.per.min,morgan_1241,Morgan chemistry,0.0,824,0,5,direct
burst.per.min,morgan_1242,Morgan chemistry,0.0,825,0,5,direct
burst.per.min,morgan_1243,Morgan chemistry,0.0,826,0,5,direct
burst.per.min,morgan_1244,Morgan chemistry,0.0,827,0,5,direct
burst.per.min,morgan_1246,Morgan chemistry,0.0,828,0,5,direct
burst.per.min,morgan_1247,Morgan chemistry,0.0,829,0,5,direct
burst.per.min,morgan_1248,Morgan chemistry,0.0,830,0,5,direct
burst.per.min,morgan_1215,Morgan chemistry,0.0,831,0,5,direct
burst.per.min,morgan_1216,Morgan chemistry,0.0,832,0,5,direct
burst.per.min,morgan_1217,Morgan chemistry,0.0,833,0,5,direct
burst.per.min,morgan_1218,Morgan chemistry,0.0,834,0,5,direct
burst.per.min,morgan_1219,Morgan chemistry,0.0,835,0,5,direct
burst.per.min,morgan_1220,Morgan chemistry,0.0,836,0,5,direct
burst.per.min,morgan_1221,Morgan chemistry,0.0,837,0,5,direct
burst.per.min,morgan_1222,Morgan chemistry,0.0,838,0,5,direct
burst.per.min,morgan_1224,Morgan chemistry,0.0,839,0,5,direct
burst.per.min,morgan_1225,Morgan chemistry,0.0,840,0,5,direct
burst.per.min,morgan_1226,Morgan chemistry,0.0,841,0,5,direct
burst.per.min,morgan_1227,Morgan chemistry,0.0,842,0,5,direct
burst.per.min,morgan_1228,Morgan chemistry,0.0,843,0,5,direct
burst.per.min,morgan_1229,Morgan chemistry,0.0,844,0,5,direct
burst.per.min,morgan_1230,Morgan chemistry,0.0,845,0,5,direct
burst.per.min,morgan_1231,Morgan chemistry,0.0,846,0,5,direct
burst.per.min,morgan_1196,Morgan chemistry,0.0,847,0,5,direct
burst.per.min,morgan_1197,Morgan chemistry,0.0,848,0,5,direct
burst.per.min,morgan_1198,Morgan chemistry,0.0,849,0,5,direct
burst.per.min,morgan_1199,Morgan chemistry,0.0,850,0,5,direct
burst.per.min,morgan_1200,Morgan chemistry,0.0,851,0,5,direct
burst.per.min,morgan_1201,Morgan chemistry,0.0,852,0,5,direct
burst.per.min,morgan_1202,Morgan chemistry,0.0,853,0,5,direct
burst.per.min,morgan_1204,Morgan chemistry,0.0,854,0,5,direct
burst.per.min,morgan_1205,Morgan chemistry,0.0,855,0,5,direct
burst.per.min,morgan_1206,Morgan chemistry,0.0,856,0,5,direct
burst.per.min,morgan_1207,Morgan chemistry,0.0,857,0,5,direct
burst.per.min,morgan_1208,Morgan chemistry,0.0,858,0,5,direct
burst.per.min,morgan_1210,Morgan chemistry,0.0,859,0,5,direct
burst.per.min,morgan_1211,Morgan chemistry,0.0,860,0,5,direct
burst.per.min,morgan_1212,Morgan chemistry,0.0,861,0,5,direct
burst.per.min,morgan_1180,Morgan chemistry,0.0,862,0,5,direct
burst.per.min,morgan_1181,Morgan chemistry,0.0,863,0,5,direct
burst.per.min,morgan_1182,Morgan chemistry,0.0,864,0,5,direct
burst.per.min,morgan_1183,Morgan chemistry,0.0,865,0,5,direct
burst.per.min,morgan_1184,Morgan chemistry,0.0,866,0,5,direct
burst.per.min,morgan_1185,Morgan chemistry,0.0,867,0,5,direct
burst.per.min,morgan_1186,Morgan chemistry,0.0,868,0,5,direct
burst.per.min,morgan_1187,Morgan chemistry,0.0,869,0,5,direct
burst.per.min,morgan_1188,Morgan chemistry,0.0,870,0,5,direct
burst.per.min,morgan_1189,Morgan chemistry,0.0,871,0,5,direct
burst.per.min,morgan_1190,Morgan chemistry,0.0,872,0,5,direct
burst.per.min,morgan_1191,Morgan chemistry,0.0,873,0,5,direct
burst.per.min,morgan_1192,Morgan chemistry,0.0,874,0,5,direct
burst.per.min,morgan_1193,Morgan chemistry,0.0,875,0,5,direct
burst.per.min,morgan_1194,Morgan chemistry,0.0,876,0,5,direct
burst.per.min,morgan_1195,Morgan chemistry,0.0,877,0,5,direct
burst.per.min,morgan_1164,Morgan chemistry,0.0,878,0,5,direct
burst.per.min,morgan_1165,Morgan chemistry,0.0,879,0,5,direct
burst.per.min,morgan_1166,Morgan chemistry,0.0,880,0,5,direct
burst.per.min,morgan_1167,Morgan chemistry,0.0,881,0,5,direct
burst.per.min,morgan_1168,Morgan chemistry,0.0,882,0,5,direct
burst.per.min,morgan_1169,Morgan chemistry,0.0,883,0,5,direct
burst.per.min,morgan_1170,Morgan chemistry,0.0,884,0,5,direct
burst.per.min,morgan_1171,Morgan chemistry,0.0,885,0,5,direct
burst.per.min,morgan_1172,Morgan chemistry,0.0,886,0,5,direct
burst.per.min,morgan_1173,Morgan chemistry,0.0,887,0,5,direct
burst.per.min,morgan_1174,Morgan chemistry,0.0,888,0,5,direct
burst.per.min,morgan_1175,Morgan chemistry,0.0,889,0,5,direct
burst.per.min,morgan_1176,Morgan chemistry,0.0,890,0,5,direct
burst.per.min,morgan_1177,Morgan chemistry,0.0,891,0,5,direct
burst.per.min,morgan_1178,Morgan chemistry,0.0,892,0,5,direct
burst.per.min,morgan_1179,Morgan chemistry,0.0,893,0,5,direct
burst.per.min,morgan_1147,Morgan chemistry,0.0,894,0,5,direct
burst.per.min,morgan_1148,Morgan chemistry,0.0,895,0,5,direct
burst.per.min,morgan_1149,Morgan chemistry,0.0,896,0,5,direct
burst.per.min,morgan_1150,Morgan chemistry,0.0,897,0,5,direct
burst.per.min,morgan_1151,Morgan chemistry,0.0,898,0,5,direct
burst.per.min,morgan_1152,Morgan chemistry,0.0,899,0,5,direct
burst.per.min,morgan_1153,Morgan chemistry,0.0,900,0,5,direct
burst.per.min,morgan_1154,Morgan chemistry,0.0,901,0,5,direct
burst.per.min,morgan_1155,Morgan chemistry,0.0,902,0,5,direct
burst.per.min,morgan_1156,Morgan chemistry,0.0,903,0,5,direct
burst.per.min,morgan_1157,Morgan chemistry,0.0,904,0,5,direct
burst.per.min,morgan_1158,Morgan chemistry,0.0,905,0,5,direct
burst.per.min,morgan_1159,Morgan chemistry,0.0,906,0,5,direct
burst.per.min,morgan_1160,Morgan chemistry,0.0,907,0,5,direct
burst.per.min,morgan_1161,Morgan chemistry,0.0,908,0,5,direct
burst.per.min,morgan_1162,Morgan chemistry,0.0,909,0,5,direct
burst.per.min,morgan_1131,Morgan chemistry,0.0,910,0,5,direct
burst.per.min,morgan_1132,Morgan chemistry,0.0,911,0,5,direct
burst.per.min,morgan_1133,Morgan chemistry,0.0,912,0,5,direct
burst.per.min,morgan_1134,Morgan chemistry,0.0,913,0,5,direct
burst.per.min,morgan_1135,Morgan chemistry,0.0,914,0,5,direct
burst.per.min,morgan_1136,Morgan chemistry,0.0,915,0,5,direct
burst.per.min,morgan_1137,Morgan chemistry,0.0,916,0,5,direct
burst.per.min,morgan_1138,Morgan chemistry,0.0,917,0,5,direct
burst.per.min,morgan_1139,Morgan chemistry,0.0,918,0,5,direct
burst.per.min,morgan_1140,Morgan chemistry,0.0,919,0,5,direct
burst.per.min,morgan_1141,Morgan chemistry,0.0,920,0,5,direct
burst.per.min,morgan_1142,Morgan chemistry,0.0,921,0,5,direct
burst.per.min,morgan_1143,Morgan chemistry,0.0,922,0,5,direct
burst.per.min,morgan_1144,Morgan chemistry,0.0,923,0,5,direct
burst.per.min,morgan_1145,Morgan chemistry,0.0,924,0,5,direct
burst.per.min,morgan_1146,Morgan chemistry,0.0,925,0,5,direct
burst.per.min,morgan_1115,Morgan chemistry,0.0,926,0,5,direct
burst.per.min,morgan_1116,Morgan chemistry,0.0,927,0,5,direct
burst.per.min,morgan_1117,Morgan chemistry,0.0,928,0,5,direct
burst.per.min,morgan_1118,Morgan chemistry,0.0,929,0,5,direct
burst.per.min,morgan_1119,Morgan chemistry,0.0,930,0,5,direct
burst.per.min,morgan_1120,Morgan chemistry,0.0,931,0,5,direct
burst.per.min,morgan_1121,Morgan chemistry,0.0,932,0,5,direct
burst.per.min,morgan_1122,Morgan chemistry,0.0,933,0,5,direct
burst.per.min,morgan_1123,Morgan chemistry,0.0,934,0,5,direct
burst.per.min,morgan_1124,Morgan chemistry,0.0,935,0,5,direct
burst.per.min,morgan_1125,Morgan chemistry,0.0,936,0,5,direct
burst.per.min,morgan_1127,Morgan chemistry,0.0,937,0,5,direct
burst.per.min,morgan_1128,Morgan chemistry,0.0,938,0,5,direct
burst.per.min,morgan_1129,Morgan chemistry,0.0,939,0,5,direct
burst.per.min,morgan_1130,Morgan chemistry,0.0,940,0,5,direct
burst.per.min,morgan_1098,Morgan chemistry,0.0,941,0,5,direct
burst.per.min,morgan_1099,Morgan chemistry,0.0,942,0,5,direct
burst.per.min,morgan_1100,Morgan chemistry,0.0,943,0,5,direct
burst.per.min,morgan_1101,Morgan chemistry,0.0,944,0,5,direct
burst.per.min,morgan_1102,Morgan chemistry,0.0,945,0,5,direct
burst.per.min,morgan_1103,Morgan chemistry,0.0,946,0,5,direct
burst.per.min,morgan_1104,Morgan chemistry,0.0,947,0,5,direct
burst.per.min,morgan_1105,Morgan chemistry,0.0,948,0,5,direct
burst.per.min,morgan_1106,Morgan chemistry,0.0,949,0,5,direct
burst.per.min,morgan_1107,Morgan chemistry,0.0,950,0,5,direct
burst.per.min,morgan_1108,Morgan chemistry,0.0,951,0,5,direct
burst.per.min,morgan_1109,Morgan chemistry,0.0,952,0,5,direct
burst.per.min,morgan_1110,Morgan chemistry,0.0,953,0,5,direct
burst.per.min,morgan_1111,Morgan chemistry,0.0,954,0,5,direct
burst.per.min,morgan_1112,Morgan chemistry,0.0,955,0,5,direct
burst.per.min,morgan_1113,Morgan chemistry,0.0,956,0,5,direct
burst.per.min,morgan_1082,Morgan chemistry,0.0,957,0,5,direct
burst.per.min,morgan_1083,Morgan chemistry,0.0,958,0,5,direct
burst.per.min,morgan_1084,Morgan chemistry,0.0,959,0,5,direct
burst.per.min,morgan_1085,Morgan chemistry,0.0,960,0,5,direct
burst.per.min,morgan_1086,Morgan chemistry,0.0,961,0,5,direct
burst.per.min,morgan_1087,Morgan chemistry,0.0,962,0,5,direct
burst.per.min,morgan_1088,Morgan chemistry,0.0,963,0,5,direct
burst.per.min,morgan_1089,Morgan chemistry,0.0,964,0,5,direct
burst.per.min,morgan_1090,Morgan chemistry,0.0,965,0,5,direct
burst.per.min,morgan_1091,Morgan chemistry,0.0,966,0,5,direct
burst.per.min,morgan_1092,Morgan chemistry,0.0,967,0,5,direct
burst.per.min,morgan_1093,Morgan chemistry,0.0,968,0,5,direct
burst.per.min,morgan_1094,Morgan chemistry,0.0,969,0,5,direct
burst.per.min,morgan_1095,Morgan chemistry,0.0,970,0,5,direct
burst.per.min,morgan_1096,Morgan chemistry,0.0,971,0,5,direct
burst.per.min,morgan_1097,Morgan chemistry,0.0,972,0,5,direct
burst.per.min,morgan_1065,Morgan chemistry,0.0,973,0,5,direct
burst.per.min,morgan_1066,Morgan chemistry,0.0,974,0,5,direct
burst.per.min,morgan_1067,Morgan chemistry,0.0,975,0,5,direct
burst.per.min,morgan_1068,Morgan chemistry,0.0,976,0,5,direct
burst.per.min,morgan_1069,Morgan chemistry,0.0,977,0,5,direct
burst.per.min,morgan_1071,Morgan chemistry,0.0,978,0,5,direct
burst.per.min,morgan_1072,Morgan chemistry,0.0,979,0,5,direct
burst.per.min,morgan_1073,Morgan chemistry,0.0,980,0,5,direct
burst.per.min,morgan_1074,Morgan chemistry,0.0,981,0,5,direct
burst.per.min,morgan_1075,Morgan chemistry,0.0,982,0,5,direct
burst.per.min,morgan_1076,Morgan chemistry,0.0,983,0,5,direct
burst.per.min,morgan_1077,Morgan chemistry,0.0,984,0,5,direct
burst.per.min,morgan_1078,Morgan chemistry,0.0,985,0,5,direct
burst.per.min,morgan_1079,Morgan chemistry,0.0,986,0,5,direct
burst.per.min,morgan_1080,Morgan chemistry,0.0,987,0,5,direct
burst.per.min,morgan_1081,Morgan chemistry,0.0,988,0,5,direct
burst.per.min,morgan_1863,Morgan chemistry,0.0,989,0,5,direct
burst.per.min,morgan_1864,Morgan chemistry,0.0,990,0,5,direct
burst.per.min,morgan_1049,Morgan chemistry,0.0,991,0,5,direct
burst.per.min,morgan_1050,Morgan chemistry,0.0,992,0,5,direct
burst.per.min,morgan_1051,Morgan chemistry,0.0,993,0,5,direct
burst.per.min,morgan_1052,Morgan chemistry,0.0,994,0,5,direct
burst.per.min,morgan_1053,Morgan chemistry,0.0,995,0,5,direct
burst.per.min,morgan_1054,Morgan chemistry,0.0,996,0,5,direct
burst.per.min,morgan_1055,Morgan chemistry,0.0,997,0,5,direct
burst.per.min,morgan_1056,Morgan chemistry,0.0,998,0,5,direct
burst.per.min,morgan_1057,Morgan chemistry,0.0,999,0,5,direct
burst.per.min,morgan_1059,Morgan chemistry,0.0,1000,0,5,direct
burst.per.min,morgan_1061,Morgan chemistry,0.0,1001,0,5,direct
burst.per.min,morgan_1062,Morgan chemistry,0.0,1002,0,5,direct
burst.per.min,morgan_1063,Morgan chemistry,0.0,1003,0,5,direct
burst.per.min,morgan_1064,Morgan chemistry,0.0,1004,0,5,direct
burst.per.min,morgan_1047,Morgan chemistry,0.0,1005,0,5,direct
burst.per.min,morgan_1048,Morgan chemistry,0.0,1006,0,5,direct
burst.per.min,morgan_1849,Morgan chemistry,0.0,1007,0,5,direct
burst.per.min,morgan_1850,Morgan chemistry,0.0,1008,0,5,direct
burst.per.min,morgan_1851,Morgan chemistry,0.0,1009,0,5,direct
burst.per.min,morgan_1852,Morgan chemistry,0.0,1010,0,5,direct
burst.per.min,morgan_1853,Morgan chemistry,0.0,1011,0,5,direct
burst.per.min,morgan_1854,Morgan chemistry,0.0,1012,0,5,direct
burst.per.min,morgan_1855,Morgan chemistry,0.0,1013,0,5,direct
burst.per.min,morgan_1856,Morgan chemistry,0.0,1014,0,5,direct
burst.per.min,morgan_1857,Morgan chemistry,0.0,1015,0,5,direct
burst.per.min,morgan_1858,Morgan chemistry,0.0,1016,0,5,direct
burst.per.min,morgan_1859,Morgan chemistry,0.0,1017,0,5,direct
burst.per.min,morgan_1860,Morgan chemistry,0.0,1018,0,5,direct
burst.per.min,morgan_1861,Morgan chemistry,0.0,1019,0,5,direct
burst.per.min,morgan_1862,Morgan chemistry,0.0,1020,0,5,direct
burst.per.min,morgan_1029,Morgan chemistry,0.0,1021,0,5,direct
burst.per.min,morgan_1030,Morgan chemistry,0.0,1022,0,5,direct
burst.per.min,morgan_1031,Morgan chemistry,0.0,1023,0,5,direct
burst.per.min,morgan_1032,Morgan chemistry,0.0,1024,0,5,direct
burst.per.min,morgan_1033,Morgan chemistry,0.0,1025,0,5,direct
burst.per.min,morgan_1034,Morgan chemistry,0.0,1026,0,5,direct
burst.per.min,morgan_1036,Morgan chemistry,0.0,1027,0,5,direct
burst.per.min,morgan_1037,Morgan chemistry,0.0,1028,0,5,direct
burst.per.min,morgan_1038,Morgan chemistry,0.0,1029,0,5,direct
burst.per.min,morgan_1039,Morgan chemistry,0.0,1030,0,5,direct
burst.per.min,morgan_1040,Morgan chemistry,0.0,1031,0,5,direct
burst.per.min,morgan_1041,Morgan chemistry,0.0,1032,0,5,direct
burst.per.min,morgan_1042,Morgan chemistry,0.0,1033,0,5,direct
burst.per.min,morgan_1043,Morgan chemistry,0.0,1034,0,5,direct
burst.per.min,morgan_1045,Morgan chemistry,0.0,1035,0,5,direct
burst.per.min,morgan_1046,Morgan chemistry,0.0,1036,0,5,direct
burst.per.min,morgan_1010,Morgan chemistry,0.0,1037,0,5,direct
burst.per.min,morgan_1012,Morgan chemistry,0.0,1038,0,5,direct
burst.per.min,morgan_1013,Morgan chemistry,0.0,1039,0,5,direct
burst.per.min,morgan_1014,Morgan chemistry,0.0,1040,0,5,direct
burst.per.min,morgan_1015,Morgan chemistry,0.0,1041,0,5,direct
burst.per.min,morgan_1016,Morgan chemistry,0.0,1042,0,5,direct
burst.per.min,morgan_1017,Morgan chemistry,0.0,1043,0,5,direct
burst.per.min,morgan_1018,Morgan chemistry,0.0,1044,0,5,direct
burst.per.min,morgan_1020,Morgan chemistry,0.0,1045,0,5,direct
burst.per.min,morgan_1021,Morgan chemistry,0.0,1046,0,5,direct
burst.per.min,morgan_1022,Morgan chemistry,0.0,1047,0,5,direct
burst.per.min,morgan_1023,Morgan chemistry,0.0,1048,0,5,direct
burst.per.min,morgan_1024,Morgan chemistry,0.0,1049,0,5,direct
burst.per.min,morgan_1025,Morgan chemistry,0.0,1050,0,5,direct
burst.per.min,morgan_1026,Morgan chemistry,0.0,1051,0,5,direct
burst.per.min,morgan_1027,Morgan chemistry,0.0,1052,0,5,direct
burst.per.min,morgan_991,Morgan chemistry,0.0,1053,0,5,direct
burst.per.min,morgan_992,Morgan chemistry,0.0,1054,0,5,direct
burst.per.min,morgan_993,Morgan chemistry,0.0,1055,0,5,direct
burst.per.min,morgan_994,Morgan chemistry,0.0,1056,0,5,direct
burst.per.min,morgan_995,Morgan chemistry,0.0,1057,0,5,direct
burst.per.min,morgan_996,Morgan chemistry,0.0,1058,0,5,direct
burst.per.min,morgan_997,Morgan chemistry,0.0,1059,0,5,direct
burst.per.min,morgan_998,Morgan chemistry,0.0,1060,0,5,direct
burst.per.min,morgan_999,Morgan chemistry,0.0,1061,0,5,direct
burst.per.min,morgan_1000,Morgan chemistry,0.0,1062,0,5,direct
burst.per.min,morgan_1002,Morgan chemistry,0.0,1063,0,5,direct
burst.per.min,morgan_1003,Morgan chemistry,0.0,1064,0,5,direct
burst.per.min,morgan_1005,Morgan chemistry,0.0,1065,0,5,direct
burst.per.min,morgan_1006,Morgan chemistry,0.0,1066,0,5,direct
burst.per.min,morgan_1008,Morgan chemistry,0.0,1067,0,5,direct
burst.per.min,morgan_1009,Morgan chemistry,0.0,1068,0,5,direct
burst.per.min,morgan_972,Morgan chemistry,0.0,1069,0,5,direct
burst.per.min,morgan_973,Morgan chemistry,0.0,1070,0,5,direct
burst.per.min,morgan_974,Morgan chemistry,0.0,1071,0,5,direct
burst.per.min,morgan_975,Morgan chemistry,0.0,1072,0,5,direct
burst.per.min,morgan_976,Morgan chemistry,0.0,1073,0,5,direct
burst.per.min,morgan_977,Morgan chemistry,0.0,1074,0,5,direct
burst.per.min,morgan_979,Morgan chemistry,0.0,1075,0,5,direct
burst.per.min,morgan_980,Morgan chemistry,0.0,1076,0,5,direct
burst.per.min,morgan_981,Morgan chemistry,0.0,1077,0,5,direct
burst.per.min,morgan_982,Morgan chemistry,0.0,1078,0,5,direct
burst.per.min,morgan_983,Morgan chemistry,0.0,1079,0,5,direct
burst.per.min,morgan_985,Morgan chemistry,0.0,1080,0,5,direct
burst.per.min,morgan_986,Morgan chemistry,0.0,1081,0,5,direct
burst.per.min,morgan_988,Morgan chemistry,0.0,1082,0,5,direct
burst.per.min,morgan_989,Morgan chemistry,0.0,1083,0,5,direct
burst.per.min,morgan_990,Morgan chemistry,0.0,1084,0,5,direct
burst.per.min,morgan_955,Morgan chemistry,0.0,1085,0,5,direct
burst.per.min,morgan_956,Morgan chemistry,0.0,1086,0,5,direct
burst.per.min,morgan_957,Morgan chemistry,0.0,1087,0,5,direct
burst.per.min,morgan_958,Morgan chemistry,0.0,1088,0,5,direct
burst.per.min,morgan_959,Morgan chemistry,0.0,1089,0,5,direct
burst.per.min,morgan_960,Morgan chemistry,0.0,1090,0,5,direct
burst.per.min,morgan_961,Morgan chemistry,0.0,1091,0,5,direct
burst.per.min,morgan_962,Morgan chemistry,0.0,1092,0,5,direct
burst.per.min,morgan_963,Morgan chemistry,0.0,1093,0,5,direct
burst.per.min,morgan_964,Morgan chemistry,0.0,1094,0,5,direct
burst.per.min,morgan_965,Morgan chemistry,0.0,1095,0,5,direct
burst.per.min,morgan_966,Morgan chemistry,0.0,1096,0,5,direct
burst.per.min,morgan_967,Morgan chemistry,0.0,1097,0,5,direct
burst.per.min,morgan_968,Morgan chemistry,0.0,1098,0,5,direct
burst.per.min,morgan_969,Morgan chemistry,0.0,1099,0,5,direct
burst.per.min,morgan_971,Morgan chemistry,0.0,1100,0,5,direct
burst.per.min,morgan_938,Morgan chemistry,0.0,1101,0,5,direct
burst.per.min,morgan_939,Morgan chemistry,0.0,1102,0,5,direct
burst.per.min,morgan_941,Morgan chemistry,0.0,1103,0,5,direct
burst.per.min,morgan_942,Morgan chemistry,0.0,1104,0,5,direct
burst.per.min,morgan_943,Morgan chemistry,0.0,1105,0,5,direct
burst.per.min,morgan_944,Morgan chemistry,0.0,1106,0,5,direct
burst.per.min,morgan_945,Morgan chemistry,0.0,1107,0,5,direct
burst.per.min,morgan_946,Morgan chemistry,0.0,1108,0,5,direct
burst.per.min,morgan_947,Morgan chemistry,0.0,1109,0,5,direct
burst.per.min,morgan_948,Morgan chemistry,0.0,1110,0,5,direct
burst.per.min,morgan_949,Morgan chemistry,0.0,1111,0,5,direct
burst.per.min,morgan_950,Morgan chemistry,0.0,1112,0,5,direct
burst.per.min,morgan_951,Morgan chemistry,0.0,1113,0,5,direct
burst.per.min,morgan_952,Morgan chemistry,0.0,1114,0,5,direct
burst.per.min,morgan_953,Morgan chemistry,0.0,1115,0,5,direct
burst.per.min,morgan_954,Morgan chemistry,0.0,1116,0,5,direct
burst.per.min,morgan_921,Morgan chemistry,0.0,1117,0,5,direct
burst.per.min,morgan_922,Morgan chemistry,0.0,1118,0,5,direct
burst.per.min,morgan_923,Morgan chemistry,0.0,1119,0,5,direct
burst.per.min,morgan_924,Morgan chemistry,0.0,1120,0,5,direct
burst.per.min,morgan_925,Morgan chemistry,0.0,1121,0,5,direct
burst.per.min,morgan_926,Morgan chemistry,0.0,1122,0,5,direct
burst.per.min,morgan_927,Morgan chemistry,0.0,1123,0,5,direct
burst.per.min,morgan_928,Morgan chemistry,0.0,1124,0,5,direct
burst.per.min,morgan_929,Morgan chemistry,0.0,1125,0,5,direct
burst.per.min,morgan_930,Morgan chemistry,0.0,1126,0,5,direct
burst.per.min,morgan_931,Morgan chemistry,0.0,1127,0,5,direct
burst.per.min,morgan_932,Morgan chemistry,0.0,1128,0,5,direct
burst.per.min,morgan_933,Morgan chemistry,0.0,1129,0,5,direct
burst.per.min,morgan_934,Morgan chemistry,0.0,1130,0,5,direct
burst.per.min,morgan_936,Morgan chemistry,0.0,1131,0,5,direct
burst.per.min,morgan_937,Morgan chemistry,0.0,1132,0,5,direct
burst.per.min,morgan_920,Morgan chemistry,0.0,1133,0,5,direct
burst.per.min,morgan_1865,Morgan chemistry,0.0,1134,0,5,direct
burst.per.min,morgan_1867,Morgan chemistry,0.0,1135,0,5,direct
burst.per.min,morgan_1868,Morgan chemistry,0.0,1136,0,5,direct
burst.per.min,morgan_1869,Morgan chemistry,0.0,1137,0,5,direct
burst.per.min,morgan_1870,Morgan chemistry,0.0,1138,0,5,direct
burst.per.min,morgan_1871,Morgan chemistry,0.0,1139,0,5,direct
burst.per.min,morgan_1872,Morgan chemistry,0.0,1140,0,5,direct
burst.per.min,morgan_1873,Morgan chemistry,0.0,1141,0,5,direct
burst.per.min,morgan_1874,Morgan chemistry,0.0,1142,0,5,direct
burst.per.min,morgan_1875,Morgan chemistry,0.0,1143,0,5,direct
burst.per.min,morgan_1876,Morgan chemistry,0.0,1144,0,5,direct
burst.per.min,morgan_1877,Morgan chemistry,0.0,1145,0,5,direct
burst.per.min,morgan_1878,Morgan chemistry,0.0,1146,0,5,direct
burst.per.min,morgan_1879,Morgan chemistry,0.0,1147,0,5,direct
burst.per.min,morgan_1880,Morgan chemistry,0.0,1148,0,5,direct
burst.per.min,morgan_902,Morgan chemistry,0.0,1149,0,5,direct
burst.per.min,morgan_903,Morgan chemistry,0.0,1150,0,5,direct
burst.per.min,morgan_904,Morgan chemistry,0.0,1151,0,5,direct
burst.per.min,morgan_905,Morgan chemistry,0.0,1152,0,5,direct
burst.per.min,morgan_906,Morgan chemistry,0.0,1153,0,5,direct
burst.per.min,morgan_907,Morgan chemistry,0.0,1154,0,5,direct
burst.per.min,morgan_908,Morgan chemistry,0.0,1155,0,5,direct
burst.per.min,morgan_910,Morgan chemistry,0.0,1156,0,5,direct
burst.per.min,morgan_911,Morgan chemistry,0.0,1157,0,5,direct
burst.per.min,morgan_912,Morgan chemistry,0.0,1158,0,5,direct
burst.per.min,morgan_913,Morgan chemistry,0.0,1159,0,5,direct
burst.per.min,morgan_914,Morgan chemistry,0.0,1160,0,5,direct
burst.per.min,morgan_915,Morgan chemistry,0.0,1161,0,5,direct
burst.per.min,morgan_916,Morgan chemistry,0.0,1162,0,5,direct
burst.per.min,morgan_917,Morgan chemistry,0.0,1163,0,5,direct
burst.per.min,morgan_919,Morgan chemistry,0.0,1164,0,5,direct
burst.per.min,morgan_879,Morgan chemistry,0.0,1165,0,5,direct
burst.per.min,morgan_881,Morgan chemistry,0.0,1166,0,5,direct
burst.per.min,morgan_885,Morgan chemistry,0.0,1167,0,5,direct
burst.per.min,morgan_886,Morgan chemistry,0.0,1168,0,5,direct
burst.per.min,morgan_887,Morgan chemistry,0.0,1169,0,5,direct
burst.per.min,morgan_888,Morgan chemistry,0.0,1170,0,5,direct
burst.per.min,morgan_889,Morgan chemistry,0.0,1171,0,5,direct
burst.per.min,morgan_891,Morgan chemistry,0.0,1172,0,5,direct
burst.per.min,morgan_892,Morgan chemistry,0.0,1173,0,5,direct
burst.per.min,morgan_894,Morgan chemistry,0.0,1174,0,5,direct
burst.per.min,morgan_895,Morgan chemistry,0.0,1175,0,5,direct
burst.per.min,morgan_897,Morgan chemistry,0.0,1176,0,5,direct
burst.per.min,morgan_899,Morgan chemistry,0.0,1177,0,5,direct
burst.per.min,morgan_900,Morgan chemistry,0.0,1178,0,5,direct
burst.per.min,morgan_901,Morgan chemistry,0.0,1179,0,5,direct
burst.per.min,morgan_860,Morgan chemistry,0.0,1180,0,5,direct
burst.per.min,morgan_861,Morgan chemistry,0.0,1181,0,5,direct
burst.per.min,morgan_864,Morgan chemistry,0.0,1182,0,5,direct
burst.per.min,morgan_865,Morgan chemistry,0.0,1183,0,5,direct
burst.per.min,morgan_866,Morgan chemistry,0.0,1184,0,5,direct
burst.per.min,morgan_867,Morgan chemistry,0.0,1185,0,5,direct
burst.per.min,morgan_868,Morgan chemistry,0.0,1186,0,5,direct
burst.per.min,morgan_869,Morgan chemistry,0.0,1187,0,5,direct
burst.per.min,morgan_870,Morgan chemistry,0.0,1188,0,5,direct
burst.per.min,morgan_871,Morgan chemistry,0.0,1189,0,5,direct
burst.per.min,morgan_872,Morgan chemistry,0.0,1190,0,5,direct
burst.per.min,morgan_873,Morgan chemistry,0.0,1191,0,5,direct
burst.per.min,morgan_874,Morgan chemistry,0.0,1192,0,5,direct
burst.per.min,morgan_876,Morgan chemistry,0.0,1193,0,5,direct
burst.per.min,morgan_877,Morgan chemistry,0.0,1194,0,5,direct
burst.per.min,morgan_878,Morgan chemistry,0.0,1195,0,5,direct
burst.per.min,morgan_844,Morgan chemistry,0.0,1196,0,5,direct
burst.per.min,morgan_845,Morgan chemistry,0.0,1197,0,5,direct
burst.per.min,morgan_846,Morgan chemistry,0.0,1198,0,5,direct
burst.per.min,morgan_847,Morgan chemistry,0.0,1199,0,5,direct
burst.per.min,morgan_848,Morgan chemistry,0.0,1200,0,5,direct
burst.per.min,morgan_849,Morgan chemistry,0.0,1201,0,5,direct
burst.per.min,morgan_850,Morgan chemistry,0.0,1202,0,5,direct
burst.per.min,morgan_851,Morgan chemistry,0.0,1203,0,5,direct
burst.per.min,morgan_852,Morgan chemistry,0.0,1204,0,5,direct
burst.per.min,morgan_853,Morgan chemistry,0.0,1205,0,5,direct
burst.per.min,morgan_854,Morgan chemistry,0.0,1206,0,5,direct
burst.per.min,morgan_855,Morgan chemistry,0.0,1207,0,5,direct
burst.per.min,morgan_856,Morgan chemistry,0.0,1208,0,5,direct
burst.per.min,morgan_857,Morgan chemistry,0.0,1209,0,5,direct
burst.per.min,morgan_858,Morgan chemistry,0.0,1210,0,5,direct
burst.per.min,morgan_859,Morgan chemistry,0.0,1211,0,5,direct
burst.per.min,morgan_1896,Morgan chemistry,0.0,1212,0,5,direct
burst.per.min,morgan_825,Morgan chemistry,0.0,1213,0,5,direct
burst.per.min,morgan_826,Morgan chemistry,0.0,1214,0,5,direct
burst.per.min,morgan_827,Morgan chemistry,0.0,1215,0,5,direct
burst.per.min,morgan_828,Morgan chemistry,0.0,1216,0,5,direct
burst.per.min,morgan_830,Morgan chemistry,0.0,1217,0,5,direct
burst.per.min,morgan_831,Morgan chemistry,0.0,1218,0,5,direct
burst.per.min,morgan_833,Morgan chemistry,0.0,1219,0,5,direct
burst.per.min,morgan_834,Morgan chemistry,0.0,1220,0,5,direct
burst.per.min,morgan_835,Morgan chemistry,0.0,1221,0,5,direct
burst.per.min,morgan_837,Morgan chemistry,0.0,1222,0,5,direct
burst.per.min,morgan_838,Morgan chemistry,0.0,1223,0,5,direct
burst.per.min,morgan_839,Morgan chemistry,0.0,1224,0,5,direct
burst.per.min,morgan_840,Morgan chemistry,0.0,1225,0,5,direct
burst.per.min,morgan_842,Morgan chemistry,0.0,1226,0,5,direct
burst.per.min,morgan_843,Morgan chemistry,0.0,1227,0,5,direct
burst.per.min,morgan_822,Morgan chemistry,0.0,1228,0,5,direct
burst.per.min,morgan_824,Morgan chemistry,0.0,1229,0,5,direct
burst.per.min,morgan_1881,Morgan chemistry,0.0,1230,0,5,direct
burst.per.min,morgan_1882,Morgan chemistry,0.0,1231,0,5,direct
burst.per.min,morgan_1883,Morgan chemistry,0.0,1232,0,5,direct
burst.per.min,morgan_1884,Morgan chemistry,0.0,1233,0,5,direct
burst.per.min,morgan_1886,Morgan chemistry,0.0,1234,0,5,direct
burst.per.min,morgan_1887,Morgan chemistry,0.0,1235,0,5,direct
burst.per.min,morgan_1888,Morgan chemistry,0.0,1236,0,5,direct
burst.per.min,morgan_1889,Morgan chemistry,0.0,1237,0,5,direct
burst.per.min,morgan_1890,Morgan chemistry,0.0,1238,0,5,direct
burst.per.min,morgan_1891,Morgan chemistry,0.0,1239,0,5,direct
burst.per.min,morgan_1892,Morgan chemistry,0.0,1240,0,5,direct
burst.per.min,morgan_1893,Morgan chemistry,0.0,1241,0,5,direct
burst.per.min,morgan_1894,Morgan chemistry,0.0,1242,0,5,direct
burst.per.min,morgan_1895,Morgan chemistry,0.0,1243,0,5,direct
burst.per.min,morgan_804,Morgan chemistry,0.0,1244,0,5,direct
burst.per.min,morgan_805,Morgan chemistry,0.0,1245,0,5,direct
burst.per.min,morgan_806,Morgan chemistry,0.0,1246,0,5,direct
burst.per.min,morgan_808,Morgan chemistry,0.0,1247,0,5,direct
burst.per.min,morgan_809,Morgan chemistry,0.0,1248,0,5,direct
burst.per.min,morgan_810,Morgan chemistry,0.0,1249,0,5,direct
burst.per.min,morgan_811,Morgan chemistry,0.0,1250,0,5,direct
burst.per.min,morgan_812,Morgan chemistry,0.0,1251,0,5,direct
burst.per.min,morgan_813,Morgan chemistry,0.0,1252,0,5,direct
burst.per.min,morgan_814,Morgan chemistry,0.0,1253,0,5,direct
burst.per.min,morgan_815,Morgan chemistry,0.0,1254,0,5,direct
burst.per.min,morgan_817,Morgan chemistry,0.0,1255,0,5,direct
burst.per.min,morgan_818,Morgan chemistry,0.0,1256,0,5,direct
burst.per.min,morgan_819,Morgan chemistry,0.0,1257,0,5,direct
burst.per.min,morgan_820,Morgan chemistry,0.0,1258,0,5,direct
burst.per.min,morgan_821,Morgan chemistry,0.0,1259,0,5,direct
burst.per.min,morgan_785,Morgan chemistry,0.0,1260,0,5,direct
burst.per.min,morgan_786,Morgan chemistry,0.0,1261,0,5,direct
burst.per.min,morgan_787,Morgan chemistry,0.0,1262,0,5,direct
burst.per.min,morgan_788,Morgan chemistry,0.0,1263,0,5,direct
burst.per.min,morgan_789,Morgan chemistry,0.0,1264,0,5,direct
burst.per.min,morgan_791,Morgan chemistry,0.0,1265,0,5,direct
burst.per.min,morgan_792,Morgan chemistry,0.0,1266,0,5,direct
burst.per.min,morgan_793,Morgan chemistry,0.0,1267,0,5,direct
burst.per.min,morgan_795,Morgan chemistry,0.0,1268,0,5,direct
burst.per.min,morgan_796,Morgan chemistry,0.0,1269,0,5,direct
burst.per.min,morgan_797,Morgan chemistry,0.0,1270,0,5,direct
burst.per.min,morgan_799,Morgan chemistry,0.0,1271,0,5,direct
burst.per.min,morgan_800,Morgan chemistry,0.0,1272,0,5,direct
burst.per.min,morgan_801,Morgan chemistry,0.0,1273,0,5,direct
burst.per.min,morgan_802,Morgan chemistry,0.0,1274,0,5,direct
burst.per.min,morgan_803,Morgan chemistry,0.0,1275,0,5,direct
burst.per.min,morgan_768,Morgan chemistry,0.0,1276,0,5,direct
burst.per.min,morgan_769,Morgan chemistry,0.0,1277,0,5,direct
burst.per.min,morgan_770,Morgan chemistry,0.0,1278,0,5,direct
burst.per.min,morgan_771,Morgan chemistry,0.0,1279,0,5,direct
burst.per.min,morgan_772,Morgan chemistry,0.0,1280,0,5,direct
burst.per.min,morgan_773,Morgan chemistry,0.0,1281,0,5,direct
burst.per.min,morgan_774,Morgan chemistry,0.0,1282,0,5,direct
burst.per.min,morgan_775,Morgan chemistry,0.0,1283,0,5,direct
burst.per.min,morgan_776,Morgan chemistry,0.0,1284,0,5,direct
burst.per.min,morgan_777,Morgan chemistry,0.0,1285,0,5,direct
burst.per.min,morgan_778,Morgan chemistry,0.0,1286,0,5,direct
burst.per.min,morgan_779,Morgan chemistry,0.0,1287,0,5,direct
burst.per.min,morgan_780,Morgan chemistry,0.0,1288,0,5,direct
burst.per.min,morgan_782,Morgan chemistry,0.0,1289,0,5,direct
burst.per.min,morgan_783,Morgan chemistry,0.0,1290,0,5,direct
burst.per.min,morgan_784,Morgan chemistry,0.0,1291,0,5,direct
burst.per.min,morgan_752,Morgan chemistry,0.0,1292,0,5,direct
burst.per.min,morgan_753,Morgan chemistry,0.0,1293,0,5,direct
burst.per.min,morgan_754,Morgan chemistry,0.0,1294,0,5,direct
burst.per.min,morgan_755,Morgan chemistry,0.0,1295,0,5,direct
burst.per.min,morgan_756,Morgan chemistry,0.0,1296,0,5,direct
burst.per.min,morgan_757,Morgan chemistry,0.0,1297,0,5,direct
burst.per.min,morgan_758,Morgan chemistry,0.0,1298,0,5,direct
burst.per.min,morgan_759,Morgan chemistry,0.0,1299,0,5,direct
burst.per.min,morgan_760,Morgan chemistry,0.0,1300,0,5,direct
burst.per.min,morgan_761,Morgan chemistry,0.0,1301,0,5,direct
burst.per.min,morgan_762,Morgan chemistry,0.0,1302,0,5,direct
burst.per.min,morgan_763,Morgan chemistry,0.0,1303,0,5,direct
burst.per.min,morgan_764,Morgan chemistry,0.0,1304,0,5,direct
burst.per.min,morgan_765,Morgan chemistry,0.0,1305,0,5,direct
burst.per.min,morgan_766,Morgan chemistry,0.0,1306,0,5,direct
burst.per.min,morgan_767,Morgan chemistry,0.0,1307,0,5,direct
burst.per.min,morgan_733,Morgan chemistry,0.0,1308,0,5,direct
burst.per.min,morgan_734,Morgan chemistry,0.0,1309,0,5,direct
burst.per.min,morgan_735,Morgan chemistry,0.0,1310,0,5,direct
burst.per.min,morgan_736,Morgan chemistry,0.0,1311,0,5,direct
burst.per.min,morgan_737,Morgan chemistry,0.0,1312,0,5,direct
burst.per.min,morgan_738,Morgan chemistry,0.0,1313,0,5,direct
burst.per.min,morgan_740,Morgan chemistry,0.0,1314,0,5,direct
burst.per.min,morgan_741,Morgan chemistry,0.0,1315,0,5,direct
burst.per.min,morgan_742,Morgan chemistry,0.0,1316,0,5,direct
burst.per.min,morgan_743,Morgan chemistry,0.0,1317,0,5,direct
burst.per.min,morgan_744,Morgan chemistry,0.0,1318,0,5,direct
burst.per.min,morgan_746,Morgan chemistry,0.0,1319,0,5,direct
burst.per.min,morgan_747,Morgan chemistry,0.0,1320,0,5,direct
burst.per.min,morgan_748,Morgan chemistry,0.0,1321,0,5,direct
burst.per.min,morgan_749,Morgan chemistry,0.0,1322,0,5,direct
burst.per.min,morgan_751,Morgan chemistry,0.0,1323,0,5,direct
burst.per.min,morgan_714,Morgan chemistry,0.0,1324,0,5,direct
burst.per.min,morgan_715,Morgan chemistry,0.0,1325,0,5,direct
burst.per.min,morgan_716,Morgan chemistry,0.0,1326,0,5,direct
burst.per.min,morgan_717,Morgan chemistry,0.0,1327,0,5,direct
burst.per.min,morgan_719,Morgan chemistry,0.0,1328,0,5,direct
burst.per.min,morgan_720,Morgan chemistry,0.0,1329,0,5,direct
burst.per.min,morgan_721,Morgan chemistry,0.0,1330,0,5,direct
burst.per.min,morgan_723,Morgan chemistry,0.0,1331,0,5,direct
burst.per.min,morgan_724,Morgan chemistry,0.0,1332,0,5,direct
burst.per.min,morgan_725,Morgan chemistry,0.0,1333,0,5,direct
burst.per.min,morgan_726,Morgan chemistry,0.0,1334,0,5,direct
burst.per.min,morgan_727,Morgan chemistry,0.0,1335,0,5,direct
burst.per.min,morgan_728,Morgan chemistry,0.0,1336,0,5,direct
burst.per.min,morgan_730,Morgan chemistry,0.0,1337,0,5,direct
burst.per.min,morgan_731,Morgan chemistry,0.0,1338,0,5,direct
burst.per.min,morgan_732,Morgan chemistry,0.0,1339,0,5,direct
burst.per.min,morgan_698,Morgan chemistry,0.0,1340,0,5,direct
burst.per.min,morgan_699,Morgan chemistry,0.0,1341,0,5,direct
burst.per.min,morgan_700,Morgan chemistry,0.0,1342,0,5,direct
burst.per.min,morgan_701,Morgan chemistry,0.0,1343,0,5,direct
burst.per.min,morgan_702,Morgan chemistry,0.0,1344,0,5,direct
burst.per.min,morgan_703,Morgan chemistry,0.0,1345,0,5,direct
burst.per.min,morgan_704,Morgan chemistry,0.0,1346,0,5,direct
burst.per.min,morgan_705,Morgan chemistry,0.0,1347,0,5,direct
burst.per.min,morgan_706,Morgan chemistry,0.0,1348,0,5,direct
burst.per.min,morgan_707,Morgan chemistry,0.0,1349,0,5,direct
burst.per.min,morgan_708,Morgan chemistry,0.0,1350,0,5,direct
burst.per.min,morgan_709,Morgan chemistry,0.0,1351,0,5,direct
burst.per.min,morgan_710,Morgan chemistry,0.0,1352,0,5,direct
burst.per.min,morgan_711,Morgan chemistry,0.0,1353,0,5,direct
burst.per.min,morgan_712,Morgan chemistry,0.0,1354,0,5,direct
burst.per.min,morgan_713,Morgan chemistry,0.0,1355,0,5,direct
burst.per.min,morgan_696,Morgan chemistry,0.0,1356,0,5,direct
burst.per.min,morgan_1897,Morgan chemistry,0.0,1357,0,5,direct
burst.per.min,morgan_1898,Morgan chemistry,0.0,1358,0,5,direct
burst.per.min,morgan_1899,Morgan chemistry,0.0,1359,0,5,direct
burst.per.min,morgan_1900,Morgan chemistry,0.0,1360,0,5,direct
burst.per.min,morgan_1901,Morgan chemistry,0.0,1361,0,5,direct
burst.per.min,morgan_1902,Morgan chemistry,0.0,1362,0,5,direct
burst.per.min,morgan_1903,Morgan chemistry,0.0,1363,0,5,direct
burst.per.min,morgan_1904,Morgan chemistry,0.0,1364,0,5,direct
burst.per.min,morgan_1905,Morgan chemistry,0.0,1365,0,5,direct
burst.per.min,morgan_1906,Morgan chemistry,0.0,1366,0,5,direct
burst.per.min,morgan_1907,Morgan chemistry,0.0,1367,0,5,direct
burst.per.min,morgan_1908,Morgan chemistry,0.0,1368,0,5,direct
burst.per.min,morgan_1909,Morgan chemistry,0.0,1369,0,5,direct
burst.per.min,morgan_1910,Morgan chemistry,0.0,1370,0,5,direct
burst.per.min,morgan_1912,Morgan chemistry,0.0,1371,0,5,direct
burst.per.min,morgan_677,Morgan chemistry,0.0,1372,0,5,direct
burst.per.min,morgan_678,Morgan chemistry,0.0,1373,0,5,direct
burst.per.min,morgan_679,Morgan chemistry,0.0,1374,0,5,direct
burst.per.min,morgan_680,Morgan chemistry,0.0,1375,0,5,direct
burst.per.min,morgan_681,Morgan chemistry,0.0,1376,0,5,direct
burst.per.min,morgan_682,Morgan chemistry,0.0,1377,0,5,direct
burst.per.min,morgan_684,Morgan chemistry,0.0,1378,0,5,direct
burst.per.min,morgan_685,Morgan chemistry,0.0,1379,0,5,direct
burst.per.min,morgan_686,Morgan chemistry,0.0,1380,0,5,direct
burst.per.min,morgan_687,Morgan chemistry,0.0,1381,0,5,direct
burst.per.min,morgan_688,Morgan chemistry,0.0,1382,0,5,direct
burst.per.min,morgan_689,Morgan chemistry,0.0,1383,0,5,direct
burst.per.min,morgan_690,Morgan chemistry,0.0,1384,0,5,direct
burst.per.min,morgan_691,Morgan chemistry,0.0,1385,0,5,direct
burst.per.min,morgan_692,Morgan chemistry,0.0,1386,0,5,direct
burst.per.min,morgan_693,Morgan chemistry,0.0,1387,0,5,direct
burst.per.min,morgan_659,Morgan chemistry,0.0,1388,0,5,direct
burst.per.min,morgan_660,Morgan chemistry,0.0,1389,0,5,direct
burst.per.min,morgan_661,Morgan chemistry,0.0,1390,0,5,direct
burst.per.min,morgan_662,Morgan chemistry,0.0,1391,0,5,direct
burst.per.min,morgan_663,Morgan chemistry,0.0,1392,0,5,direct
burst.per.min,morgan_664,Morgan chemistry,0.0,1393,0,5,direct
burst.per.min,morgan_665,Morgan chemistry,0.0,1394,0,5,direct
burst.per.min,morgan_666,Morgan chemistry,0.0,1395,0,5,direct
burst.per.min,morgan_667,Morgan chemistry,0.0,1396,0,5,direct
burst.per.min,morgan_668,Morgan chemistry,0.0,1397,0,5,direct
burst.per.min,morgan_669,Morgan chemistry,0.0,1398,0,5,direct
burst.per.min,morgan_670,Morgan chemistry,0.0,1399,0,5,direct
burst.per.min,morgan_671,Morgan chemistry,0.0,1400,0,5,direct
burst.per.min,morgan_672,Morgan chemistry,0.0,1401,0,5,direct
burst.per.min,morgan_675,Morgan chemistry,0.0,1402,0,5,direct
burst.per.min,morgan_676,Morgan chemistry,0.0,1403,0,5,direct
burst.per.min,morgan_641,Morgan chemistry,0.0,1404,0,5,direct
burst.per.min,morgan_642,Morgan chemistry,0.0,1405,0,5,direct
burst.per.min,morgan_643,Morgan chemistry,0.0,1406,0,5,direct
burst.per.min,morgan_644,Morgan chemistry,0.0,1407,0,5,direct
burst.per.min,morgan_645,Morgan chemistry,0.0,1408,0,5,direct
burst.per.min,morgan_646,Morgan chemistry,0.0,1409,0,5,direct
burst.per.min,morgan_647,Morgan chemistry,0.0,1410,0,5,direct
burst.per.min,morgan_648,Morgan chemistry,0.0,1411,0,5,direct
burst.per.min,morgan_649,Morgan chemistry,0.0,1412,0,5,direct
burst.per.min,morgan_650,Morgan chemistry,0.0,1413,0,5,direct
burst.per.min,morgan_651,Morgan chemistry,0.0,1414,0,5,direct
burst.per.min,morgan_652,Morgan chemistry,0.0,1415,0,5,direct
burst.per.min,morgan_654,Morgan chemistry,0.0,1416,0,5,direct
burst.per.min,morgan_655,Morgan chemistry,0.0,1417,0,5,direct
burst.per.min,morgan_657,Morgan chemistry,0.0,1418,0,5,direct
burst.per.min,morgan_658,Morgan chemistry,0.0,1419,0,5,direct
burst.per.min,morgan_624,Morgan chemistry,0.0,1420,0,5,direct
burst.per.min,morgan_625,Morgan chemistry,0.0,1421,0,5,direct
burst.per.min,morgan_626,Morgan chemistry,0.0,1422,0,5,direct
burst.per.min,morgan_627,Morgan chemistry,0.0,1423,0,5,direct
burst.per.min,morgan_628,Morgan chemistry,0.0,1424,0,5,direct
burst.per.min,morgan_630,Morgan chemistry,0.0,1425,0,5,direct
burst.per.min,morgan_631,Morgan chemistry,0.0,1426,0,5,direct
burst.per.min,morgan_2022,Morgan chemistry,0.0,1427,0,5,direct
burst.per.min,morgan_633,Morgan chemistry,0.0,1428,0,5,direct
burst.per.min,morgan_634,Morgan chemistry,0.0,1429,0,5,direct
burst.per.min,morgan_635,Morgan chemistry,0.0,1430,0,5,direct
burst.per.min,morgan_636,Morgan chemistry,0.0,1431,0,5,direct
burst.per.min,morgan_637,Morgan chemistry,0.0,1432,0,5,direct
burst.per.min,morgan_638,Morgan chemistry,0.0,1433,0,5,direct
burst.per.min,morgan_639,Morgan chemistry,0.0,1434,0,5,direct
burst.per.min,morgan_640,Morgan chemistry,0.0,1435,0,5,direct
burst.per.min,morgan_608,Morgan chemistry,0.0,1436,0,5,direct
burst.per.min,morgan_609,Morgan chemistry,0.0,1437,0,5,direct
burst.per.min,morgan_610,Morgan chemistry,0.0,1438,0,5,direct
burst.per.min,morgan_611,Morgan chemistry,0.0,1439,0,5,direct
burst.per.min,morgan_612,Morgan chemistry,0.0,1440,0,5,direct
burst.per.min,morgan_613,Morgan chemistry,0.0,1441,0,5,direct
burst.per.min,morgan_614,Morgan chemistry,0.0,1442,0,5,direct
burst.per.min,morgan_615,Morgan chemistry,0.0,1443,0,5,direct
burst.per.min,morgan_616,Morgan chemistry,0.0,1444,0,5,direct
burst.per.min,morgan_617,Morgan chemistry,0.0,1445,0,5,direct
burst.per.min,morgan_618,Morgan chemistry,0.0,1446,0,5,direct
burst.per.min,morgan_619,Morgan chemistry,0.0,1447,0,5,direct
burst.per.min,morgan_620,Morgan chemistry,0.0,1448,0,5,direct
burst.per.min,morgan_621,Morgan chemistry,0.0,1449,0,5,direct
burst.per.min,morgan_622,Morgan chemistry,0.0,1450,0,5,direct
burst.per.min,morgan_2046,Morgan chemistry,0.0,1451,0,5,direct
burst.per.min,morgan_589,Morgan chemistry,0.0,1452,0,5,direct
burst.per.min,morgan_592,Morgan chemistry,0.0,1453,0,5,direct
burst.per.min,morgan_593,Morgan chemistry,0.0,1454,0,5,direct
burst.per.min,morgan_594,Morgan chemistry,0.0,1455,0,5,direct
burst.per.min,morgan_595,Morgan chemistry,0.0,1456,0,5,direct
burst.per.min,morgan_597,Morgan chemistry,0.0,1457,0,5,direct
burst.per.min,morgan_598,Morgan chemistry,0.0,1458,0,5,direct
burst.per.min,morgan_599,Morgan chemistry,0.0,1459,0,5,direct
burst.per.min,morgan_600,Morgan chemistry,0.0,1460,0,5,direct
burst.per.min,morgan_601,Morgan chemistry,0.0,1461,0,5,direct
burst.per.min,morgan_602,Morgan chemistry,0.0,1462,0,5,direct
burst.per.min,morgan_603,Morgan chemistry,0.0,1463,0,5,direct
burst.per.min,morgan_604,Morgan chemistry,0.0,1464,0,5,direct
burst.per.min,morgan_605,Morgan chemistry,0.0,1465,0,5,direct
burst.per.min,morgan_606,Morgan chemistry,0.0,1466,0,5,direct
burst.per.min,morgan_607,Morgan chemistry,0.0,1467,0,5,direct
burst.per.min,morgan_570,Morgan chemistry,0.0,1468,0,5,direct
burst.per.min,morgan_572,Morgan chemistry,0.0,1469,0,5,direct
burst.per.min,morgan_573,Morgan chemistry,0.0,1470,0,5,direct
burst.per.min,morgan_574,Morgan chemistry,0.0,1471,0,5,direct
burst.per.min,morgan_575,Morgan chemistry,0.0,1472,0,5,direct
burst.per.min,morgan_576,Morgan chemistry,0.0,1473,0,5,direct
burst.per.min,morgan_578,Morgan chemistry,0.0,1474,0,5,direct
burst.per.min,morgan_579,Morgan chemistry,0.0,1475,0,5,direct
burst.per.min,morgan_580,Morgan chemistry,0.0,1476,0,5,direct
burst.per.min,morgan_581,Morgan chemistry,0.0,1477,0,5,direct
burst.per.min,morgan_583,Morgan chemistry,0.0,1478,0,5,direct
burst.per.min,morgan_584,Morgan chemistry,0.0,1479,0,5,direct
burst.per.min,morgan_585,Morgan chemistry,0.0,1480,0,5,direct
burst.per.min,morgan_586,Morgan chemistry,0.0,1481,0,5,direct
burst.per.min,morgan_587,Morgan chemistry,0.0,1482,0,5,direct
burst.per.min,morgan_588,Morgan chemistry,0.0,1483,0,5,direct
burst.per.min,morgan_1913,Morgan chemistry,0.0,1484,0,5,direct
burst.per.min,morgan_1915,Morgan chemistry,0.0,1485,0,5,direct
burst.per.min,morgan_1916,Morgan chemistry,0.0,1486,0,5,direct
burst.per.min,morgan_1917,Morgan chemistry,0.0,1487,0,5,direct
burst.per.min,morgan_1918,Morgan chemistry,0.0,1488,0,5,direct
burst.per.min,morgan_1919,Morgan chemistry,0.0,1489,0,5,direct
burst.per.min,morgan_1920,Morgan chemistry,0.0,1490,0,5,direct
burst.per.min,morgan_1921,Morgan chemistry,0.0,1491,0,5,direct
burst.per.min,morgan_1922,Morgan chemistry,0.0,1492,0,5,direct
burst.per.min,morgan_1923,Morgan chemistry,0.0,1493,0,5,direct
burst.per.min,morgan_1924,Morgan chemistry,0.0,1494,0,5,direct
burst.per.min,morgan_1925,Morgan chemistry,0.0,1495,0,5,direct
burst.per.min,morgan_1926,Morgan chemistry,0.0,1496,0,5,direct
burst.per.min,morgan_1927,Morgan chemistry,0.0,1497,0,5,direct
burst.per.min,morgan_1928,Morgan chemistry,0.0,1498,0,5,direct
burst.per.min,morgan_569,Morgan chemistry,0.0,1499,0,5,direct
burst.per.min,morgan_550,Morgan chemistry,0.0,1500,0,5,direct
burst.per.min,morgan_551,Morgan chemistry,0.0,1501,0,5,direct
burst.per.min,morgan_552,Morgan chemistry,0.0,1502,0,5,direct
burst.per.min,morgan_553,Morgan chemistry,0.0,1503,0,5,direct
burst.per.min,morgan_555,Morgan chemistry,0.0,1504,0,5,direct
burst.per.min,morgan_556,Morgan chemistry,0.0,1505,0,5,direct
burst.per.min,morgan_557,Morgan chemistry,0.0,1506,0,5,direct
burst.per.min,morgan_558,Morgan chemistry,0.0,1507,0,5,direct
burst.per.min,morgan_559,Morgan chemistry,0.0,1508,0,5,direct
burst.per.min,morgan_560,Morgan chemistry,0.0,1509,0,5,direct
burst.per.min,morgan_563,Morgan chemistry,0.0,1510,0,5,direct
burst.per.min,morgan_564,Morgan chemistry,0.0,1511,0,5,direct
burst.per.min,morgan_565,Morgan chemistry,0.0,1512,0,5,direct
burst.per.min,morgan_566,Morgan chemistry,0.0,1513,0,5,direct
burst.per.min,morgan_567,Morgan chemistry,0.0,1514,0,5,direct
burst.per.min,morgan_568,Morgan chemistry,0.0,1515,0,5,direct
burst.per.min,morgan_531,Morgan chemistry,0.0,1516,0,5,direct
burst.per.min,morgan_532,Morgan chemistry,0.0,1517,0,5,direct
burst.per.min,morgan_533,Morgan chemistry,0.0,1518,0,5,direct
burst.per.min,morgan_535,Morgan chemistry,0.0,1519,0,5,direct
burst.per.min,morgan_536,Morgan chemistry,0.0,1520,0,5,direct
burst.per.min,morgan_537,Morgan chemistry,0.0,1521,0,5,direct
burst.per.min,morgan_538,Morgan chemistry,0.0,1522,0,5,direct
burst.per.min,morgan_539,Morgan chemistry,0.0,1523,0,5,direct
burst.per.min,morgan_540,Morgan chemistry,0.0,1524,0,5,direct
burst.per.min,morgan_541,Morgan chemistry,0.0,1525,0,5,direct
burst.per.min,morgan_542,Morgan chemistry,0.0,1526,0,5,direct
burst.per.min,morgan_543,Morgan chemistry,0.0,1527,0,5,direct
burst.per.min,morgan_544,Morgan chemistry,0.0,1528,0,5,direct
burst.per.min,morgan_545,Morgan chemistry,0.0,1529,0,5,direct
burst.per.min,morgan_546,Morgan chemistry,0.0,1530,0,5,direct
burst.per.min,morgan_548,Morgan chemistry,0.0,1531,0,5,direct
burst.per.min,morgan_515,Morgan chemistry,0.0,1532,0,5,direct
burst.per.min,morgan_516,Morgan chemistry,0.0,1533,0,5,direct
burst.per.min,morgan_517,Morgan chemistry,0.0,1534,0,5,direct
burst.per.min,morgan_518,Morgan chemistry,0.0,1535,0,5,direct
burst.per.min,morgan_519,Morgan chemistry,0.0,1536,0,5,direct
burst.per.min,morgan_520,Morgan chemistry,0.0,1537,0,5,direct
burst.per.min,morgan_521,Morgan chemistry,0.0,1538,0,5,direct
burst.per.min,morgan_522,Morgan chemistry,0.0,1539,0,5,direct
burst.per.min,morgan_523,Morgan chemistry,0.0,1540,0,5,direct
burst.per.min,morgan_524,Morgan chemistry,0.0,1541,0,5,direct
burst.per.min,morgan_525,Morgan chemistry,0.0,1542,0,5,direct
burst.per.min,morgan_526,Morgan chemistry,0.0,1543,0,5,direct
burst.per.min,morgan_527,Morgan chemistry,0.0,1544,0,5,direct
burst.per.min,morgan_528,Morgan chemistry,0.0,1545,0,5,direct
burst.per.min,morgan_529,Morgan chemistry,0.0,1546,0,5,direct
burst.per.min,morgan_530,Morgan chemistry,0.0,1547,0,5,direct
burst.per.min,morgan_497,Morgan chemistry,0.0,1548,0,5,direct
burst.per.min,morgan_498,Morgan chemistry,0.0,1549,0,5,direct
burst.per.min,morgan_499,Morgan chemistry,0.0,1550,0,5,direct
burst.per.min,morgan_500,Morgan chemistry,0.0,1551,0,5,direct
burst.per.min,morgan_502,Morgan chemistry,0.0,1552,0,5,direct
burst.per.min,morgan_503,Morgan chemistry,0.0,1553,0,5,direct
burst.per.min,morgan_504,Morgan chemistry,0.0,1554,0,5,direct
burst.per.min,morgan_505,Morgan chemistry,0.0,1555,0,5,direct
burst.per.min,morgan_507,Morgan chemistry,0.0,1556,0,5,direct
burst.per.min,morgan_508,Morgan chemistry,0.0,1557,0,5,direct
burst.per.min,morgan_509,Morgan chemistry,0.0,1558,0,5,direct
burst.per.min,morgan_510,Morgan chemistry,0.0,1559,0,5,direct
burst.per.min,morgan_511,Morgan chemistry,0.0,1560,0,5,direct
burst.per.min,morgan_512,Morgan chemistry,0.0,1561,0,5,direct
burst.per.min,morgan_513,Morgan chemistry,0.0,1562,0,5,direct
burst.per.min,morgan_514,Morgan chemistry,0.0,1563,0,5,direct
burst.per.min,morgan_480,Morgan chemistry,0.0,1564,0,5,direct
burst.per.min,morgan_481,Morgan chemistry,0.0,1565,0,5,direct
burst.per.min,morgan_482,Morgan chemistry,0.0,1566,0,5,direct
burst.per.min,morgan_483,Morgan chemistry,0.0,1567,0,5,direct
burst.per.min,morgan_484,Morgan chemistry,0.0,1568,0,5,direct
burst.per.min,morgan_485,Morgan chemistry,0.0,1569,0,5,direct
burst.per.min,morgan_487,Morgan chemistry,0.0,1570,0,5,direct
burst.per.min,morgan_488,Morgan chemistry,0.0,1571,0,5,direct
burst.per.min,morgan_489,Morgan chemistry,0.0,1572,0,5,direct
burst.per.min,morgan_490,Morgan chemistry,0.0,1573,0,5,direct
burst.per.min,morgan_491,Morgan chemistry,0.0,1574,0,5,direct
burst.per.min,morgan_492,Morgan chemistry,0.0,1575,0,5,direct
burst.per.min,morgan_493,Morgan chemistry,0.0,1576,0,5,direct
burst.per.min,morgan_494,Morgan chemistry,0.0,1577,0,5,direct
burst.per.min,morgan_495,Morgan chemistry,0.0,1578,0,5,direct
burst.per.min,morgan_496,Morgan chemistry,0.0,1579,0,5,direct
burst.per.min,morgan_464,Morgan chemistry,0.0,1580,0,5,direct
burst.per.min,morgan_465,Morgan chemistry,0.0,1581,0,5,direct
burst.per.min,morgan_466,Morgan chemistry,0.0,1582,0,5,direct
burst.per.min,morgan_467,Morgan chemistry,0.0,1583,0,5,direct
burst.per.min,morgan_468,Morgan chemistry,0.0,1584,0,5,direct
burst.per.min,morgan_469,Morgan chemistry,0.0,1585,0,5,direct
burst.per.min,morgan_470,Morgan chemistry,0.0,1586,0,5,direct
burst.per.min,morgan_471,Morgan chemistry,0.0,1587,0,5,direct
burst.per.min,morgan_472,Morgan chemistry,0.0,1588,0,5,direct
burst.per.min,morgan_473,Morgan chemistry,0.0,1589,0,5,direct
burst.per.min,morgan_474,Morgan chemistry,0.0,1590,0,5,direct
burst.per.min,morgan_475,Morgan chemistry,0.0,1591,0,5,direct
burst.per.min,morgan_476,Morgan chemistry,0.0,1592,0,5,direct
burst.per.min,morgan_477,Morgan chemistry,0.0,1593,0,5,direct
burst.per.min,morgan_478,Morgan chemistry,0.0,1594,0,5,direct
burst.per.min,morgan_479,Morgan chemistry,0.0,1595,0,5,direct
burst.per.min,morgan_445,Morgan chemistry,0.0,1596,0,5,direct
burst.per.min,morgan_447,Morgan chemistry,0.0,1597,0,5,direct
burst.per.min,morgan_448,Morgan chemistry,0.0,1598,0,5,direct
burst.per.min,morgan_449,Morgan chemistry,0.0,1599,0,5,direct
burst.per.min,morgan_450,Morgan chemistry,0.0,1600,0,5,direct
burst.per.min,morgan_452,Morgan chemistry,0.0,1601,0,5,direct
burst.per.min,morgan_453,Morgan chemistry,0.0,1602,0,5,direct
burst.per.min,morgan_454,Morgan chemistry,0.0,1603,0,5,direct
burst.per.min,morgan_455,Morgan chemistry,0.0,1604,0,5,direct
burst.per.min,morgan_457,Morgan chemistry,0.0,1605,0,5,direct
burst.per.min,morgan_458,Morgan chemistry,0.0,1606,0,5,direct
burst.per.min,morgan_459,Morgan chemistry,0.0,1607,0,5,direct
burst.per.min,morgan_460,Morgan chemistry,0.0,1608,0,5,direct
burst.per.min,morgan_461,Morgan chemistry,0.0,1609,0,5,direct
burst.per.min,morgan_462,Morgan chemistry,0.0,1610,0,5,direct
burst.per.min,morgan_463,Morgan chemistry,0.0,1611,0,5,direct
burst.per.min,morgan_2045,Morgan chemistry,0.0,1612,0,5,direct
burst.per.min,morgan_429,Morgan chemistry,0.0,1613,0,5,direct
burst.per.min,morgan_430,Morgan chemistry,0.0,1614,0,5,direct
burst.per.min,morgan_432,Morgan chemistry,0.0,1615,0,5,direct
burst.per.min,morgan_433,Morgan chemistry,0.0,1616,0,5,direct
burst.per.min,morgan_434,Morgan chemistry,0.0,1617,0,5,direct
burst.per.min,morgan_435,Morgan chemistry,0.0,1618,0,5,direct
burst.per.min,morgan_436,Morgan chemistry,0.0,1619,0,5,direct
burst.per.min,morgan_437,Morgan chemistry,0.0,1620,0,5,direct
burst.per.min,morgan_438,Morgan chemistry,0.0,1621,0,5,direct
burst.per.min,morgan_439,Morgan chemistry,0.0,1622,0,5,direct
burst.per.min,morgan_440,Morgan chemistry,0.0,1623,0,5,direct
burst.per.min,morgan_441,Morgan chemistry,0.0,1624,0,5,direct
burst.per.min,morgan_442,Morgan chemistry,0.0,1625,0,5,direct
burst.per.min,morgan_443,Morgan chemistry,0.0,1626,0,5,direct
burst.per.min,morgan_444,Morgan chemistry,0.0,1627,0,5,direct
burst.per.min,morgan_412,Morgan chemistry,0.0,1628,0,5,direct
burst.per.min,morgan_413,Morgan chemistry,0.0,1629,0,5,direct
burst.per.min,morgan_414,Morgan chemistry,0.0,1630,0,5,direct
burst.per.min,morgan_415,Morgan chemistry,0.0,1631,0,5,direct
burst.per.min,morgan_416,Morgan chemistry,0.0,1632,0,5,direct
burst.per.min,morgan_417,Morgan chemistry,0.0,1633,0,5,direct
burst.per.min,morgan_418,Morgan chemistry,0.0,1634,0,5,direct
burst.per.min,morgan_419,Morgan chemistry,0.0,1635,0,5,direct
burst.per.min,morgan_420,Morgan chemistry,0.0,1636,0,5,direct
burst.per.min,morgan_421,Morgan chemistry,0.0,1637,0,5,direct
burst.per.min,morgan_422,Morgan chemistry,0.0,1638,0,5,direct
burst.per.min,morgan_423,Morgan chemistry,0.0,1639,0,5,direct
burst.per.min,morgan_424,Morgan chemistry,0.0,1640,0,5,direct
burst.per.min,morgan_425,Morgan chemistry,0.0,1641,0,5,direct
burst.per.min,morgan_426,Morgan chemistry,0.0,1642,0,5,direct
burst.per.min,morgan_427,Morgan chemistry,0.0,1643,0,5,direct
burst.per.min,morgan_396,Morgan chemistry,0.0,1644,0,5,direct
burst.per.min,morgan_397,Morgan chemistry,0.0,1645,0,5,direct
burst.per.min,morgan_398,Morgan chemistry,0.0,1646,0,5,direct
burst.per.min,morgan_399,Morgan chemistry,0.0,1647,0,5,direct
burst.per.min,morgan_400,Morgan chemistry,0.0,1648,0,5,direct
burst.per.min,morgan_401,Morgan chemistry,0.0,1649,0,5,direct
burst.per.min,morgan_402,Morgan chemistry,0.0,1650,0,5,direct
burst.per.min,morgan_403,Morgan chemistry,0.0,1651,0,5,direct
burst.per.min,morgan_404,Morgan chemistry,0.0,1652,0,5,direct
burst.per.min,morgan_405,Morgan chemistry,0.0,1653,0,5,direct
burst.per.min,morgan_406,Morgan chemistry,0.0,1654,0,5,direct
burst.per.min,morgan_407,Morgan chemistry,0.0,1655,0,5,direct
burst.per.min,morgan_408,Morgan chemistry,0.0,1656,0,5,direct
burst.per.min,morgan_409,Morgan chemistry,0.0,1657,0,5,direct
burst.per.min,morgan_410,Morgan chemistry,0.0,1658,0,5,direct
burst.per.min,morgan_411,Morgan chemistry,0.0,1659,0,5,direct
burst.per.min,morgan_378,Morgan chemistry,0.0,1660,0,5,direct
burst.per.min,morgan_379,Morgan chemistry,0.0,1661,0,5,direct
burst.per.min,morgan_380,Morgan chemistry,0.0,1662,0,5,direct
burst.per.min,morgan_381,Morgan chemistry,0.0,1663,0,5,direct
burst.per.min,morgan_382,Morgan chemistry,0.0,1664,0,5,direct
burst.per.min,morgan_383,Morgan chemistry,0.0,1665,0,5,direct
burst.per.min,morgan_384,Morgan chemistry,0.0,1666,0,5,direct
burst.per.min,morgan_385,Morgan chemistry,0.0,1667,0,5,direct
burst.per.min,morgan_386,Morgan chemistry,0.0,1668,0,5,direct
burst.per.min,morgan_387,Morgan chemistry,0.0,1669,0,5,direct
burst.per.min,morgan_388,Morgan chemistry,0.0,1670,0,5,direct
burst.per.min,morgan_390,Morgan chemistry,0.0,1671,0,5,direct
burst.per.min,morgan_391,Morgan chemistry,0.0,1672,0,5,direct
burst.per.min,morgan_393,Morgan chemistry,0.0,1673,0,5,direct
burst.per.min,morgan_394,Morgan chemistry,0.0,1674,0,5,direct
burst.per.min,morgan_395,Morgan chemistry,0.0,1675,0,5,direct
burst.per.min,morgan_2044,Morgan chemistry,0.0,1676,0,5,direct
burst.per.min,morgan_362,Morgan chemistry,0.0,1677,0,5,direct
burst.per.min,morgan_363,Morgan chemistry,0.0,1678,0,5,direct
burst.per.min,morgan_364,Morgan chemistry,0.0,1679,0,5,direct
burst.per.min,morgan_365,Morgan chemistry,0.0,1680,0,5,direct
burst.per.min,morgan_367,Morgan chemistry,0.0,1681,0,5,direct
burst.per.min,morgan_368,Morgan chemistry,0.0,1682,0,5,direct
burst.per.min,morgan_369,Morgan chemistry,0.0,1683,0,5,direct
burst.per.min,morgan_370,Morgan chemistry,0.0,1684,0,5,direct
burst.per.min,morgan_371,Morgan chemistry,0.0,1685,0,5,direct
burst.per.min,morgan_372,Morgan chemistry,0.0,1686,0,5,direct
burst.per.min,morgan_373,Morgan chemistry,0.0,1687,0,5,direct
burst.per.min,morgan_374,Morgan chemistry,0.0,1688,0,5,direct
burst.per.min,morgan_375,Morgan chemistry,0.0,1689,0,5,direct
burst.per.min,morgan_376,Morgan chemistry,0.0,1690,0,5,direct
burst.per.min,morgan_377,Morgan chemistry,0.0,1691,0,5,direct
burst.per.min,morgan_360,Morgan chemistry,0.0,1692,0,5,direct
burst.per.min,morgan_1929,Morgan chemistry,0.0,1693,0,5,direct
burst.per.min,morgan_1930,Morgan chemistry,0.0,1694,0,5,direct
burst.per.min,morgan_1931,Morgan chemistry,0.0,1695,0,5,direct
burst.per.min,morgan_1932,Morgan chemistry,0.0,1696,0,5,direct
burst.per.min,morgan_1933,Morgan chemistry,0.0,1697,0,5,direct
burst.per.min,morgan_1934,Morgan chemistry,0.0,1698,0,5,direct
burst.per.min,morgan_1935,Morgan chemistry,0.0,1699,0,5,direct
burst.per.min,morgan_1936,Morgan chemistry,0.0,1700,0,5,direct
burst.per.min,morgan_1937,Morgan chemistry,0.0,1701,0,5,direct
burst.per.min,morgan_1938,Morgan chemistry,0.0,1702,0,5,direct
burst.per.min,morgan_1939,Morgan chemistry,0.0,1703,0,5,direct
burst.per.min,morgan_1940,Morgan chemistry,0.0,1704,0,5,direct
burst.per.min,morgan_1942,Morgan chemistry,0.0,1705,0,5,direct
burst.per.min,morgan_1943,Morgan chemistry,0.0,1706,0,5,direct
burst.per.min,morgan_1944,Morgan chemistry,0.0,1707,0,5,direct
burst.per.min,morgan_342,Morgan chemistry,0.0,1708,0,5,direct
burst.per.min,morgan_343,Morgan chemistry,0.0,1709,0,5,direct
burst.per.min,morgan_344,Morgan chemistry,0.0,1710,0,5,direct
burst.per.min,morgan_345,Morgan chemistry,0.0,1711,0,5,direct
burst.per.min,morgan_347,Morgan chemistry,0.0,1712,0,5,direct
burst.per.min,morgan_348,Morgan chemistry,0.0,1713,0,5,direct
burst.per.min,morgan_349,Morgan chemistry,0.0,1714,0,5,direct
burst.per.min,morgan_350,Morgan chemistry,0.0,1715,0,5,direct
burst.per.min,morgan_351,Morgan chemistry,0.0,1716,0,5,direct
burst.per.min,morgan_353,Morgan chemistry,0.0,1717,0,5,direct
burst.per.min,morgan_354,Morgan chemistry,0.0,1718,0,5,direct
burst.per.min,morgan_355,Morgan chemistry,0.0,1719,0,5,direct
burst.per.min,morgan_356,Morgan chemistry,0.0,1720,0,5,direct
burst.per.min,morgan_357,Morgan chemistry,0.0,1721,0,5,direct
burst.per.min,morgan_358,Morgan chemistry,0.0,1722,0,5,direct
burst.per.min,morgan_359,Morgan chemistry,0.0,1723,0,5,direct
burst.per.min,morgan_326,Morgan chemistry,0.0,1724,0,5,direct
burst.per.min,morgan_327,Morgan chemistry,0.0,1725,0,5,direct
burst.per.min,morgan_328,Morgan chemistry,0.0,1726,0,5,direct
burst.per.min,morgan_329,Morgan chemistry,0.0,1727,0,5,direct
burst.per.min,morgan_330,Morgan chemistry,0.0,1728,0,5,direct
burst.per.min,morgan_331,Morgan chemistry,0.0,1729,0,5,direct
burst.per.min,morgan_332,Morgan chemistry,0.0,1730,0,5,direct
burst.per.min,morgan_333,Morgan chemistry,0.0,1731,0,5,direct
burst.per.min,morgan_334,Morgan chemistry,0.0,1732,0,5,direct
burst.per.min,morgan_335,Morgan chemistry,0.0,1733,0,5,direct
burst.per.min,morgan_336,Morgan chemistry,0.0,1734,0,5,direct
burst.per.min,morgan_337,Morgan chemistry,0.0,1735,0,5,direct
burst.per.min,morgan_338,Morgan chemistry,0.0,1736,0,5,direct
burst.per.min,morgan_339,Morgan chemistry,0.0,1737,0,5,direct
burst.per.min,morgan_340,Morgan chemistry,0.0,1738,0,5,direct
burst.per.min,morgan_341,Morgan chemistry,0.0,1739,0,5,direct
burst.per.min,morgan_307,Morgan chemistry,0.0,1740,0,5,direct
burst.per.min,morgan_308,Morgan chemistry,0.0,1741,0,5,direct
burst.per.min,morgan_309,Morgan chemistry,0.0,1742,0,5,direct
burst.per.min,morgan_310,Morgan chemistry,0.0,1743,0,5,direct
burst.per.min,morgan_311,Morgan chemistry,0.0,1744,0,5,direct
burst.per.min,morgan_312,Morgan chemistry,0.0,1745,0,5,direct
burst.per.min,morgan_313,Morgan chemistry,0.0,1746,0,5,direct
burst.per.min,morgan_2039,Morgan chemistry,0.0,1747,0,5,direct
burst.per.min,morgan_315,Morgan chemistry,0.0,1748,0,5,direct
burst.per.min,morgan_317,Morgan chemistry,0.0,1749,0,5,direct
burst.per.min,morgan_318,Morgan chemistry,0.0,1750,0,5,direct
burst.per.min,morgan_319,Morgan chemistry,0.0,1751,0,5,direct
burst.per.min,morgan_320,Morgan chemistry,0.0,1752,0,5,direct
burst.per.min,morgan_323,Morgan chemistry,0.0,1753,0,5,direct
burst.per.min,morgan_324,Morgan chemistry,0.0,1754,0,5,direct
burst.per.min,morgan_325,Morgan chemistry,0.0,1755,0,5,direct
burst.per.min,morgan_285,Morgan chemistry,0.0,1756,0,5,direct
burst.per.min,morgan_286,Morgan chemistry,0.0,1757,0,5,direct
burst.per.min,morgan_287,Morgan chemistry,0.0,1758,0,5,direct
burst.per.min,morgan_289,Morgan chemistry,0.0,1759,0,5,direct
burst.per.min,morgan_290,Morgan chemistry,0.0,1760,0,5,direct
burst.per.min,morgan_291,Morgan chemistry,0.0,1761,0,5,direct
burst.per.min,morgan_293,Morgan chemistry,0.0,1762,0,5,direct
burst.per.min,morgan_296,Morgan chemistry,0.0,1763,0,5,direct
burst.per.min,morgan_297,Morgan chemistry,0.0,1764,0,5,direct
burst.per.min,morgan_298,Morgan chemistry,0.0,1765,0,5,direct
burst.per.min,morgan_299,Morgan chemistry,0.0,1766,0,5,direct
burst.per.min,morgan_302,Morgan chemistry,0.0,1767,0,5,direct
burst.per.min,morgan_303,Morgan chemistry,0.0,1768,0,5,direct
burst.per.min,morgan_304,Morgan chemistry,0.0,1769,0,5,direct
burst.per.min,morgan_305,Morgan chemistry,0.0,1770,0,5,direct
burst.per.min,morgan_306,Morgan chemistry,0.0,1771,0,5,direct
burst.per.min,morgan_267,Morgan chemistry,0.0,1772,0,5,direct
burst.per.min,morgan_268,Morgan chemistry,0.0,1773,0,5,direct
burst.per.min,morgan_269,Morgan chemistry,0.0,1774,0,5,direct
burst.per.min,morgan_270,Morgan chemistry,0.0,1775,0,5,direct
burst.per.min,morgan_2036,Morgan chemistry,0.0,1776,0,5,direct
burst.per.min,morgan_272,Morgan chemistry,0.0,1777,0,5,direct
burst.per.min,morgan_273,Morgan chemistry,0.0,1778,0,5,direct
burst.per.min,morgan_274,Morgan chemistry,0.0,1779,0,5,direct
burst.per.min,morgan_275,Morgan chemistry,0.0,1780,0,5,direct
burst.per.min,morgan_276,Morgan chemistry,0.0,1781,0,5,direct
burst.per.min,morgan_278,Morgan chemistry,0.0,1782,0,5,direct
burst.per.min,morgan_279,Morgan chemistry,0.0,1783,0,5,direct
burst.per.min,morgan_281,Morgan chemistry,0.0,1784,0,5,direct
burst.per.min,morgan_282,Morgan chemistry,0.0,1785,0,5,direct
burst.per.min,morgan_283,Morgan chemistry,0.0,1786,0,5,direct
burst.per.min,morgan_284,Morgan chemistry,0.0,1787,0,5,direct
burst.per.min,morgan_250,Morgan chemistry,0.0,1788,0,5,direct
burst.per.min,morgan_251,Morgan chemistry,0.0,1789,0,5,direct
burst.per.min,morgan_253,Morgan chemistry,0.0,1790,0,5,direct
burst.per.min,morgan_254,Morgan chemistry,0.0,1791,0,5,direct
burst.per.min,morgan_255,Morgan chemistry,0.0,1792,0,5,direct
burst.per.min,morgan_256,Morgan chemistry,0.0,1793,0,5,direct
burst.per.min,morgan_257,Morgan chemistry,0.0,1794,0,5,direct
burst.per.min,morgan_258,Morgan chemistry,0.0,1795,0,5,direct
burst.per.min,morgan_259,Morgan chemistry,0.0,1796,0,5,direct
burst.per.min,morgan_260,Morgan chemistry,0.0,1797,0,5,direct
burst.per.min,morgan_261,Morgan chemistry,0.0,1798,0,5,direct
burst.per.min,morgan_262,Morgan chemistry,0.0,1799,0,5,direct
burst.per.min,morgan_263,Morgan chemistry,0.0,1800,0,5,direct
burst.per.min,morgan_264,Morgan chemistry,0.0,1801,0,5,direct
burst.per.min,morgan_265,Morgan chemistry,0.0,1802,0,5,direct
burst.per.min,morgan_266,Morgan chemistry,0.0,1803,0,5,direct
burst.per.min,morgan_1960,Morgan chemistry,0.0,1804,0,5,direct
burst.per.min,morgan_234,Morgan chemistry,0.0,1805,0,5,direct
burst.per.min,morgan_235,Morgan chemistry,0.0,1806,0,5,direct
burst.per.min,morgan_236,Morgan chemistry,0.0,1807,0,5,direct
burst.per.min,morgan_237,Morgan chemistry,0.0,1808,0,5,direct
burst.per.min,morgan_238,Morgan chemistry,0.0,1809,0,5,direct
burst.per.min,morgan_239,Morgan chemistry,0.0,1810,0,5,direct
burst.per.min,morgan_240,Morgan chemistry,0.0,1811,0,5,direct
burst.per.min,morgan_241,Morgan chemistry,0.0,1812,0,5,direct
burst.per.min,morgan_242,Morgan chemistry,0.0,1813,0,5,direct
burst.per.min,morgan_244,Morgan chemistry,0.0,1814,0,5,direct
burst.per.min,morgan_245,Morgan chemistry,0.0,1815,0,5,direct
burst.per.min,morgan_246,Morgan chemistry,0.0,1816,0,5,direct
burst.per.min,morgan_247,Morgan chemistry,0.0,1817,0,5,direct
burst.per.min,morgan_248,Morgan chemistry,0.0,1818,0,5,direct
burst.per.min,morgan_249,Morgan chemistry,0.0,1819,0,5,direct
burst.per.min,morgan_232,Morgan chemistry,0.0,1820,0,5,direct
burst.per.min,morgan_1945,Morgan chemistry,0.0,1821,0,5,direct
burst.per.min,morgan_1946,Morgan chemistry,0.0,1822,0,5,direct
burst.per.min,morgan_1947,Morgan chemistry,0.0,1823,0,5,direct
burst.per.min,morgan_1948,Morgan chemistry,0.0,1824,0,5,direct
burst.per.min,morgan_1949,Morgan chemistry,0.0,1825,0,5,direct
burst.per.min,morgan_1950,Morgan chemistry,0.0,1826,0,5,direct
burst.per.min,morgan_1951,Morgan chemistry,0.0,1827,0,5,direct
burst.per.min,morgan_1952,Morgan chemistry,0.0,1828,0,5,direct
burst.per.min,morgan_1953,Morgan chemistry,0.0,1829,0,5,direct
burst.per.min,morgan_1954,Morgan chemistry,0.0,1830,0,5,direct
burst.per.min,morgan_1955,Morgan chemistry,0.0,1831,0,5,direct
burst.per.min,morgan_1956,Morgan chemistry,0.0,1832,0,5,direct
burst.per.min,morgan_1957,Morgan chemistry,0.0,1833,0,5,direct
burst.per.min,morgan_1958,Morgan chemistry,0.0,1834,0,5,direct
burst.per.min,morgan_1959,Morgan chemistry,0.0,1835,0,5,direct
burst.per.min,morgan_212,Morgan chemistry,0.0,1836,0,5,direct
burst.per.min,morgan_213,Morgan chemistry,0.0,1837,0,5,direct
burst.per.min,morgan_214,Morgan chemistry,0.0,1838,0,5,direct
burst.per.min,morgan_215,Morgan chemistry,0.0,1839,0,5,direct
burst.per.min,morgan_218,Morgan chemistry,0.0,1840,0,5,direct
burst.per.min,morgan_219,Morgan chemistry,0.0,1841,0,5,direct
burst.per.min,morgan_220,Morgan chemistry,0.0,1842,0,5,direct
burst.per.min,morgan_221,Morgan chemistry,0.0,1843,0,5,direct
burst.per.min,morgan_223,Morgan chemistry,0.0,1844,0,5,direct
burst.per.min,morgan_224,Morgan chemistry,0.0,1845,0,5,direct
burst.per.min,morgan_225,Morgan chemistry,0.0,1846,0,5,direct
burst.per.min,morgan_226,Morgan chemistry,0.0,1847,0,5,direct
burst.per.min,morgan_227,Morgan chemistry,0.0,1848,0,5,direct
burst.per.min,morgan_228,Morgan chemistry,0.0,1849,0,5,direct
burst.per.min,morgan_229,Morgan chemistry,0.0,1850,0,5,direct
burst.per.min,morgan_230,Morgan chemistry,0.0,1851,0,5,direct
burst.per.min,morgan_196,Morgan chemistry,0.0,1852,0,5,direct
burst.per.min,morgan_197,Morgan chemistry,0.0,1853,0,5,direct
burst.per.min,morgan_198,Morgan chemistry,0.0,1854,0,5,direct
burst.per.min,morgan_199,Morgan chemistry,0.0,1855,0,5,direct
burst.per.min,morgan_200,Morgan chemistry,0.0,1856,0,5,direct
burst.per.min,morgan_201,Morgan chemistry,0.0,1857,0,5,direct
burst.per.min,morgan_202,Morgan chemistry,0.0,1858,0,5,direct
burst.per.min,morgan_203,Morgan chemistry,0.0,1859,0,5,direct
burst.per.min,morgan_204,Morgan chemistry,0.0,1860,0,5,direct
burst.per.min,morgan_205,Morgan chemistry,0.0,1861,0,5,direct
burst.per.min,morgan_206,Morgan chemistry,0.0,1862,0,5,direct
burst.per.min,morgan_207,Morgan chemistry,0.0,1863,0,5,direct
burst.per.min,morgan_208,Morgan chemistry,0.0,1864,0,5,direct
burst.per.min,morgan_209,Morgan chemistry,0.0,1865,0,5,direct
burst.per.min,morgan_210,Morgan chemistry,0.0,1866,0,5,direct
burst.per.min,morgan_211,Morgan chemistry,0.0,1867,0,5,direct
burst.per.min,morgan_178,Morgan chemistry,0.0,1868,0,5,direct
burst.per.min,morgan_179,Morgan chemistry,0.0,1869,0,5,direct
burst.per.min,morgan_180,Morgan chemistry,0.0,1870,0,5,direct
burst.per.min,morgan_181,Morgan chemistry,0.0,1871,0,5,direct
burst.per.min,morgan_182,Morgan chemistry,0.0,1872,0,5,direct
burst.per.min,morgan_183,Morgan chemistry,0.0,1873,0,5,direct
burst.per.min,morgan_184,Morgan chemistry,0.0,1874,0,5,direct
burst.per.min,morgan_185,Morgan chemistry,0.0,1875,0,5,direct
burst.per.min,morgan_186,Morgan chemistry,0.0,1876,0,5,direct
burst.per.min,morgan_187,Morgan chemistry,0.0,1877,0,5,direct
burst.per.min,morgan_188,Morgan chemistry,0.0,1878,0,5,direct
burst.per.min,morgan_189,Morgan chemistry,0.0,1879,0,5,direct
burst.per.min,morgan_191,Morgan chemistry,0.0,1880,0,5,direct
burst.per.min,morgan_193,Morgan chemistry,0.0,1881,0,5,direct
burst.per.min,morgan_194,Morgan chemistry,0.0,1882,0,5,direct
burst.per.min,morgan_195,Morgan chemistry,0.0,1883,0,5,direct
burst.per.min,morgan_160,Morgan chemistry,0.0,1884,0,5,direct
burst.per.min,morgan_161,Morgan chemistry,0.0,1885,0,5,direct
burst.per.min,morgan_162,Morgan chemistry,0.0,1886,0,5,direct
burst.per.min,morgan_163,Morgan chemistry,0.0,1887,0,5,direct
burst.per.min,morgan_164,Morgan chemistry,0.0,1888,0,5,direct
burst.per.min,morgan_166,Morgan chemistry,0.0,1889,0,5,direct
burst.per.min,morgan_167,Morgan chemistry,0.0,1890,0,5,direct
burst.per.min,morgan_168,Morgan chemistry,0.0,1891,0,5,direct
burst.per.min,morgan_169,Morgan chemistry,0.0,1892,0,5,direct
burst.per.min,morgan_170,Morgan chemistry,0.0,1893,0,5,direct
burst.per.min,morgan_171,Morgan chemistry,0.0,1894,0,5,direct
burst.per.min,morgan_172,Morgan chemistry,0.0,1895,0,5,direct
burst.per.min,morgan_173,Morgan chemistry,0.0,1896,0,5,direct
burst.per.min,morgan_174,Morgan chemistry,0.0,1897,0,5,direct
burst.per.min,morgan_176,Morgan chemistry,0.0,1898,0,5,direct
burst.per.min,morgan_177,Morgan chemistry,0.0,1899,0,5,direct
burst.per.min,morgan_139,Morgan chemistry,0.0,1900,0,5,direct
burst.per.min,morgan_140,Morgan chemistry,0.0,1901,0,5,direct
burst.per.min,morgan_141,Morgan chemistry,0.0,1902,0,5,direct
burst.per.min,morgan_142,Morgan chemistry,0.0,1903,0,5,direct
burst.per.min,morgan_143,Morgan chemistry,0.0,1904,0,5,direct
burst.per.min,morgan_144,Morgan chemistry,0.0,1905,0,5,direct
burst.per.min,morgan_145,Morgan chemistry,0.0,1906,0,5,direct
burst.per.min,morgan_146,Morgan chemistry,0.0,1907,0,5,direct
burst.per.min,morgan_150,Morgan chemistry,0.0,1908,0,5,direct
burst.per.min,morgan_152,Morgan chemistry,0.0,1909,0,5,direct
burst.per.min,morgan_153,Morgan chemistry,0.0,1910,0,5,direct
burst.per.min,morgan_154,Morgan chemistry,0.0,1911,0,5,direct
burst.per.min,morgan_156,Morgan chemistry,0.0,1912,0,5,direct
burst.per.min,morgan_157,Morgan chemistry,0.0,1913,0,5,direct
burst.per.min,morgan_158,Morgan chemistry,0.0,1914,0,5,direct
burst.per.min,morgan_159,Morgan chemistry,0.0,1915,0,5,direct
burst.per.min,morgan_123,Morgan chemistry,0.0,1916,0,5,direct
burst.per.min,morgan_124,Morgan chemistry,0.0,1917,0,5,direct
burst.per.min,morgan_125,Morgan chemistry,0.0,1918,0,5,direct
burst.per.min,morgan_126,Morgan chemistry,0.0,1919,0,5,direct
burst.per.min,morgan_127,Morgan chemistry,0.0,1920,0,5,direct
burst.per.min,morgan_128,Morgan chemistry,0.0,1921,0,5,direct
burst.per.min,morgan_129,Morgan chemistry,0.0,1922,0,5,direct
burst.per.min,morgan_130,Morgan chemistry,0.0,1923,0,5,direct
burst.per.min,morgan_131,Morgan chemistry,0.0,1924,0,5,direct
burst.per.min,morgan_132,Morgan chemistry,0.0,1925,0,5,direct
burst.per.min,morgan_133,Morgan chemistry,0.0,1926,0,5,direct
burst.per.min,morgan_134,Morgan chemistry,0.0,1927,0,5,direct
burst.per.min,morgan_135,Morgan chemistry,0.0,1928,0,5,direct
burst.per.min,morgan_136,Morgan chemistry,0.0,1929,0,5,direct
burst.per.min,morgan_137,Morgan chemistry,0.0,1930,0,5,direct
burst.per.min,morgan_138,Morgan chemistry,0.0,1931,0,5,direct
burst.per.min,morgan_106,Morgan chemistry,0.0,1932,0,5,direct
burst.per.min,morgan_107,Morgan chemistry,0.0,1933,0,5,direct
burst.per.min,morgan_108,Morgan chemistry,0.0,1934,0,5,direct
burst.per.min,morgan_109,Morgan chemistry,0.0,1935,0,5,direct
burst.per.min,morgan_110,Morgan chemistry,0.0,1936,0,5,direct
burst.per.min,morgan_111,Morgan chemistry,0.0,1937,0,5,direct
burst.per.min,morgan_112,Morgan chemistry,0.0,1938,0,5,direct
burst.per.min,morgan_113,Morgan chemistry,0.0,1939,0,5,direct
burst.per.min,morgan_115,Morgan chemistry,0.0,1940,0,5,direct
burst.per.min,morgan_116,Morgan chemistry,0.0,1941,0,5,direct
burst.per.min,morgan_117,Morgan chemistry,0.0,1942,0,5,direct
burst.per.min,morgan_118,Morgan chemistry,0.0,1943,0,5,direct
burst.per.min,morgan_119,Morgan chemistry,0.0,1944,0,5,direct
burst.per.min,morgan_120,Morgan chemistry,0.0,1945,0,5,direct
burst.per.min,morgan_121,Morgan chemistry,0.0,1946,0,5,direct
burst.per.min,morgan_122,Morgan chemistry,0.0,1947,0,5,direct
burst.per.min,morgan_89,Morgan chemistry,0.0,1948,0,5,direct
burst.per.min,morgan_90,Morgan chemistry,0.0,1949,0,5,direct
burst.per.min,morgan_91,Morgan chemistry,0.0,1950,0,5,direct
burst.per.min,morgan_92,Morgan chemistry,0.0,1951,0,5,direct
burst.per.min,morgan_93,Morgan chemistry,0.0,1952,0,5,direct
burst.per.min,morgan_94,Morgan chemistry,0.0,1953,0,5,direct
burst.per.min,morgan_95,Morgan chemistry,0.0,1954,0,5,direct
burst.per.min,morgan_96,Morgan chemistry,0.0,1955,0,5,direct
burst.per.min,morgan_98,Morgan chemistry,0.0,1956,0,5,direct
burst.per.min,morgan_99,Morgan chemistry,0.0,1957,0,5,direct
burst.per.min,morgan_100,Morgan chemistry,0.0,1958,0,5,direct
burst.per.min,morgan_101,Morgan chemistry,0.0,1959,0,5,direct
burst.per.min,morgan_102,Morgan chemistry,0.0,1960,0,5,direct
burst.per.min,morgan_103,Morgan chemistry,0.0,1961,0,5,direct
burst.per.min,morgan_104,Morgan chemistry,0.0,1962,0,5,direct
burst.per.min,morgan_105,Morgan chemistry,0.0,1963,0,5,direct
burst.per.min,morgan_1975,Morgan chemistry,0.0,1964,0,5,direct
burst.per.min,morgan_1976,Morgan chemistry,0.0,1965,0,5,direct
burst.per.min,morgan_73,Morgan chemistry,0.0,1966,0,5,direct
burst.per.min,morgan_74,Morgan chemistry,0.0,1967,0,5,direct
burst.per.min,morgan_75,Morgan chemistry,0.0,1968,0,5,direct
burst.per.min,morgan_76,Morgan chemistry,0.0,1969,0,5,direct
burst.per.min,morgan_77,Morgan chemistry,0.0,1970,0,5,direct
burst.per.min,morgan_78,Morgan chemistry,0.0,1971,0,5,direct
burst.per.min,morgan_79,Morgan chemistry,0.0,1972,0,5,direct
burst.per.min,morgan_81,Morgan chemistry,0.0,1973,0,5,direct
burst.per.min,morgan_82,Morgan chemistry,0.0,1974,0,5,direct
burst.per.min,morgan_83,Morgan chemistry,0.0,1975,0,5,direct
burst.per.min,morgan_84,Morgan chemistry,0.0,1976,0,5,direct
burst.per.min,morgan_85,Morgan chemistry,0.0,1977,0,5,direct
burst.per.min,morgan_86,Morgan chemistry,0.0,1978,0,5,direct
burst.per.min,morgan_88,Morgan chemistry,0.0,1979,0,5,direct
burst.per.min,morgan_71,Morgan chemistry,0.0,1980,0,5,direct
burst.per.min,morgan_72,Morgan chemistry,0.0,1981,0,5,direct
burst.per.min,morgan_1961,Morgan chemistry,0.0,1982,0,5,direct
burst.per.min,morgan_1962,Morgan chemistry,0.0,1983,0,5,direct
burst.per.min,morgan_1963,Morgan chemistry,0.0,1984,0,5,direct
burst.per.min,morgan_1964,Morgan chemistry,0.0,1985,0,5,direct
burst.per.min,morgan_1965,Morgan chemistry,0.0,1986,0,5,direct
burst.per.min,morgan_1966,Morgan chemistry,0.0,1987,0,5,direct
burst.per.min,morgan_1967,Morgan chemistry,0.0,1988,0,5,direct
burst.per.min,morgan_1968,Morgan chemistry,0.0,1989,0,5,direct
burst.per.min,morgan_1969,Morgan chemistry,0.0,1990,0,5,direct
burst.per.min,morgan_1970,Morgan chemistry,0.0,1991,0,5,direct
burst.per.min,morgan_1971,Morgan chemistry,0.0,1992,0,5,direct
burst.per.min,morgan_2035,Morgan chemistry,0.0,1993,0,5,direct
burst.per.min,morgan_1973,Morgan chemistry,0.0,1994,0,5,direct
burst.per.min,morgan_1974,Morgan chemistry,0.0,1995,0,5,direct
burst.per.min,morgan_52,Morgan chemistry,0.0,1996,0,5,direct
burst.per.min,morgan_53,Morgan chemistry,0.0,1997,0,5,direct
burst.per.min,morgan_54,Morgan chemistry,0.0,1998,0,5,direct
burst.per.min,morgan_55,Morgan chemistry,0.0,1999,0,5,direct
burst.per.min,morgan_56,Morgan chemistry,0.0,2000,0,5,direct
burst.per.min,morgan_57,Morgan chemistry,0.0,2001,0,5,direct
burst.per.min,morgan_58,Morgan chemistry,0.0,2002,0,5,direct
burst.per.min,morgan_60,Morgan chemistry,0.0,2003,0,5,direct
burst.per.min,morgan_61,Morgan chemistry,0.0,2004,0,5,direct
burst.per.min,morgan_62,Morgan chemistry,0.0,2005,0,5,direct
burst.per.min,morgan_63,Morgan chemistry,0.0,2006,0,5,direct
burst.per.min,morgan_64,Morgan chemistry,0.0,2007,0,5,direct
burst.per.min,morgan_65,Morgan chemistry,0.0,2008,0,5,direct
burst.per.min,morgan_66,Morgan chemistry,0.0,2009,0,5,direct
burst.per.min,morgan_67,Morgan chemistry,0.0,2010,0,5,direct
burst.per.min,morgan_68,Morgan chemistry,0.0,2011,0,5,direct
burst.per.min,morgan_35,Morgan chemistry,0.0,2012,0,5,direct
burst.per.min,morgan_36,Morgan chemistry,0.0,2013,0,5,direct
burst.per.min,morgan_37,Morgan chemistry,0.0,2014,0,5,direct
burst.per.min,morgan_38,Morgan chemistry,0.0,2015,0,5,direct
burst.per.min,morgan_39,Morgan chemistry,0.0,2016,0,5,direct
burst.per.min,morgan_40,Morgan chemistry,0.0,2017,0,5,direct
burst.per.min,morgan_41,Morgan chemistry,0.0,2018,0,5,direct
burst.per.min,morgan_42,Morgan chemistry,0.0,2019,0,5,direct
burst.per.min,morgan_43,Morgan chemistry,0.0,2020,0,5,direct
burst.per.min,morgan_44,Morgan chemistry,0.0,2021,0,5,direct
burst.per.min,morgan_45,Morgan chemistry,0.0,2022,0,5,direct
burst.per.min,morgan_46,Morgan chemistry,0.0,2023,0,5,direct
burst.per.min,morgan_48,Morgan chemistry,0.0,2024,0,5,direct
burst.per.min,morgan_49,Morgan chemistry,0.0,2025,0,5,direct
burst.per.min,morgan_50,Morgan chemistry,0.0,2026,0,5,direct
burst.per.min,morgan_51,Morgan chemistry,0.0,2027,0,5,direct
burst.per.min,morgan_16,Morgan chemistry,0.0,2028,0,5,direct
burst.per.min,morgan_17,Morgan chemistry,0.0,2029,0,5,direct
burst.per.min,morgan_18,Morgan chemistry,0.0,2030,0,5,direct
burst.per.min,morgan_19,Morgan chemistry,0.0,2031,0,5,direct
burst.per.min,morgan_21,Morgan chemistry,0.0,2032,0,5,direct
burst.per.min,morgan_22,Morgan chemistry,0.0,2033,0,5,direct
burst.per.min,morgan_23,Morgan chemistry,0.0,2034,0,5,direct
burst.per.min,morgan_25,Morgan chemistry,0.0,2035,0,5,direct
burst.per.min,morgan_26,Morgan chemistry,0.0,2036,0,5,direct
burst.per.min,morgan_27,Morgan chemistry,0.0,2037,0,5,direct
burst.per.min,morgan_28,Morgan chemistry,0.0,2038,0,5,direct
burst.per.min,morgan_29,Morgan chemistry,0.0,2039,0,5,direct
burst.per.min,morgan_30,Morgan chemistry,0.0,2040,0,5,direct
burst.per.min,morgan_31,Morgan chemistry,0.0,2041,0,5,direct
burst.per.min,morgan_32,Morgan chemistry,0.0,2042,0,5,direct
burst.per.min,morgan_33,Morgan chemistry,0.0,2043,0,5,direct
burst.per.min,morgan_1983,Morgan chemistry,0.0,2044,0,5,direct
burst.per.min,morgan_1984,Morgan chemistry,0.0,2045,0,5,direct
burst.per.min,morgan_1985,Morgan chemistry,0.0,2046,0,5,direct
burst.per.min,morgan_1986,Morgan chemistry,0.0,2047,0,5,direct
burst.per.min,morgan_1987,Morgan chemistry,0.0,2048,0,5,direct
burst.per.min,morgan_1988,Morgan chemistry,0.0,2049,0,5,direct
burst.per.min,morgan_1989,Morgan chemistry,0.0,2050,0,5,direct
burst.per.min,morgan_1990,Morgan chemistry,0.0,2051,0,5,direct
burst.per.min,morgan_1992,Morgan chemistry,0.0,2052,0,5,direct
burst.per.min,morgan_9,Morgan chemistry,0.0,2053,0,5,direct
burst.per.min,morgan_10,Morgan chemistry,0.0,2054,0,5,direct
burst.per.min,morgan_11,Morgan chemistry,0.0,2055,0,5,direct
burst.per.min,morgan_12,Morgan chemistry,0.0,2056,0,5,direct
burst.per.min,morgan_13,Morgan chemistry,0.0,2057,0,5,direct
burst.per.min,morgan_14,Morgan chemistry,0.0,2058,0,5,direct
burst.per.min,morgan_15,Morgan chemistry,0.0,2059,0,5,direct
burst.per.min,morgan_2003,Morgan chemistry,0.0,2060,0,5,direct
burst.per.min,morgan_2004,Morgan chemistry,0.0,2061,0,5,direct
burst.per.min,morgan_2005,Morgan chemistry,0.0,2062,0,5,direct
burst.per.min,morgan_2006,Morgan chemistry,0.0,2063,0,5,direct
burst.per.min,morgan_2007,Morgan chemistry,0.0,2064,0,5,direct
burst.per.min,morgan_2008,Morgan chemistry,0.0,2065,0,5,direct
burst.per.min,morgan_2,Morgan chemistry,0.0,2066,0,5,direct
burst.per.min,morgan_3,Morgan chemistry,0.0,2067,0,5,direct
burst.per.min,morgan_6,Morgan chemistry,0.0,2068,0,5,direct
burst.per.min,morgan_7,Morgan chemistry,0.0,2069,0,5,direct
burst.per.min,morgan_8,Morgan chemistry,0.0,2070,0,5,direct
burst.per.min,morgan_1977,Morgan chemistry,0.0,2071,0,5,direct
burst.per.min,morgan_1978,Morgan chemistry,0.0,2072,0,5,direct
burst.per.min,morgan_1979,Morgan chemistry,0.0,2073,0,5,direct
burst.per.min,morgan_1981,Morgan chemistry,0.0,2074,0,5,direct
burst.per.min,morgan_1982,Morgan chemistry,0.0,2075,0,5,direct
burst.per.min,div7_ns.durn.m_missing,DIV7 neural,0.0,2076,0,5,direct
burst.per.min,div7_ns.percent.of.spikes.in.ns_missing,DIV7 neural,0.0,2077,0,5,direct
burst.per.min,div7_ns.mean.insis_missing,DIV7 neural,0.0,2078,0,5,direct
burst.per.min,div7_ns.durn.sd_missing,DIV7 neural,0.0,2079,0,5,direct
burst.per.min,div7_ns.mean.spikes.in.ns_missing,DIV7 neural,0.0,2080,0,5,direct
burst.per.min,div7_r_missing,DIV7 neural,0.0,2081,0,5,direct
burst.per.min,div7_cv.time_missing,DIV7 neural,0.0,2082,0,5,direct
burst.per.min,div7_cv.network_missing,DIV7 neural,0.0,2083,0,5,direct
burst.per.min,morgan_1993,Morgan chemistry,0.0,2084,0,5,direct
burst.per.min,morgan_1994,Morgan chemistry,0.0,2085,0,5,direct
burst.per.min,morgan_1995,Morgan chemistry,0.0,2086,0,5,direct
burst.per.min,morgan_1996,Morgan chemistry,0.0,2087,0,5,direct
burst.per.min,morgan_1998,Morgan chemistry,0.0,2088,0,5,direct
burst.per.min,morgan_2000,Morgan chemistry,0.0,2089,0,5,direct
burst.per.min,morgan_2001,Morgan chemistry,0.0,2090,0,5,direct
burst.per.min,morgan_2002,Morgan chemistry,0.0,2091,0,5,direct
burst.per.min,div5_ns.mean.insis_missing,DIV5 neural,0.0,2092,0,5,direct
burst.per.min,div5_ns.durn.sd_missing,DIV5 neural,0.0,2093,0,5,direct
burst.per.min,div5_ns.mean.spikes.in.ns_missing,DIV5 neural,0.0,2094,0,5,direct
burst.per.min,div5_r_missing,DIV5 neural,0.0,2095,0,5,direct
burst.per.min,div5_cv.time_missing,DIV5 neural,0.0,2096,0,5,direct
burst.per.min,div5_cv.network_missing,DIV5 neural,0.0,2097,0,5,direct
burst.per.min,div7_meanfiringrate_missing,DIV7 neural,0.0,2098,0,5,direct
burst.per.min,div7_burst.per.min_missing,DIV7 neural,0.0,2099,0,5,direct
burst.per.min,div7_mean.isis_missing,DIV7 neural,0.0,2100,0,5,direct
burst.per.min,div7_per.spikes.in.burst_missing,DIV7 neural,0.0,2101,0,5,direct
burst.per.min,div7_mean.dur_missing,DIV7 neural,0.0,2102,0,5,direct
burst.per.min,div7_mean.IBIs_missing,DIV7 neural,0.0,2103,0,5,direct
burst.per.min,div7_nAE_missing,DIV7 neural,0.0,2104,0,5,direct
burst.per.min,div7_nABE_missing,DIV7 neural,0.0,2105,0,5,direct
burst.per.min,div7_ns.n_missing,DIV7 neural,0.0,2106,0,5,direct
burst.per.min,div7_ns.peak.m_missing,DIV7 neural,0.0,2107,0,5,direct
burst.per.min,morgan_2033,Morgan chemistry,0.0,2108,0,5,direct
burst.per.min,morgan_2042,Morgan chemistry,0.0,2109,0,5,direct
burst.per.min,morgan_2023,Morgan chemistry,0.0,2110,0,5,direct
burst.per.min,morgan_2024,Morgan chemistry,0.0,2111,0,5,direct
burst.per.min,div5_meanfiringrate_missing,DIV5 neural,0.0,2112,0,5,direct
burst.per.min,div5_burst.per.min_missing,DIV5 neural,0.0,2113,0,5,direct
burst.per.min,div5_mean.isis_missing,DIV5 neural,0.0,2114,0,5,direct
burst.per.min,div5_per.spikes.in.burst_missing,DIV5 neural,0.0,2115,0,5,direct
burst.per.min,div5_mean.dur_missing,DIV5 neural,0.0,2116,0,5,direct
burst.per.min,div5_mean.IBIs_missing,DIV5 neural,0.0,2117,0,5,direct
burst.per.min,div5_nAE_missing,DIV5 neural,0.0,2118,0,5,direct
burst.per.min,div5_nABE_missing,DIV5 neural,0.0,2119,0,5,direct
burst.per.min,div5_ns.n_missing,DIV5 neural,0.0,2120,0,5,direct
burst.per.min,div5_ns.peak.m_missing,DIV5 neural,0.0,2121,0,5,direct
burst.per.min,div5_ns.durn.m_missing,DIV5 neural,0.0,2122,0,5,direct
burst.per.min,morgan_2020,Morgan chemistry,0.0,2123,0,5,direct
burst.per.min,morgan_1795,Morgan chemistry,0.0,2124,0,5,direct
burst.per.min,morgan_2037,Morgan chemistry,0.0,2125,0,5,direct
burst.per.min,structure_missing,structure availability,0.0,2126,0,5,direct
burst.per.min,morgan_2043,Morgan chemistry,0.0,2127,0,5,direct
burst.per.min,morgan_2009,Morgan chemistry,0.0,2128,0,5,direct
burst.per.min,morgan_2010,Morgan chemistry,0.0,2129,0,5,direct
burst.per.min,morgan_2011,Morgan chemistry,0.0,2130,0,5,direct
burst.per.min,morgan_2012,Morgan chemistry,0.0,2131,0,5,direct
burst.per.min,morgan_2013,Morgan chemistry,0.0,2132,0,5,direct
burst.per.min,morgan_2014,Morgan chemistry,0.0,2133,0,5,direct
burst.per.min,morgan_2015,Morgan chemistry,0.0,2134,0,5,direct
burst.per.min,morgan_2016,Morgan chemistry,0.0,2135,0,5,direct
burst.per.min,morgan_2017,Morgan chemistry,0.0,2136,0,5,direct
burst.per.min,morgan_2018,Morgan chemistry,0.0,2137,0,5,direct
burst.per.min,morgan_2019,Morgan chemistry,0.0,2138,0,5,direct
burst.per.min,morgan_2032,Morgan chemistry,0.0,2139,0,5,direct
nAE,div7_nAE,DIV7 neural,21.305669049808486,1,0,5,bt_residual
nAE,div7_cv.time,DIV7 neural,1.924513761171571,2,0,5,bt_residual
nAE,div7_per.spikes.in.burst,DIV7 neural,1.8377804886042377,3,0,5,bt_residual
nAE,morgan_252,Morgan chemistry,1.8066771985955739,4,0,5,bt_residual
nAE,div7_nABE,DIV7 neural,1.7381682964730356,5,0,5,bt_residual
nAE,div5_meanfiringrate,DIV5 neural,1.7333069422829477,6,0,5,bt_residual
nAE,div7_burst.per.min,DIV7 neural,1.0815589548548836,7,0,5,bt_residual
nAE,div7_ns.peak.m,DIV7 neural,0.8881004274123374,8,0,5,bt_residual
nAE,div7_ns.durn.m,DIV7 neural,0.7311205483596148,9,0,5,bt_residual
nAE,morgan_445,Morgan chemistry,0.7223803959931845,10,0,5,bt_residual
nAE,div5_r,DIV5 neural,0.68163383424514,11,0,5,bt_residual
nAE,desc_MolWt,RDKit descriptor,0.5074057597594502,12,0,5,bt_residual
nAE,div5_mean.dur,DIV5 neural,0.5026328431493113,13,0,5,bt_residual
nAE,div7_mean.IBIs,DIV7 neural,0.40805258175742304,14,0,5,bt_residual
nAE,morgan_506,Morgan chemistry,0.3960484308027572,15,0,5,bt_residual
nAE,morgan_0,Morgan chemistry,0.38488956555318277,16,0,5,bt_residual
nAE,div7_ns.mean.insis,DIV7 neural,0.3753522509266894,17,0,5,bt_residual
nAE,div5_mean.isis,DIV5 neural,0.33938932326053367,18,0,5,bt_residual
nAE,div7_r,DIV7 neural,0.3081231483689542,19,0,5,bt_residual
nAE,desc_MolMR,RDKit descriptor,0.19831212346192,20,0,5,bt_residual
nAE,log10_1p_dose,dose,0.18591230295975383,21,0,5,bt_residual
nAE,div7_meanfiringrate,DIV7 neural,0.14576497934903615,22,0,5,bt_residual
nAE,div7_mean.isis,DIV7 neural,0.14192108943304663,23,0,5,bt_residual
nAE,div5_cv.time,DIV5 neural,0.134360083346237,24,0,5,bt_residual
nAE,morgan_1802,Morgan chemistry,0.12500395014128332,25,0,5,bt_residual
nAE,div5_burst.per.min,DIV5 neural,0.12342425009619865,26,0,5,bt_residual
nAE,desc_HeavyAtomCount,RDKit descriptor,0.12280716784733278,27,0,5,bt_residual
nAE,desc_ExactMolWt,RDKit descriptor,0.09779850703732977,28,0,5,bt_residual
nAE,div5_nAE,DIV5 neural,0.07818593357323672,29,0,5,bt_residual
nAE,morgan_1597,Morgan chemistry,0.07480574581873556,30,0,5,bt_residual
nAE,morgan_87,Morgan chemistry,0.06740198988858828,31,0,5,bt_residual
nAE,div7_cv.network,DIV7 neural,0.05977233189089289,32,0,5,bt_residual
nAE,morgan_1683,Morgan chemistry,0.05846220695554978,33,0,5,bt_residual
nAE,div5_mean.IBIs,DIV5 neural,0.0567127832642789,34,0,5,bt_residual
nAE,morgan_840,Morgan chemistry,0.05175120728489026,35,0,5,bt_residual
nAE,div5_ns.durn.sd,DIV5 neural,0.04504444557405168,36,0,5,bt_residual
nAE,morgan_841,Morgan chemistry,0.039996484838107214,37,0,5,bt_residual
nAE,morgan_547,Morgan chemistry,0.039618276958335696,38,0,5,bt_residual
nAE,desc_NumRotatableBonds,RDKit descriptor,0.036955937337318744,39,0,5,bt_residual
nAE,morgan_277,Morgan chemistry,0.03528244671654608,40,0,5,bt_residual
nAE,div5_cv.network,DIV5 neural,0.034333358942766595,41,0,5,bt_residual
nAE,desc_NumHDonors,RDKit descriptor,0.03040369939247458,42,0,5,bt_residual
nAE,morgan_653,Morgan chemistry,0.0300446929634777,43,0,5,bt_residual
nAE,desc_FractionCSP3,RDKit descriptor,0.029153723661073914,44,0,5,bt_residual
nAE,div7_ns.n,DIV7 neural,0.025789781361238502,45,0,5,bt_residual
nAE,div5_per.spikes.in.burst,DIV5 neural,0.025250580364744025,46,0,5,bt_residual
nAE,morgan_446,Morgan chemistry,0.025029577633750116,47,0,5,bt_residual
nAE,morgan_1824,Morgan chemistry,0.023920494294815953,48,0,5,bt_residual
nAE,morgan_1570,Morgan chemistry,0.023179522690142174,49,0,5,bt_residual
nAE,morgan_883,Morgan chemistry,0.02316315472126007,50,0,5,bt_residual
nAE,morgan_880,Morgan chemistry,0.021647373294088165,51,0,5,bt_residual
nAE,morgan_1245,Morgan chemistry,0.01839739988750057,52,0,5,bt_residual
nAE,morgan_1101,Morgan chemistry,0.014435229134466862,53,0,5,bt_residual
nAE,morgan_1383,Morgan chemistry,0.013423399238734857,54,0,5,bt_residual
nAE,morgan_383,Morgan chemistry,0.012337101108833046,55,0,5,bt_residual
nAE,desc_MolLogP,RDKit descriptor,0.011735181400284228,56,0,5,bt_residual
nAE,div5_ns.durn.m,DIV5 neural,0.008905165854131201,57,0,5,bt_residual
nAE,morgan_217,Morgan chemistry,0.00830719721456446,58,0,5,bt_residual
nAE,div5_ns.peak.m,DIV5 neural,0.0076875188007428956,59,0,5,bt_residual
nAE,morgan_47,Morgan chemistry,0.0075987489306973115,60,0,5,bt_residual
nAE,morgan_629,Morgan chemistry,0.007573689468175985,61,0,5,bt_residual
nAE,morgan_70,Morgan chemistry,0.0068304766013000725,62,0,5,bt_residual
nAE,div7_ns.percent.of.spikes.in.ns,DIV7 neural,0.006793109823293723,63,0,5,bt_residual
nAE,div7_mean.dur,DIV7 neural,0.0066516028304044374,64,0,5,bt_residual
nAE,desc_TPSA,RDKit descriptor,0.006590357782311941,65,0,5,bt_residual
nAE,desc_NOCount,RDKit descriptor,0.006547753449080055,66,0,5,bt_residual
nAE,desc_NumHAcceptors,RDKit descriptor,0.0063778163162186916,67,0,5,bt_residual
nAE,morgan_1008,Morgan chemistry,0.00630914283633696,68,0,5,bt_residual
nAE,div5_nABE,DIV5 neural,0.0062314513128555234,69,0,5,bt_residual
nAE,morgan_1018,Morgan chemistry,0.005655947362402534,70,0,5,bt_residual
nAE,morgan_1385,Morgan chemistry,0.00550603588267523,71,0,5,bt_residual
nAE,morgan_1810,Morgan chemistry,0.005359214103639358,72,0,5,bt_residual
nAE,morgan_1349,Morgan chemistry,0.005275035762601326,73,0,5,bt_residual
nAE,desc_RingCount,RDKit descriptor,0.004627010701695305,74,0,5,bt_residual
nAE,div5_ns.n,DIV5 neural,0.004484067167289526,75,0,5,bt_residual
nAE,morgan_1038,Morgan chemistry,0.003884439106581276,76,0,5,bt_residual
nAE,div7_ns.mean.spikes.in.ns,DIV7 neural,0.003290325519175845,77,0,5,bt_residual
nAE,morgan_1296,Morgan chemistry,0.002915531048978813,78,0,5,bt_residual
nAE,div5_ns.mean.spikes.in.ns,DIV5 neural,0.0024293262207090625,79,0,5,bt_residual
nAE,morgan_61,Morgan chemistry,0.0023735177192242695,80,0,5,bt_residual
nAE,morgan_332,Morgan chemistry,0.0022280218536287894,81,0,5,bt_residual
nAE,morgan_596,Morgan chemistry,0.0019000372070282813,82,0,5,bt_residual
nAE,morgan_410,Morgan chemistry,0.0018739277054827502,83,0,5,bt_residual
nAE,morgan_1609,Morgan chemistry,0.001551291706033254,84,0,5,bt_residual
nAE,morgan_1679,Morgan chemistry,0.0013196161053060094,85,0,5,bt_residual
nAE,morgan_316,Morgan chemistry,0.0011526600164198225,86,0,5,bt_residual
nAE,morgan_1,Morgan chemistry,0.0010557737099985203,87,0,5,bt_residual
nAE,morgan_441,Morgan chemistry,0.0009656432537717114,88,0,5,bt_residual
nAE,morgan_470,Morgan chemistry,0.0005740086160281289,89,0,5,bt_residual
nAE,morgan_114,Morgan chemistry,0.0002693898888877394,90,0,5,bt_residual
nAE,morgan_923,Morgan chemistry,0.00015237099755598877,91,0,5,bt_residual
nAE,morgan_1974,Morgan chemistry,0.0,92,0,5,bt_residual
nAE,morgan_1973,Morgan chemistry,0.0,93,0,5,bt_residual
nAE,morgan_1972,Morgan chemistry,0.0,94,0,5,bt_residual
nAE,morgan_1971,Morgan chemistry,0.0,95,0,5,bt_residual
nAE,morgan_1970,Morgan chemistry,0.0,96,0,5,bt_residual
nAE,morgan_1969,Morgan chemistry,0.0,97,0,5,bt_residual
nAE,morgan_1968,Morgan chemistry,0.0,98,0,5,bt_residual
nAE,morgan_1967,Morgan chemistry,0.0,99,0,5,bt_residual
nAE,morgan_1966,Morgan chemistry,0.0,100,0,5,bt_residual
nAE,morgan_1965,Morgan chemistry,0.0,101,0,5,bt_residual
nAE,morgan_1964,Morgan chemistry,0.0,102,0,5,bt_residual
nAE,morgan_1963,Morgan chemistry,0.0,103,0,5,bt_residual
nAE,morgan_1962,Morgan chemistry,0.0,104,0,5,bt_residual
nAE,morgan_1961,Morgan chemistry,0.0,105,0,5,bt_residual
nAE,morgan_1960,Morgan chemistry,0.0,106,0,5,bt_residual
nAE,morgan_1959,Morgan chemistry,0.0,107,0,5,bt_residual
nAE,morgan_1958,Morgan chemistry,0.0,108,0,5,bt_residual
nAE,morgan_1957,Morgan chemistry,0.0,109,0,5,bt_residual
nAE,morgan_1956,Morgan chemistry,0.0,110,0,5,bt_residual
nAE,morgan_1955,Morgan chemistry,0.0,111,0,5,bt_residual
nAE,morgan_1954,Morgan chemistry,0.0,112,0,5,bt_residual
nAE,morgan_1953,Morgan chemistry,0.0,113,0,5,bt_residual
nAE,morgan_1952,Morgan chemistry,0.0,114,0,5,bt_residual
nAE,morgan_1951,Morgan chemistry,0.0,115,0,5,bt_residual
nAE,morgan_1950,Morgan chemistry,0.0,116,0,5,bt_residual
nAE,morgan_1949,Morgan chemistry,0.0,117,0,5,bt_residual
nAE,morgan_1948,Morgan chemistry,0.0,118,0,5,bt_residual
nAE,morgan_1947,Morgan chemistry,0.0,119,0,5,bt_residual
nAE,morgan_1946,Morgan chemistry,0.0,120,0,5,bt_residual
nAE,morgan_1945,Morgan chemistry,0.0,121,0,5,bt_residual
nAE,morgan_1944,Morgan chemistry,0.0,122,0,5,bt_residual
nAE,morgan_1943,Morgan chemistry,0.0,123,0,5,bt_residual
nAE,morgan_1942,Morgan chemistry,0.0,124,0,5,bt_residual
nAE,morgan_1941,Morgan chemistry,0.0,125,0,5,bt_residual
nAE,morgan_1940,Morgan chemistry,0.0,126,0,5,bt_residual
nAE,morgan_1939,Morgan chemistry,0.0,127,0,5,bt_residual
nAE,morgan_1938,Morgan chemistry,0.0,128,0,5,bt_residual
nAE,morgan_1937,Morgan chemistry,0.0,129,0,5,bt_residual
nAE,morgan_1936,Morgan chemistry,0.0,130,0,5,bt_residual
nAE,morgan_1935,Morgan chemistry,0.0,131,0,5,bt_residual
nAE,morgan_1934,Morgan chemistry,0.0,132,0,5,bt_residual
nAE,morgan_1933,Morgan chemistry,0.0,133,0,5,bt_residual
nAE,morgan_1932,Morgan chemistry,0.0,134,0,5,bt_residual
nAE,morgan_1931,Morgan chemistry,0.0,135,0,5,bt_residual
nAE,morgan_1930,Morgan chemistry,0.0,136,0,5,bt_residual
nAE,morgan_1929,Morgan chemistry,0.0,137,0,5,bt_residual
nAE,morgan_1928,Morgan chemistry,0.0,138,0,5,bt_residual
nAE,morgan_1927,Morgan chemistry,0.0,139,0,5,bt_residual
nAE,morgan_1926,Morgan chemistry,0.0,140,0,5,bt_residual
nAE,morgan_1925,Morgan chemistry,0.0,141,0,5,bt_residual
nAE,morgan_1924,Morgan chemistry,0.0,142,0,5,bt_residual
nAE,morgan_1923,Morgan chemistry,0.0,143,0,5,bt_residual
nAE,morgan_1922,Morgan chemistry,0.0,144,0,5,bt_residual
nAE,morgan_1921,Morgan chemistry,0.0,145,0,5,bt_residual
nAE,morgan_1920,Morgan chemistry,0.0,146,0,5,bt_residual
nAE,morgan_1919,Morgan chemistry,0.0,147,0,5,bt_residual
nAE,morgan_1918,Morgan chemistry,0.0,148,0,5,bt_residual
nAE,morgan_1917,Morgan chemistry,0.0,149,0,5,bt_residual
nAE,morgan_1916,Morgan chemistry,0.0,150,0,5,bt_residual
nAE,morgan_1915,Morgan chemistry,0.0,151,0,5,bt_residual
nAE,morgan_1914,Morgan chemistry,0.0,152,0,5,bt_residual
nAE,morgan_1913,Morgan chemistry,0.0,153,0,5,bt_residual
nAE,morgan_1912,Morgan chemistry,0.0,154,0,5,bt_residual
nAE,morgan_1911,Morgan chemistry,0.0,155,0,5,bt_residual
nAE,morgan_1910,Morgan chemistry,0.0,156,0,5,bt_residual
nAE,morgan_1909,Morgan chemistry,0.0,157,0,5,bt_residual
nAE,morgan_1908,Morgan chemistry,0.0,158,0,5,bt_residual
nAE,morgan_1907,Morgan chemistry,0.0,159,0,5,bt_residual
nAE,morgan_1906,Morgan chemistry,0.0,160,0,5,bt_residual
nAE,morgan_1905,Morgan chemistry,0.0,161,0,5,bt_residual
nAE,morgan_1904,Morgan chemistry,0.0,162,0,5,bt_residual
nAE,morgan_1903,Morgan chemistry,0.0,163,0,5,bt_residual
nAE,morgan_1902,Morgan chemistry,0.0,164,0,5,bt_residual
nAE,morgan_1901,Morgan chemistry,0.0,165,0,5,bt_residual
nAE,morgan_1900,Morgan chemistry,0.0,166,0,5,bt_residual
nAE,morgan_1899,Morgan chemistry,0.0,167,0,5,bt_residual
nAE,morgan_1898,Morgan chemistry,0.0,168,0,5,bt_residual
nAE,morgan_1897,Morgan chemistry,0.0,169,0,5,bt_residual
nAE,morgan_1896,Morgan chemistry,0.0,170,0,5,bt_residual
nAE,morgan_1895,Morgan chemistry,0.0,171,0,5,bt_residual
nAE,morgan_1894,Morgan chemistry,0.0,172,0,5,bt_residual
nAE,morgan_1893,Morgan chemistry,0.0,173,0,5,bt_residual
nAE,morgan_1892,Morgan chemistry,0.0,174,0,5,bt_residual
nAE,morgan_1891,Morgan chemistry,0.0,175,0,5,bt_residual
nAE,morgan_1890,Morgan chemistry,0.0,176,0,5,bt_residual
nAE,morgan_1889,Morgan chemistry,0.0,177,0,5,bt_residual
nAE,morgan_1888,Morgan chemistry,0.0,178,0,5,bt_residual
nAE,morgan_1887,Morgan chemistry,0.0,179,0,5,bt_residual
nAE,morgan_1886,Morgan chemistry,0.0,180,0,5,bt_residual
nAE,morgan_1885,Morgan chemistry,0.0,181,0,5,bt_residual
nAE,morgan_1884,Morgan chemistry,0.0,182,0,5,bt_residual
nAE,morgan_1883,Morgan chemistry,0.0,183,0,5,bt_residual
nAE,morgan_1882,Morgan chemistry,0.0,184,0,5,bt_residual
nAE,morgan_1881,Morgan chemistry,0.0,185,0,5,bt_residual
nAE,morgan_1880,Morgan chemistry,0.0,186,0,5,bt_residual
nAE,morgan_1879,Morgan chemistry,0.0,187,0,5,bt_residual
nAE,morgan_1878,Morgan chemistry,0.0,188,0,5,bt_residual
nAE,morgan_1877,Morgan chemistry,0.0,189,0,5,bt_residual
nAE,morgan_1876,Morgan chemistry,0.0,190,0,5,bt_residual
nAE,morgan_1875,Morgan chemistry,0.0,191,0,5,bt_residual
nAE,morgan_1874,Morgan chemistry,0.0,192,0,5,bt_residual
nAE,morgan_1873,Morgan chemistry,0.0,193,0,5,bt_residual
nAE,morgan_1872,Morgan chemistry,0.0,194,0,5,bt_residual
nAE,morgan_1871,Morgan chemistry,0.0,195,0,5,bt_residual
nAE,morgan_1870,Morgan chemistry,0.0,196,0,5,bt_residual
nAE,morgan_1869,Morgan chemistry,0.0,197,0,5,bt_residual
nAE,morgan_1868,Morgan chemistry,0.0,198,0,5,bt_residual
nAE,morgan_1867,Morgan chemistry,0.0,199,0,5,bt_residual
nAE,morgan_1866,Morgan chemistry,0.0,200,0,5,bt_residual
nAE,morgan_1865,Morgan chemistry,0.0,201,0,5,bt_residual
nAE,morgan_1864,Morgan chemistry,0.0,202,0,5,bt_residual
nAE,morgan_1863,Morgan chemistry,0.0,203,0,5,bt_residual
nAE,morgan_1862,Morgan chemistry,0.0,204,0,5,bt_residual
nAE,morgan_1861,Morgan chemistry,0.0,205,0,5,bt_residual
nAE,morgan_1860,Morgan chemistry,0.0,206,0,5,bt_residual
nAE,morgan_1859,Morgan chemistry,0.0,207,0,5,bt_residual
nAE,morgan_1858,Morgan chemistry,0.0,208,0,5,bt_residual
nAE,morgan_1857,Morgan chemistry,0.0,209,0,5,bt_residual
nAE,morgan_1856,Morgan chemistry,0.0,210,0,5,bt_residual
nAE,morgan_1855,Morgan chemistry,0.0,211,0,5,bt_residual
nAE,morgan_1854,Morgan chemistry,0.0,212,0,5,bt_residual
nAE,morgan_1853,Morgan chemistry,0.0,213,0,5,bt_residual
nAE,morgan_1852,Morgan chemistry,0.0,214,0,5,bt_residual
nAE,morgan_1851,Morgan chemistry,0.0,215,0,5,bt_residual
nAE,morgan_1850,Morgan chemistry,0.0,216,0,5,bt_residual
nAE,morgan_1849,Morgan chemistry,0.0,217,0,5,bt_residual
nAE,morgan_1848,Morgan chemistry,0.0,218,0,5,bt_residual
nAE,morgan_1847,Morgan chemistry,0.0,219,0,5,bt_residual
nAE,morgan_1846,Morgan chemistry,0.0,220,0,5,bt_residual
nAE,morgan_1845,Morgan chemistry,0.0,221,0,5,bt_residual
nAE,morgan_1844,Morgan chemistry,0.0,222,0,5,bt_residual
nAE,morgan_1843,Morgan chemistry,0.0,223,0,5,bt_residual
nAE,morgan_1842,Morgan chemistry,0.0,224,0,5,bt_residual
nAE,morgan_1841,Morgan chemistry,0.0,225,0,5,bt_residual
nAE,morgan_1840,Morgan chemistry,0.0,226,0,5,bt_residual
nAE,morgan_1839,Morgan chemistry,0.0,227,0,5,bt_residual
nAE,morgan_1838,Morgan chemistry,0.0,228,0,5,bt_residual
nAE,morgan_1837,Morgan chemistry,0.0,229,0,5,bt_residual
nAE,morgan_1836,Morgan chemistry,0.0,230,0,5,bt_residual
nAE,morgan_1835,Morgan chemistry,0.0,231,0,5,bt_residual
nAE,morgan_1834,Morgan chemistry,0.0,232,0,5,bt_residual
nAE,morgan_1833,Morgan chemistry,0.0,233,0,5,bt_residual
nAE,morgan_1832,Morgan chemistry,0.0,234,0,5,bt_residual
nAE,morgan_1831,Morgan chemistry,0.0,235,0,5,bt_residual
nAE,morgan_1830,Morgan chemistry,0.0,236,0,5,bt_residual
nAE,morgan_1829,Morgan chemistry,0.0,237,0,5,bt_residual
nAE,morgan_1828,Morgan chemistry,0.0,238,0,5,bt_residual
nAE,morgan_1827,Morgan chemistry,0.0,239,0,5,bt_residual
nAE,morgan_1826,Morgan chemistry,0.0,240,0,5,bt_residual
nAE,morgan_1825,Morgan chemistry,0.0,241,0,5,bt_residual
nAE,morgan_1823,Morgan chemistry,0.0,242,0,5,bt_residual
nAE,morgan_1822,Morgan chemistry,0.0,243,0,5,bt_residual
nAE,morgan_1821,Morgan chemistry,0.0,244,0,5,bt_residual
nAE,morgan_1820,Morgan chemistry,0.0,245,0,5,bt_residual
nAE,morgan_1819,Morgan chemistry,0.0,246,0,5,bt_residual
nAE,morgan_1818,Morgan chemistry,0.0,247,0,5,bt_residual
nAE,morgan_1817,Morgan chemistry,0.0,248,0,5,bt_residual
nAE,morgan_1816,Morgan chemistry,0.0,249,0,5,bt_residual
nAE,morgan_1815,Morgan chemistry,0.0,250,0,5,bt_residual
nAE,morgan_1814,Morgan chemistry,0.0,251,0,5,bt_residual
nAE,morgan_1813,Morgan chemistry,0.0,252,0,5,bt_residual
nAE,morgan_1812,Morgan chemistry,0.0,253,0,5,bt_residual
nAE,morgan_1811,Morgan chemistry,0.0,254,0,5,bt_residual
nAE,morgan_1809,Morgan chemistry,0.0,255,0,5,bt_residual
nAE,morgan_1808,Morgan chemistry,0.0,256,0,5,bt_residual
nAE,morgan_1807,Morgan chemistry,0.0,257,0,5,bt_residual
nAE,morgan_1806,Morgan chemistry,0.0,258,0,5,bt_residual
nAE,morgan_1805,Morgan chemistry,0.0,259,0,5,bt_residual
nAE,morgan_1804,Morgan chemistry,0.0,260,0,5,bt_residual
nAE,morgan_1803,Morgan chemistry,0.0,261,0,5,bt_residual
nAE,morgan_1801,Morgan chemistry,0.0,262,0,5,bt_residual
nAE,morgan_1800,Morgan chemistry,0.0,263,0,5,bt_residual
nAE,morgan_1799,Morgan chemistry,0.0,264,0,5,bt_residual
nAE,morgan_1798,Morgan chemistry,0.0,265,0,5,bt_residual
nAE,morgan_1797,Morgan chemistry,0.0,266,0,5,bt_residual
nAE,morgan_1796,Morgan chemistry,0.0,267,0,5,bt_residual
nAE,morgan_1795,Morgan chemistry,0.0,268,0,5,bt_residual
nAE,morgan_1794,Morgan chemistry,0.0,269,0,5,bt_residual
nAE,morgan_1793,Morgan chemistry,0.0,270,0,5,bt_residual
nAE,morgan_1792,Morgan chemistry,0.0,271,0,5,bt_residual
nAE,morgan_1791,Morgan chemistry,0.0,272,0,5,bt_residual
nAE,morgan_1790,Morgan chemistry,0.0,273,0,5,bt_residual
nAE,morgan_1789,Morgan chemistry,0.0,274,0,5,bt_residual
nAE,morgan_1788,Morgan chemistry,0.0,275,0,5,bt_residual
nAE,morgan_1787,Morgan chemistry,0.0,276,0,5,bt_residual
nAE,morgan_1786,Morgan chemistry,0.0,277,0,5,bt_residual
nAE,morgan_1785,Morgan chemistry,0.0,278,0,5,bt_residual
nAE,morgan_1784,Morgan chemistry,0.0,279,0,5,bt_residual
nAE,morgan_1783,Morgan chemistry,0.0,280,0,5,bt_residual
nAE,morgan_1782,Morgan chemistry,0.0,281,0,5,bt_residual
nAE,morgan_1781,Morgan chemistry,0.0,282,0,5,bt_residual
nAE,morgan_1780,Morgan chemistry,0.0,283,0,5,bt_residual
nAE,morgan_1779,Morgan chemistry,0.0,284,0,5,bt_residual
nAE,morgan_1778,Morgan chemistry,0.0,285,0,5,bt_residual
nAE,morgan_1777,Morgan chemistry,0.0,286,0,5,bt_residual
nAE,morgan_1776,Morgan chemistry,0.0,287,0,5,bt_residual
nAE,morgan_1775,Morgan chemistry,0.0,288,0,5,bt_residual
nAE,morgan_1774,Morgan chemistry,0.0,289,0,5,bt_residual
nAE,morgan_1773,Morgan chemistry,0.0,290,0,5,bt_residual
nAE,morgan_1772,Morgan chemistry,0.0,291,0,5,bt_residual
nAE,morgan_1771,Morgan chemistry,0.0,292,0,5,bt_residual
nAE,morgan_1770,Morgan chemistry,0.0,293,0,5,bt_residual
nAE,morgan_1769,Morgan chemistry,0.0,294,0,5,bt_residual
nAE,morgan_1768,Morgan chemistry,0.0,295,0,5,bt_residual
nAE,morgan_1767,Morgan chemistry,0.0,296,0,5,bt_residual
nAE,morgan_1766,Morgan chemistry,0.0,297,0,5,bt_residual
nAE,morgan_1765,Morgan chemistry,0.0,298,0,5,bt_residual
nAE,morgan_1764,Morgan chemistry,0.0,299,0,5,bt_residual
nAE,morgan_1763,Morgan chemistry,0.0,300,0,5,bt_residual
nAE,morgan_1762,Morgan chemistry,0.0,301,0,5,bt_residual
nAE,morgan_1761,Morgan chemistry,0.0,302,0,5,bt_residual
nAE,morgan_1760,Morgan chemistry,0.0,303,0,5,bt_residual
nAE,morgan_1759,Morgan chemistry,0.0,304,0,5,bt_residual
nAE,morgan_1758,Morgan chemistry,0.0,305,0,5,bt_residual
nAE,morgan_1757,Morgan chemistry,0.0,306,0,5,bt_residual
nAE,morgan_1756,Morgan chemistry,0.0,307,0,5,bt_residual
nAE,morgan_1755,Morgan chemistry,0.0,308,0,5,bt_residual
nAE,morgan_1754,Morgan chemistry,0.0,309,0,5,bt_residual
nAE,morgan_1753,Morgan chemistry,0.0,310,0,5,bt_residual
nAE,morgan_1752,Morgan chemistry,0.0,311,0,5,bt_residual
nAE,morgan_1751,Morgan chemistry,0.0,312,0,5,bt_residual
nAE,morgan_1750,Morgan chemistry,0.0,313,0,5,bt_residual
nAE,morgan_1749,Morgan chemistry,0.0,314,0,5,bt_residual
nAE,morgan_1748,Morgan chemistry,0.0,315,0,5,bt_residual
nAE,morgan_1747,Morgan chemistry,0.0,316,0,5,bt_residual
nAE,morgan_1746,Morgan chemistry,0.0,317,0,5,bt_residual
nAE,morgan_1745,Morgan chemistry,0.0,318,0,5,bt_residual
nAE,morgan_1744,Morgan chemistry,0.0,319,0,5,bt_residual
nAE,morgan_1743,Morgan chemistry,0.0,320,0,5,bt_residual
nAE,morgan_1742,Morgan chemistry,0.0,321,0,5,bt_residual
nAE,morgan_1741,Morgan chemistry,0.0,322,0,5,bt_residual
nAE,morgan_1740,Morgan chemistry,0.0,323,0,5,bt_residual
nAE,morgan_1739,Morgan chemistry,0.0,324,0,5,bt_residual
nAE,morgan_1738,Morgan chemistry,0.0,325,0,5,bt_residual
nAE,morgan_1737,Morgan chemistry,0.0,326,0,5,bt_residual
nAE,morgan_1736,Morgan chemistry,0.0,327,0,5,bt_residual
nAE,morgan_1735,Morgan chemistry,0.0,328,0,5,bt_residual
nAE,morgan_1734,Morgan chemistry,0.0,329,0,5,bt_residual
nAE,morgan_1733,Morgan chemistry,0.0,330,0,5,bt_residual
nAE,morgan_1732,Morgan chemistry,0.0,331,0,5,bt_residual
nAE,morgan_1731,Morgan chemistry,0.0,332,0,5,bt_residual
nAE,morgan_1730,Morgan chemistry,0.0,333,0,5,bt_residual
nAE,morgan_1729,Morgan chemistry,0.0,334,0,5,bt_residual
nAE,morgan_1728,Morgan chemistry,0.0,335,0,5,bt_residual
nAE,morgan_1727,Morgan chemistry,0.0,336,0,5,bt_residual
nAE,morgan_1726,Morgan chemistry,0.0,337,0,5,bt_residual
nAE,morgan_1725,Morgan chemistry,0.0,338,0,5,bt_residual
nAE,morgan_1724,Morgan chemistry,0.0,339,0,5,bt_residual
nAE,morgan_1723,Morgan chemistry,0.0,340,0,5,bt_residual
nAE,morgan_1722,Morgan chemistry,0.0,341,0,5,bt_residual
nAE,morgan_1721,Morgan chemistry,0.0,342,0,5,bt_residual
nAE,morgan_1720,Morgan chemistry,0.0,343,0,5,bt_residual
nAE,morgan_1719,Morgan chemistry,0.0,344,0,5,bt_residual
nAE,morgan_1718,Morgan chemistry,0.0,345,0,5,bt_residual
nAE,morgan_1717,Morgan chemistry,0.0,346,0,5,bt_residual
nAE,morgan_1716,Morgan chemistry,0.0,347,0,5,bt_residual
nAE,morgan_1715,Morgan chemistry,0.0,348,0,5,bt_residual
nAE,morgan_1714,Morgan chemistry,0.0,349,0,5,bt_residual
nAE,morgan_1713,Morgan chemistry,0.0,350,0,5,bt_residual
nAE,morgan_1712,Morgan chemistry,0.0,351,0,5,bt_residual
nAE,morgan_1711,Morgan chemistry,0.0,352,0,5,bt_residual
nAE,morgan_1710,Morgan chemistry,0.0,353,0,5,bt_residual
nAE,morgan_1709,Morgan chemistry,0.0,354,0,5,bt_residual
nAE,morgan_1708,Morgan chemistry,0.0,355,0,5,bt_residual
nAE,morgan_1707,Morgan chemistry,0.0,356,0,5,bt_residual
nAE,morgan_1706,Morgan chemistry,0.0,357,0,5,bt_residual
nAE,morgan_1705,Morgan chemistry,0.0,358,0,5,bt_residual
nAE,morgan_1704,Morgan chemistry,0.0,359,0,5,bt_residual
nAE,morgan_1703,Morgan chemistry,0.0,360,0,5,bt_residual
nAE,morgan_1702,Morgan chemistry,0.0,361,0,5,bt_residual
nAE,morgan_1701,Morgan chemistry,0.0,362,0,5,bt_residual
nAE,morgan_1700,Morgan chemistry,0.0,363,0,5,bt_residual
nAE,morgan_1699,Morgan chemistry,0.0,364,0,5,bt_residual
nAE,morgan_1698,Morgan chemistry,0.0,365,0,5,bt_residual
nAE,morgan_1697,Morgan chemistry,0.0,366,0,5,bt_residual
nAE,morgan_1696,Morgan chemistry,0.0,367,0,5,bt_residual
nAE,morgan_1695,Morgan chemistry,0.0,368,0,5,bt_residual
nAE,morgan_1694,Morgan chemistry,0.0,369,0,5,bt_residual
nAE,morgan_1693,Morgan chemistry,0.0,370,0,5,bt_residual
nAE,morgan_1692,Morgan chemistry,0.0,371,0,5,bt_residual
nAE,morgan_1691,Morgan chemistry,0.0,372,0,5,bt_residual
nAE,morgan_1690,Morgan chemistry,0.0,373,0,5,bt_residual
nAE,morgan_1689,Morgan chemistry,0.0,374,0,5,bt_residual
nAE,morgan_1688,Morgan chemistry,0.0,375,0,5,bt_residual
nAE,morgan_1687,Morgan chemistry,0.0,376,0,5,bt_residual
nAE,morgan_1686,Morgan chemistry,0.0,377,0,5,bt_residual
nAE,morgan_1685,Morgan chemistry,0.0,378,0,5,bt_residual
nAE,morgan_1684,Morgan chemistry,0.0,379,0,5,bt_residual
nAE,morgan_1682,Morgan chemistry,0.0,380,0,5,bt_residual
nAE,morgan_1681,Morgan chemistry,0.0,381,0,5,bt_residual
nAE,morgan_1680,Morgan chemistry,0.0,382,0,5,bt_residual
nAE,morgan_1678,Morgan chemistry,0.0,383,0,5,bt_residual
nAE,morgan_1677,Morgan chemistry,0.0,384,0,5,bt_residual
nAE,morgan_1676,Morgan chemistry,0.0,385,0,5,bt_residual
nAE,morgan_1675,Morgan chemistry,0.0,386,0,5,bt_residual
nAE,morgan_1674,Morgan chemistry,0.0,387,0,5,bt_residual
nAE,morgan_1673,Morgan chemistry,0.0,388,0,5,bt_residual
nAE,morgan_1672,Morgan chemistry,0.0,389,0,5,bt_residual
nAE,morgan_1671,Morgan chemistry,0.0,390,0,5,bt_residual
nAE,morgan_1670,Morgan chemistry,0.0,391,0,5,bt_residual
nAE,morgan_1669,Morgan chemistry,0.0,392,0,5,bt_residual
nAE,morgan_1668,Morgan chemistry,0.0,393,0,5,bt_residual
nAE,morgan_1667,Morgan chemistry,0.0,394,0,5,bt_residual
nAE,morgan_1666,Morgan chemistry,0.0,395,0,5,bt_residual
nAE,morgan_1665,Morgan chemistry,0.0,396,0,5,bt_residual
nAE,morgan_1664,Morgan chemistry,0.0,397,0,5,bt_residual
nAE,morgan_1663,Morgan chemistry,0.0,398,0,5,bt_residual
nAE,morgan_1662,Morgan chemistry,0.0,399,0,5,bt_residual
nAE,morgan_1661,Morgan chemistry,0.0,400,0,5,bt_residual
nAE,morgan_1660,Morgan chemistry,0.0,401,0,5,bt_residual
nAE,morgan_1659,Morgan chemistry,0.0,402,0,5,bt_residual
nAE,morgan_1658,Morgan chemistry,0.0,403,0,5,bt_residual
nAE,morgan_1657,Morgan chemistry,0.0,404,0,5,bt_residual
nAE,morgan_1656,Morgan chemistry,0.0,405,0,5,bt_residual
nAE,morgan_1655,Morgan chemistry,0.0,406,0,5,bt_residual
nAE,morgan_1654,Morgan chemistry,0.0,407,0,5,bt_residual
nAE,morgan_1653,Morgan chemistry,0.0,408,0,5,bt_residual
nAE,morgan_1652,Morgan chemistry,0.0,409,0,5,bt_residual
nAE,morgan_1651,Morgan chemistry,0.0,410,0,5,bt_residual
nAE,morgan_1650,Morgan chemistry,0.0,411,0,5,bt_residual
nAE,morgan_1649,Morgan chemistry,0.0,412,0,5,bt_residual
nAE,morgan_1648,Morgan chemistry,0.0,413,0,5,bt_residual
nAE,morgan_1647,Morgan chemistry,0.0,414,0,5,bt_residual
nAE,morgan_1646,Morgan chemistry,0.0,415,0,5,bt_residual
nAE,morgan_1645,Morgan chemistry,0.0,416,0,5,bt_residual
nAE,morgan_1644,Morgan chemistry,0.0,417,0,5,bt_residual
nAE,morgan_1643,Morgan chemistry,0.0,418,0,5,bt_residual
nAE,morgan_1642,Morgan chemistry,0.0,419,0,5,bt_residual
nAE,morgan_1641,Morgan chemistry,0.0,420,0,5,bt_residual
nAE,morgan_1640,Morgan chemistry,0.0,421,0,5,bt_residual
nAE,morgan_1639,Morgan chemistry,0.0,422,0,5,bt_residual
nAE,morgan_1638,Morgan chemistry,0.0,423,0,5,bt_residual
nAE,morgan_1637,Morgan chemistry,0.0,424,0,5,bt_residual
nAE,morgan_1636,Morgan chemistry,0.0,425,0,5,bt_residual
nAE,morgan_1635,Morgan chemistry,0.0,426,0,5,bt_residual
nAE,morgan_1634,Morgan chemistry,0.0,427,0,5,bt_residual
nAE,morgan_1633,Morgan chemistry,0.0,428,0,5,bt_residual
nAE,morgan_1632,Morgan chemistry,0.0,429,0,5,bt_residual
nAE,morgan_1631,Morgan chemistry,0.0,430,0,5,bt_residual
nAE,morgan_1630,Morgan chemistry,0.0,431,0,5,bt_residual
nAE,morgan_1629,Morgan chemistry,0.0,432,0,5,bt_residual
nAE,morgan_1628,Morgan chemistry,0.0,433,0,5,bt_residual
nAE,morgan_1627,Morgan chemistry,0.0,434,0,5,bt_residual
nAE,morgan_1626,Morgan chemistry,0.0,435,0,5,bt_residual
nAE,morgan_1625,Morgan chemistry,0.0,436,0,5,bt_residual
nAE,morgan_1624,Morgan chemistry,0.0,437,0,5,bt_residual
nAE,morgan_1623,Morgan chemistry,0.0,438,0,5,bt_residual
nAE,morgan_1622,Morgan chemistry,0.0,439,0,5,bt_residual
nAE,morgan_1621,Morgan chemistry,0.0,440,0,5,bt_residual
nAE,morgan_1620,Morgan chemistry,0.0,441,0,5,bt_residual
nAE,morgan_1619,Morgan chemistry,0.0,442,0,5,bt_residual
nAE,morgan_1618,Morgan chemistry,0.0,443,0,5,bt_residual
nAE,morgan_1617,Morgan chemistry,0.0,444,0,5,bt_residual
nAE,morgan_1616,Morgan chemistry,0.0,445,0,5,bt_residual
nAE,morgan_1615,Morgan chemistry,0.0,446,0,5,bt_residual
nAE,morgan_1614,Morgan chemistry,0.0,447,0,5,bt_residual
nAE,morgan_1613,Morgan chemistry,0.0,448,0,5,bt_residual
nAE,morgan_1612,Morgan chemistry,0.0,449,0,5,bt_residual
nAE,morgan_1611,Morgan chemistry,0.0,450,0,5,bt_residual
nAE,morgan_1610,Morgan chemistry,0.0,451,0,5,bt_residual
nAE,morgan_1608,Morgan chemistry,0.0,452,0,5,bt_residual
nAE,morgan_1607,Morgan chemistry,0.0,453,0,5,bt_residual
nAE,morgan_1606,Morgan chemistry,0.0,454,0,5,bt_residual
nAE,morgan_1605,Morgan chemistry,0.0,455,0,5,bt_residual
nAE,morgan_1604,Morgan chemistry,0.0,456,0,5,bt_residual
nAE,morgan_1603,Morgan chemistry,0.0,457,0,5,bt_residual
nAE,morgan_1602,Morgan chemistry,0.0,458,0,5,bt_residual
nAE,morgan_1601,Morgan chemistry,0.0,459,0,5,bt_residual
nAE,morgan_1600,Morgan chemistry,0.0,460,0,5,bt_residual
nAE,morgan_1599,Morgan chemistry,0.0,461,0,5,bt_residual
nAE,morgan_1598,Morgan chemistry,0.0,462,0,5,bt_residual
nAE,morgan_1596,Morgan chemistry,0.0,463,0,5,bt_residual
nAE,morgan_1595,Morgan chemistry,0.0,464,0,5,bt_residual
nAE,morgan_1594,Morgan chemistry,0.0,465,0,5,bt_residual
nAE,morgan_1593,Morgan chemistry,0.0,466,0,5,bt_residual
nAE,morgan_1592,Morgan chemistry,0.0,467,0,5,bt_residual
nAE,morgan_1591,Morgan chemistry,0.0,468,0,5,bt_residual
nAE,morgan_1590,Morgan chemistry,0.0,469,0,5,bt_residual
nAE,morgan_1589,Morgan chemistry,0.0,470,0,5,bt_residual
nAE,morgan_1588,Morgan chemistry,0.0,471,0,5,bt_residual
nAE,morgan_1587,Morgan chemistry,0.0,472,0,5,bt_residual
nAE,morgan_1586,Morgan chemistry,0.0,473,0,5,bt_residual
nAE,morgan_1585,Morgan chemistry,0.0,474,0,5,bt_residual
nAE,morgan_1584,Morgan chemistry,0.0,475,0,5,bt_residual
nAE,morgan_1583,Morgan chemistry,0.0,476,0,5,bt_residual
nAE,morgan_1582,Morgan chemistry,0.0,477,0,5,bt_residual
nAE,morgan_1581,Morgan chemistry,0.0,478,0,5,bt_residual
nAE,morgan_1580,Morgan chemistry,0.0,479,0,5,bt_residual
nAE,morgan_1579,Morgan chemistry,0.0,480,0,5,bt_residual
nAE,morgan_1578,Morgan chemistry,0.0,481,0,5,bt_residual
nAE,morgan_1577,Morgan chemistry,0.0,482,0,5,bt_residual
nAE,morgan_1576,Morgan chemistry,0.0,483,0,5,bt_residual
nAE,morgan_1575,Morgan chemistry,0.0,484,0,5,bt_residual
nAE,morgan_1574,Morgan chemistry,0.0,485,0,5,bt_residual
nAE,morgan_1573,Morgan chemistry,0.0,486,0,5,bt_residual
nAE,morgan_1572,Morgan chemistry,0.0,487,0,5,bt_residual
nAE,morgan_1571,Morgan chemistry,0.0,488,0,5,bt_residual
nAE,morgan_1569,Morgan chemistry,0.0,489,0,5,bt_residual
nAE,morgan_1568,Morgan chemistry,0.0,490,0,5,bt_residual
nAE,morgan_1567,Morgan chemistry,0.0,491,0,5,bt_residual
nAE,morgan_1566,Morgan chemistry,0.0,492,0,5,bt_residual
nAE,morgan_1565,Morgan chemistry,0.0,493,0,5,bt_residual
nAE,morgan_1564,Morgan chemistry,0.0,494,0,5,bt_residual
nAE,morgan_1563,Morgan chemistry,0.0,495,0,5,bt_residual
nAE,morgan_1562,Morgan chemistry,0.0,496,0,5,bt_residual
nAE,morgan_1561,Morgan chemistry,0.0,497,0,5,bt_residual
nAE,morgan_1560,Morgan chemistry,0.0,498,0,5,bt_residual
nAE,morgan_1559,Morgan chemistry,0.0,499,0,5,bt_residual
nAE,morgan_1558,Morgan chemistry,0.0,500,0,5,bt_residual
nAE,morgan_1557,Morgan chemistry,0.0,501,0,5,bt_residual
nAE,morgan_1556,Morgan chemistry,0.0,502,0,5,bt_residual
nAE,morgan_1555,Morgan chemistry,0.0,503,0,5,bt_residual
nAE,morgan_1554,Morgan chemistry,0.0,504,0,5,bt_residual
nAE,morgan_1553,Morgan chemistry,0.0,505,0,5,bt_residual
nAE,morgan_1552,Morgan chemistry,0.0,506,0,5,bt_residual
nAE,morgan_1551,Morgan chemistry,0.0,507,0,5,bt_residual
nAE,morgan_1550,Morgan chemistry,0.0,508,0,5,bt_residual
nAE,morgan_1549,Morgan chemistry,0.0,509,0,5,bt_residual
nAE,morgan_1548,Morgan chemistry,0.0,510,0,5,bt_residual
nAE,morgan_1547,Morgan chemistry,0.0,511,0,5,bt_residual
nAE,morgan_1546,Morgan chemistry,0.0,512,0,5,bt_residual
nAE,morgan_1545,Morgan chemistry,0.0,513,0,5,bt_residual
nAE,morgan_1544,Morgan chemistry,0.0,514,0,5,bt_residual
nAE,morgan_1543,Morgan chemistry,0.0,515,0,5,bt_residual
nAE,morgan_1542,Morgan chemistry,0.0,516,0,5,bt_residual
nAE,morgan_1541,Morgan chemistry,0.0,517,0,5,bt_residual
nAE,morgan_1540,Morgan chemistry,0.0,518,0,5,bt_residual
nAE,morgan_1539,Morgan chemistry,0.0,519,0,5,bt_residual
nAE,morgan_1538,Morgan chemistry,0.0,520,0,5,bt_residual
nAE,morgan_1537,Morgan chemistry,0.0,521,0,5,bt_residual
nAE,morgan_1536,Morgan chemistry,0.0,522,0,5,bt_residual
nAE,morgan_1535,Morgan chemistry,0.0,523,0,5,bt_residual
nAE,morgan_1534,Morgan chemistry,0.0,524,0,5,bt_residual
nAE,morgan_1533,Morgan chemistry,0.0,525,0,5,bt_residual
nAE,morgan_1532,Morgan chemistry,0.0,526,0,5,bt_residual
nAE,morgan_1531,Morgan chemistry,0.0,527,0,5,bt_residual
nAE,morgan_1530,Morgan chemistry,0.0,528,0,5,bt_residual
nAE,morgan_1529,Morgan chemistry,0.0,529,0,5,bt_residual
nAE,morgan_1528,Morgan chemistry,0.0,530,0,5,bt_residual
nAE,morgan_1527,Morgan chemistry,0.0,531,0,5,bt_residual
nAE,morgan_1526,Morgan chemistry,0.0,532,0,5,bt_residual
nAE,morgan_1525,Morgan chemistry,0.0,533,0,5,bt_residual
nAE,morgan_1524,Morgan chemistry,0.0,534,0,5,bt_residual
nAE,morgan_1523,Morgan chemistry,0.0,535,0,5,bt_residual
nAE,morgan_1522,Morgan chemistry,0.0,536,0,5,bt_residual
nAE,morgan_1521,Morgan chemistry,0.0,537,0,5,bt_residual
nAE,morgan_1520,Morgan chemistry,0.0,538,0,5,bt_residual
nAE,morgan_1519,Morgan chemistry,0.0,539,0,5,bt_residual
nAE,morgan_1518,Morgan chemistry,0.0,540,0,5,bt_residual
nAE,morgan_1517,Morgan chemistry,0.0,541,0,5,bt_residual
nAE,morgan_1516,Morgan chemistry,0.0,542,0,5,bt_residual
nAE,morgan_1515,Morgan chemistry,0.0,543,0,5,bt_residual
nAE,morgan_1514,Morgan chemistry,0.0,544,0,5,bt_residual
nAE,morgan_1513,Morgan chemistry,0.0,545,0,5,bt_residual
nAE,morgan_1512,Morgan chemistry,0.0,546,0,5,bt_residual
nAE,morgan_1511,Morgan chemistry,0.0,547,0,5,bt_residual
nAE,morgan_1510,Morgan chemistry,0.0,548,0,5,bt_residual
nAE,morgan_1509,Morgan chemistry,0.0,549,0,5,bt_residual
nAE,morgan_1508,Morgan chemistry,0.0,550,0,5,bt_residual
nAE,morgan_1507,Morgan chemistry,0.0,551,0,5,bt_residual
nAE,morgan_1506,Morgan chemistry,0.0,552,0,5,bt_residual
nAE,morgan_1505,Morgan chemistry,0.0,553,0,5,bt_residual
nAE,morgan_1504,Morgan chemistry,0.0,554,0,5,bt_residual
nAE,morgan_1503,Morgan chemistry,0.0,555,0,5,bt_residual
nAE,morgan_1502,Morgan chemistry,0.0,556,0,5,bt_residual
nAE,morgan_1501,Morgan chemistry,0.0,557,0,5,bt_residual
nAE,morgan_1500,Morgan chemistry,0.0,558,0,5,bt_residual
nAE,morgan_1499,Morgan chemistry,0.0,559,0,5,bt_residual
nAE,morgan_1498,Morgan chemistry,0.0,560,0,5,bt_residual
nAE,morgan_1497,Morgan chemistry,0.0,561,0,5,bt_residual
nAE,morgan_1496,Morgan chemistry,0.0,562,0,5,bt_residual
nAE,morgan_1495,Morgan chemistry,0.0,563,0,5,bt_residual
nAE,morgan_1494,Morgan chemistry,0.0,564,0,5,bt_residual
nAE,morgan_1493,Morgan chemistry,0.0,565,0,5,bt_residual
nAE,morgan_1492,Morgan chemistry,0.0,566,0,5,bt_residual
nAE,morgan_1491,Morgan chemistry,0.0,567,0,5,bt_residual
nAE,morgan_1490,Morgan chemistry,0.0,568,0,5,bt_residual
nAE,morgan_1489,Morgan chemistry,0.0,569,0,5,bt_residual
nAE,morgan_1488,Morgan chemistry,0.0,570,0,5,bt_residual
nAE,morgan_1487,Morgan chemistry,0.0,571,0,5,bt_residual
nAE,morgan_1486,Morgan chemistry,0.0,572,0,5,bt_residual
nAE,morgan_1485,Morgan chemistry,0.0,573,0,5,bt_residual
nAE,morgan_1484,Morgan chemistry,0.0,574,0,5,bt_residual
nAE,morgan_1483,Morgan chemistry,0.0,575,0,5,bt_residual
nAE,morgan_1482,Morgan chemistry,0.0,576,0,5,bt_residual
nAE,morgan_1481,Morgan chemistry,0.0,577,0,5,bt_residual
nAE,morgan_1480,Morgan chemistry,0.0,578,0,5,bt_residual
nAE,morgan_1479,Morgan chemistry,0.0,579,0,5,bt_residual
nAE,morgan_1478,Morgan chemistry,0.0,580,0,5,bt_residual
nAE,morgan_1477,Morgan chemistry,0.0,581,0,5,bt_residual
nAE,morgan_1476,Morgan chemistry,0.0,582,0,5,bt_residual
nAE,morgan_1475,Morgan chemistry,0.0,583,0,5,bt_residual
nAE,morgan_1474,Morgan chemistry,0.0,584,0,5,bt_residual
nAE,morgan_1473,Morgan chemistry,0.0,585,0,5,bt_residual
nAE,morgan_1472,Morgan chemistry,0.0,586,0,5,bt_residual
nAE,morgan_1471,Morgan chemistry,0.0,587,0,5,bt_residual
nAE,morgan_1470,Morgan chemistry,0.0,588,0,5,bt_residual
nAE,morgan_1469,Morgan chemistry,0.0,589,0,5,bt_residual
nAE,morgan_1468,Morgan chemistry,0.0,590,0,5,bt_residual
nAE,morgan_1467,Morgan chemistry,0.0,591,0,5,bt_residual
nAE,morgan_1466,Morgan chemistry,0.0,592,0,5,bt_residual
nAE,morgan_1465,Morgan chemistry,0.0,593,0,5,bt_residual
nAE,morgan_1464,Morgan chemistry,0.0,594,0,5,bt_residual
nAE,morgan_1463,Morgan chemistry,0.0,595,0,5,bt_residual
nAE,morgan_1462,Morgan chemistry,0.0,596,0,5,bt_residual
nAE,morgan_1461,Morgan chemistry,0.0,597,0,5,bt_residual
nAE,morgan_1460,Morgan chemistry,0.0,598,0,5,bt_residual
nAE,morgan_1459,Morgan chemistry,0.0,599,0,5,bt_residual
nAE,morgan_1458,Morgan chemistry,0.0,600,0,5,bt_residual
nAE,morgan_1457,Morgan chemistry,0.0,601,0,5,bt_residual
nAE,morgan_1456,Morgan chemistry,0.0,602,0,5,bt_residual
nAE,morgan_1455,Morgan chemistry,0.0,603,0,5,bt_residual
nAE,morgan_1454,Morgan chemistry,0.0,604,0,5,bt_residual
nAE,morgan_1453,Morgan chemistry,0.0,605,0,5,bt_residual
nAE,morgan_1452,Morgan chemistry,0.0,606,0,5,bt_residual
nAE,morgan_1451,Morgan chemistry,0.0,607,0,5,bt_residual
nAE,morgan_1450,Morgan chemistry,0.0,608,0,5,bt_residual
nAE,morgan_1449,Morgan chemistry,0.0,609,0,5,bt_residual
nAE,morgan_1448,Morgan chemistry,0.0,610,0,5,bt_residual
nAE,morgan_1447,Morgan chemistry,0.0,611,0,5,bt_residual
nAE,morgan_1446,Morgan chemistry,0.0,612,0,5,bt_residual
nAE,morgan_1445,Morgan chemistry,0.0,613,0,5,bt_residual
nAE,morgan_1444,Morgan chemistry,0.0,614,0,5,bt_residual
nAE,morgan_1443,Morgan chemistry,0.0,615,0,5,bt_residual
nAE,morgan_1442,Morgan chemistry,0.0,616,0,5,bt_residual
nAE,morgan_1441,Morgan chemistry,0.0,617,0,5,bt_residual
nAE,morgan_1440,Morgan chemistry,0.0,618,0,5,bt_residual
nAE,morgan_1439,Morgan chemistry,0.0,619,0,5,bt_residual
nAE,morgan_1438,Morgan chemistry,0.0,620,0,5,bt_residual
nAE,morgan_1437,Morgan chemistry,0.0,621,0,5,bt_residual
nAE,morgan_1436,Morgan chemistry,0.0,622,0,5,bt_residual
nAE,morgan_1435,Morgan chemistry,0.0,623,0,5,bt_residual
nAE,morgan_1434,Morgan chemistry,0.0,624,0,5,bt_residual
nAE,morgan_1433,Morgan chemistry,0.0,625,0,5,bt_residual
nAE,morgan_1432,Morgan chemistry,0.0,626,0,5,bt_residual
nAE,morgan_1431,Morgan chemistry,0.0,627,0,5,bt_residual
nAE,morgan_1430,Morgan chemistry,0.0,628,0,5,bt_residual
nAE,morgan_1429,Morgan chemistry,0.0,629,0,5,bt_residual
nAE,morgan_1428,Morgan chemistry,0.0,630,0,5,bt_residual
nAE,morgan_1427,Morgan chemistry,0.0,631,0,5,bt_residual
nAE,morgan_1426,Morgan chemistry,0.0,632,0,5,bt_residual
nAE,morgan_1425,Morgan chemistry,0.0,633,0,5,bt_residual
nAE,morgan_1424,Morgan chemistry,0.0,634,0,5,bt_residual
nAE,morgan_1423,Morgan chemistry,0.0,635,0,5,bt_residual
nAE,morgan_1422,Morgan chemistry,0.0,636,0,5,bt_residual
nAE,morgan_1421,Morgan chemistry,0.0,637,0,5,bt_residual
nAE,morgan_1420,Morgan chemistry,0.0,638,0,5,bt_residual
nAE,morgan_1419,Morgan chemistry,0.0,639,0,5,bt_residual
nAE,morgan_1418,Morgan chemistry,0.0,640,0,5,bt_residual
nAE,morgan_1417,Morgan chemistry,0.0,641,0,5,bt_residual
nAE,morgan_1416,Morgan chemistry,0.0,642,0,5,bt_residual
nAE,morgan_1415,Morgan chemistry,0.0,643,0,5,bt_residual
nAE,morgan_1414,Morgan chemistry,0.0,644,0,5,bt_residual
nAE,morgan_1413,Morgan chemistry,0.0,645,0,5,bt_residual
nAE,morgan_1412,Morgan chemistry,0.0,646,0,5,bt_residual
nAE,morgan_1411,Morgan chemistry,0.0,647,0,5,bt_residual
nAE,morgan_1410,Morgan chemistry,0.0,648,0,5,bt_residual
nAE,morgan_1409,Morgan chemistry,0.0,649,0,5,bt_residual
nAE,morgan_1408,Morgan chemistry,0.0,650,0,5,bt_residual
nAE,morgan_1407,Morgan chemistry,0.0,651,0,5,bt_residual
nAE,morgan_1406,Morgan chemistry,0.0,652,0,5,bt_residual
nAE,morgan_1405,Morgan chemistry,0.0,653,0,5,bt_residual
nAE,morgan_1404,Morgan chemistry,0.0,654,0,5,bt_residual
nAE,morgan_1403,Morgan chemistry,0.0,655,0,5,bt_residual
nAE,morgan_1402,Morgan chemistry,0.0,656,0,5,bt_residual
nAE,morgan_1401,Morgan chemistry,0.0,657,0,5,bt_residual
nAE,morgan_1400,Morgan chemistry,0.0,658,0,5,bt_residual
nAE,morgan_1399,Morgan chemistry,0.0,659,0,5,bt_residual
nAE,morgan_1398,Morgan chemistry,0.0,660,0,5,bt_residual
nAE,morgan_1397,Morgan chemistry,0.0,661,0,5,bt_residual
nAE,morgan_1396,Morgan chemistry,0.0,662,0,5,bt_residual
nAE,morgan_1395,Morgan chemistry,0.0,663,0,5,bt_residual
nAE,morgan_1394,Morgan chemistry,0.0,664,0,5,bt_residual
nAE,morgan_1393,Morgan chemistry,0.0,665,0,5,bt_residual
nAE,morgan_1392,Morgan chemistry,0.0,666,0,5,bt_residual
nAE,morgan_1391,Morgan chemistry,0.0,667,0,5,bt_residual
nAE,morgan_1390,Morgan chemistry,0.0,668,0,5,bt_residual
nAE,morgan_1389,Morgan chemistry,0.0,669,0,5,bt_residual
nAE,morgan_1388,Morgan chemistry,0.0,670,0,5,bt_residual
nAE,morgan_1387,Morgan chemistry,0.0,671,0,5,bt_residual
nAE,morgan_1386,Morgan chemistry,0.0,672,0,5,bt_residual
nAE,morgan_1384,Morgan chemistry,0.0,673,0,5,bt_residual
nAE,morgan_1382,Morgan chemistry,0.0,674,0,5,bt_residual
nAE,morgan_1381,Morgan chemistry,0.0,675,0,5,bt_residual
nAE,morgan_1380,Morgan chemistry,0.0,676,0,5,bt_residual
nAE,morgan_1379,Morgan chemistry,0.0,677,0,5,bt_residual
nAE,morgan_1378,Morgan chemistry,0.0,678,0,5,bt_residual
nAE,morgan_1377,Morgan chemistry,0.0,679,0,5,bt_residual
nAE,morgan_1376,Morgan chemistry,0.0,680,0,5,bt_residual
nAE,morgan_1375,Morgan chemistry,0.0,681,0,5,bt_residual
nAE,morgan_1374,Morgan chemistry,0.0,682,0,5,bt_residual
nAE,morgan_1373,Morgan chemistry,0.0,683,0,5,bt_residual
nAE,morgan_1372,Morgan chemistry,0.0,684,0,5,bt_residual
nAE,morgan_1371,Morgan chemistry,0.0,685,0,5,bt_residual
nAE,morgan_1370,Morgan chemistry,0.0,686,0,5,bt_residual
nAE,morgan_1369,Morgan chemistry,0.0,687,0,5,bt_residual
nAE,morgan_1368,Morgan chemistry,0.0,688,0,5,bt_residual
nAE,morgan_1367,Morgan chemistry,0.0,689,0,5,bt_residual
nAE,morgan_1366,Morgan chemistry,0.0,690,0,5,bt_residual
nAE,morgan_1365,Morgan chemistry,0.0,691,0,5,bt_residual
nAE,morgan_1364,Morgan chemistry,0.0,692,0,5,bt_residual
nAE,morgan_1363,Morgan chemistry,0.0,693,0,5,bt_residual
nAE,morgan_1362,Morgan chemistry,0.0,694,0,5,bt_residual
nAE,morgan_1361,Morgan chemistry,0.0,695,0,5,bt_residual
nAE,morgan_1360,Morgan chemistry,0.0,696,0,5,bt_residual
nAE,morgan_1359,Morgan chemistry,0.0,697,0,5,bt_residual
nAE,morgan_1358,Morgan chemistry,0.0,698,0,5,bt_residual
nAE,morgan_1357,Morgan chemistry,0.0,699,0,5,bt_residual
nAE,morgan_1356,Morgan chemistry,0.0,700,0,5,bt_residual
nAE,morgan_1355,Morgan chemistry,0.0,701,0,5,bt_residual
nAE,morgan_1354,Morgan chemistry,0.0,702,0,5,bt_residual
nAE,morgan_1353,Morgan chemistry,0.0,703,0,5,bt_residual
nAE,morgan_1352,Morgan chemistry,0.0,704,0,5,bt_residual
nAE,morgan_1351,Morgan chemistry,0.0,705,0,5,bt_residual
nAE,morgan_1350,Morgan chemistry,0.0,706,0,5,bt_residual
nAE,morgan_1348,Morgan chemistry,0.0,707,0,5,bt_residual
nAE,morgan_1347,Morgan chemistry,0.0,708,0,5,bt_residual
nAE,morgan_1346,Morgan chemistry,0.0,709,0,5,bt_residual
nAE,morgan_1345,Morgan chemistry,0.0,710,0,5,bt_residual
nAE,morgan_1344,Morgan chemistry,0.0,711,0,5,bt_residual
nAE,morgan_1343,Morgan chemistry,0.0,712,0,5,bt_residual
nAE,morgan_1342,Morgan chemistry,0.0,713,0,5,bt_residual
nAE,morgan_1341,Morgan chemistry,0.0,714,0,5,bt_residual
nAE,morgan_1340,Morgan chemistry,0.0,715,0,5,bt_residual
nAE,morgan_1339,Morgan chemistry,0.0,716,0,5,bt_residual
nAE,morgan_1338,Morgan chemistry,0.0,717,0,5,bt_residual
nAE,morgan_1337,Morgan chemistry,0.0,718,0,5,bt_residual
nAE,morgan_1336,Morgan chemistry,0.0,719,0,5,bt_residual
nAE,morgan_1335,Morgan chemistry,0.0,720,0,5,bt_residual
nAE,morgan_1334,Morgan chemistry,0.0,721,0,5,bt_residual
nAE,morgan_1333,Morgan chemistry,0.0,722,0,5,bt_residual
nAE,morgan_1332,Morgan chemistry,0.0,723,0,5,bt_residual
nAE,morgan_1331,Morgan chemistry,0.0,724,0,5,bt_residual
nAE,morgan_1330,Morgan chemistry,0.0,725,0,5,bt_residual
nAE,morgan_1329,Morgan chemistry,0.0,726,0,5,bt_residual
nAE,morgan_1328,Morgan chemistry,0.0,727,0,5,bt_residual
nAE,morgan_1327,Morgan chemistry,0.0,728,0,5,bt_residual
nAE,morgan_1326,Morgan chemistry,0.0,729,0,5,bt_residual
nAE,morgan_1325,Morgan chemistry,0.0,730,0,5,bt_residual
nAE,morgan_1324,Morgan chemistry,0.0,731,0,5,bt_residual
nAE,morgan_1323,Morgan chemistry,0.0,732,0,5,bt_residual
nAE,morgan_1322,Morgan chemistry,0.0,733,0,5,bt_residual
nAE,morgan_1321,Morgan chemistry,0.0,734,0,5,bt_residual
nAE,morgan_1320,Morgan chemistry,0.0,735,0,5,bt_residual
nAE,morgan_1319,Morgan chemistry,0.0,736,0,5,bt_residual
nAE,morgan_1318,Morgan chemistry,0.0,737,0,5,bt_residual
nAE,morgan_1317,Morgan chemistry,0.0,738,0,5,bt_residual
nAE,morgan_1316,Morgan chemistry,0.0,739,0,5,bt_residual
nAE,morgan_1315,Morgan chemistry,0.0,740,0,5,bt_residual
nAE,morgan_1314,Morgan chemistry,0.0,741,0,5,bt_residual
nAE,morgan_1313,Morgan chemistry,0.0,742,0,5,bt_residual
nAE,morgan_1312,Morgan chemistry,0.0,743,0,5,bt_residual
nAE,morgan_1311,Morgan chemistry,0.0,744,0,5,bt_residual
nAE,morgan_1310,Morgan chemistry,0.0,745,0,5,bt_residual
nAE,morgan_1309,Morgan chemistry,0.0,746,0,5,bt_residual
nAE,morgan_1308,Morgan chemistry,0.0,747,0,5,bt_residual
nAE,morgan_1307,Morgan chemistry,0.0,748,0,5,bt_residual
nAE,morgan_1306,Morgan chemistry,0.0,749,0,5,bt_residual
nAE,morgan_1305,Morgan chemistry,0.0,750,0,5,bt_residual
nAE,morgan_1304,Morgan chemistry,0.0,751,0,5,bt_residual
nAE,morgan_1303,Morgan chemistry,0.0,752,0,5,bt_residual
nAE,morgan_1302,Morgan chemistry,0.0,753,0,5,bt_residual
nAE,morgan_1301,Morgan chemistry,0.0,754,0,5,bt_residual
nAE,morgan_1300,Morgan chemistry,0.0,755,0,5,bt_residual
nAE,morgan_1299,Morgan chemistry,0.0,756,0,5,bt_residual
nAE,morgan_1298,Morgan chemistry,0.0,757,0,5,bt_residual
nAE,morgan_1297,Morgan chemistry,0.0,758,0,5,bt_residual
nAE,morgan_1295,Morgan chemistry,0.0,759,0,5,bt_residual
nAE,morgan_1294,Morgan chemistry,0.0,760,0,5,bt_residual
nAE,morgan_1293,Morgan chemistry,0.0,761,0,5,bt_residual
nAE,morgan_1292,Morgan chemistry,0.0,762,0,5,bt_residual
nAE,morgan_1291,Morgan chemistry,0.0,763,0,5,bt_residual
nAE,morgan_1290,Morgan chemistry,0.0,764,0,5,bt_residual
nAE,morgan_1289,Morgan chemistry,0.0,765,0,5,bt_residual
nAE,morgan_1288,Morgan chemistry,0.0,766,0,5,bt_residual
nAE,morgan_1287,Morgan chemistry,0.0,767,0,5,bt_residual
nAE,morgan_1286,Morgan chemistry,0.0,768,0,5,bt_residual
nAE,morgan_1285,Morgan chemistry,0.0,769,0,5,bt_residual
nAE,morgan_1284,Morgan chemistry,0.0,770,0,5,bt_residual
nAE,morgan_1283,Morgan chemistry,0.0,771,0,5,bt_residual
nAE,morgan_1282,Morgan chemistry,0.0,772,0,5,bt_residual
nAE,morgan_1281,Morgan chemistry,0.0,773,0,5,bt_residual
nAE,morgan_1280,Morgan chemistry,0.0,774,0,5,bt_residual
nAE,morgan_1279,Morgan chemistry,0.0,775,0,5,bt_residual
nAE,morgan_1278,Morgan chemistry,0.0,776,0,5,bt_residual
nAE,morgan_1277,Morgan chemistry,0.0,777,0,5,bt_residual
nAE,morgan_1276,Morgan chemistry,0.0,778,0,5,bt_residual
nAE,morgan_1275,Morgan chemistry,0.0,779,0,5,bt_residual
nAE,morgan_1274,Morgan chemistry,0.0,780,0,5,bt_residual
nAE,morgan_1273,Morgan chemistry,0.0,781,0,5,bt_residual
nAE,morgan_1272,Morgan chemistry,0.0,782,0,5,bt_residual
nAE,morgan_1271,Morgan chemistry,0.0,783,0,5,bt_residual
nAE,morgan_1270,Morgan chemistry,0.0,784,0,5,bt_residual
nAE,morgan_1269,Morgan chemistry,0.0,785,0,5,bt_residual
nAE,morgan_1268,Morgan chemistry,0.0,786,0,5,bt_residual
nAE,morgan_1267,Morgan chemistry,0.0,787,0,5,bt_residual
nAE,morgan_1266,Morgan chemistry,0.0,788,0,5,bt_residual
nAE,morgan_1265,Morgan chemistry,0.0,789,0,5,bt_residual
nAE,morgan_1264,Morgan chemistry,0.0,790,0,5,bt_residual
nAE,morgan_1263,Morgan chemistry,0.0,791,0,5,bt_residual
nAE,morgan_1262,Morgan chemistry,0.0,792,0,5,bt_residual
nAE,morgan_1261,Morgan chemistry,0.0,793,0,5,bt_residual
nAE,morgan_1260,Morgan chemistry,0.0,794,0,5,bt_residual
nAE,morgan_1259,Morgan chemistry,0.0,795,0,5,bt_residual
nAE,morgan_1258,Morgan chemistry,0.0,796,0,5,bt_residual
nAE,morgan_1257,Morgan chemistry,0.0,797,0,5,bt_residual
nAE,morgan_1256,Morgan chemistry,0.0,798,0,5,bt_residual
nAE,morgan_1255,Morgan chemistry,0.0,799,0,5,bt_residual
nAE,morgan_1254,Morgan chemistry,0.0,800,0,5,bt_residual
nAE,morgan_1253,Morgan chemistry,0.0,801,0,5,bt_residual
nAE,morgan_1252,Morgan chemistry,0.0,802,0,5,bt_residual
nAE,morgan_1251,Morgan chemistry,0.0,803,0,5,bt_residual
nAE,morgan_1250,Morgan chemistry,0.0,804,0,5,bt_residual
nAE,morgan_1249,Morgan chemistry,0.0,805,0,5,bt_residual
nAE,morgan_1248,Morgan chemistry,0.0,806,0,5,bt_residual
nAE,morgan_1247,Morgan chemistry,0.0,807,0,5,bt_residual
nAE,morgan_1246,Morgan chemistry,0.0,808,0,5,bt_residual
nAE,morgan_1244,Morgan chemistry,0.0,809,0,5,bt_residual
nAE,morgan_1243,Morgan chemistry,0.0,810,0,5,bt_residual
nAE,morgan_1242,Morgan chemistry,0.0,811,0,5,bt_residual
nAE,morgan_1241,Morgan chemistry,0.0,812,0,5,bt_residual
nAE,morgan_1240,Morgan chemistry,0.0,813,0,5,bt_residual
nAE,morgan_1239,Morgan chemistry,0.0,814,0,5,bt_residual
nAE,morgan_1238,Morgan chemistry,0.0,815,0,5,bt_residual
nAE,morgan_1237,Morgan chemistry,0.0,816,0,5,bt_residual
nAE,morgan_1236,Morgan chemistry,0.0,817,0,5,bt_residual
nAE,morgan_1235,Morgan chemistry,0.0,818,0,5,bt_residual
nAE,morgan_1234,Morgan chemistry,0.0,819,0,5,bt_residual
nAE,morgan_1233,Morgan chemistry,0.0,820,0,5,bt_residual
nAE,morgan_1232,Morgan chemistry,0.0,821,0,5,bt_residual
nAE,morgan_1231,Morgan chemistry,0.0,822,0,5,bt_residual
nAE,morgan_1230,Morgan chemistry,0.0,823,0,5,bt_residual
nAE,morgan_1229,Morgan chemistry,0.0,824,0,5,bt_residual
nAE,morgan_1228,Morgan chemistry,0.0,825,0,5,bt_residual
nAE,morgan_1227,Morgan chemistry,0.0,826,0,5,bt_residual
nAE,morgan_1226,Morgan chemistry,0.0,827,0,5,bt_residual
nAE,morgan_1225,Morgan chemistry,0.0,828,0,5,bt_residual
nAE,morgan_1224,Morgan chemistry,0.0,829,0,5,bt_residual
nAE,morgan_1223,Morgan chemistry,0.0,830,0,5,bt_residual
nAE,morgan_1222,Morgan chemistry,0.0,831,0,5,bt_residual
nAE,morgan_1221,Morgan chemistry,0.0,832,0,5,bt_residual
nAE,morgan_1220,Morgan chemistry,0.0,833,0,5,bt_residual
nAE,morgan_1219,Morgan chemistry,0.0,834,0,5,bt_residual
nAE,morgan_1218,Morgan chemistry,0.0,835,0,5,bt_residual
nAE,morgan_1217,Morgan chemistry,0.0,836,0,5,bt_residual
nAE,morgan_1216,Morgan chemistry,0.0,837,0,5,bt_residual
nAE,morgan_1215,Morgan chemistry,0.0,838,0,5,bt_residual
nAE,morgan_1214,Morgan chemistry,0.0,839,0,5,bt_residual
nAE,morgan_1213,Morgan chemistry,0.0,840,0,5,bt_residual
nAE,morgan_1212,Morgan chemistry,0.0,841,0,5,bt_residual
nAE,morgan_1211,Morgan chemistry,0.0,842,0,5,bt_residual
nAE,morgan_1210,Morgan chemistry,0.0,843,0,5,bt_residual
nAE,morgan_1209,Morgan chemistry,0.0,844,0,5,bt_residual
nAE,morgan_1208,Morgan chemistry,0.0,845,0,5,bt_residual
nAE,morgan_1207,Morgan chemistry,0.0,846,0,5,bt_residual
nAE,morgan_1206,Morgan chemistry,0.0,847,0,5,bt_residual
nAE,morgan_1205,Morgan chemistry,0.0,848,0,5,bt_residual
nAE,morgan_1204,Morgan chemistry,0.0,849,0,5,bt_residual
nAE,morgan_1203,Morgan chemistry,0.0,850,0,5,bt_residual
nAE,morgan_1202,Morgan chemistry,0.0,851,0,5,bt_residual
nAE,morgan_1201,Morgan chemistry,0.0,852,0,5,bt_residual
nAE,morgan_1200,Morgan chemistry,0.0,853,0,5,bt_residual
nAE,morgan_1199,Morgan chemistry,0.0,854,0,5,bt_residual
nAE,morgan_1198,Morgan chemistry,0.0,855,0,5,bt_residual
nAE,morgan_1197,Morgan chemistry,0.0,856,0,5,bt_residual
nAE,morgan_1196,Morgan chemistry,0.0,857,0,5,bt_residual
nAE,morgan_1195,Morgan chemistry,0.0,858,0,5,bt_residual
nAE,morgan_1194,Morgan chemistry,0.0,859,0,5,bt_residual
nAE,morgan_1193,Morgan chemistry,0.0,860,0,5,bt_residual
nAE,morgan_1192,Morgan chemistry,0.0,861,0,5,bt_residual
nAE,morgan_1191,Morgan chemistry,0.0,862,0,5,bt_residual
nAE,morgan_1190,Morgan chemistry,0.0,863,0,5,bt_residual
nAE,morgan_1189,Morgan chemistry,0.0,864,0,5,bt_residual
nAE,morgan_1188,Morgan chemistry,0.0,865,0,5,bt_residual
nAE,morgan_1187,Morgan chemistry,0.0,866,0,5,bt_residual
nAE,morgan_1186,Morgan chemistry,0.0,867,0,5,bt_residual
nAE,morgan_1185,Morgan chemistry,0.0,868,0,5,bt_residual
nAE,morgan_1184,Morgan chemistry,0.0,869,0,5,bt_residual
nAE,morgan_1183,Morgan chemistry,0.0,870,0,5,bt_residual
nAE,morgan_1182,Morgan chemistry,0.0,871,0,5,bt_residual
nAE,morgan_1181,Morgan chemistry,0.0,872,0,5,bt_residual
nAE,morgan_1180,Morgan chemistry,0.0,873,0,5,bt_residual
nAE,morgan_1179,Morgan chemistry,0.0,874,0,5,bt_residual
nAE,morgan_1178,Morgan chemistry,0.0,875,0,5,bt_residual
nAE,morgan_1177,Morgan chemistry,0.0,876,0,5,bt_residual
nAE,morgan_1176,Morgan chemistry,0.0,877,0,5,bt_residual
nAE,morgan_1175,Morgan chemistry,0.0,878,0,5,bt_residual
nAE,morgan_1174,Morgan chemistry,0.0,879,0,5,bt_residual
nAE,morgan_1173,Morgan chemistry,0.0,880,0,5,bt_residual
nAE,morgan_1172,Morgan chemistry,0.0,881,0,5,bt_residual
nAE,morgan_1171,Morgan chemistry,0.0,882,0,5,bt_residual
nAE,morgan_1170,Morgan chemistry,0.0,883,0,5,bt_residual
nAE,morgan_1169,Morgan chemistry,0.0,884,0,5,bt_residual
nAE,morgan_1168,Morgan chemistry,0.0,885,0,5,bt_residual
nAE,morgan_1167,Morgan chemistry,0.0,886,0,5,bt_residual
nAE,morgan_1166,Morgan chemistry,0.0,887,0,5,bt_residual
nAE,morgan_1165,Morgan chemistry,0.0,888,0,5,bt_residual
nAE,morgan_1164,Morgan chemistry,0.0,889,0,5,bt_residual
nAE,morgan_1163,Morgan chemistry,0.0,890,0,5,bt_residual
nAE,morgan_1162,Morgan chemistry,0.0,891,0,5,bt_residual
nAE,morgan_1161,Morgan chemistry,0.0,892,0,5,bt_residual
nAE,morgan_1160,Morgan chemistry,0.0,893,0,5,bt_residual
nAE,morgan_1159,Morgan chemistry,0.0,894,0,5,bt_residual
nAE,morgan_1158,Morgan chemistry,0.0,895,0,5,bt_residual
nAE,morgan_1157,Morgan chemistry,0.0,896,0,5,bt_residual
nAE,morgan_1156,Morgan chemistry,0.0,897,0,5,bt_residual
nAE,morgan_1155,Morgan chemistry,0.0,898,0,5,bt_residual
nAE,morgan_1154,Morgan chemistry,0.0,899,0,5,bt_residual
nAE,morgan_1153,Morgan chemistry,0.0,900,0,5,bt_residual
nAE,morgan_1152,Morgan chemistry,0.0,901,0,5,bt_residual
nAE,morgan_1151,Morgan chemistry,0.0,902,0,5,bt_residual
nAE,morgan_1150,Morgan chemistry,0.0,903,0,5,bt_residual
nAE,morgan_1149,Morgan chemistry,0.0,904,0,5,bt_residual
nAE,morgan_1148,Morgan chemistry,0.0,905,0,5,bt_residual
nAE,morgan_1147,Morgan chemistry,0.0,906,0,5,bt_residual
nAE,morgan_1146,Morgan chemistry,0.0,907,0,5,bt_residual
nAE,morgan_1145,Morgan chemistry,0.0,908,0,5,bt_residual
nAE,morgan_1144,Morgan chemistry,0.0,909,0,5,bt_residual
nAE,morgan_1143,Morgan chemistry,0.0,910,0,5,bt_residual
nAE,morgan_1142,Morgan chemistry,0.0,911,0,5,bt_residual
nAE,morgan_1141,Morgan chemistry,0.0,912,0,5,bt_residual
nAE,morgan_1140,Morgan chemistry,0.0,913,0,5,bt_residual
nAE,morgan_1139,Morgan chemistry,0.0,914,0,5,bt_residual
nAE,morgan_1138,Morgan chemistry,0.0,915,0,5,bt_residual
nAE,morgan_1137,Morgan chemistry,0.0,916,0,5,bt_residual
nAE,morgan_1136,Morgan chemistry,0.0,917,0,5,bt_residual
nAE,morgan_1135,Morgan chemistry,0.0,918,0,5,bt_residual
nAE,morgan_1134,Morgan chemistry,0.0,919,0,5,bt_residual
nAE,morgan_1133,Morgan chemistry,0.0,920,0,5,bt_residual
nAE,morgan_1132,Morgan chemistry,0.0,921,0,5,bt_residual
nAE,morgan_1131,Morgan chemistry,0.0,922,0,5,bt_residual
nAE,morgan_1130,Morgan chemistry,0.0,923,0,5,bt_residual
nAE,morgan_1129,Morgan chemistry,0.0,924,0,5,bt_residual
nAE,morgan_1128,Morgan chemistry,0.0,925,0,5,bt_residual
nAE,morgan_1127,Morgan chemistry,0.0,926,0,5,bt_residual
nAE,morgan_1126,Morgan chemistry,0.0,927,0,5,bt_residual
nAE,morgan_1125,Morgan chemistry,0.0,928,0,5,bt_residual
nAE,morgan_1124,Morgan chemistry,0.0,929,0,5,bt_residual
nAE,morgan_1123,Morgan chemistry,0.0,930,0,5,bt_residual
nAE,morgan_1122,Morgan chemistry,0.0,931,0,5,bt_residual
nAE,morgan_1121,Morgan chemistry,0.0,932,0,5,bt_residual
nAE,morgan_1120,Morgan chemistry,0.0,933,0,5,bt_residual
nAE,morgan_1119,Morgan chemistry,0.0,934,0,5,bt_residual
nAE,morgan_1118,Morgan chemistry,0.0,935,0,5,bt_residual
nAE,morgan_1117,Morgan chemistry,0.0,936,0,5,bt_residual
nAE,morgan_1116,Morgan chemistry,0.0,937,0,5,bt_residual
nAE,morgan_1115,Morgan chemistry,0.0,938,0,5,bt_residual
nAE,morgan_1114,Morgan chemistry,0.0,939,0,5,bt_residual
nAE,morgan_1113,Morgan chemistry,0.0,940,0,5,bt_residual
nAE,morgan_1112,Morgan chemistry,0.0,941,0,5,bt_residual
nAE,morgan_1111,Morgan chemistry,0.0,942,0,5,bt_residual
nAE,morgan_1110,Morgan chemistry,0.0,943,0,5,bt_residual
nAE,morgan_1109,Morgan chemistry,0.0,944,0,5,bt_residual
nAE,morgan_1108,Morgan chemistry,0.0,945,0,5,bt_residual
nAE,morgan_1107,Morgan chemistry,0.0,946,0,5,bt_residual
nAE,morgan_1106,Morgan chemistry,0.0,947,0,5,bt_residual
nAE,morgan_1105,Morgan chemistry,0.0,948,0,5,bt_residual
nAE,morgan_1104,Morgan chemistry,0.0,949,0,5,bt_residual
nAE,morgan_1103,Morgan chemistry,0.0,950,0,5,bt_residual
nAE,morgan_1102,Morgan chemistry,0.0,951,0,5,bt_residual
nAE,morgan_1100,Morgan chemistry,0.0,952,0,5,bt_residual
nAE,morgan_1099,Morgan chemistry,0.0,953,0,5,bt_residual
nAE,morgan_1098,Morgan chemistry,0.0,954,0,5,bt_residual
nAE,morgan_1097,Morgan chemistry,0.0,955,0,5,bt_residual
nAE,morgan_1096,Morgan chemistry,0.0,956,0,5,bt_residual
nAE,morgan_1095,Morgan chemistry,0.0,957,0,5,bt_residual
nAE,morgan_1094,Morgan chemistry,0.0,958,0,5,bt_residual
nAE,morgan_1093,Morgan chemistry,0.0,959,0,5,bt_residual
nAE,morgan_1092,Morgan chemistry,0.0,960,0,5,bt_residual
nAE,morgan_1091,Morgan chemistry,0.0,961,0,5,bt_residual
nAE,morgan_1090,Morgan chemistry,0.0,962,0,5,bt_residual
nAE,morgan_1089,Morgan chemistry,0.0,963,0,5,bt_residual
nAE,morgan_1088,Morgan chemistry,0.0,964,0,5,bt_residual
nAE,morgan_1087,Morgan chemistry,0.0,965,0,5,bt_residual
nAE,morgan_1086,Morgan chemistry,0.0,966,0,5,bt_residual
nAE,morgan_1085,Morgan chemistry,0.0,967,0,5,bt_residual
nAE,morgan_1084,Morgan chemistry,0.0,968,0,5,bt_residual
nAE,morgan_1083,Morgan chemistry,0.0,969,0,5,bt_residual
nAE,morgan_1082,Morgan chemistry,0.0,970,0,5,bt_residual
nAE,morgan_1081,Morgan chemistry,0.0,971,0,5,bt_residual
nAE,morgan_1080,Morgan chemistry,0.0,972,0,5,bt_residual
nAE,morgan_1079,Morgan chemistry,0.0,973,0,5,bt_residual
nAE,morgan_1078,Morgan chemistry,0.0,974,0,5,bt_residual
nAE,morgan_1077,Morgan chemistry,0.0,975,0,5,bt_residual
nAE,morgan_1076,Morgan chemistry,0.0,976,0,5,bt_residual
nAE,morgan_1075,Morgan chemistry,0.0,977,0,5,bt_residual
nAE,morgan_1074,Morgan chemistry,0.0,978,0,5,bt_residual
nAE,morgan_1073,Morgan chemistry,0.0,979,0,5,bt_residual
nAE,morgan_1072,Morgan chemistry,0.0,980,0,5,bt_residual
nAE,morgan_1071,Morgan chemistry,0.0,981,0,5,bt_residual
nAE,morgan_1070,Morgan chemistry,0.0,982,0,5,bt_residual
nAE,morgan_1069,Morgan chemistry,0.0,983,0,5,bt_residual
nAE,morgan_1068,Morgan chemistry,0.0,984,0,5,bt_residual
nAE,morgan_1067,Morgan chemistry,0.0,985,0,5,bt_residual
nAE,morgan_1066,Morgan chemistry,0.0,986,0,5,bt_residual
nAE,morgan_1065,Morgan chemistry,0.0,987,0,5,bt_residual
nAE,morgan_1064,Morgan chemistry,0.0,988,0,5,bt_residual
nAE,morgan_1063,Morgan chemistry,0.0,989,0,5,bt_residual
nAE,morgan_1062,Morgan chemistry,0.0,990,0,5,bt_residual
nAE,morgan_1061,Morgan chemistry,0.0,991,0,5,bt_residual
nAE,morgan_1060,Morgan chemistry,0.0,992,0,5,bt_residual
nAE,morgan_1059,Morgan chemistry,0.0,993,0,5,bt_residual
nAE,morgan_1058,Morgan chemistry,0.0,994,0,5,bt_residual
nAE,morgan_1057,Morgan chemistry,0.0,995,0,5,bt_residual
nAE,morgan_1056,Morgan chemistry,0.0,996,0,5,bt_residual
nAE,morgan_1055,Morgan chemistry,0.0,997,0,5,bt_residual
nAE,morgan_1054,Morgan chemistry,0.0,998,0,5,bt_residual
nAE,morgan_1053,Morgan chemistry,0.0,999,0,5,bt_residual
nAE,morgan_1052,Morgan chemistry,0.0,1000,0,5,bt_residual
nAE,morgan_1051,Morgan chemistry,0.0,1001,0,5,bt_residual
nAE,morgan_1050,Morgan chemistry,0.0,1002,0,5,bt_residual
nAE,morgan_1049,Morgan chemistry,0.0,1003,0,5,bt_residual
nAE,morgan_1048,Morgan chemistry,0.0,1004,0,5,bt_residual
nAE,morgan_1047,Morgan chemistry,0.0,1005,0,5,bt_residual
nAE,morgan_1046,Morgan chemistry,0.0,1006,0,5,bt_residual
nAE,morgan_1045,Morgan chemistry,0.0,1007,0,5,bt_residual
nAE,morgan_1044,Morgan chemistry,0.0,1008,0,5,bt_residual
nAE,morgan_1043,Morgan chemistry,0.0,1009,0,5,bt_residual
nAE,morgan_1042,Morgan chemistry,0.0,1010,0,5,bt_residual
nAE,morgan_1041,Morgan chemistry,0.0,1011,0,5,bt_residual
nAE,morgan_1040,Morgan chemistry,0.0,1012,0,5,bt_residual
nAE,morgan_1039,Morgan chemistry,0.0,1013,0,5,bt_residual
nAE,morgan_1037,Morgan chemistry,0.0,1014,0,5,bt_residual
nAE,morgan_1036,Morgan chemistry,0.0,1015,0,5,bt_residual
nAE,morgan_1035,Morgan chemistry,0.0,1016,0,5,bt_residual
nAE,morgan_1034,Morgan chemistry,0.0,1017,0,5,bt_residual
nAE,morgan_1033,Morgan chemistry,0.0,1018,0,5,bt_residual
nAE,morgan_1032,Morgan chemistry,0.0,1019,0,5,bt_residual
nAE,morgan_1031,Morgan chemistry,0.0,1020,0,5,bt_residual
nAE,morgan_1030,Morgan chemistry,0.0,1021,0,5,bt_residual
nAE,morgan_1029,Morgan chemistry,0.0,1022,0,5,bt_residual
nAE,morgan_1028,Morgan chemistry,0.0,1023,0,5,bt_residual
nAE,morgan_1027,Morgan chemistry,0.0,1024,0,5,bt_residual
nAE,morgan_1026,Morgan chemistry,0.0,1025,0,5,bt_residual
nAE,morgan_1025,Morgan chemistry,0.0,1026,0,5,bt_residual
nAE,morgan_1024,Morgan chemistry,0.0,1027,0,5,bt_residual
nAE,morgan_1023,Morgan chemistry,0.0,1028,0,5,bt_residual
nAE,morgan_1022,Morgan chemistry,0.0,1029,0,5,bt_residual
nAE,morgan_1021,Morgan chemistry,0.0,1030,0,5,bt_residual
nAE,morgan_1020,Morgan chemistry,0.0,1031,0,5,bt_residual
nAE,morgan_1019,Morgan chemistry,0.0,1032,0,5,bt_residual
nAE,morgan_1017,Morgan chemistry,0.0,1033,0,5,bt_residual
nAE,morgan_1016,Morgan chemistry,0.0,1034,0,5,bt_residual
nAE,morgan_1015,Morgan chemistry,0.0,1035,0,5,bt_residual
nAE,morgan_1014,Morgan chemistry,0.0,1036,0,5,bt_residual
nAE,morgan_1013,Morgan chemistry,0.0,1037,0,5,bt_residual
nAE,morgan_1012,Morgan chemistry,0.0,1038,0,5,bt_residual
nAE,morgan_1011,Morgan chemistry,0.0,1039,0,5,bt_residual
nAE,morgan_1010,Morgan chemistry,0.0,1040,0,5,bt_residual
nAE,morgan_1009,Morgan chemistry,0.0,1041,0,5,bt_residual
nAE,morgan_1007,Morgan chemistry,0.0,1042,0,5,bt_residual
nAE,morgan_1006,Morgan chemistry,0.0,1043,0,5,bt_residual
nAE,morgan_1005,Morgan chemistry,0.0,1044,0,5,bt_residual
nAE,morgan_1004,Morgan chemistry,0.0,1045,0,5,bt_residual
nAE,morgan_1003,Morgan chemistry,0.0,1046,0,5,bt_residual
nAE,morgan_1002,Morgan chemistry,0.0,1047,0,5,bt_residual
nAE,morgan_1001,Morgan chemistry,0.0,1048,0,5,bt_residual
nAE,morgan_1000,Morgan chemistry,0.0,1049,0,5,bt_residual
nAE,morgan_999,Morgan chemistry,0.0,1050,0,5,bt_residual
nAE,morgan_998,Morgan chemistry,0.0,1051,0,5,bt_residual
nAE,morgan_997,Morgan chemistry,0.0,1052,0,5,bt_residual
nAE,morgan_996,Morgan chemistry,0.0,1053,0,5,bt_residual
nAE,morgan_995,Morgan chemistry,0.0,1054,0,5,bt_residual
nAE,morgan_994,Morgan chemistry,0.0,1055,0,5,bt_residual
nAE,morgan_993,Morgan chemistry,0.0,1056,0,5,bt_residual
nAE,morgan_992,Morgan chemistry,0.0,1057,0,5,bt_residual
nAE,morgan_991,Morgan chemistry,0.0,1058,0,5,bt_residual
nAE,morgan_990,Morgan chemistry,0.0,1059,0,5,bt_residual
nAE,morgan_989,Morgan chemistry,0.0,1060,0,5,bt_residual
nAE,morgan_988,Morgan chemistry,0.0,1061,0,5,bt_residual
nAE,morgan_987,Morgan chemistry,0.0,1062,0,5,bt_residual
nAE,morgan_986,Morgan chemistry,0.0,1063,0,5,bt_residual
nAE,morgan_985,Morgan chemistry,0.0,1064,0,5,bt_residual
nAE,morgan_984,Morgan chemistry,0.0,1065,0,5,bt_residual
nAE,morgan_983,Morgan chemistry,0.0,1066,0,5,bt_residual
nAE,morgan_982,Morgan chemistry,0.0,1067,0,5,bt_residual
nAE,morgan_981,Morgan chemistry,0.0,1068,0,5,bt_residual
nAE,morgan_980,Morgan chemistry,0.0,1069,0,5,bt_residual
nAE,morgan_979,Morgan chemistry,0.0,1070,0,5,bt_residual
nAE,morgan_978,Morgan chemistry,0.0,1071,0,5,bt_residual
nAE,morgan_977,Morgan chemistry,0.0,1072,0,5,bt_residual
nAE,morgan_976,Morgan chemistry,0.0,1073,0,5,bt_residual
nAE,morgan_975,Morgan chemistry,0.0,1074,0,5,bt_residual
nAE,morgan_974,Morgan chemistry,0.0,1075,0,5,bt_residual
nAE,morgan_973,Morgan chemistry,0.0,1076,0,5,bt_residual
nAE,morgan_972,Morgan chemistry,0.0,1077,0,5,bt_residual
nAE,morgan_971,Morgan chemistry,0.0,1078,0,5,bt_residual
nAE,morgan_970,Morgan chemistry,0.0,1079,0,5,bt_residual
nAE,morgan_969,Morgan chemistry,0.0,1080,0,5,bt_residual
nAE,morgan_968,Morgan chemistry,0.0,1081,0,5,bt_residual
nAE,morgan_967,Morgan chemistry,0.0,1082,0,5,bt_residual
nAE,morgan_966,Morgan chemistry,0.0,1083,0,5,bt_residual
nAE,morgan_965,Morgan chemistry,0.0,1084,0,5,bt_residual
nAE,morgan_964,Morgan chemistry,0.0,1085,0,5,bt_residual
nAE,morgan_963,Morgan chemistry,0.0,1086,0,5,bt_residual
nAE,morgan_962,Morgan chemistry,0.0,1087,0,5,bt_residual
nAE,morgan_961,Morgan chemistry,0.0,1088,0,5,bt_residual
nAE,morgan_960,Morgan chemistry,0.0,1089,0,5,bt_residual
nAE,morgan_959,Morgan chemistry,0.0,1090,0,5,bt_residual
nAE,morgan_958,Morgan chemistry,0.0,1091,0,5,bt_residual
nAE,morgan_957,Morgan chemistry,0.0,1092,0,5,bt_residual
nAE,morgan_956,Morgan chemistry,0.0,1093,0,5,bt_residual
nAE,morgan_955,Morgan chemistry,0.0,1094,0,5,bt_residual
nAE,morgan_954,Morgan chemistry,0.0,1095,0,5,bt_residual
nAE,morgan_953,Morgan chemistry,0.0,1096,0,5,bt_residual
nAE,morgan_952,Morgan chemistry,0.0,1097,0,5,bt_residual
nAE,morgan_951,Morgan chemistry,0.0,1098,0,5,bt_residual
nAE,morgan_950,Morgan chemistry,0.0,1099,0,5,bt_residual
nAE,morgan_949,Morgan chemistry,0.0,1100,0,5,bt_residual
nAE,morgan_948,Morgan chemistry,0.0,1101,0,5,bt_residual
nAE,morgan_947,Morgan chemistry,0.0,1102,0,5,bt_residual
nAE,morgan_946,Morgan chemistry,0.0,1103,0,5,bt_residual
nAE,morgan_945,Morgan chemistry,0.0,1104,0,5,bt_residual
nAE,morgan_944,Morgan chemistry,0.0,1105,0,5,bt_residual
nAE,morgan_943,Morgan chemistry,0.0,1106,0,5,bt_residual
nAE,morgan_942,Morgan chemistry,0.0,1107,0,5,bt_residual
nAE,morgan_941,Morgan chemistry,0.0,1108,0,5,bt_residual
nAE,morgan_940,Morgan chemistry,0.0,1109,0,5,bt_residual
nAE,morgan_939,Morgan chemistry,0.0,1110,0,5,bt_residual
nAE,morgan_938,Morgan chemistry,0.0,1111,0,5,bt_residual
nAE,morgan_937,Morgan chemistry,0.0,1112,0,5,bt_residual
nAE,morgan_936,Morgan chemistry,0.0,1113,0,5,bt_residual
nAE,morgan_935,Morgan chemistry,0.0,1114,0,5,bt_residual
nAE,morgan_934,Morgan chemistry,0.0,1115,0,5,bt_residual
nAE,morgan_933,Morgan chemistry,0.0,1116,0,5,bt_residual
nAE,morgan_932,Morgan chemistry,0.0,1117,0,5,bt_residual
nAE,morgan_931,Morgan chemistry,0.0,1118,0,5,bt_residual
nAE,morgan_930,Morgan chemistry,0.0,1119,0,5,bt_residual
nAE,morgan_929,Morgan chemistry,0.0,1120,0,5,bt_residual
nAE,morgan_928,Morgan chemistry,0.0,1121,0,5,bt_residual
nAE,morgan_927,Morgan chemistry,0.0,1122,0,5,bt_residual
nAE,morgan_926,Morgan chemistry,0.0,1123,0,5,bt_residual
nAE,morgan_925,Morgan chemistry,0.0,1124,0,5,bt_residual
nAE,morgan_924,Morgan chemistry,0.0,1125,0,5,bt_residual
nAE,morgan_2022,Morgan chemistry,0.0,1126,0,5,bt_residual
nAE,morgan_922,Morgan chemistry,0.0,1127,0,5,bt_residual
nAE,morgan_921,Morgan chemistry,0.0,1128,0,5,bt_residual
nAE,morgan_920,Morgan chemistry,0.0,1129,0,5,bt_residual
nAE,morgan_919,Morgan chemistry,0.0,1130,0,5,bt_residual
nAE,morgan_918,Morgan chemistry,0.0,1131,0,5,bt_residual
nAE,morgan_917,Morgan chemistry,0.0,1132,0,5,bt_residual
nAE,morgan_916,Morgan chemistry,0.0,1133,0,5,bt_residual
nAE,morgan_915,Morgan chemistry,0.0,1134,0,5,bt_residual
nAE,morgan_914,Morgan chemistry,0.0,1135,0,5,bt_residual
nAE,morgan_913,Morgan chemistry,0.0,1136,0,5,bt_residual
nAE,morgan_912,Morgan chemistry,0.0,1137,0,5,bt_residual
nAE,morgan_911,Morgan chemistry,0.0,1138,0,5,bt_residual
nAE,morgan_910,Morgan chemistry,0.0,1139,0,5,bt_residual
nAE,morgan_909,Morgan chemistry,0.0,1140,0,5,bt_residual
nAE,morgan_908,Morgan chemistry,0.0,1141,0,5,bt_residual
nAE,morgan_907,Morgan chemistry,0.0,1142,0,5,bt_residual
nAE,morgan_906,Morgan chemistry,0.0,1143,0,5,bt_residual
nAE,morgan_905,Morgan chemistry,0.0,1144,0,5,bt_residual
nAE,morgan_904,Morgan chemistry,0.0,1145,0,5,bt_residual
nAE,morgan_903,Morgan chemistry,0.0,1146,0,5,bt_residual
nAE,morgan_902,Morgan chemistry,0.0,1147,0,5,bt_residual
nAE,morgan_901,Morgan chemistry,0.0,1148,0,5,bt_residual
nAE,morgan_900,Morgan chemistry,0.0,1149,0,5,bt_residual
nAE,morgan_899,Morgan chemistry,0.0,1150,0,5,bt_residual
nAE,morgan_898,Morgan chemistry,0.0,1151,0,5,bt_residual
nAE,morgan_897,Morgan chemistry,0.0,1152,0,5,bt_residual
nAE,morgan_896,Morgan chemistry,0.0,1153,0,5,bt_residual
nAE,morgan_895,Morgan chemistry,0.0,1154,0,5,bt_residual
nAE,morgan_894,Morgan chemistry,0.0,1155,0,5,bt_residual
nAE,morgan_893,Morgan chemistry,0.0,1156,0,5,bt_residual
nAE,morgan_892,Morgan chemistry,0.0,1157,0,5,bt_residual
nAE,morgan_891,Morgan chemistry,0.0,1158,0,5,bt_residual
nAE,morgan_890,Morgan chemistry,0.0,1159,0,5,bt_residual
nAE,morgan_889,Morgan chemistry,0.0,1160,0,5,bt_residual
nAE,morgan_888,Morgan chemistry,0.0,1161,0,5,bt_residual
nAE,morgan_887,Morgan chemistry,0.0,1162,0,5,bt_residual
nAE,morgan_886,Morgan chemistry,0.0,1163,0,5,bt_residual
nAE,morgan_885,Morgan chemistry,0.0,1164,0,5,bt_residual
nAE,morgan_884,Morgan chemistry,0.0,1165,0,5,bt_residual
nAE,morgan_2037,Morgan chemistry,0.0,1166,0,5,bt_residual
nAE,morgan_882,Morgan chemistry,0.0,1167,0,5,bt_residual
nAE,morgan_881,Morgan chemistry,0.0,1168,0,5,bt_residual
nAE,structure_missing,structure availability,0.0,1169,0,5,bt_residual
nAE,morgan_879,Morgan chemistry,0.0,1170,0,5,bt_residual
nAE,morgan_878,Morgan chemistry,0.0,1171,0,5,bt_residual
nAE,morgan_877,Morgan chemistry,0.0,1172,0,5,bt_residual
nAE,morgan_876,Morgan chemistry,0.0,1173,0,5,bt_residual
nAE,morgan_875,Morgan chemistry,0.0,1174,0,5,bt_residual
nAE,morgan_874,Morgan chemistry,0.0,1175,0,5,bt_residual
nAE,morgan_873,Morgan chemistry,0.0,1176,0,5,bt_residual
nAE,morgan_872,Morgan chemistry,0.0,1177,0,5,bt_residual
nAE,morgan_871,Morgan chemistry,0.0,1178,0,5,bt_residual
nAE,morgan_870,Morgan chemistry,0.0,1179,0,5,bt_residual
nAE,morgan_869,Morgan chemistry,0.0,1180,0,5,bt_residual
nAE,morgan_868,Morgan chemistry,0.0,1181,0,5,bt_residual
nAE,morgan_867,Morgan chemistry,0.0,1182,0,5,bt_residual
nAE,morgan_866,Morgan chemistry,0.0,1183,0,5,bt_residual
nAE,morgan_865,Morgan chemistry,0.0,1184,0,5,bt_residual
nAE,morgan_864,Morgan chemistry,0.0,1185,0,5,bt_residual
nAE,morgan_863,Morgan chemistry,0.0,1186,0,5,bt_residual
nAE,morgan_862,Morgan chemistry,0.0,1187,0,5,bt_residual
nAE,morgan_861,Morgan chemistry,0.0,1188,0,5,bt_residual
nAE,morgan_860,Morgan chemistry,0.0,1189,0,5,bt_residual
nAE,morgan_859,Morgan chemistry,0.0,1190,0,5,bt_residual
nAE,morgan_858,Morgan chemistry,0.0,1191,0,5,bt_residual
nAE,morgan_857,Morgan chemistry,0.0,1192,0,5,bt_residual
nAE,morgan_856,Morgan chemistry,0.0,1193,0,5,bt_residual
nAE,morgan_855,Morgan chemistry,0.0,1194,0,5,bt_residual
nAE,morgan_854,Morgan chemistry,0.0,1195,0,5,bt_residual
nAE,morgan_853,Morgan chemistry,0.0,1196,0,5,bt_residual
nAE,morgan_852,Morgan chemistry,0.0,1197,0,5,bt_residual
nAE,morgan_851,Morgan chemistry,0.0,1198,0,5,bt_residual
nAE,morgan_850,Morgan chemistry,0.0,1199,0,5,bt_residual
nAE,morgan_849,Morgan chemistry,0.0,1200,0,5,bt_residual
nAE,morgan_848,Morgan chemistry,0.0,1201,0,5,bt_residual
nAE,morgan_847,Morgan chemistry,0.0,1202,0,5,bt_residual
nAE,morgan_846,Morgan chemistry,0.0,1203,0,5,bt_residual
nAE,morgan_845,Morgan chemistry,0.0,1204,0,5,bt_residual
nAE,morgan_844,Morgan chemistry,0.0,1205,0,5,bt_residual
nAE,morgan_843,Morgan chemistry,0.0,1206,0,5,bt_residual
nAE,morgan_842,Morgan chemistry,0.0,1207,0,5,bt_residual
nAE,morgan_2047,Morgan chemistry,0.0,1208,0,5,bt_residual
nAE,morgan_2046,Morgan chemistry,0.0,1209,0,5,bt_residual
nAE,morgan_839,Morgan chemistry,0.0,1210,0,5,bt_residual
nAE,morgan_838,Morgan chemistry,0.0,1211,0,5,bt_residual
nAE,morgan_837,Morgan chemistry,0.0,1212,0,5,bt_residual
nAE,morgan_836,Morgan chemistry,0.0,1213,0,5,bt_residual
nAE,morgan_835,Morgan chemistry,0.0,1214,0,5,bt_residual
nAE,morgan_834,Morgan chemistry,0.0,1215,0,5,bt_residual
nAE,morgan_833,Morgan chemistry,0.0,1216,0,5,bt_residual
nAE,morgan_832,Morgan chemistry,0.0,1217,0,5,bt_residual
nAE,morgan_831,Morgan chemistry,0.0,1218,0,5,bt_residual
nAE,morgan_830,Morgan chemistry,0.0,1219,0,5,bt_residual
nAE,morgan_829,Morgan chemistry,0.0,1220,0,5,bt_residual
nAE,morgan_828,Morgan chemistry,0.0,1221,0,5,bt_residual
nAE,morgan_827,Morgan chemistry,0.0,1222,0,5,bt_residual
nAE,morgan_826,Morgan chemistry,0.0,1223,0,5,bt_residual
nAE,morgan_825,Morgan chemistry,0.0,1224,0,5,bt_residual
nAE,morgan_824,Morgan chemistry,0.0,1225,0,5,bt_residual
nAE,morgan_823,Morgan chemistry,0.0,1226,0,5,bt_residual
nAE,morgan_822,Morgan chemistry,0.0,1227,0,5,bt_residual
nAE,morgan_821,Morgan chemistry,0.0,1228,0,5,bt_residual
nAE,morgan_820,Morgan chemistry,0.0,1229,0,5,bt_residual
nAE,morgan_819,Morgan chemistry,0.0,1230,0,5,bt_residual
nAE,morgan_818,Morgan chemistry,0.0,1231,0,5,bt_residual
nAE,morgan_817,Morgan chemistry,0.0,1232,0,5,bt_residual
nAE,morgan_816,Morgan chemistry,0.0,1233,0,5,bt_residual
nAE,morgan_815,Morgan chemistry,0.0,1234,0,5,bt_residual
nAE,morgan_814,Morgan chemistry,0.0,1235,0,5,bt_residual
nAE,morgan_813,Morgan chemistry,0.0,1236,0,5,bt_residual
nAE,morgan_812,Morgan chemistry,0.0,1237,0,5,bt_residual
nAE,morgan_811,Morgan chemistry,0.0,1238,0,5,bt_residual
nAE,morgan_810,Morgan chemistry,0.0,1239,0,5,bt_residual
nAE,morgan_809,Morgan chemistry,0.0,1240,0,5,bt_residual
nAE,morgan_808,Morgan chemistry,0.0,1241,0,5,bt_residual
nAE,morgan_807,Morgan chemistry,0.0,1242,0,5,bt_residual
nAE,morgan_806,Morgan chemistry,0.0,1243,0,5,bt_residual
nAE,morgan_805,Morgan chemistry,0.0,1244,0,5,bt_residual
nAE,morgan_804,Morgan chemistry,0.0,1245,0,5,bt_residual
nAE,morgan_803,Morgan chemistry,0.0,1246,0,5,bt_residual
nAE,morgan_802,Morgan chemistry,0.0,1247,0,5,bt_residual
nAE,morgan_801,Morgan chemistry,0.0,1248,0,5,bt_residual
nAE,morgan_800,Morgan chemistry,0.0,1249,0,5,bt_residual
nAE,morgan_799,Morgan chemistry,0.0,1250,0,5,bt_residual
nAE,morgan_798,Morgan chemistry,0.0,1251,0,5,bt_residual
nAE,morgan_797,Morgan chemistry,0.0,1252,0,5,bt_residual
nAE,morgan_796,Morgan chemistry,0.0,1253,0,5,bt_residual
nAE,morgan_795,Morgan chemistry,0.0,1254,0,5,bt_residual
nAE,morgan_794,Morgan chemistry,0.0,1255,0,5,bt_residual
nAE,morgan_793,Morgan chemistry,0.0,1256,0,5,bt_residual
nAE,morgan_792,Morgan chemistry,0.0,1257,0,5,bt_residual
nAE,morgan_791,Morgan chemistry,0.0,1258,0,5,bt_residual
nAE,morgan_790,Morgan chemistry,0.0,1259,0,5,bt_residual
nAE,morgan_789,Morgan chemistry,0.0,1260,0,5,bt_residual
nAE,morgan_788,Morgan chemistry,0.0,1261,0,5,bt_residual
nAE,morgan_787,Morgan chemistry,0.0,1262,0,5,bt_residual
nAE,morgan_786,Morgan chemistry,0.0,1263,0,5,bt_residual
nAE,morgan_785,Morgan chemistry,0.0,1264,0,5,bt_residual
nAE,morgan_784,Morgan chemistry,0.0,1265,0,5,bt_residual
nAE,morgan_783,Morgan chemistry,0.0,1266,0,5,bt_residual
nAE,morgan_782,Morgan chemistry,0.0,1267,0,5,bt_residual
nAE,morgan_781,Morgan chemistry,0.0,1268,0,5,bt_residual
nAE,morgan_780,Morgan chemistry,0.0,1269,0,5,bt_residual
nAE,morgan_779,Morgan chemistry,0.0,1270,0,5,bt_residual
nAE,morgan_778,Morgan chemistry,0.0,1271,0,5,bt_residual
nAE,morgan_777,Morgan chemistry,0.0,1272,0,5,bt_residual
nAE,morgan_776,Morgan chemistry,0.0,1273,0,5,bt_residual
nAE,morgan_775,Morgan chemistry,0.0,1274,0,5,bt_residual
nAE,morgan_774,Morgan chemistry,0.0,1275,0,5,bt_residual
nAE,morgan_773,Morgan chemistry,0.0,1276,0,5,bt_residual
nAE,morgan_772,Morgan chemistry,0.0,1277,0,5,bt_residual
nAE,morgan_771,Morgan chemistry,0.0,1278,0,5,bt_residual
nAE,morgan_770,Morgan chemistry,0.0,1279,0,5,bt_residual
nAE,morgan_769,Morgan chemistry,0.0,1280,0,5,bt_residual
nAE,morgan_768,Morgan chemistry,0.0,1281,0,5,bt_residual
nAE,morgan_767,Morgan chemistry,0.0,1282,0,5,bt_residual
nAE,morgan_766,Morgan chemistry,0.0,1283,0,5,bt_residual
nAE,morgan_765,Morgan chemistry,0.0,1284,0,5,bt_residual
nAE,morgan_764,Morgan chemistry,0.0,1285,0,5,bt_residual
nAE,morgan_763,Morgan chemistry,0.0,1286,0,5,bt_residual
nAE,morgan_762,Morgan chemistry,0.0,1287,0,5,bt_residual
nAE,morgan_761,Morgan chemistry,0.0,1288,0,5,bt_residual
nAE,morgan_760,Morgan chemistry,0.0,1289,0,5,bt_residual
nAE,morgan_759,Morgan chemistry,0.0,1290,0,5,bt_residual
nAE,morgan_758,Morgan chemistry,0.0,1291,0,5,bt_residual
nAE,morgan_757,Morgan chemistry,0.0,1292,0,5,bt_residual
nAE,morgan_756,Morgan chemistry,0.0,1293,0,5,bt_residual
nAE,morgan_755,Morgan chemistry,0.0,1294,0,5,bt_residual
nAE,morgan_754,Morgan chemistry,0.0,1295,0,5,bt_residual
nAE,morgan_753,Morgan chemistry,0.0,1296,0,5,bt_residual
nAE,morgan_752,Morgan chemistry,0.0,1297,0,5,bt_residual
nAE,morgan_751,Morgan chemistry,0.0,1298,0,5,bt_residual
nAE,morgan_750,Morgan chemistry,0.0,1299,0,5,bt_residual
nAE,morgan_749,Morgan chemistry,0.0,1300,0,5,bt_residual
nAE,morgan_748,Morgan chemistry,0.0,1301,0,5,bt_residual
nAE,morgan_747,Morgan chemistry,0.0,1302,0,5,bt_residual
nAE,morgan_746,Morgan chemistry,0.0,1303,0,5,bt_residual
nAE,morgan_745,Morgan chemistry,0.0,1304,0,5,bt_residual
nAE,morgan_744,Morgan chemistry,0.0,1305,0,5,bt_residual
nAE,morgan_743,Morgan chemistry,0.0,1306,0,5,bt_residual
nAE,morgan_742,Morgan chemistry,0.0,1307,0,5,bt_residual
nAE,morgan_741,Morgan chemistry,0.0,1308,0,5,bt_residual
nAE,morgan_740,Morgan chemistry,0.0,1309,0,5,bt_residual
nAE,morgan_739,Morgan chemistry,0.0,1310,0,5,bt_residual
nAE,morgan_738,Morgan chemistry,0.0,1311,0,5,bt_residual
nAE,morgan_737,Morgan chemistry,0.0,1312,0,5,bt_residual
nAE,morgan_736,Morgan chemistry,0.0,1313,0,5,bt_residual
nAE,morgan_735,Morgan chemistry,0.0,1314,0,5,bt_residual
nAE,morgan_734,Morgan chemistry,0.0,1315,0,5,bt_residual
nAE,morgan_733,Morgan chemistry,0.0,1316,0,5,bt_residual
nAE,morgan_732,Morgan chemistry,0.0,1317,0,5,bt_residual
nAE,morgan_731,Morgan chemistry,0.0,1318,0,5,bt_residual
nAE,morgan_730,Morgan chemistry,0.0,1319,0,5,bt_residual
nAE,morgan_729,Morgan chemistry,0.0,1320,0,5,bt_residual
nAE,morgan_728,Morgan chemistry,0.0,1321,0,5,bt_residual
nAE,morgan_727,Morgan chemistry,0.0,1322,0,5,bt_residual
nAE,morgan_726,Morgan chemistry,0.0,1323,0,5,bt_residual
nAE,morgan_725,Morgan chemistry,0.0,1324,0,5,bt_residual
nAE,morgan_724,Morgan chemistry,0.0,1325,0,5,bt_residual
nAE,morgan_723,Morgan chemistry,0.0,1326,0,5,bt_residual
nAE,morgan_722,Morgan chemistry,0.0,1327,0,5,bt_residual
nAE,morgan_721,Morgan chemistry,0.0,1328,0,5,bt_residual
nAE,morgan_720,Morgan chemistry,0.0,1329,0,5,bt_residual
nAE,morgan_719,Morgan chemistry,0.0,1330,0,5,bt_residual
nAE,morgan_718,Morgan chemistry,0.0,1331,0,5,bt_residual
nAE,morgan_717,Morgan chemistry,0.0,1332,0,5,bt_residual
nAE,morgan_716,Morgan chemistry,0.0,1333,0,5,bt_residual
nAE,morgan_715,Morgan chemistry,0.0,1334,0,5,bt_residual
nAE,morgan_714,Morgan chemistry,0.0,1335,0,5,bt_residual
nAE,morgan_713,Morgan chemistry,0.0,1336,0,5,bt_residual
nAE,morgan_712,Morgan chemistry,0.0,1337,0,5,bt_residual
nAE,morgan_711,Morgan chemistry,0.0,1338,0,5,bt_residual
nAE,morgan_710,Morgan chemistry,0.0,1339,0,5,bt_residual
nAE,morgan_709,Morgan chemistry,0.0,1340,0,5,bt_residual
nAE,morgan_708,Morgan chemistry,0.0,1341,0,5,bt_residual
nAE,morgan_707,Morgan chemistry,0.0,1342,0,5,bt_residual
nAE,morgan_706,Morgan chemistry,0.0,1343,0,5,bt_residual
nAE,morgan_705,Morgan chemistry,0.0,1344,0,5,bt_residual
nAE,morgan_704,Morgan chemistry,0.0,1345,0,5,bt_residual
nAE,morgan_703,Morgan chemistry,0.0,1346,0,5,bt_residual
nAE,morgan_702,Morgan chemistry,0.0,1347,0,5,bt_residual
nAE,morgan_701,Morgan chemistry,0.0,1348,0,5,bt_residual
nAE,morgan_700,Morgan chemistry,0.0,1349,0,5,bt_residual
nAE,morgan_699,Morgan chemistry,0.0,1350,0,5,bt_residual
nAE,morgan_698,Morgan chemistry,0.0,1351,0,5,bt_residual
nAE,morgan_697,Morgan chemistry,0.0,1352,0,5,bt_residual
nAE,morgan_696,Morgan chemistry,0.0,1353,0,5,bt_residual
nAE,morgan_695,Morgan chemistry,0.0,1354,0,5,bt_residual
nAE,morgan_694,Morgan chemistry,0.0,1355,0,5,bt_residual
nAE,morgan_693,Morgan chemistry,0.0,1356,0,5,bt_residual
nAE,morgan_692,Morgan chemistry,0.0,1357,0,5,bt_residual
nAE,morgan_691,Morgan chemistry,0.0,1358,0,5,bt_residual
nAE,morgan_690,Morgan chemistry,0.0,1359,0,5,bt_residual
nAE,morgan_689,Morgan chemistry,0.0,1360,0,5,bt_residual
nAE,morgan_688,Morgan chemistry,0.0,1361,0,5,bt_residual
nAE,morgan_687,Morgan chemistry,0.0,1362,0,5,bt_residual
nAE,morgan_686,Morgan chemistry,0.0,1363,0,5,bt_residual
nAE,morgan_685,Morgan chemistry,0.0,1364,0,5,bt_residual
nAE,morgan_684,Morgan chemistry,0.0,1365,0,5,bt_residual
nAE,morgan_683,Morgan chemistry,0.0,1366,0,5,bt_residual
nAE,morgan_682,Morgan chemistry,0.0,1367,0,5,bt_residual
nAE,morgan_681,Morgan chemistry,0.0,1368,0,5,bt_residual
nAE,morgan_680,Morgan chemistry,0.0,1369,0,5,bt_residual
nAE,morgan_679,Morgan chemistry,0.0,1370,0,5,bt_residual
nAE,morgan_678,Morgan chemistry,0.0,1371,0,5,bt_residual
nAE,morgan_677,Morgan chemistry,0.0,1372,0,5,bt_residual
nAE,morgan_676,Morgan chemistry,0.0,1373,0,5,bt_residual
nAE,morgan_675,Morgan chemistry,0.0,1374,0,5,bt_residual
nAE,morgan_674,Morgan chemistry,0.0,1375,0,5,bt_residual
nAE,morgan_673,Morgan chemistry,0.0,1376,0,5,bt_residual
nAE,morgan_672,Morgan chemistry,0.0,1377,0,5,bt_residual
nAE,morgan_671,Morgan chemistry,0.0,1378,0,5,bt_residual
nAE,morgan_670,Morgan chemistry,0.0,1379,0,5,bt_residual
nAE,morgan_669,Morgan chemistry,0.0,1380,0,5,bt_residual
nAE,morgan_668,Morgan chemistry,0.0,1381,0,5,bt_residual
nAE,morgan_667,Morgan chemistry,0.0,1382,0,5,bt_residual
nAE,morgan_666,Morgan chemistry,0.0,1383,0,5,bt_residual
nAE,morgan_665,Morgan chemistry,0.0,1384,0,5,bt_residual
nAE,morgan_664,Morgan chemistry,0.0,1385,0,5,bt_residual
nAE,morgan_663,Morgan chemistry,0.0,1386,0,5,bt_residual
nAE,morgan_662,Morgan chemistry,0.0,1387,0,5,bt_residual
nAE,morgan_661,Morgan chemistry,0.0,1388,0,5,bt_residual
nAE,morgan_660,Morgan chemistry,0.0,1389,0,5,bt_residual
nAE,morgan_659,Morgan chemistry,0.0,1390,0,5,bt_residual
nAE,morgan_658,Morgan chemistry,0.0,1391,0,5,bt_residual
nAE,morgan_657,Morgan chemistry,0.0,1392,0,5,bt_residual
nAE,morgan_656,Morgan chemistry,0.0,1393,0,5,bt_residual
nAE,morgan_655,Morgan chemistry,0.0,1394,0,5,bt_residual
nAE,morgan_654,Morgan chemistry,0.0,1395,0,5,bt_residual
nAE,morgan_2045,Morgan chemistry,0.0,1396,0,5,bt_residual
nAE,morgan_652,Morgan chemistry,0.0,1397,0,5,bt_residual
nAE,morgan_651,Morgan chemistry,0.0,1398,0,5,bt_residual
nAE,morgan_650,Morgan chemistry,0.0,1399,0,5,bt_residual
nAE,morgan_649,Morgan chemistry,0.0,1400,0,5,bt_residual
nAE,morgan_648,Morgan chemistry,0.0,1401,0,5,bt_residual
nAE,morgan_647,Morgan chemistry,0.0,1402,0,5,bt_residual
nAE,morgan_646,Morgan chemistry,0.0,1403,0,5,bt_residual
nAE,morgan_645,Morgan chemistry,0.0,1404,0,5,bt_residual
nAE,morgan_644,Morgan chemistry,0.0,1405,0,5,bt_residual
nAE,morgan_643,Morgan chemistry,0.0,1406,0,5,bt_residual
nAE,morgan_642,Morgan chemistry,0.0,1407,0,5,bt_residual
nAE,morgan_641,Morgan chemistry,0.0,1408,0,5,bt_residual
nAE,morgan_640,Morgan chemistry,0.0,1409,0,5,bt_residual
nAE,morgan_639,Morgan chemistry,0.0,1410,0,5,bt_residual
nAE,morgan_638,Morgan chemistry,0.0,1411,0,5,bt_residual
nAE,morgan_637,Morgan chemistry,0.0,1412,0,5,bt_residual
nAE,morgan_636,Morgan chemistry,0.0,1413,0,5,bt_residual
nAE,morgan_635,Morgan chemistry,0.0,1414,0,5,bt_residual
nAE,morgan_634,Morgan chemistry,0.0,1415,0,5,bt_residual
nAE,morgan_633,Morgan chemistry,0.0,1416,0,5,bt_residual
nAE,morgan_632,Morgan chemistry,0.0,1417,0,5,bt_residual
nAE,morgan_631,Morgan chemistry,0.0,1418,0,5,bt_residual
nAE,morgan_630,Morgan chemistry,0.0,1419,0,5,bt_residual
nAE,morgan_2044,Morgan chemistry,0.0,1420,0,5,bt_residual
nAE,morgan_628,Morgan chemistry,0.0,1421,0,5,bt_residual
nAE,morgan_627,Morgan chemistry,0.0,1422,0,5,bt_residual
nAE,morgan_626,Morgan chemistry,0.0,1423,0,5,bt_residual
nAE,morgan_625,Morgan chemistry,0.0,1424,0,5,bt_residual
nAE,morgan_624,Morgan chemistry,0.0,1425,0,5,bt_residual
nAE,morgan_623,Morgan chemistry,0.0,1426,0,5,bt_residual
nAE,morgan_622,Morgan chemistry,0.0,1427,0,5,bt_residual
nAE,morgan_621,Morgan chemistry,0.0,1428,0,5,bt_residual
nAE,morgan_620,Morgan chemistry,0.0,1429,0,5,bt_residual
nAE,morgan_619,Morgan chemistry,0.0,1430,0,5,bt_residual
nAE,morgan_618,Morgan chemistry,0.0,1431,0,5,bt_residual
nAE,morgan_617,Morgan chemistry,0.0,1432,0,5,bt_residual
nAE,morgan_616,Morgan chemistry,0.0,1433,0,5,bt_residual
nAE,morgan_615,Morgan chemistry,0.0,1434,0,5,bt_residual
nAE,morgan_614,Morgan chemistry,0.0,1435,0,5,bt_residual
nAE,morgan_613,Morgan chemistry,0.0,1436,0,5,bt_residual
nAE,morgan_612,Morgan chemistry,0.0,1437,0,5,bt_residual
nAE,morgan_611,Morgan chemistry,0.0,1438,0,5,bt_residual
nAE,morgan_610,Morgan chemistry,0.0,1439,0,5,bt_residual
nAE,morgan_609,Morgan chemistry,0.0,1440,0,5,bt_residual
nAE,morgan_608,Morgan chemistry,0.0,1441,0,5,bt_residual
nAE,morgan_607,Morgan chemistry,0.0,1442,0,5,bt_residual
nAE,morgan_606,Morgan chemistry,0.0,1443,0,5,bt_residual
nAE,morgan_605,Morgan chemistry,0.0,1444,0,5,bt_residual
nAE,morgan_604,Morgan chemistry,0.0,1445,0,5,bt_residual
nAE,morgan_603,Morgan chemistry,0.0,1446,0,5,bt_residual
nAE,morgan_602,Morgan chemistry,0.0,1447,0,5,bt_residual
nAE,morgan_601,Morgan chemistry,0.0,1448,0,5,bt_residual
nAE,morgan_600,Morgan chemistry,0.0,1449,0,5,bt_residual
nAE,morgan_599,Morgan chemistry,0.0,1450,0,5,bt_residual
nAE,morgan_598,Morgan chemistry,0.0,1451,0,5,bt_residual
nAE,morgan_597,Morgan chemistry,0.0,1452,0,5,bt_residual
nAE,morgan_2043,Morgan chemistry,0.0,1453,0,5,bt_residual
nAE,morgan_595,Morgan chemistry,0.0,1454,0,5,bt_residual
nAE,morgan_594,Morgan chemistry,0.0,1455,0,5,bt_residual
nAE,morgan_593,Morgan chemistry,0.0,1456,0,5,bt_residual
nAE,morgan_592,Morgan chemistry,0.0,1457,0,5,bt_residual
nAE,morgan_591,Morgan chemistry,0.0,1458,0,5,bt_residual
nAE,morgan_590,Morgan chemistry,0.0,1459,0,5,bt_residual
nAE,morgan_589,Morgan chemistry,0.0,1460,0,5,bt_residual
nAE,morgan_588,Morgan chemistry,0.0,1461,0,5,bt_residual
nAE,morgan_587,Morgan chemistry,0.0,1462,0,5,bt_residual
nAE,morgan_586,Morgan chemistry,0.0,1463,0,5,bt_residual
nAE,morgan_585,Morgan chemistry,0.0,1464,0,5,bt_residual
nAE,morgan_584,Morgan chemistry,0.0,1465,0,5,bt_residual
nAE,morgan_583,Morgan chemistry,0.0,1466,0,5,bt_residual
nAE,morgan_582,Morgan chemistry,0.0,1467,0,5,bt_residual
nAE,morgan_581,Morgan chemistry,0.0,1468,0,5,bt_residual
nAE,morgan_580,Morgan chemistry,0.0,1469,0,5,bt_residual
nAE,morgan_579,Morgan chemistry,0.0,1470,0,5,bt_residual
nAE,morgan_578,Morgan chemistry,0.0,1471,0,5,bt_residual
nAE,morgan_577,Morgan chemistry,0.0,1472,0,5,bt_residual
nAE,morgan_576,Morgan chemistry,0.0,1473,0,5,bt_residual
nAE,morgan_575,Morgan chemistry,0.0,1474,0,5,bt_residual
nAE,morgan_574,Morgan chemistry,0.0,1475,0,5,bt_residual
nAE,morgan_573,Morgan chemistry,0.0,1476,0,5,bt_residual
nAE,morgan_572,Morgan chemistry,0.0,1477,0,5,bt_residual
nAE,morgan_571,Morgan chemistry,0.0,1478,0,5,bt_residual
nAE,morgan_570,Morgan chemistry,0.0,1479,0,5,bt_residual
nAE,morgan_569,Morgan chemistry,0.0,1480,0,5,bt_residual
nAE,morgan_568,Morgan chemistry,0.0,1481,0,5,bt_residual
nAE,morgan_567,Morgan chemistry,0.0,1482,0,5,bt_residual
nAE,morgan_566,Morgan chemistry,0.0,1483,0,5,bt_residual
nAE,morgan_565,Morgan chemistry,0.0,1484,0,5,bt_residual
nAE,morgan_564,Morgan chemistry,0.0,1485,0,5,bt_residual
nAE,morgan_563,Morgan chemistry,0.0,1486,0,5,bt_residual
nAE,morgan_562,Morgan chemistry,0.0,1487,0,5,bt_residual
nAE,morgan_561,Morgan chemistry,0.0,1488,0,5,bt_residual
nAE,morgan_560,Morgan chemistry,0.0,1489,0,5,bt_residual
nAE,morgan_559,Morgan chemistry,0.0,1490,0,5,bt_residual
nAE,morgan_558,Morgan chemistry,0.0,1491,0,5,bt_residual
nAE,morgan_557,Morgan chemistry,0.0,1492,0,5,bt_residual
nAE,morgan_556,Morgan chemistry,0.0,1493,0,5,bt_residual
nAE,morgan_555,Morgan chemistry,0.0,1494,0,5,bt_residual
nAE,morgan_554,Morgan chemistry,0.0,1495,0,5,bt_residual
nAE,morgan_553,Morgan chemistry,0.0,1496,0,5,bt_residual
nAE,morgan_552,Morgan chemistry,0.0,1497,0,5,bt_residual
nAE,morgan_551,Morgan chemistry,0.0,1498,0,5,bt_residual
nAE,morgan_550,Morgan chemistry,0.0,1499,0,5,bt_residual
nAE,morgan_549,Morgan chemistry,0.0,1500,0,5,bt_residual
nAE,morgan_548,Morgan chemistry,0.0,1501,0,5,bt_residual
nAE,morgan_2038,Morgan chemistry,0.0,1502,0,5,bt_residual
nAE,morgan_546,Morgan chemistry,0.0,1503,0,5,bt_residual
nAE,morgan_545,Morgan chemistry,0.0,1504,0,5,bt_residual
nAE,morgan_544,Morgan chemistry,0.0,1505,0,5,bt_residual
nAE,morgan_543,Morgan chemistry,0.0,1506,0,5,bt_residual
nAE,morgan_542,Morgan chemistry,0.0,1507,0,5,bt_residual
nAE,morgan_541,Morgan chemistry,0.0,1508,0,5,bt_residual
nAE,morgan_540,Morgan chemistry,0.0,1509,0,5,bt_residual
nAE,morgan_539,Morgan chemistry,0.0,1510,0,5,bt_residual
nAE,morgan_538,Morgan chemistry,0.0,1511,0,5,bt_residual
nAE,morgan_537,Morgan chemistry,0.0,1512,0,5,bt_residual
nAE,morgan_536,Morgan chemistry,0.0,1513,0,5,bt_residual
nAE,morgan_535,Morgan chemistry,0.0,1514,0,5,bt_residual
nAE,morgan_534,Morgan chemistry,0.0,1515,0,5,bt_residual
nAE,morgan_533,Morgan chemistry,0.0,1516,0,5,bt_residual
nAE,morgan_532,Morgan chemistry,0.0,1517,0,5,bt_residual
nAE,morgan_531,Morgan chemistry,0.0,1518,0,5,bt_residual
nAE,morgan_530,Morgan chemistry,0.0,1519,0,5,bt_residual
nAE,morgan_529,Morgan chemistry,0.0,1520,0,5,bt_residual
nAE,morgan_528,Morgan chemistry,0.0,1521,0,5,bt_residual
nAE,morgan_527,Morgan chemistry,0.0,1522,0,5,bt_residual
nAE,morgan_526,Morgan chemistry,0.0,1523,0,5,bt_residual
nAE,morgan_525,Morgan chemistry,0.0,1524,0,5,bt_residual
nAE,morgan_524,Morgan chemistry,0.0,1525,0,5,bt_residual
nAE,morgan_523,Morgan chemistry,0.0,1526,0,5,bt_residual
nAE,morgan_522,Morgan chemistry,0.0,1527,0,5,bt_residual
nAE,morgan_521,Morgan chemistry,0.0,1528,0,5,bt_residual
nAE,morgan_520,Morgan chemistry,0.0,1529,0,5,bt_residual
nAE,morgan_519,Morgan chemistry,0.0,1530,0,5,bt_residual
nAE,morgan_518,Morgan chemistry,0.0,1531,0,5,bt_residual
nAE,morgan_517,Morgan chemistry,0.0,1532,0,5,bt_residual
nAE,morgan_516,Morgan chemistry,0.0,1533,0,5,bt_residual
nAE,morgan_515,Morgan chemistry,0.0,1534,0,5,bt_residual
nAE,morgan_514,Morgan chemistry,0.0,1535,0,5,bt_residual
nAE,morgan_513,Morgan chemistry,0.0,1536,0,5,bt_residual
nAE,morgan_512,Morgan chemistry,0.0,1537,0,5,bt_residual
nAE,morgan_511,Morgan chemistry,0.0,1538,0,5,bt_residual
nAE,morgan_510,Morgan chemistry,0.0,1539,0,5,bt_residual
nAE,morgan_509,Morgan chemistry,0.0,1540,0,5,bt_residual
nAE,morgan_508,Morgan chemistry,0.0,1541,0,5,bt_residual
nAE,morgan_507,Morgan chemistry,0.0,1542,0,5,bt_residual
nAE,div7_ns.durn.sd,DIV7 neural,0.0,1543,0,5,bt_residual
nAE,morgan_505,Morgan chemistry,0.0,1544,0,5,bt_residual
nAE,morgan_504,Morgan chemistry,0.0,1545,0,5,bt_residual
nAE,morgan_503,Morgan chemistry,0.0,1546,0,5,bt_residual
nAE,morgan_502,Morgan chemistry,0.0,1547,0,5,bt_residual
nAE,morgan_501,Morgan chemistry,0.0,1548,0,5,bt_residual
nAE,morgan_500,Morgan chemistry,0.0,1549,0,5,bt_residual
nAE,morgan_499,Morgan chemistry,0.0,1550,0,5,bt_residual
nAE,morgan_498,Morgan chemistry,0.0,1551,0,5,bt_residual
nAE,morgan_497,Morgan chemistry,0.0,1552,0,5,bt_residual
nAE,morgan_496,Morgan chemistry,0.0,1553,0,5,bt_residual
nAE,morgan_495,Morgan chemistry,0.0,1554,0,5,bt_residual
nAE,morgan_494,Morgan chemistry,0.0,1555,0,5,bt_residual
nAE,morgan_493,Morgan chemistry,0.0,1556,0,5,bt_residual
nAE,morgan_492,Morgan chemistry,0.0,1557,0,5,bt_residual
nAE,morgan_491,Morgan chemistry,0.0,1558,0,5,bt_residual
nAE,morgan_490,Morgan chemistry,0.0,1559,0,5,bt_residual
nAE,morgan_489,Morgan chemistry,0.0,1560,0,5,bt_residual
nAE,morgan_488,Morgan chemistry,0.0,1561,0,5,bt_residual
nAE,morgan_487,Morgan chemistry,0.0,1562,0,5,bt_residual
nAE,morgan_486,Morgan chemistry,0.0,1563,0,5,bt_residual
nAE,morgan_485,Morgan chemistry,0.0,1564,0,5,bt_residual
nAE,morgan_484,Morgan chemistry,0.0,1565,0,5,bt_residual
nAE,morgan_483,Morgan chemistry,0.0,1566,0,5,bt_residual
nAE,morgan_482,Morgan chemistry,0.0,1567,0,5,bt_residual
nAE,morgan_481,Morgan chemistry,0.0,1568,0,5,bt_residual
nAE,morgan_480,Morgan chemistry,0.0,1569,0,5,bt_residual
nAE,morgan_479,Morgan chemistry,0.0,1570,0,5,bt_residual
nAE,morgan_478,Morgan chemistry,0.0,1571,0,5,bt_residual
nAE,morgan_477,Morgan chemistry,0.0,1572,0,5,bt_residual
nAE,morgan_476,Morgan chemistry,0.0,1573,0,5,bt_residual
nAE,morgan_475,Morgan chemistry,0.0,1574,0,5,bt_residual
nAE,morgan_474,Morgan chemistry,0.0,1575,0,5,bt_residual
nAE,morgan_473,Morgan chemistry,0.0,1576,0,5,bt_residual
nAE,morgan_472,Morgan chemistry,0.0,1577,0,5,bt_residual
nAE,morgan_471,Morgan chemistry,0.0,1578,0,5,bt_residual
nAE,div5_ns.mean.insis,DIV5 neural,0.0,1579,0,5,bt_residual
nAE,morgan_469,Morgan chemistry,0.0,1580,0,5,bt_residual
nAE,morgan_468,Morgan chemistry,0.0,1581,0,5,bt_residual
nAE,morgan_467,Morgan chemistry,0.0,1582,0,5,bt_residual
nAE,morgan_466,Morgan chemistry,0.0,1583,0,5,bt_residual
nAE,morgan_465,Morgan chemistry,0.0,1584,0,5,bt_residual
nAE,morgan_464,Morgan chemistry,0.0,1585,0,5,bt_residual
nAE,morgan_463,Morgan chemistry,0.0,1586,0,5,bt_residual
nAE,morgan_462,Morgan chemistry,0.0,1587,0,5,bt_residual
nAE,morgan_461,Morgan chemistry,0.0,1588,0,5,bt_residual
nAE,morgan_460,Morgan chemistry,0.0,1589,0,5,bt_residual
nAE,morgan_459,Morgan chemistry,0.0,1590,0,5,bt_residual
nAE,morgan_458,Morgan chemistry,0.0,1591,0,5,bt_residual
nAE,morgan_457,Morgan chemistry,0.0,1592,0,5,bt_residual
nAE,morgan_456,Morgan chemistry,0.0,1593,0,5,bt_residual
nAE,morgan_455,Morgan chemistry,0.0,1594,0,5,bt_residual
nAE,morgan_454,Morgan chemistry,0.0,1595,0,5,bt_residual
nAE,morgan_453,Morgan chemistry,0.0,1596,0,5,bt_residual
nAE,morgan_452,Morgan chemistry,0.0,1597,0,5,bt_residual
nAE,morgan_451,Morgan chemistry,0.0,1598,0,5,bt_residual
nAE,morgan_450,Morgan chemistry,0.0,1599,0,5,bt_residual
nAE,morgan_449,Morgan chemistry,0.0,1600,0,5,bt_residual
nAE,morgan_448,Morgan chemistry,0.0,1601,0,5,bt_residual
nAE,morgan_447,Morgan chemistry,0.0,1602,0,5,bt_residual
nAE,div5_ns.percent.of.spikes.in.ns,DIV5 neural,0.0,1603,0,5,bt_residual
nAE,morgan_2041,Morgan chemistry,0.0,1604,0,5,bt_residual
nAE,morgan_2021,Morgan chemistry,0.0,1605,0,5,bt_residual
nAE,morgan_443,Morgan chemistry,0.0,1606,0,5,bt_residual
nAE,morgan_442,Morgan chemistry,0.0,1607,0,5,bt_residual
nAE,morgan_2020,Morgan chemistry,0.0,1608,0,5,bt_residual
nAE,morgan_440,Morgan chemistry,0.0,1609,0,5,bt_residual
nAE,morgan_439,Morgan chemistry,0.0,1610,0,5,bt_residual
nAE,morgan_438,Morgan chemistry,0.0,1611,0,5,bt_residual
nAE,morgan_437,Morgan chemistry,0.0,1612,0,5,bt_residual
nAE,morgan_436,Morgan chemistry,0.0,1613,0,5,bt_residual
nAE,morgan_435,Morgan chemistry,0.0,1614,0,5,bt_residual
nAE,morgan_434,Morgan chemistry,0.0,1615,0,5,bt_residual
nAE,morgan_433,Morgan chemistry,0.0,1616,0,5,bt_residual
nAE,morgan_432,Morgan chemistry,0.0,1617,0,5,bt_residual
nAE,morgan_431,Morgan chemistry,0.0,1618,0,5,bt_residual
nAE,morgan_430,Morgan chemistry,0.0,1619,0,5,bt_residual
nAE,morgan_429,Morgan chemistry,0.0,1620,0,5,bt_residual
nAE,morgan_428,Morgan chemistry,0.0,1621,0,5,bt_residual
nAE,morgan_427,Morgan chemistry,0.0,1622,0,5,bt_residual
nAE,morgan_426,Morgan chemistry,0.0,1623,0,5,bt_residual
nAE,morgan_425,Morgan chemistry,0.0,1624,0,5,bt_residual
nAE,morgan_424,Morgan chemistry,0.0,1625,0,5,bt_residual
nAE,morgan_423,Morgan chemistry,0.0,1626,0,5,bt_residual
nAE,morgan_422,Morgan chemistry,0.0,1627,0,5,bt_residual
nAE,morgan_421,Morgan chemistry,0.0,1628,0,5,bt_residual
nAE,morgan_420,Morgan chemistry,0.0,1629,0,5,bt_residual
nAE,morgan_419,Morgan chemistry,0.0,1630,0,5,bt_residual
nAE,morgan_418,Morgan chemistry,0.0,1631,0,5,bt_residual
nAE,morgan_417,Morgan chemistry,0.0,1632,0,5,bt_residual
nAE,morgan_416,Morgan chemistry,0.0,1633,0,5,bt_residual
nAE,morgan_415,Morgan chemistry,0.0,1634,0,5,bt_residual
nAE,morgan_414,Morgan chemistry,0.0,1635,0,5,bt_residual
nAE,morgan_413,Morgan chemistry,0.0,1636,0,5,bt_residual
nAE,morgan_412,Morgan chemistry,0.0,1637,0,5,bt_residual
nAE,morgan_411,Morgan chemistry,0.0,1638,0,5,bt_residual
nAE,morgan_2019,Morgan chemistry,0.0,1639,0,5,bt_residual
nAE,morgan_409,Morgan chemistry,0.0,1640,0,5,bt_residual
nAE,morgan_408,Morgan chemistry,0.0,1641,0,5,bt_residual
nAE,morgan_407,Morgan chemistry,0.0,1642,0,5,bt_residual
nAE,morgan_406,Morgan chemistry,0.0,1643,0,5,bt_residual
nAE,morgan_405,Morgan chemistry,0.0,1644,0,5,bt_residual
nAE,morgan_404,Morgan chemistry,0.0,1645,0,5,bt_residual
nAE,morgan_403,Morgan chemistry,0.0,1646,0,5,bt_residual
nAE,morgan_402,Morgan chemistry,0.0,1647,0,5,bt_residual
nAE,morgan_401,Morgan chemistry,0.0,1648,0,5,bt_residual
nAE,morgan_400,Morgan chemistry,0.0,1649,0,5,bt_residual
nAE,morgan_399,Morgan chemistry,0.0,1650,0,5,bt_residual
nAE,morgan_398,Morgan chemistry,0.0,1651,0,5,bt_residual
nAE,morgan_397,Morgan chemistry,0.0,1652,0,5,bt_residual
nAE,morgan_396,Morgan chemistry,0.0,1653,0,5,bt_residual
nAE,morgan_395,Morgan chemistry,0.0,1654,0,5,bt_residual
nAE,morgan_394,Morgan chemistry,0.0,1655,0,5,bt_residual
nAE,morgan_393,Morgan chemistry,0.0,1656,0,5,bt_residual
nAE,morgan_392,Morgan chemistry,0.0,1657,0,5,bt_residual
nAE,morgan_391,Morgan chemistry,0.0,1658,0,5,bt_residual
nAE,morgan_390,Morgan chemistry,0.0,1659,0,5,bt_residual
nAE,morgan_389,Morgan chemistry,0.0,1660,0,5,bt_residual
nAE,morgan_388,Morgan chemistry,0.0,1661,0,5,bt_residual
nAE,morgan_387,Morgan chemistry,0.0,1662,0,5,bt_residual
nAE,morgan_386,Morgan chemistry,0.0,1663,0,5,bt_residual
nAE,morgan_385,Morgan chemistry,0.0,1664,0,5,bt_residual
nAE,morgan_384,Morgan chemistry,0.0,1665,0,5,bt_residual
nAE,morgan_2018,Morgan chemistry,0.0,1666,0,5,bt_residual
nAE,morgan_382,Morgan chemistry,0.0,1667,0,5,bt_residual
nAE,morgan_381,Morgan chemistry,0.0,1668,0,5,bt_residual
nAE,morgan_380,Morgan chemistry,0.0,1669,0,5,bt_residual
nAE,morgan_379,Morgan chemistry,0.0,1670,0,5,bt_residual
nAE,morgan_378,Morgan chemistry,0.0,1671,0,5,bt_residual
nAE,morgan_377,Morgan chemistry,0.0,1672,0,5,bt_residual
nAE,morgan_376,Morgan chemistry,0.0,1673,0,5,bt_residual
nAE,morgan_375,Morgan chemistry,0.0,1674,0,5,bt_residual
nAE,morgan_374,Morgan chemistry,0.0,1675,0,5,bt_residual
nAE,morgan_373,Morgan chemistry,0.0,1676,0,5,bt_residual
nAE,morgan_372,Morgan chemistry,0.0,1677,0,5,bt_residual
nAE,morgan_371,Morgan chemistry,0.0,1678,0,5,bt_residual
nAE,morgan_370,Morgan chemistry,0.0,1679,0,5,bt_residual
nAE,morgan_369,Morgan chemistry,0.0,1680,0,5,bt_residual
nAE,morgan_368,Morgan chemistry,0.0,1681,0,5,bt_residual
nAE,morgan_367,Morgan chemistry,0.0,1682,0,5,bt_residual
nAE,morgan_366,Morgan chemistry,0.0,1683,0,5,bt_residual
nAE,morgan_365,Morgan chemistry,0.0,1684,0,5,bt_residual
nAE,morgan_364,Morgan chemistry,0.0,1685,0,5,bt_residual
nAE,morgan_363,Morgan chemistry,0.0,1686,0,5,bt_residual
nAE,morgan_362,Morgan chemistry,0.0,1687,0,5,bt_residual
nAE,morgan_361,Morgan chemistry,0.0,1688,0,5,bt_residual
nAE,morgan_360,Morgan chemistry,0.0,1689,0,5,bt_residual
nAE,morgan_359,Morgan chemistry,0.0,1690,0,5,bt_residual
nAE,morgan_358,Morgan chemistry,0.0,1691,0,5,bt_residual
nAE,morgan_357,Morgan chemistry,0.0,1692,0,5,bt_residual
nAE,morgan_356,Morgan chemistry,0.0,1693,0,5,bt_residual
nAE,morgan_355,Morgan chemistry,0.0,1694,0,5,bt_residual
nAE,morgan_354,Morgan chemistry,0.0,1695,0,5,bt_residual
nAE,morgan_353,Morgan chemistry,0.0,1696,0,5,bt_residual
nAE,morgan_352,Morgan chemistry,0.0,1697,0,5,bt_residual
nAE,morgan_351,Morgan chemistry,0.0,1698,0,5,bt_residual
nAE,morgan_350,Morgan chemistry,0.0,1699,0,5,bt_residual
nAE,morgan_349,Morgan chemistry,0.0,1700,0,5,bt_residual
nAE,morgan_348,Morgan chemistry,0.0,1701,0,5,bt_residual
nAE,morgan_347,Morgan chemistry,0.0,1702,0,5,bt_residual
nAE,morgan_346,Morgan chemistry,0.0,1703,0,5,bt_residual
nAE,morgan_345,Morgan chemistry,0.0,1704,0,5,bt_residual
nAE,morgan_344,Morgan chemistry,0.0,1705,0,5,bt_residual
nAE,morgan_343,Morgan chemistry,0.0,1706,0,5,bt_residual
nAE,morgan_342,Morgan chemistry,0.0,1707,0,5,bt_residual
nAE,morgan_341,Morgan chemistry,0.0,1708,0,5,bt_residual
nAE,morgan_340,Morgan chemistry,0.0,1709,0,5,bt_residual
nAE,morgan_339,Morgan chemistry,0.0,1710,0,5,bt_residual
nAE,morgan_338,Morgan chemistry,0.0,1711,0,5,bt_residual
nAE,morgan_337,Morgan chemistry,0.0,1712,0,5,bt_residual
nAE,morgan_336,Morgan chemistry,0.0,1713,0,5,bt_residual
nAE,morgan_335,Morgan chemistry,0.0,1714,0,5,bt_residual
nAE,morgan_334,Morgan chemistry,0.0,1715,0,5,bt_residual
nAE,morgan_333,Morgan chemistry,0.0,1716,0,5,bt_residual
nAE,morgan_2017,Morgan chemistry,0.0,1717,0,5,bt_residual
nAE,morgan_331,Morgan chemistry,0.0,1718,0,5,bt_residual
nAE,morgan_330,Morgan chemistry,0.0,1719,0,5,bt_residual
nAE,morgan_329,Morgan chemistry,0.0,1720,0,5,bt_residual
nAE,morgan_328,Morgan chemistry,0.0,1721,0,5,bt_residual
nAE,morgan_327,Morgan chemistry,0.0,1722,0,5,bt_residual
nAE,morgan_326,Morgan chemistry,0.0,1723,0,5,bt_residual
nAE,morgan_325,Morgan chemistry,0.0,1724,0,5,bt_residual
nAE,morgan_324,Morgan chemistry,0.0,1725,0,5,bt_residual
nAE,morgan_323,Morgan chemistry,0.0,1726,0,5,bt_residual
nAE,morgan_322,Morgan chemistry,0.0,1727,0,5,bt_residual
nAE,morgan_321,Morgan chemistry,0.0,1728,0,5,bt_residual
nAE,morgan_320,Morgan chemistry,0.0,1729,0,5,bt_residual
nAE,morgan_319,Morgan chemistry,0.0,1730,0,5,bt_residual
nAE,morgan_318,Morgan chemistry,0.0,1731,0,5,bt_residual
nAE,morgan_317,Morgan chemistry,0.0,1732,0,5,bt_residual
nAE,morgan_2016,Morgan chemistry,0.0,1733,0,5,bt_residual
nAE,morgan_315,Morgan chemistry,0.0,1734,0,5,bt_residual
nAE,morgan_314,Morgan chemistry,0.0,1735,0,5,bt_residual
nAE,morgan_313,Morgan chemistry,0.0,1736,0,5,bt_residual
nAE,morgan_312,Morgan chemistry,0.0,1737,0,5,bt_residual
nAE,morgan_311,Morgan chemistry,0.0,1738,0,5,bt_residual
nAE,morgan_310,Morgan chemistry,0.0,1739,0,5,bt_residual
nAE,morgan_309,Morgan chemistry,0.0,1740,0,5,bt_residual
nAE,morgan_308,Morgan chemistry,0.0,1741,0,5,bt_residual
nAE,morgan_307,Morgan chemistry,0.0,1742,0,5,bt_residual
nAE,morgan_306,Morgan chemistry,0.0,1743,0,5,bt_residual
nAE,morgan_305,Morgan chemistry,0.0,1744,0,5,bt_residual
nAE,morgan_304,Morgan chemistry,0.0,1745,0,5,bt_residual
nAE,morgan_303,Morgan chemistry,0.0,1746,0,5,bt_residual
nAE,morgan_302,Morgan chemistry,0.0,1747,0,5,bt_residual
nAE,morgan_301,Morgan chemistry,0.0,1748,0,5,bt_residual
nAE,morgan_300,Morgan chemistry,0.0,1749,0,5,bt_residual
nAE,morgan_299,Morgan chemistry,0.0,1750,0,5,bt_residual
nAE,morgan_298,Morgan chemistry,0.0,1751,0,5,bt_residual
nAE,morgan_297,Morgan chemistry,0.0,1752,0,5,bt_residual
nAE,morgan_296,Morgan chemistry,0.0,1753,0,5,bt_residual
nAE,morgan_295,Morgan chemistry,0.0,1754,0,5,bt_residual
nAE,morgan_294,Morgan chemistry,0.0,1755,0,5,bt_residual
nAE,morgan_293,Morgan chemistry,0.0,1756,0,5,bt_residual
nAE,morgan_292,Morgan chemistry,0.0,1757,0,5,bt_residual
nAE,morgan_291,Morgan chemistry,0.0,1758,0,5,bt_residual
nAE,morgan_290,Morgan chemistry,0.0,1759,0,5,bt_residual
nAE,morgan_289,Morgan chemistry,0.0,1760,0,5,bt_residual
nAE,morgan_288,Morgan chemistry,0.0,1761,0,5,bt_residual
nAE,morgan_287,Morgan chemistry,0.0,1762,0,5,bt_residual
nAE,morgan_286,Morgan chemistry,0.0,1763,0,5,bt_residual
nAE,morgan_285,Morgan chemistry,0.0,1764,0,5,bt_residual
nAE,morgan_284,Morgan chemistry,0.0,1765,0,5,bt_residual
nAE,morgan_283,Morgan chemistry,0.0,1766,0,5,bt_residual
nAE,morgan_282,Morgan chemistry,0.0,1767,0,5,bt_residual
nAE,morgan_281,Morgan chemistry,0.0,1768,0,5,bt_residual
nAE,morgan_280,Morgan chemistry,0.0,1769,0,5,bt_residual
nAE,morgan_279,Morgan chemistry,0.0,1770,0,5,bt_residual
nAE,morgan_278,Morgan chemistry,0.0,1771,0,5,bt_residual
nAE,morgan_2015,Morgan chemistry,0.0,1772,0,5,bt_residual
nAE,morgan_276,Morgan chemistry,0.0,1773,0,5,bt_residual
nAE,morgan_275,Morgan chemistry,0.0,1774,0,5,bt_residual
nAE,morgan_274,Morgan chemistry,0.0,1775,0,5,bt_residual
nAE,morgan_273,Morgan chemistry,0.0,1776,0,5,bt_residual
nAE,morgan_272,Morgan chemistry,0.0,1777,0,5,bt_residual
nAE,morgan_271,Morgan chemistry,0.0,1778,0,5,bt_residual
nAE,morgan_270,Morgan chemistry,0.0,1779,0,5,bt_residual
nAE,morgan_269,Morgan chemistry,0.0,1780,0,5,bt_residual
nAE,morgan_268,Morgan chemistry,0.0,1781,0,5,bt_residual
nAE,morgan_267,Morgan chemistry,0.0,1782,0,5,bt_residual
nAE,morgan_266,Morgan chemistry,0.0,1783,0,5,bt_residual
nAE,morgan_265,Morgan chemistry,0.0,1784,0,5,bt_residual
nAE,morgan_264,Morgan chemistry,0.0,1785,0,5,bt_residual
nAE,morgan_263,Morgan chemistry,0.0,1786,0,5,bt_residual
nAE,morgan_262,Morgan chemistry,0.0,1787,0,5,bt_residual
nAE,morgan_261,Morgan chemistry,0.0,1788,0,5,bt_residual
nAE,morgan_260,Morgan chemistry,0.0,1789,0,5,bt_residual
nAE,morgan_259,Morgan chemistry,0.0,1790,0,5,bt_residual
nAE,morgan_258,Morgan chemistry,0.0,1791,0,5,bt_residual
nAE,morgan_257,Morgan chemistry,0.0,1792,0,5,bt_residual
nAE,morgan_256,Morgan chemistry,0.0,1793,0,5,bt_residual
nAE,morgan_255,Morgan chemistry,0.0,1794,0,5,bt_residual
nAE,morgan_254,Morgan chemistry,0.0,1795,0,5,bt_residual
nAE,morgan_253,Morgan chemistry,0.0,1796,0,5,bt_residual
nAE,morgan_2014,Morgan chemistry,0.0,1797,0,5,bt_residual
nAE,morgan_251,Morgan chemistry,0.0,1798,0,5,bt_residual
nAE,morgan_250,Morgan chemistry,0.0,1799,0,5,bt_residual
nAE,morgan_249,Morgan chemistry,0.0,1800,0,5,bt_residual
nAE,morgan_248,Morgan chemistry,0.0,1801,0,5,bt_residual
nAE,morgan_247,Morgan chemistry,0.0,1802,0,5,bt_residual
nAE,morgan_246,Morgan chemistry,0.0,1803,0,5,bt_residual
nAE,morgan_245,Morgan chemistry,0.0,1804,0,5,bt_residual
nAE,morgan_244,Morgan chemistry,0.0,1805,0,5,bt_residual
nAE,morgan_243,Morgan chemistry,0.0,1806,0,5,bt_residual
nAE,morgan_242,Morgan chemistry,0.0,1807,0,5,bt_residual
nAE,morgan_241,Morgan chemistry,0.0,1808,0,5,bt_residual
nAE,morgan_240,Morgan chemistry,0.0,1809,0,5,bt_residual
nAE,morgan_239,Morgan chemistry,0.0,1810,0,5,bt_residual
nAE,morgan_238,Morgan chemistry,0.0,1811,0,5,bt_residual
nAE,morgan_237,Morgan chemistry,0.0,1812,0,5,bt_residual
nAE,morgan_236,Morgan chemistry,0.0,1813,0,5,bt_residual
nAE,morgan_235,Morgan chemistry,0.0,1814,0,5,bt_residual
nAE,morgan_234,Morgan chemistry,0.0,1815,0,5,bt_residual
nAE,morgan_233,Morgan chemistry,0.0,1816,0,5,bt_residual
nAE,morgan_232,Morgan chemistry,0.0,1817,0,5,bt_residual
nAE,morgan_231,Morgan chemistry,0.0,1818,0,5,bt_residual
nAE,morgan_230,Morgan chemistry,0.0,1819,0,5,bt_residual
nAE,morgan_229,Morgan chemistry,0.0,1820,0,5,bt_residual
nAE,morgan_228,Morgan chemistry,0.0,1821,0,5,bt_residual
nAE,morgan_227,Morgan chemistry,0.0,1822,0,5,bt_residual
nAE,morgan_226,Morgan chemistry,0.0,1823,0,5,bt_residual
nAE,morgan_225,Morgan chemistry,0.0,1824,0,5,bt_residual
nAE,morgan_224,Morgan chemistry,0.0,1825,0,5,bt_residual
nAE,morgan_223,Morgan chemistry,0.0,1826,0,5,bt_residual
nAE,morgan_222,Morgan chemistry,0.0,1827,0,5,bt_residual
nAE,morgan_221,Morgan chemistry,0.0,1828,0,5,bt_residual
nAE,morgan_220,Morgan chemistry,0.0,1829,0,5,bt_residual
nAE,morgan_219,Morgan chemistry,0.0,1830,0,5,bt_residual
nAE,morgan_218,Morgan chemistry,0.0,1831,0,5,bt_residual
nAE,morgan_2013,Morgan chemistry,0.0,1832,0,5,bt_residual
nAE,morgan_216,Morgan chemistry,0.0,1833,0,5,bt_residual
nAE,morgan_215,Morgan chemistry,0.0,1834,0,5,bt_residual
nAE,morgan_214,Morgan chemistry,0.0,1835,0,5,bt_residual
nAE,morgan_213,Morgan chemistry,0.0,1836,0,5,bt_residual
nAE,morgan_212,Morgan chemistry,0.0,1837,0,5,bt_residual
nAE,morgan_211,Morgan chemistry,0.0,1838,0,5,bt_residual
nAE,morgan_210,Morgan chemistry,0.0,1839,0,5,bt_residual
nAE,morgan_209,Morgan chemistry,0.0,1840,0,5,bt_residual
nAE,morgan_208,Morgan chemistry,0.0,1841,0,5,bt_residual
nAE,morgan_207,Morgan chemistry,0.0,1842,0,5,bt_residual
nAE,morgan_206,Morgan chemistry,0.0,1843,0,5,bt_residual
nAE,morgan_205,Morgan chemistry,0.0,1844,0,5,bt_residual
nAE,morgan_204,Morgan chemistry,0.0,1845,0,5,bt_residual
nAE,morgan_203,Morgan chemistry,0.0,1846,0,5,bt_residual
nAE,morgan_202,Morgan chemistry,0.0,1847,0,5,bt_residual
nAE,morgan_201,Morgan chemistry,0.0,1848,0,5,bt_residual
nAE,morgan_200,Morgan chemistry,0.0,1849,0,5,bt_residual
nAE,morgan_199,Morgan chemistry,0.0,1850,0,5,bt_residual
nAE,morgan_198,Morgan chemistry,0.0,1851,0,5,bt_residual
nAE,morgan_197,Morgan chemistry,0.0,1852,0,5,bt_residual
nAE,morgan_196,Morgan chemistry,0.0,1853,0,5,bt_residual
nAE,morgan_195,Morgan chemistry,0.0,1854,0,5,bt_residual
nAE,morgan_194,Morgan chemistry,0.0,1855,0,5,bt_residual
nAE,morgan_193,Morgan chemistry,0.0,1856,0,5,bt_residual
nAE,morgan_192,Morgan chemistry,0.0,1857,0,5,bt_residual
nAE,morgan_191,Morgan chemistry,0.0,1858,0,5,bt_residual
nAE,morgan_190,Morgan chemistry,0.0,1859,0,5,bt_residual
nAE,morgan_189,Morgan chemistry,0.0,1860,0,5,bt_residual
nAE,morgan_188,Morgan chemistry,0.0,1861,0,5,bt_residual
nAE,morgan_187,Morgan chemistry,0.0,1862,0,5,bt_residual
nAE,morgan_186,Morgan chemistry,0.0,1863,0,5,bt_residual
nAE,morgan_185,Morgan chemistry,0.0,1864,0,5,bt_residual
nAE,morgan_184,Morgan chemistry,0.0,1865,0,5,bt_residual
nAE,morgan_183,Morgan chemistry,0.0,1866,0,5,bt_residual
nAE,morgan_182,Morgan chemistry,0.0,1867,0,5,bt_residual
nAE,morgan_181,Morgan chemistry,0.0,1868,0,5,bt_residual
nAE,morgan_180,Morgan chemistry,0.0,1869,0,5,bt_residual
nAE,morgan_179,Morgan chemistry,0.0,1870,0,5,bt_residual
nAE,morgan_178,Morgan chemistry,0.0,1871,0,5,bt_residual
nAE,morgan_444,Morgan chemistry,0.0,1872,0,5,bt_residual
nAE,morgan_176,Morgan chemistry,0.0,1873,0,5,bt_residual
nAE,morgan_175,Morgan chemistry,0.0,1874,0,5,bt_residual
nAE,morgan_174,Morgan chemistry,0.0,1875,0,5,bt_residual
nAE,morgan_173,Morgan chemistry,0.0,1876,0,5,bt_residual
nAE,morgan_172,Morgan chemistry,0.0,1877,0,5,bt_residual
nAE,morgan_171,Morgan chemistry,0.0,1878,0,5,bt_residual
nAE,morgan_170,Morgan chemistry,0.0,1879,0,5,bt_residual
nAE,morgan_169,Morgan chemistry,0.0,1880,0,5,bt_residual
nAE,morgan_168,Morgan chemistry,0.0,1881,0,5,bt_residual
nAE,morgan_167,Morgan chemistry,0.0,1882,0,5,bt_residual
nAE,morgan_166,Morgan chemistry,0.0,1883,0,5,bt_residual
nAE,morgan_165,Morgan chemistry,0.0,1884,0,5,bt_residual
nAE,morgan_164,Morgan chemistry,0.0,1885,0,5,bt_residual
nAE,morgan_163,Morgan chemistry,0.0,1886,0,5,bt_residual
nAE,morgan_162,Morgan chemistry,0.0,1887,0,5,bt_residual
nAE,morgan_161,Morgan chemistry,0.0,1888,0,5,bt_residual
nAE,morgan_160,Morgan chemistry,0.0,1889,0,5,bt_residual
nAE,morgan_159,Morgan chemistry,0.0,1890,0,5,bt_residual
nAE,morgan_158,Morgan chemistry,0.0,1891,0,5,bt_residual
nAE,morgan_157,Morgan chemistry,0.0,1892,0,5,bt_residual
nAE,morgan_156,Morgan chemistry,0.0,1893,0,5,bt_residual
nAE,morgan_155,Morgan chemistry,0.0,1894,0,5,bt_residual
nAE,morgan_154,Morgan chemistry,0.0,1895,0,5,bt_residual
nAE,morgan_153,Morgan chemistry,0.0,1896,0,5,bt_residual
nAE,morgan_152,Morgan chemistry,0.0,1897,0,5,bt_residual
nAE,morgan_151,Morgan chemistry,0.0,1898,0,5,bt_residual
nAE,morgan_150,Morgan chemistry,0.0,1899,0,5,bt_residual
nAE,morgan_149,Morgan chemistry,0.0,1900,0,5,bt_residual
nAE,morgan_148,Morgan chemistry,0.0,1901,0,5,bt_residual
nAE,morgan_147,Morgan chemistry,0.0,1902,0,5,bt_residual
nAE,morgan_146,Morgan chemistry,0.0,1903,0,5,bt_residual
nAE,morgan_145,Morgan chemistry,0.0,1904,0,5,bt_residual
nAE,morgan_144,Morgan chemistry,0.0,1905,0,5,bt_residual
nAE,morgan_143,Morgan chemistry,0.0,1906,0,5,bt_residual
nAE,morgan_142,Morgan chemistry,0.0,1907,0,5,bt_residual
nAE,morgan_141,Morgan chemistry,0.0,1908,0,5,bt_residual
nAE,morgan_140,Morgan chemistry,0.0,1909,0,5,bt_residual
nAE,morgan_139,Morgan chemistry,0.0,1910,0,5,bt_residual
nAE,morgan_138,Morgan chemistry,0.0,1911,0,5,bt_residual
nAE,morgan_137,Morgan chemistry,0.0,1912,0,5,bt_residual
nAE,morgan_136,Morgan chemistry,0.0,1913,0,5,bt_residual
nAE,morgan_135,Morgan chemistry,0.0,1914,0,5,bt_residual
nAE,morgan_134,Morgan chemistry,0.0,1915,0,5,bt_residual
nAE,morgan_133,Morgan chemistry,0.0,1916,0,5,bt_residual
nAE,morgan_132,Morgan chemistry,0.0,1917,0,5,bt_residual
nAE,morgan_131,Morgan chemistry,0.0,1918,0,5,bt_residual
nAE,morgan_130,Morgan chemistry,0.0,1919,0,5,bt_residual
nAE,morgan_129,Morgan chemistry,0.0,1920,0,5,bt_residual
nAE,morgan_128,Morgan chemistry,0.0,1921,0,5,bt_residual
nAE,morgan_127,Morgan chemistry,0.0,1922,0,5,bt_residual
nAE,morgan_126,Morgan chemistry,0.0,1923,0,5,bt_residual
nAE,morgan_125,Morgan chemistry,0.0,1924,0,5,bt_residual
nAE,morgan_124,Morgan chemistry,0.0,1925,0,5,bt_residual
nAE,morgan_123,Morgan chemistry,0.0,1926,0,5,bt_residual
nAE,morgan_122,Morgan chemistry,0.0,1927,0,5,bt_residual
nAE,morgan_121,Morgan chemistry,0.0,1928,0,5,bt_residual
nAE,morgan_120,Morgan chemistry,0.0,1929,0,5,bt_residual
nAE,morgan_119,Morgan chemistry,0.0,1930,0,5,bt_residual
nAE,morgan_118,Morgan chemistry,0.0,1931,0,5,bt_residual
nAE,morgan_117,Morgan chemistry,0.0,1932,0,5,bt_residual
nAE,morgan_116,Morgan chemistry,0.0,1933,0,5,bt_residual
nAE,morgan_115,Morgan chemistry,0.0,1934,0,5,bt_residual
nAE,morgan_2012,Morgan chemistry,0.0,1935,0,5,bt_residual
nAE,morgan_113,Morgan chemistry,0.0,1936,0,5,bt_residual
nAE,morgan_112,Morgan chemistry,0.0,1937,0,5,bt_residual
nAE,morgan_111,Morgan chemistry,0.0,1938,0,5,bt_residual
nAE,morgan_110,Morgan chemistry,0.0,1939,0,5,bt_residual
nAE,morgan_109,Morgan chemistry,0.0,1940,0,5,bt_residual
nAE,morgan_108,Morgan chemistry,0.0,1941,0,5,bt_residual
nAE,morgan_107,Morgan chemistry,0.0,1942,0,5,bt_residual
nAE,morgan_106,Morgan chemistry,0.0,1943,0,5,bt_residual
nAE,morgan_105,Morgan chemistry,0.0,1944,0,5,bt_residual
nAE,morgan_104,Morgan chemistry,0.0,1945,0,5,bt_residual
nAE,morgan_103,Morgan chemistry,0.0,1946,0,5,bt_residual
nAE,morgan_102,Morgan chemistry,0.0,1947,0,5,bt_residual
nAE,morgan_101,Morgan chemistry,0.0,1948,0,5,bt_residual
nAE,morgan_100,Morgan chemistry,0.0,1949,0,5,bt_residual
nAE,morgan_99,Morgan chemistry,0.0,1950,0,5,bt_residual
nAE,morgan_98,Morgan chemistry,0.0,1951,0,5,bt_residual
nAE,morgan_97,Morgan chemistry,0.0,1952,0,5,bt_residual
nAE,morgan_96,Morgan chemistry,0.0,1953,0,5,bt_residual
nAE,morgan_95,Morgan chemistry,0.0,1954,0,5,bt_residual
nAE,morgan_94,Morgan chemistry,0.0,1955,0,5,bt_residual
nAE,morgan_93,Morgan chemistry,0.0,1956,0,5,bt_residual
nAE,morgan_92,Morgan chemistry,0.0,1957,0,5,bt_residual
nAE,morgan_91,Morgan chemistry,0.0,1958,0,5,bt_residual
nAE,morgan_90,Morgan chemistry,0.0,1959,0,5,bt_residual
nAE,morgan_89,Morgan chemistry,0.0,1960,0,5,bt_residual
nAE,morgan_88,Morgan chemistry,0.0,1961,0,5,bt_residual
nAE,morgan_2011,Morgan chemistry,0.0,1962,0,5,bt_residual
nAE,morgan_86,Morgan chemistry,0.0,1963,0,5,bt_residual
nAE,morgan_85,Morgan chemistry,0.0,1964,0,5,bt_residual
nAE,morgan_84,Morgan chemistry,0.0,1965,0,5,bt_residual
nAE,morgan_83,Morgan chemistry,0.0,1966,0,5,bt_residual
nAE,morgan_82,Morgan chemistry,0.0,1967,0,5,bt_residual
nAE,morgan_81,Morgan chemistry,0.0,1968,0,5,bt_residual
nAE,morgan_80,Morgan chemistry,0.0,1969,0,5,bt_residual
nAE,morgan_79,Morgan chemistry,0.0,1970,0,5,bt_residual
nAE,morgan_78,Morgan chemistry,0.0,1971,0,5,bt_residual
nAE,morgan_77,Morgan chemistry,0.0,1972,0,5,bt_residual
nAE,morgan_76,Morgan chemistry,0.0,1973,0,5,bt_residual
nAE,morgan_75,Morgan chemistry,0.0,1974,0,5,bt_residual
nAE,morgan_74,Morgan chemistry,0.0,1975,0,5,bt_residual
nAE,morgan_73,Morgan chemistry,0.0,1976,0,5,bt_residual
nAE,morgan_72,Morgan chemistry,0.0,1977,0,5,bt_residual
nAE,morgan_71,Morgan chemistry,0.0,1978,0,5,bt_residual
nAE,morgan_2010,Morgan chemistry,0.0,1979,0,5,bt_residual
nAE,morgan_69,Morgan chemistry,0.0,1980,0,5,bt_residual
nAE,morgan_68,Morgan chemistry,0.0,1981,0,5,bt_residual
nAE,morgan_67,Morgan chemistry,0.0,1982,0,5,bt_residual
nAE,morgan_66,Morgan chemistry,0.0,1983,0,5,bt_residual
nAE,morgan_65,Morgan chemistry,0.0,1984,0,5,bt_residual
nAE,morgan_64,Morgan chemistry,0.0,1985,0,5,bt_residual
nAE,morgan_63,Morgan chemistry,0.0,1986,0,5,bt_residual
nAE,morgan_62,Morgan chemistry,0.0,1987,0,5,bt_residual
nAE,morgan_2009,Morgan chemistry,0.0,1988,0,5,bt_residual
nAE,morgan_60,Morgan chemistry,0.0,1989,0,5,bt_residual
nAE,morgan_59,Morgan chemistry,0.0,1990,0,5,bt_residual
nAE,morgan_58,Morgan chemistry,0.0,1991,0,5,bt_residual
nAE,morgan_57,Morgan chemistry,0.0,1992,0,5,bt_residual
nAE,morgan_56,Morgan chemistry,0.0,1993,0,5,bt_residual
nAE,morgan_55,Morgan chemistry,0.0,1994,0,5,bt_residual
nAE,morgan_54,Morgan chemistry,0.0,1995,0,5,bt_residual
nAE,morgan_53,Morgan chemistry,0.0,1996,0,5,bt_residual
nAE,morgan_52,Morgan chemistry,0.0,1997,0,5,bt_residual
nAE,morgan_51,Morgan chemistry,0.0,1998,0,5,bt_residual
nAE,morgan_50,Morgan chemistry,0.0,1999,0,5,bt_residual
nAE,morgan_49,Morgan chemistry,0.0,2000,0,5,bt_residual
nAE,morgan_48,Morgan chemistry,0.0,2001,0,5,bt_residual
nAE,morgan_2008,Morgan chemistry,0.0,2002,0,5,bt_residual
nAE,morgan_46,Morgan chemistry,0.0,2003,0,5,bt_residual
nAE,morgan_45,Morgan chemistry,0.0,2004,0,5,bt_residual
nAE,morgan_44,Morgan chemistry,0.0,2005,0,5,bt_residual
nAE,morgan_43,Morgan chemistry,0.0,2006,0,5,bt_residual
nAE,morgan_42,Morgan chemistry,0.0,2007,0,5,bt_residual
nAE,morgan_41,Morgan chemistry,0.0,2008,0,5,bt_residual
nAE,morgan_40,Morgan chemistry,0.0,2009,0,5,bt_residual
nAE,morgan_39,Morgan chemistry,0.0,2010,0,5,bt_residual
nAE,morgan_38,Morgan chemistry,0.0,2011,0,5,bt_residual
nAE,morgan_37,Morgan chemistry,0.0,2012,0,5,bt_residual
nAE,morgan_36,Morgan chemistry,0.0,2013,0,5,bt_residual
nAE,morgan_35,Morgan chemistry,0.0,2014,0,5,bt_residual
nAE,morgan_34,Morgan chemistry,0.0,2015,0,5,bt_residual
nAE,morgan_33,Morgan chemistry,0.0,2016,0,5,bt_residual
nAE,morgan_32,Morgan chemistry,0.0,2017,0,5,bt_residual
nAE,morgan_31,Morgan chemistry,0.0,2018,0,5,bt_residual
nAE,morgan_30,Morgan chemistry,0.0,2019,0,5,bt_residual
nAE,morgan_29,Morgan chemistry,0.0,2020,0,5,bt_residual
nAE,morgan_28,Morgan chemistry,0.0,2021,0,5,bt_residual
nAE,morgan_27,Morgan chemistry,0.0,2022,0,5,bt_residual
nAE,morgan_26,Morgan chemistry,0.0,2023,0,5,bt_residual
nAE,morgan_25,Morgan chemistry,0.0,2024,0,5,bt_residual
nAE,morgan_24,Morgan chemistry,0.0,2025,0,5,bt_residual
nAE,morgan_23,Morgan chemistry,0.0,2026,0,5,bt_residual
nAE,morgan_22,Morgan chemistry,0.0,2027,0,5,bt_residual
nAE,morgan_21,Morgan chemistry,0.0,2028,0,5,bt_residual
nAE,morgan_20,Morgan chemistry,0.0,2029,0,5,bt_residual
nAE,morgan_19,Morgan chemistry,0.0,2030,0,5,bt_residual
nAE,morgan_18,Morgan chemistry,0.0,2031,0,5,bt_residual
nAE,morgan_17,Morgan chemistry,0.0,2032,0,5,bt_residual
nAE,morgan_16,Morgan chemistry,0.0,2033,0,5,bt_residual
nAE,morgan_15,Morgan chemistry,0.0,2034,0,5,bt_residual
nAE,morgan_14,Morgan chemistry,0.0,2035,0,5,bt_residual
nAE,morgan_13,Morgan chemistry,0.0,2036,0,5,bt_residual
nAE,morgan_12,Morgan chemistry,0.0,2037,0,5,bt_residual
nAE,morgan_11,Morgan chemistry,0.0,2038,0,5,bt_residual
nAE,morgan_10,Morgan chemistry,0.0,2039,0,5,bt_residual
nAE,morgan_9,Morgan chemistry,0.0,2040,0,5,bt_residual
nAE,morgan_8,Morgan chemistry,0.0,2041,0,5,bt_residual
nAE,morgan_7,Morgan chemistry,0.0,2042,0,5,bt_residual
nAE,morgan_6,Morgan chemistry,0.0,2043,0,5,bt_residual
nAE,morgan_5,Morgan chemistry,0.0,2044,0,5,bt_residual
nAE,morgan_4,Morgan chemistry,0.0,2045,0,5,bt_residual
nAE,morgan_3,Morgan chemistry,0.0,2046,0,5,bt_residual
nAE,morgan_2,Morgan chemistry,0.0,2047,0,5,bt_residual
nAE,morgan_2007,Morgan chemistry,0.0,2048,0,5,bt_residual
nAE,morgan_2006,Morgan chemistry,0.0,2049,0,5,bt_residual
nAE,morgan_2005,Morgan chemistry,0.0,2050,0,5,bt_residual
nAE,desc_NHOHCount,RDKit descriptor,0.0,2051,0,5,bt_residual
nAE,morgan_2004,Morgan chemistry,0.0,2052,0,5,bt_residual
nAE,morgan_2003,Morgan chemistry,0.0,2053,0,5,bt_residual
nAE,desc_NumSaturatedRings,RDKit descriptor,0.0,2054,0,5,bt_residual
nAE,desc_NumAliphaticRings,RDKit descriptor,0.0,2055,0,5,bt_residual
nAE,desc_NumAromaticRings,RDKit descriptor,0.0,2056,0,5,bt_residual
nAE,morgan_2002,Morgan chemistry,0.0,2057,0,5,bt_residual
nAE,morgan_2001,Morgan chemistry,0.0,2058,0,5,bt_residual
nAE,morgan_2000,Morgan chemistry,0.0,2059,0,5,bt_residual
nAE,morgan_1999,Morgan chemistry,0.0,2060,0,5,bt_residual
nAE,morgan_1998,Morgan chemistry,0.0,2061,0,5,bt_residual
nAE,morgan_1997,Morgan chemistry,0.0,2062,0,5,bt_residual
nAE,morgan_1996,Morgan chemistry,0.0,2063,0,5,bt_residual
nAE,morgan_1995,Morgan chemistry,0.0,2064,0,5,bt_residual
nAE,morgan_1994,Morgan chemistry,0.0,2065,0,5,bt_residual
nAE,cohort_toxcast,cohort,0.0,2066,0,5,bt_residual
nAE,morgan_1993,Morgan chemistry,0.0,2067,0,5,bt_residual
nAE,div7_cv.network_missing,DIV7 neural,0.0,2068,0,5,bt_residual
nAE,div7_cv.time_missing,DIV7 neural,0.0,2069,0,5,bt_residual
nAE,div7_r_missing,DIV7 neural,0.0,2070,0,5,bt_residual
nAE,div7_ns.mean.spikes.in.ns_missing,DIV7 neural,0.0,2071,0,5,bt_residual
nAE,div7_ns.durn.sd_missing,DIV7 neural,0.0,2072,0,5,bt_residual
nAE,div7_ns.mean.insis_missing,DIV7 neural,0.0,2073,0,5,bt_residual
nAE,div7_ns.percent.of.spikes.in.ns_missing,DIV7 neural,0.0,2074,0,5,bt_residual
nAE,div7_ns.durn.m_missing,DIV7 neural,0.0,2075,0,5,bt_residual
nAE,div7_ns.peak.m_missing,DIV7 neural,0.0,2076,0,5,bt_residual
nAE,div7_ns.n_missing,DIV7 neural,0.0,2077,0,5,bt_residual
nAE,div7_nABE_missing,DIV7 neural,0.0,2078,0,5,bt_residual
nAE,div7_nAE_missing,DIV7 neural,0.0,2079,0,5,bt_residual
nAE,div7_mean.IBIs_missing,DIV7 neural,0.0,2080,0,5,bt_residual
nAE,div7_mean.dur_missing,DIV7 neural,0.0,2081,0,5,bt_residual
nAE,div7_per.spikes.in.burst_missing,DIV7 neural,0.0,2082,0,5,bt_residual
nAE,div7_mean.isis_missing,DIV7 neural,0.0,2083,0,5,bt_residual
nAE,div7_burst.per.min_missing,DIV7 neural,0.0,2084,0,5,bt_residual
nAE,div7_meanfiringrate_missing,DIV7 neural,0.0,2085,0,5,bt_residual
nAE,div5_cv.network_missing,DIV5 neural,0.0,2086,0,5,bt_residual
nAE,div5_cv.time_missing,DIV5 neural,0.0,2087,0,5,bt_residual
nAE,div5_r_missing,DIV5 neural,0.0,2088,0,5,bt_residual
nAE,div5_ns.mean.spikes.in.ns_missing,DIV5 neural,0.0,2089,0,5,bt_residual
nAE,div5_ns.durn.sd_missing,DIV5 neural,0.0,2090,0,5,bt_residual
nAE,div5_ns.mean.insis_missing,DIV5 neural,0.0,2091,0,5,bt_residual
nAE,div5_ns.percent.of.spikes.in.ns_missing,DIV5 neural,0.0,2092,0,5,bt_residual
nAE,div5_ns.durn.m_missing,DIV5 neural,0.0,2093,0,5,bt_residual
nAE,div5_ns.peak.m_missing,DIV5 neural,0.0,2094,0,5,bt_residual
nAE,div5_ns.n_missing,DIV5 neural,0.0,2095,0,5,bt_residual
nAE,div5_nABE_missing,DIV5 neural,0.0,2096,0,5,bt_residual
nAE,div5_nAE_missing,DIV5 neural,0.0,2097,0,5,bt_residual
nAE,div5_mean.IBIs_missing,DIV5 neural,0.0,2098,0,5,bt_residual
nAE,div5_mean.dur_missing,DIV5 neural,0.0,2099,0,5,bt_residual
nAE,div5_per.spikes.in.burst_missing,DIV5 neural,0.0,2100,0,5,bt_residual
nAE,div5_mean.isis_missing,DIV5 neural,0.0,2101,0,5,bt_residual
nAE,div5_burst.per.min_missing,DIV5 neural,0.0,2102,0,5,bt_residual
nAE,div5_meanfiringrate_missing,DIV5 neural,0.0,2103,0,5,bt_residual
nAE,morgan_1992,Morgan chemistry,0.0,2104,0,5,bt_residual
nAE,morgan_1991,Morgan chemistry,0.0,2105,0,5,bt_residual
nAE,morgan_1990,Morgan chemistry,0.0,2106,0,5,bt_residual
nAE,morgan_1989,Morgan chemistry,0.0,2107,0,5,bt_residual
nAE,morgan_2042,Morgan chemistry,0.0,2108,0,5,bt_residual
nAE,morgan_1988,Morgan chemistry,0.0,2109,0,5,bt_residual
nAE,morgan_1987,Morgan chemistry,0.0,2110,0,5,bt_residual
nAE,morgan_1986,Morgan chemistry,0.0,2111,0,5,bt_residual
nAE,morgan_1985,Morgan chemistry,0.0,2112,0,5,bt_residual
nAE,morgan_1984,Morgan chemistry,0.0,2113,0,5,bt_residual
nAE,morgan_1983,Morgan chemistry,0.0,2114,0,5,bt_residual
nAE,morgan_1982,Morgan chemistry,0.0,2115,0,5,bt_residual
nAE,morgan_1981,Morgan chemistry,0.0,2116,0,5,bt_residual
nAE,morgan_1980,Morgan chemistry,0.0,2117,0,5,bt_residual
nAE,morgan_1979,Morgan chemistry,0.0,2118,0,5,bt_residual
nAE,morgan_1978,Morgan chemistry,0.0,2119,0,5,bt_residual
nAE,morgan_1977,Morgan chemistry,0.0,2120,0,5,bt_residual
nAE,morgan_1976,Morgan chemistry,0.0,2121,0,5,bt_residual
nAE,morgan_1975,Morgan chemistry,0.0,2122,0,5,bt_residual
nAE,morgan_2039,Morgan chemistry,0.0,2123,0,5,bt_residual
nAE,morgan_2040,Morgan chemistry,0.0,2124,0,5,bt_residual
nAE,morgan_2036,Morgan chemistry,0.0,2125,0,5,bt_residual
nAE,morgan_2035,Morgan chemistry,0.0,2126,0,5,bt_residual
nAE,morgan_2034,Morgan chemistry,0.0,2127,0,5,bt_residual
nAE,morgan_2033,Morgan chemistry,0.0,2128,0,5,bt_residual
nAE,morgan_2032,Morgan chemistry,0.0,2129,0,5,bt_residual
nAE,morgan_2031,Morgan chemistry,0.0,2130,0,5,bt_residual
nAE,morgan_2030,Morgan chemistry,0.0,2131,0,5,bt_residual
nAE,morgan_2029,Morgan chemistry,0.0,2132,0,5,bt_residual
nAE,morgan_2028,Morgan chemistry,0.0,2133,0,5,bt_residual
nAE,morgan_2027,Morgan chemistry,0.0,2134,0,5,bt_residual
nAE,morgan_2026,Morgan chemistry,0.0,2135,0,5,bt_residual
nAE,morgan_2025,Morgan chemistry,0.0,2136,0,5,bt_residual
nAE,morgan_2024,Morgan chemistry,0.0,2137,0,5,bt_residual
nAE,morgan_2023,Morgan chemistry,0.0,2138,0,5,bt_residual
nAE,morgan_177,Morgan chemistry,0.0,2139,0,5,bt_residual
ns.n,div7_r,DIV7 neural,8.895769871702981,1,0,5,direct
ns.n,div7_burst.per.min,DIV7 neural,4.265197018964575,2,0,5,direct
ns.n,div7_ns.peak.m,DIV7 neural,3.746425873642668,3,0,5,direct
ns.n,div7_cv.network,DIV7 neural,3.190037683609429,4,0,5,direct
ns.n,morgan_0,Morgan chemistry,2.931769362283409,5,0,5,direct
ns.n,div7_nAE,DIV7 neural,2.315301912640213,6,0,5,direct
ns.n,div5_meanfiringrate,DIV5 neural,1.7016731577182034,7,0,5,direct
ns.n,div7_ns.durn.m,DIV7 neural,1.5739608248439403,8,0,5,direct
ns.n,desc_MolWt,RDKit descriptor,1.3586622815613354,9,0,5,direct
ns.n,log10_1p_dose,dose,1.0390467075032925,10,0,5,direct
ns.n,div7_ns.percent.of.spikes.in.ns,DIV7 neural,0.9692260177310453,11,0,5,direct
ns.n,div7_ns.mean.spikes.in.ns,DIV7 neural,0.7402633308270655,12,0,5,direct
ns.n,div7_mean.IBIs,DIV7 neural,0.6745965852649933,13,0,5,direct
ns.n,div7_mean.dur,DIV7 neural,0.6506558864488514,14,0,5,direct
ns.n,desc_MolMR,RDKit descriptor,0.6163145424029149,15,0,5,direct
ns.n,div7_cv.time,DIV7 neural,0.6012367371025436,16,0,5,direct
ns.n,morgan_1802,Morgan chemistry,0.5719050573646476,17,0,5,direct
ns.n,cohort_toxcast,cohort,0.49091132737080984,18,0,5,direct
ns.n,desc_MolLogP,RDKit descriptor,0.47081218072033804,19,0,5,direct
ns.n,div7_mean.isis,DIV7 neural,0.42185877659998905,20,0,5,direct
ns.n,morgan_1257,Morgan chemistry,0.41873540790802843,21,0,5,direct
ns.n,div5_cv.time,DIV5 neural,0.37978935022966576,22,0,5,direct
ns.n,div5_cv.network,DIV5 neural,0.3784595279518617,23,0,5,direct
ns.n,morgan_87,Morgan chemistry,0.35122005217665925,24,0,5,direct
ns.n,desc_NumAliphaticRings,RDKit descriptor,0.3264341009866207,25,0,5,direct
ns.n,morgan_165,Morgan chemistry,0.3024074506322178,26,0,5,direct
ns.n,desc_TPSA,RDKit descriptor,0.2981237840215,27,0,5,direct
ns.n,div7_meanfiringrate,DIV7 neural,0.29119213349228606,28,0,5,direct
ns.n,morgan_841,Morgan chemistry,0.27680779597081173,29,0,5,direct
ns.n,desc_HeavyAtomCount,RDKit descriptor,0.27104245632066637,30,0,5,direct
ns.n,div5_r,DIV5 neural,0.2620801160094935,31,0,5,direct
ns.n,morgan_47,Morgan chemistry,0.2552412414769514,32,0,5,direct
ns.n,div7_per.spikes.in.burst,DIV7 neural,0.23944562618885565,33,0,5,direct
ns.n,div7_ns.n,DIV7 neural,0.2057813449737129,34,0,5,direct
ns.n,div7_ns.durn.sd,DIV7 neural,0.18637930690695387,35,0,5,direct
ns.n,div5_nAE,DIV5 neural,0.18543256012671586,36,0,5,direct
ns.n,desc_ExactMolWt,RDKit descriptor,0.17021902766796426,37,0,5,direct
ns.n,morgan_231,Morgan chemistry,0.16233236527224199,38,0,5,direct
ns.n,div7_ns.mean.insis,DIV7 neural,0.15891156284087296,39,0,5,direct
ns.n,morgan_118,Morgan chemistry,0.15753568039027924,40,0,5,direct
ns.n,morgan_1019,Morgan chemistry,0.1507007091417225,41,0,5,direct
ns.n,morgan_875,Morgan chemistry,0.1486257990189922,42,0,5,direct
ns.n,morgan_300,Morgan chemistry,0.14709403509393745,43,0,5,direct
ns.n,morgan_227,Morgan chemistry,0.14265186988979306,44,0,5,direct
ns.n,desc_NumAromaticRings,RDKit descriptor,0.1394945158870942,45,0,5,direct
ns.n,div5_mean.IBIs,DIV5 neural,0.1378963759186071,46,0,5,direct
ns.n,div5_per.spikes.in.burst,DIV5 neural,0.13697046041488647,47,0,5,direct
ns.n,morgan_1114,Morgan chemistry,0.1319500054788152,48,0,5,direct
ns.n,desc_NumRotatableBonds,RDKit descriptor,0.12187209479305722,49,0,5,direct
ns.n,morgan_1028,Morgan chemistry,0.1078414370160584,50,0,5,direct
ns.n,div5_mean.isis,DIV5 neural,0.10272048974255903,51,0,5,direct
ns.n,morgan_984,Morgan chemistry,0.0993718067440418,52,0,5,direct
ns.n,div7_nABE,DIV7 neural,0.09693756016022569,53,0,5,direct
ns.n,morgan_1087,Morgan chemistry,0.08634925982274047,54,0,5,direct
ns.n,desc_FractionCSP3,RDKit descriptor,0.08604532370873548,55,0,5,direct
ns.n,morgan_486,Morgan chemistry,0.08436461107446513,56,0,5,direct
ns.n,div5_mean.dur,DIV5 neural,0.08407922294161735,57,0,5,direct
ns.n,div5_burst.per.min,DIV5 neural,0.08184091760477888,58,0,5,direct
ns.n,div5_nABE,DIV5 neural,0.07943188487936598,59,0,5,direct
ns.n,div5_ns.percent.of.spikes.in.ns,DIV5 neural,0.07503300959910822,60,0,5,direct
ns.n,div5_ns.durn.m,DIV5 neural,0.07496381462167162,61,0,5,direct
ns.n,div5_ns.durn.sd,DIV5 neural,0.06953664000974882,62,0,5,direct
ns.n,morgan_722,Morgan chemistry,0.06773717250299016,63,0,5,direct
ns.n,morgan_155,Morgan chemistry,0.06533019477074299,64,0,5,direct
ns.n,div5_ns.peak.m,DIV5 neural,0.06242258655368735,65,0,5,direct
ns.n,desc_RingCount,RDKit descriptor,0.06068887130929789,66,0,5,direct
ns.n,morgan_1679,Morgan chemistry,0.05527789002164788,67,0,5,direct
ns.n,morgan_1126,Morgan chemistry,0.054339898835628404,68,0,5,direct
ns.n,morgan_288,Morgan chemistry,0.05213403373683265,69,0,5,direct
ns.n,desc_NumSaturatedRings,RDKit descriptor,0.05157603036373033,70,0,5,direct
ns.n,morgan_1761,Morgan chemistry,0.0508400300227174,71,0,5,direct
ns.n,morgan_640,Morgan chemistry,0.04965426506252464,72,0,5,direct
ns.n,morgan_1725,Morgan chemistry,0.0480555159236313,73,0,5,direct
ns.n,morgan_987,Morgan chemistry,0.04771862554987636,74,0,5,direct
ns.n,morgan_24,Morgan chemistry,0.0467487065070266,75,0,5,direct
ns.n,morgan_739,Morgan chemistry,0.042421320162781884,76,0,5,direct
ns.n,morgan_1544,Morgan chemistry,0.042259374753050846,77,0,5,direct
ns.n,morgan_217,Morgan chemistry,0.042227611765949004,78,0,5,direct
ns.n,morgan_549,Morgan chemistry,0.041561315912719166,79,0,5,direct
ns.n,morgan_656,Morgan chemistry,0.041140303699248426,80,0,5,direct
ns.n,morgan_781,Morgan chemistry,0.03820347949999188,81,0,5,direct
ns.n,morgan_203,Morgan chemistry,0.03739586992001315,82,0,5,direct
ns.n,desc_NumHAcceptors,RDKit descriptor,0.036512365034960824,83,0,5,direct
ns.n,morgan_832,Morgan chemistry,0.03624303406531658,84,0,5,direct
ns.n,div5_ns.n,DIV5 neural,0.03590028657825715,85,0,5,direct
ns.n,morgan_836,Morgan chemistry,0.03576291318333477,86,0,5,direct
ns.n,morgan_1573,Morgan chemistry,0.03483825566571787,87,0,5,direct
ns.n,morgan_910,Morgan chemistry,0.034634012694752546,88,0,5,direct
ns.n,morgan_1733,Morgan chemistry,0.033834274208873784,89,0,5,direct
ns.n,morgan_798,Morgan chemistry,0.033393623632028566,90,0,5,direct
ns.n,morgan_294,Morgan chemistry,0.03190823432502397,91,0,5,direct
ns.n,morgan_277,Morgan chemistry,0.030125740471236204,92,0,5,direct
ns.n,morgan_1683,Morgan chemistry,0.03010463659916449,93,0,5,direct
ns.n,div5_ns.mean.insis,DIV5 neural,0.02796416654499299,94,0,5,direct
ns.n,morgan_316,Morgan chemistry,0.02796261846472364,95,0,5,direct
ns.n,morgan_534,Morgan chemistry,0.027180497799444637,96,0,5,direct
ns.n,desc_NOCount,RDKit descriptor,0.02479301898851307,97,0,5,direct
ns.n,morgan_561,Morgan chemistry,0.02461476719707524,98,0,5,direct
ns.n,morgan_638,Morgan chemistry,0.02416910381492125,99,0,5,direct
ns.n,morgan_1417,Morgan chemistry,0.024082021975736004,100,0,5,direct
ns.n,morgan_1088,Morgan chemistry,0.02314495821611597,101,0,5,direct
ns.n,div5_ns.mean.spikes.in.ns,DIV5 neural,0.022791641841240978,102,0,5,direct
ns.n,morgan_1984,Morgan chemistry,0.020815105613218535,103,0,5,direct
ns.n,morgan_314,Morgan chemistry,0.020725202122959523,104,0,5,direct
ns.n,morgan_346,Morgan chemistry,0.020607821438290656,105,0,5,direct
ns.n,morgan_192,Morgan chemistry,0.019333032293057224,106,0,5,direct
ns.n,morgan_190,Morgan chemistry,0.019188439080474573,107,0,5,direct
ns.n,morgan_1223,Morgan chemistry,0.018378513668655255,108,0,5,direct
ns.n,morgan_489,Morgan chemistry,0.017834660656955263,109,0,5,direct
ns.n,morgan_1,Morgan chemistry,0.0171783637563023,110,0,5,direct
ns.n,morgan_725,Morgan chemistry,0.01703263860230052,111,0,5,direct
ns.n,morgan_366,Morgan chemistry,0.016518068969796556,112,0,5,direct
ns.n,morgan_1296,Morgan chemistry,0.015838340881767624,113,0,5,direct
ns.n,morgan_718,Morgan chemistry,0.01581470244521395,114,0,5,direct
ns.n,morgan_547,Morgan chemistry,0.01575794378551868,115,0,5,direct
ns.n,morgan_70,Morgan chemistry,0.015754346453815425,116,0,5,direct
ns.n,morgan_806,Morgan chemistry,0.01387627135723009,117,0,5,direct
ns.n,morgan_807,Morgan chemistry,0.013579127985403078,118,0,5,direct
ns.n,morgan_352,Morgan chemistry,0.01313366693094236,119,0,5,direct
ns.n,morgan_695,Morgan chemistry,0.012708328185825173,120,0,5,direct
ns.n,morgan_112,Morgan chemistry,0.012524556812890079,121,0,5,direct
ns.n,morgan_946,Morgan chemistry,0.012358832249947644,122,0,5,direct
ns.n,morgan_1538,Morgan chemistry,0.011789152381616996,123,0,5,direct
ns.n,morgan_1750,Morgan chemistry,0.011565832369918124,124,0,5,direct
ns.n,morgan_207,Morgan chemistry,0.011460731335736196,125,0,5,direct
ns.n,morgan_629,Morgan chemistry,0.011235805826449613,126,0,5,direct
ns.n,morgan_479,Morgan chemistry,0.011023697229700351,127,0,5,direct
ns.n,morgan_1104,Morgan chemistry,0.01095753197276264,128,0,5,direct
ns.n,morgan_562,Morgan chemistry,0.010950587211398903,129,0,5,direct
ns.n,morgan_1328,Morgan chemistry,0.010544535763766787,130,0,5,direct
ns.n,morgan_1602,Morgan chemistry,0.01014633572429692,131,0,5,direct
ns.n,morgan_243,Morgan chemistry,0.0097098295841742,132,0,5,direct
ns.n,morgan_1067,Morgan chemistry,0.009591836994941082,133,0,5,direct
ns.n,morgan_1199,Morgan chemistry,0.009431494485347643,134,0,5,direct
ns.n,morgan_322,Morgan chemistry,0.009217753322846299,135,0,5,direct
ns.n,morgan_233,Morgan chemistry,0.009011547499840412,136,0,5,direct
ns.n,morgan_816,Morgan chemistry,0.008804857730865479,137,0,5,direct
ns.n,morgan_441,Morgan chemistry,0.008612309027155604,138,0,5,direct
ns.n,morgan_1704,Morgan chemistry,0.008564235420402038,139,0,5,direct
ns.n,morgan_428,Morgan chemistry,0.008450248919495749,140,0,5,direct
ns.n,morgan_1854,Morgan chemistry,0.00843650485397479,141,0,5,direct
ns.n,morgan_80,Morgan chemistry,0.007933158940131512,142,0,5,direct
ns.n,morgan_389,Morgan chemistry,0.007718614482004708,143,0,5,direct
ns.n,morgan_222,Morgan chemistry,0.0074273156463553055,144,0,5,direct
ns.n,morgan_1001,Morgan chemistry,0.007187735050096424,145,0,5,direct
ns.n,morgan_544,Morgan chemistry,0.006962821024273514,146,0,5,direct
ns.n,morgan_591,Morgan chemistry,0.006647993118391125,147,0,5,direct
ns.n,morgan_1877,Morgan chemistry,0.006483511093559615,148,0,5,direct
ns.n,morgan_780,Morgan chemistry,0.006480428603811002,149,0,5,direct
ns.n,morgan_694,Morgan chemistry,0.006436613721585055,150,0,5,direct
ns.n,morgan_1070,Morgan chemistry,0.006377507240400402,151,0,5,direct
ns.n,morgan_52,Morgan chemistry,0.0062599050889321425,152,0,5,direct
ns.n,morgan_264,Morgan chemistry,0.006136098859507009,153,0,5,direct
ns.n,morgan_751,Morgan chemistry,0.006074668070591918,154,0,5,direct
ns.n,morgan_915,Morgan chemistry,0.005942539884409773,155,0,5,direct
ns.n,morgan_1665,Morgan chemistry,0.0053624625599712405,156,0,5,direct
ns.n,morgan_1383,Morgan chemistry,0.005312314274114206,157,0,5,direct
ns.n,morgan_1456,Morgan chemistry,0.005252161157240562,158,0,5,direct
ns.n,morgan_883,Morgan chemistry,0.005222917149919982,159,0,5,direct
ns.n,morgan_728,Morgan chemistry,0.004862929566190877,160,0,5,direct
ns.n,desc_NumHDonors,RDKit descriptor,0.0048041371030545016,161,0,5,direct
ns.n,morgan_1391,Morgan chemistry,0.004678771036480545,162,0,5,direct
ns.n,morgan_1905,Morgan chemistry,0.004558764329744042,163,0,5,direct
ns.n,morgan_1385,Morgan chemistry,0.004228337368833909,164,0,5,direct
ns.n,morgan_1480,Morgan chemistry,0.0042066595969943825,165,0,5,direct
ns.n,morgan_525,Morgan chemistry,0.004053747982060144,166,0,5,direct
ns.n,morgan_1091,Morgan chemistry,0.004002708907521099,167,0,5,direct
ns.n,desc_NHOHCount,RDKit descriptor,0.003913727922177096,168,0,5,direct
ns.n,morgan_590,Morgan chemistry,0.00391101973866104,169,0,5,direct
ns.n,morgan_1937,Morgan chemistry,0.0038744897470561735,170,0,5,direct
ns.n,morgan_145,Morgan chemistry,0.0038679567498898287,171,0,5,direct
ns.n,morgan_1617,Morgan chemistry,0.003836749617112886,172,0,5,direct
ns.n,morgan_1991,Morgan chemistry,0.003786214174480613,173,0,5,direct
ns.n,morgan_160,Morgan chemistry,0.0031481642241871686,174,0,5,direct
ns.n,morgan_1852,Morgan chemistry,0.0031456889909341795,175,0,5,direct
ns.n,morgan_1152,Morgan chemistry,0.0030667896664470706,176,0,5,direct
ns.n,morgan_216,Morgan chemistry,0.0030215634118526354,177,0,5,direct
ns.n,morgan_1058,Morgan chemistry,0.0029598056176386844,178,0,5,direct
ns.n,morgan_1745,Morgan chemistry,0.00282650092326173,179,0,5,direct
ns.n,morgan_589,Morgan chemistry,0.002511265627834775,180,0,5,direct
ns.n,morgan_1980,Morgan chemistry,0.002466304313152208,181,0,5,direct
ns.n,morgan_586,Morgan chemistry,0.002393146993917063,182,0,5,direct
ns.n,morgan_54,Morgan chemistry,0.002326332101034462,183,0,5,direct
ns.n,morgan_123,Morgan chemistry,0.002248132037460257,184,0,5,direct
ns.n,morgan_1738,Morgan chemistry,0.002192972586789262,185,0,5,direct
ns.n,morgan_175,Morgan chemistry,0.002066346620200971,186,0,5,direct
ns.n,morgan_191,Morgan chemistry,0.002011799894341635,187,0,5,direct
ns.n,morgan_2,Morgan chemistry,0.001952511454940936,188,0,5,direct
ns.n,morgan_1292,Morgan chemistry,0.0019501738865441139,189,0,5,direct
ns.n,morgan_1238,Morgan chemistry,0.0018155122295432135,190,0,5,direct
ns.n,morgan_699,Morgan chemistry,0.0015749149366256294,191,0,5,direct
ns.n,morgan_501,Morgan chemistry,0.0015410715286884834,192,0,5,direct
ns.n,morgan_661,Morgan chemistry,0.0015026239353582399,193,0,5,direct
ns.n,morgan_147,Morgan chemistry,0.0014437266172619041,194,0,5,direct
ns.n,morgan_1747,Morgan chemistry,0.0012710270805096407,195,0,5,direct
ns.n,morgan_1274,Morgan chemistry,0.0011125725070270922,196,0,5,direct
ns.n,morgan_119,Morgan chemistry,0.0010811778110101683,197,0,5,direct
ns.n,morgan_125,Morgan chemistry,0.0009361671608522397,198,0,5,direct
ns.n,morgan_1778,Morgan chemistry,0.0007317455810144407,199,0,5,direct
ns.n,morgan_240,Morgan chemistry,0.0005120196200292045,200,0,5,direct
ns.n,morgan_1044,Morgan chemistry,0.0004834437383971083,201,0,5,direct
ns.n,morgan_46,Morgan chemistry,0.0004110885869472399,202,0,5,direct
ns.n,morgan_1897,Morgan chemistry,0.0,203,0,5,direct
ns.n,morgan_1896,Morgan chemistry,0.0,204,0,5,direct
ns.n,morgan_1895,Morgan chemistry,0.0,205,0,5,direct
ns.n,morgan_1894,Morgan chemistry,0.0,206,0,5,direct
ns.n,morgan_1893,Morgan chemistry,0.0,207,0,5,direct
ns.n,morgan_1892,Morgan chemistry,0.0,208,0,5,direct
ns.n,morgan_1891,Morgan chemistry,0.0,209,0,5,direct
ns.n,morgan_1890,Morgan chemistry,0.0,210,0,5,direct
ns.n,morgan_1889,Morgan chemistry,0.0,211,0,5,direct
ns.n,morgan_1888,Morgan chemistry,0.0,212,0,5,direct
ns.n,morgan_1887,Morgan chemistry,0.0,213,0,5,direct
ns.n,morgan_1886,Morgan chemistry,0.0,214,0,5,direct
ns.n,morgan_1885,Morgan chemistry,0.0,215,0,5,direct
ns.n,morgan_1884,Morgan chemistry,0.0,216,0,5,direct
ns.n,morgan_1883,Morgan chemistry,0.0,217,0,5,direct
ns.n,morgan_1882,Morgan chemistry,0.0,218,0,5,direct
ns.n,morgan_1881,Morgan chemistry,0.0,219,0,5,direct
ns.n,morgan_1880,Morgan chemistry,0.0,220,0,5,direct
ns.n,morgan_1879,Morgan chemistry,0.0,221,0,5,direct
ns.n,morgan_1878,Morgan chemistry,0.0,222,0,5,direct
ns.n,morgan_1876,Morgan chemistry,0.0,223,0,5,direct
ns.n,morgan_1875,Morgan chemistry,0.0,224,0,5,direct
ns.n,morgan_1874,Morgan chemistry,0.0,225,0,5,direct
ns.n,morgan_1873,Morgan chemistry,0.0,226,0,5,direct
ns.n,morgan_1872,Morgan chemistry,0.0,227,0,5,direct
ns.n,morgan_1871,Morgan chemistry,0.0,228,0,5,direct
ns.n,morgan_1870,Morgan chemistry,0.0,229,0,5,direct
ns.n,morgan_1869,Morgan chemistry,0.0,230,0,5,direct
ns.n,morgan_1868,Morgan chemistry,0.0,231,0,5,direct
ns.n,morgan_1867,Morgan chemistry,0.0,232,0,5,direct
ns.n,morgan_1866,Morgan chemistry,0.0,233,0,5,direct
ns.n,morgan_1865,Morgan chemistry,0.0,234,0,5,direct
ns.n,morgan_1864,Morgan chemistry,0.0,235,0,5,direct
ns.n,morgan_1863,Morgan chemistry,0.0,236,0,5,direct
ns.n,morgan_1862,Morgan chemistry,0.0,237,0,5,direct
ns.n,morgan_1861,Morgan chemistry,0.0,238,0,5,direct
ns.n,morgan_1860,Morgan chemistry,0.0,239,0,5,direct
ns.n,morgan_1859,Morgan chemistry,0.0,240,0,5,direct
ns.n,morgan_1858,Morgan chemistry,0.0,241,0,5,direct
ns.n,morgan_1857,Morgan chemistry,0.0,242,0,5,direct
ns.n,morgan_1856,Morgan chemistry,0.0,243,0,5,direct
ns.n,morgan_1855,Morgan chemistry,0.0,244,0,5,direct
ns.n,morgan_1853,Morgan chemistry,0.0,245,0,5,direct
ns.n,morgan_1851,Morgan chemistry,0.0,246,0,5,direct
ns.n,morgan_1850,Morgan chemistry,0.0,247,0,5,direct
ns.n,morgan_1849,Morgan chemistry,0.0,248,0,5,direct
ns.n,morgan_1848,Morgan chemistry,0.0,249,0,5,direct
ns.n,morgan_1847,Morgan chemistry,0.0,250,0,5,direct
ns.n,morgan_1846,Morgan chemistry,0.0,251,0,5,direct
ns.n,morgan_1845,Morgan chemistry,0.0,252,0,5,direct
ns.n,morgan_1844,Morgan chemistry,0.0,253,0,5,direct
ns.n,morgan_1843,Morgan chemistry,0.0,254,0,5,direct
ns.n,morgan_1842,Morgan chemistry,0.0,255,0,5,direct
ns.n,morgan_1841,Morgan chemistry,0.0,256,0,5,direct
ns.n,morgan_1840,Morgan chemistry,0.0,257,0,5,direct
ns.n,morgan_1839,Morgan chemistry,0.0,258,0,5,direct
ns.n,morgan_1838,Morgan chemistry,0.0,259,0,5,direct
ns.n,morgan_1837,Morgan chemistry,0.0,260,0,5,direct
ns.n,morgan_1836,Morgan chemistry,0.0,261,0,5,direct
ns.n,morgan_1835,Morgan chemistry,0.0,262,0,5,direct
ns.n,morgan_1834,Morgan chemistry,0.0,263,0,5,direct
ns.n,morgan_1833,Morgan chemistry,0.0,264,0,5,direct
ns.n,morgan_1832,Morgan chemistry,0.0,265,0,5,direct
ns.n,morgan_1831,Morgan chemistry,0.0,266,0,5,direct
ns.n,morgan_1830,Morgan chemistry,0.0,267,0,5,direct
ns.n,morgan_1829,Morgan chemistry,0.0,268,0,5,direct
ns.n,morgan_1828,Morgan chemistry,0.0,269,0,5,direct
ns.n,morgan_1827,Morgan chemistry,0.0,270,0,5,direct
ns.n,morgan_1826,Morgan chemistry,0.0,271,0,5,direct
ns.n,morgan_1825,Morgan chemistry,0.0,272,0,5,direct
ns.n,morgan_1824,Morgan chemistry,0.0,273,0,5,direct
ns.n,morgan_1823,Morgan chemistry,0.0,274,0,5,direct
ns.n,morgan_1822,Morgan chemistry,0.0,275,0,5,direct
ns.n,morgan_1821,Morgan chemistry,0.0,276,0,5,direct
ns.n,morgan_1820,Morgan chemistry,0.0,277,0,5,direct
ns.n,morgan_1819,Morgan chemistry,0.0,278,0,5,direct
ns.n,morgan_1818,Morgan chemistry,0.0,279,0,5,direct
ns.n,morgan_1817,Morgan chemistry,0.0,280,0,5,direct
ns.n,morgan_1816,Morgan chemistry,0.0,281,0,5,direct
ns.n,morgan_1815,Morgan chemistry,0.0,282,0,5,direct
ns.n,morgan_1814,Morgan chemistry,0.0,283,0,5,direct
ns.n,morgan_1813,Morgan chemistry,0.0,284,0,5,direct
ns.n,morgan_1812,Morgan chemistry,0.0,285,0,5,direct
ns.n,morgan_1811,Morgan chemistry,0.0,286,0,5,direct
ns.n,morgan_1810,Morgan chemistry,0.0,287,0,5,direct
ns.n,morgan_1809,Morgan chemistry,0.0,288,0,5,direct
ns.n,morgan_1808,Morgan chemistry,0.0,289,0,5,direct
ns.n,morgan_1807,Morgan chemistry,0.0,290,0,5,direct
ns.n,morgan_1806,Morgan chemistry,0.0,291,0,5,direct
ns.n,morgan_1805,Morgan chemistry,0.0,292,0,5,direct
ns.n,morgan_1804,Morgan chemistry,0.0,293,0,5,direct
ns.n,morgan_1803,Morgan chemistry,0.0,294,0,5,direct
ns.n,morgan_1801,Morgan chemistry,0.0,295,0,5,direct
ns.n,morgan_1800,Morgan chemistry,0.0,296,0,5,direct
ns.n,morgan_1799,Morgan chemistry,0.0,297,0,5,direct
ns.n,morgan_1798,Morgan chemistry,0.0,298,0,5,direct
ns.n,morgan_1797,Morgan chemistry,0.0,299,0,5,direct
ns.n,morgan_1796,Morgan chemistry,0.0,300,0,5,direct
ns.n,morgan_1795,Morgan chemistry,0.0,301,0,5,direct
ns.n,morgan_1794,Morgan chemistry,0.0,302,0,5,direct
ns.n,morgan_1793,Morgan chemistry,0.0,303,0,5,direct
ns.n,morgan_1792,Morgan chemistry,0.0,304,0,5,direct
ns.n,morgan_1791,Morgan chemistry,0.0,305,0,5,direct
ns.n,morgan_1790,Morgan chemistry,0.0,306,0,5,direct
ns.n,morgan_1789,Morgan chemistry,0.0,307,0,5,direct
ns.n,morgan_1788,Morgan chemistry,0.0,308,0,5,direct
ns.n,morgan_1787,Morgan chemistry,0.0,309,0,5,direct
ns.n,morgan_1786,Morgan chemistry,0.0,310,0,5,direct
ns.n,morgan_1785,Morgan chemistry,0.0,311,0,5,direct
ns.n,morgan_1784,Morgan chemistry,0.0,312,0,5,direct
ns.n,morgan_1783,Morgan chemistry,0.0,313,0,5,direct
ns.n,morgan_1782,Morgan chemistry,0.0,314,0,5,direct
ns.n,morgan_1781,Morgan chemistry,0.0,315,0,5,direct
ns.n,morgan_1780,Morgan chemistry,0.0,316,0,5,direct
ns.n,morgan_1779,Morgan chemistry,0.0,317,0,5,direct
ns.n,morgan_1777,Morgan chemistry,0.0,318,0,5,direct
ns.n,morgan_1776,Morgan chemistry,0.0,319,0,5,direct
ns.n,morgan_1775,Morgan chemistry,0.0,320,0,5,direct
ns.n,morgan_1774,Morgan chemistry,0.0,321,0,5,direct
ns.n,morgan_1773,Morgan chemistry,0.0,322,0,5,direct
ns.n,morgan_1772,Morgan chemistry,0.0,323,0,5,direct
ns.n,morgan_1771,Morgan chemistry,0.0,324,0,5,direct
ns.n,morgan_1770,Morgan chemistry,0.0,325,0,5,direct
ns.n,morgan_1769,Morgan chemistry,0.0,326,0,5,direct
ns.n,morgan_1768,Morgan chemistry,0.0,327,0,5,direct
ns.n,morgan_1767,Morgan chemistry,0.0,328,0,5,direct
ns.n,morgan_1766,Morgan chemistry,0.0,329,0,5,direct
ns.n,morgan_1765,Morgan chemistry,0.0,330,0,5,direct
ns.n,morgan_1764,Morgan chemistry,0.0,331,0,5,direct
ns.n,morgan_1763,Morgan chemistry,0.0,332,0,5,direct
ns.n,morgan_1762,Morgan chemistry,0.0,333,0,5,direct
ns.n,morgan_1760,Morgan chemistry,0.0,334,0,5,direct
ns.n,morgan_1759,Morgan chemistry,0.0,335,0,5,direct
ns.n,morgan_1758,Morgan chemistry,0.0,336,0,5,direct
ns.n,morgan_1757,Morgan chemistry,0.0,337,0,5,direct
ns.n,morgan_1756,Morgan chemistry,0.0,338,0,5,direct
ns.n,morgan_1755,Morgan chemistry,0.0,339,0,5,direct
ns.n,morgan_1754,Morgan chemistry,0.0,340,0,5,direct
ns.n,morgan_1753,Morgan chemistry,0.0,341,0,5,direct
ns.n,morgan_1752,Morgan chemistry,0.0,342,0,5,direct
ns.n,morgan_1751,Morgan chemistry,0.0,343,0,5,direct
ns.n,morgan_1749,Morgan chemistry,0.0,344,0,5,direct
ns.n,morgan_1748,Morgan chemistry,0.0,345,0,5,direct
ns.n,morgan_1746,Morgan chemistry,0.0,346,0,5,direct
ns.n,morgan_1744,Morgan chemistry,0.0,347,0,5,direct
ns.n,morgan_1743,Morgan chemistry,0.0,348,0,5,direct
ns.n,morgan_1742,Morgan chemistry,0.0,349,0,5,direct
ns.n,morgan_1741,Morgan chemistry,0.0,350,0,5,direct
ns.n,morgan_1740,Morgan chemistry,0.0,351,0,5,direct
ns.n,morgan_1739,Morgan chemistry,0.0,352,0,5,direct
ns.n,morgan_1737,Morgan chemistry,0.0,353,0,5,direct
ns.n,morgan_1736,Morgan chemistry,0.0,354,0,5,direct
ns.n,morgan_1735,Morgan chemistry,0.0,355,0,5,direct
ns.n,morgan_1734,Morgan chemistry,0.0,356,0,5,direct
ns.n,morgan_1732,Morgan chemistry,0.0,357,0,5,direct
ns.n,morgan_1731,Morgan chemistry,0.0,358,0,5,direct
ns.n,morgan_1730,Morgan chemistry,0.0,359,0,5,direct
ns.n,morgan_1729,Morgan chemistry,0.0,360,0,5,direct
ns.n,morgan_1728,Morgan chemistry,0.0,361,0,5,direct
ns.n,morgan_1727,Morgan chemistry,0.0,362,0,5,direct
ns.n,morgan_1726,Morgan chemistry,0.0,363,0,5,direct
ns.n,morgan_1724,Morgan chemistry,0.0,364,0,5,direct
ns.n,morgan_1723,Morgan chemistry,0.0,365,0,5,direct
ns.n,morgan_1722,Morgan chemistry,0.0,366,0,5,direct
ns.n,morgan_1721,Morgan chemistry,0.0,367,0,5,direct
ns.n,morgan_1720,Morgan chemistry,0.0,368,0,5,direct
ns.n,morgan_1719,Morgan chemistry,0.0,369,0,5,direct
ns.n,morgan_1718,Morgan chemistry,0.0,370,0,5,direct
ns.n,morgan_1717,Morgan chemistry,0.0,371,0,5,direct
ns.n,morgan_1716,Morgan chemistry,0.0,372,0,5,direct
ns.n,morgan_1715,Morgan chemistry,0.0,373,0,5,direct
ns.n,morgan_1714,Morgan chemistry,0.0,374,0,5,direct
ns.n,morgan_1713,Morgan chemistry,0.0,375,0,5,direct
ns.n,morgan_1712,Morgan chemistry,0.0,376,0,5,direct
ns.n,morgan_1711,Morgan chemistry,0.0,377,0,5,direct
ns.n,morgan_1710,Morgan chemistry,0.0,378,0,5,direct
ns.n,morgan_1709,Morgan chemistry,0.0,379,0,5,direct
ns.n,morgan_1708,Morgan chemistry,0.0,380,0,5,direct
ns.n,morgan_1707,Morgan chemistry,0.0,381,0,5,direct
ns.n,morgan_1706,Morgan chemistry,0.0,382,0,5,direct
ns.n,morgan_1705,Morgan chemistry,0.0,383,0,5,direct
ns.n,morgan_1703,Morgan chemistry,0.0,384,0,5,direct
ns.n,morgan_1702,Morgan chemistry,0.0,385,0,5,direct
ns.n,morgan_1701,Morgan chemistry,0.0,386,0,5,direct
ns.n,morgan_1700,Morgan chemistry,0.0,387,0,5,direct
ns.n,morgan_1699,Morgan chemistry,0.0,388,0,5,direct
ns.n,morgan_1698,Morgan chemistry,0.0,389,0,5,direct
ns.n,morgan_1697,Morgan chemistry,0.0,390,0,5,direct
ns.n,morgan_1696,Morgan chemistry,0.0,391,0,5,direct
ns.n,morgan_1695,Morgan chemistry,0.0,392,0,5,direct
ns.n,morgan_1694,Morgan chemistry,0.0,393,0,5,direct
ns.n,morgan_1693,Morgan chemistry,0.0,394,0,5,direct
ns.n,morgan_1692,Morgan chemistry,0.0,395,0,5,direct
ns.n,morgan_1691,Morgan chemistry,0.0,396,0,5,direct
ns.n,morgan_1690,Morgan chemistry,0.0,397,0,5,direct
ns.n,morgan_1689,Morgan chemistry,0.0,398,0,5,direct
ns.n,morgan_1688,Morgan chemistry,0.0,399,0,5,direct
ns.n,morgan_1687,Morgan chemistry,0.0,400,0,5,direct
ns.n,morgan_1686,Morgan chemistry,0.0,401,0,5,direct
ns.n,morgan_1685,Morgan chemistry,0.0,402,0,5,direct
ns.n,morgan_1684,Morgan chemistry,0.0,403,0,5,direct
ns.n,morgan_1682,Morgan chemistry,0.0,404,0,5,direct
ns.n,morgan_1681,Morgan chemistry,0.0,405,0,5,direct
ns.n,morgan_1680,Morgan chemistry,0.0,406,0,5,direct
ns.n,morgan_1678,Morgan chemistry,0.0,407,0,5,direct
ns.n,morgan_1677,Morgan chemistry,0.0,408,0,5,direct
ns.n,morgan_1676,Morgan chemistry,0.0,409,0,5,direct
ns.n,morgan_1675,Morgan chemistry,0.0,410,0,5,direct
ns.n,morgan_1674,Morgan chemistry,0.0,411,0,5,direct
ns.n,morgan_1673,Morgan chemistry,0.0,412,0,5,direct
ns.n,morgan_1672,Morgan chemistry,0.0,413,0,5,direct
ns.n,morgan_1671,Morgan chemistry,0.0,414,0,5,direct
ns.n,morgan_1670,Morgan chemistry,0.0,415,0,5,direct
ns.n,morgan_1669,Morgan chemistry,0.0,416,0,5,direct
ns.n,morgan_1668,Morgan chemistry,0.0,417,0,5,direct
ns.n,morgan_1667,Morgan chemistry,0.0,418,0,5,direct
ns.n,morgan_1666,Morgan chemistry,0.0,419,0,5,direct
ns.n,morgan_1664,Morgan chemistry,0.0,420,0,5,direct
ns.n,morgan_1663,Morgan chemistry,0.0,421,0,5,direct
ns.n,morgan_1662,Morgan chemistry,0.0,422,0,5,direct
ns.n,morgan_1661,Morgan chemistry,0.0,423,0,5,direct
ns.n,morgan_1660,Morgan chemistry,0.0,424,0,5,direct
ns.n,morgan_1659,Morgan chemistry,0.0,425,0,5,direct
ns.n,morgan_1658,Morgan chemistry,0.0,426,0,5,direct
ns.n,morgan_1657,Morgan chemistry,0.0,427,0,5,direct
ns.n,morgan_1656,Morgan chemistry,0.0,428,0,5,direct
ns.n,morgan_1655,Morgan chemistry,0.0,429,0,5,direct
ns.n,morgan_1654,Morgan chemistry,0.0,430,0,5,direct
ns.n,morgan_1653,Morgan chemistry,0.0,431,0,5,direct
ns.n,morgan_1652,Morgan chemistry,0.0,432,0,5,direct
ns.n,morgan_1651,Morgan chemistry,0.0,433,0,5,direct
ns.n,morgan_1650,Morgan chemistry,0.0,434,0,5,direct
ns.n,morgan_1649,Morgan chemistry,0.0,435,0,5,direct
ns.n,morgan_1648,Morgan chemistry,0.0,436,0,5,direct
ns.n,morgan_1647,Morgan chemistry,0.0,437,0,5,direct
ns.n,morgan_1646,Morgan chemistry,0.0,438,0,5,direct
ns.n,morgan_1645,Morgan chemistry,0.0,439,0,5,direct
ns.n,morgan_1644,Morgan chemistry,0.0,440,0,5,direct
ns.n,morgan_1643,Morgan chemistry,0.0,441,0,5,direct
ns.n,morgan_1642,Morgan chemistry,0.0,442,0,5,direct
ns.n,morgan_1641,Morgan chemistry,0.0,443,0,5,direct
ns.n,morgan_1640,Morgan chemistry,0.0,444,0,5,direct
ns.n,morgan_1639,Morgan chemistry,0.0,445,0,5,direct
ns.n,morgan_1638,Morgan chemistry,0.0,446,0,5,direct
ns.n,morgan_1637,Morgan chemistry,0.0,447,0,5,direct
ns.n,morgan_1636,Morgan chemistry,0.0,448,0,5,direct
ns.n,morgan_1635,Morgan chemistry,0.0,449,0,5,direct
ns.n,morgan_1634,Morgan chemistry,0.0,450,0,5,direct
ns.n,morgan_1633,Morgan chemistry,0.0,451,0,5,direct
ns.n,morgan_1632,Morgan chemistry,0.0,452,0,5,direct
ns.n,morgan_1631,Morgan chemistry,0.0,453,0,5,direct
ns.n,morgan_1630,Morgan chemistry,0.0,454,0,5,direct
ns.n,morgan_1629,Morgan chemistry,0.0,455,0,5,direct
ns.n,morgan_1628,Morgan chemistry,0.0,456,0,5,direct
ns.n,morgan_1627,Morgan chemistry,0.0,457,0,5,direct
ns.n,morgan_1626,Morgan chemistry,0.0,458,0,5,direct
ns.n,morgan_1625,Morgan chemistry,0.0,459,0,5,direct
ns.n,morgan_1624,Morgan chemistry,0.0,460,0,5,direct
ns.n,morgan_1623,Morgan chemistry,0.0,461,0,5,direct
ns.n,morgan_1622,Morgan chemistry,0.0,462,0,5,direct
ns.n,morgan_1621,Morgan chemistry,0.0,463,0,5,direct
ns.n,morgan_1620,Morgan chemistry,0.0,464,0,5,direct
ns.n,morgan_1619,Morgan chemistry,0.0,465,0,5,direct
ns.n,morgan_1618,Morgan chemistry,0.0,466,0,5,direct
ns.n,morgan_1616,Morgan chemistry,0.0,467,0,5,direct
ns.n,morgan_1615,Morgan chemistry,0.0,468,0,5,direct
ns.n,morgan_1614,Morgan chemistry,0.0,469,0,5,direct
ns.n,morgan_1613,Morgan chemistry,0.0,470,0,5,direct
ns.n,morgan_1612,Morgan chemistry,0.0,471,0,5,direct
ns.n,morgan_1611,Morgan chemistry,0.0,472,0,5,direct
ns.n,morgan_1610,Morgan chemistry,0.0,473,0,5,direct
ns.n,morgan_1609,Morgan chemistry,0.0,474,0,5,direct
ns.n,morgan_1608,Morgan chemistry,0.0,475,0,5,direct
ns.n,morgan_1607,Morgan chemistry,0.0,476,0,5,direct
ns.n,morgan_1606,Morgan chemistry,0.0,477,0,5,direct
ns.n,morgan_1605,Morgan chemistry,0.0,478,0,5,direct
ns.n,morgan_1604,Morgan chemistry,0.0,479,0,5,direct
ns.n,morgan_1603,Morgan chemistry,0.0,480,0,5,direct
ns.n,morgan_1601,Morgan chemistry,0.0,481,0,5,direct
ns.n,morgan_1600,Morgan chemistry,0.0,482,0,5,direct
ns.n,morgan_1599,Morgan chemistry,0.0,483,0,5,direct
ns.n,morgan_1598,Morgan chemistry,0.0,484,0,5,direct
ns.n,morgan_1597,Morgan chemistry,0.0,485,0,5,direct
ns.n,morgan_1596,Morgan chemistry,0.0,486,0,5,direct
ns.n,morgan_1595,Morgan chemistry,0.0,487,0,5,direct
ns.n,morgan_1594,Morgan chemistry,0.0,488,0,5,direct
ns.n,morgan_1593,Morgan chemistry,0.0,489,0,5,direct
ns.n,morgan_1592,Morgan chemistry,0.0,490,0,5,direct
ns.n,morgan_1591,Morgan chemistry,0.0,491,0,5,direct
ns.n,morgan_1590,Morgan chemistry,0.0,492,0,5,direct
ns.n,morgan_1589,Morgan chemistry,0.0,493,0,5,direct
ns.n,morgan_1588,Morgan chemistry,0.0,494,0,5,direct
ns.n,morgan_1587,Morgan chemistry,0.0,495,0,5,direct
ns.n,morgan_1586,Morgan chemistry,0.0,496,0,5,direct
ns.n,morgan_1585,Morgan chemistry,0.0,497,0,5,direct
ns.n,morgan_1584,Morgan chemistry,0.0,498,0,5,direct
ns.n,morgan_1583,Morgan chemistry,0.0,499,0,5,direct
ns.n,morgan_1582,Morgan chemistry,0.0,500,0,5,direct
ns.n,morgan_1581,Morgan chemistry,0.0,501,0,5,direct
ns.n,morgan_1580,Morgan chemistry,0.0,502,0,5,direct
ns.n,morgan_1579,Morgan chemistry,0.0,503,0,5,direct
ns.n,morgan_1578,Morgan chemistry,0.0,504,0,5,direct
ns.n,morgan_1577,Morgan chemistry,0.0,505,0,5,direct
ns.n,morgan_1576,Morgan chemistry,0.0,506,0,5,direct
ns.n,morgan_1575,Morgan chemistry,0.0,507,0,5,direct
ns.n,morgan_1574,Morgan chemistry,0.0,508,0,5,direct
ns.n,morgan_1572,Morgan chemistry,0.0,509,0,5,direct
ns.n,morgan_1571,Morgan chemistry,0.0,510,0,5,direct
ns.n,morgan_1570,Morgan chemistry,0.0,511,0,5,direct
ns.n,morgan_1569,Morgan chemistry,0.0,512,0,5,direct
ns.n,morgan_1568,Morgan chemistry,0.0,513,0,5,direct
ns.n,morgan_1567,Morgan chemistry,0.0,514,0,5,direct
ns.n,morgan_1566,Morgan chemistry,0.0,515,0,5,direct
ns.n,morgan_1565,Morgan chemistry,0.0,516,0,5,direct
ns.n,morgan_1564,Morgan chemistry,0.0,517,0,5,direct
ns.n,morgan_1563,Morgan chemistry,0.0,518,0,5,direct
ns.n,morgan_1562,Morgan chemistry,0.0,519,0,5,direct
ns.n,morgan_1561,Morgan chemistry,0.0,520,0,5,direct
ns.n,morgan_1560,Morgan chemistry,0.0,521,0,5,direct
ns.n,morgan_1559,Morgan chemistry,0.0,522,0,5,direct
ns.n,morgan_1558,Morgan chemistry,0.0,523,0,5,direct
ns.n,morgan_1557,Morgan chemistry,0.0,524,0,5,direct
ns.n,morgan_1556,Morgan chemistry,0.0,525,0,5,direct
ns.n,morgan_1555,Morgan chemistry,0.0,526,0,5,direct
ns.n,morgan_1554,Morgan chemistry,0.0,527,0,5,direct
ns.n,morgan_1553,Morgan chemistry,0.0,528,0,5,direct
ns.n,morgan_1552,Morgan chemistry,0.0,529,0,5,direct
ns.n,morgan_1551,Morgan chemistry,0.0,530,0,5,direct
ns.n,morgan_1550,Morgan chemistry,0.0,531,0,5,direct
ns.n,morgan_1549,Morgan chemistry,0.0,532,0,5,direct
ns.n,morgan_1548,Morgan chemistry,0.0,533,0,5,direct
ns.n,morgan_1547,Morgan chemistry,0.0,534,0,5,direct
ns.n,morgan_1546,Morgan chemistry,0.0,535,0,5,direct
ns.n,morgan_1545,Morgan chemistry,0.0,536,0,5,direct
ns.n,morgan_1543,Morgan chemistry,0.0,537,0,5,direct
ns.n,morgan_1542,Morgan chemistry,0.0,538,0,5,direct
ns.n,morgan_1541,Morgan chemistry,0.0,539,0,5,direct
ns.n,morgan_1540,Morgan chemistry,0.0,540,0,5,direct
ns.n,morgan_1539,Morgan chemistry,0.0,541,0,5,direct
ns.n,morgan_1537,Morgan chemistry,0.0,542,0,5,direct
ns.n,morgan_1536,Morgan chemistry,0.0,543,0,5,direct
ns.n,morgan_1535,Morgan chemistry,0.0,544,0,5,direct
ns.n,morgan_1534,Morgan chemistry,0.0,545,0,5,direct
ns.n,morgan_1533,Morgan chemistry,0.0,546,0,5,direct
ns.n,morgan_1532,Morgan chemistry,0.0,547,0,5,direct
ns.n,morgan_1531,Morgan chemistry,0.0,548,0,5,direct
ns.n,morgan_1530,Morgan chemistry,0.0,549,0,5,direct
ns.n,morgan_1529,Morgan chemistry,0.0,550,0,5,direct
ns.n,morgan_1528,Morgan chemistry,0.0,551,0,5,direct
ns.n,morgan_1527,Morgan chemistry,0.0,552,0,5,direct
ns.n,morgan_1526,Morgan chemistry,0.0,553,0,5,direct
ns.n,morgan_1525,Morgan chemistry,0.0,554,0,5,direct
ns.n,morgan_1524,Morgan chemistry,0.0,555,0,5,direct
ns.n,morgan_1523,Morgan chemistry,0.0,556,0,5,direct
ns.n,morgan_1522,Morgan chemistry,0.0,557,0,5,direct
ns.n,morgan_1521,Morgan chemistry,0.0,558,0,5,direct
ns.n,morgan_1520,Morgan chemistry,0.0,559,0,5,direct
ns.n,morgan_1519,Morgan chemistry,0.0,560,0,5,direct
ns.n,morgan_1518,Morgan chemistry,0.0,561,0,5,direct
ns.n,morgan_1517,Morgan chemistry,0.0,562,0,5,direct
ns.n,morgan_1516,Morgan chemistry,0.0,563,0,5,direct
ns.n,morgan_1515,Morgan chemistry,0.0,564,0,5,direct
ns.n,morgan_1514,Morgan chemistry,0.0,565,0,5,direct
ns.n,morgan_1513,Morgan chemistry,0.0,566,0,5,direct
ns.n,morgan_1512,Morgan chemistry,0.0,567,0,5,direct
ns.n,morgan_1511,Morgan chemistry,0.0,568,0,5,direct
ns.n,morgan_1510,Morgan chemistry,0.0,569,0,5,direct
ns.n,morgan_1509,Morgan chemistry,0.0,570,0,5,direct
ns.n,morgan_1508,Morgan chemistry,0.0,571,0,5,direct
ns.n,morgan_1507,Morgan chemistry,0.0,572,0,5,direct
ns.n,morgan_1506,Morgan chemistry,0.0,573,0,5,direct
ns.n,morgan_1505,Morgan chemistry,0.0,574,0,5,direct
ns.n,morgan_1504,Morgan chemistry,0.0,575,0,5,direct
ns.n,morgan_1503,Morgan chemistry,0.0,576,0,5,direct
ns.n,morgan_1502,Morgan chemistry,0.0,577,0,5,direct
ns.n,morgan_1501,Morgan chemistry,0.0,578,0,5,direct
ns.n,morgan_1500,Morgan chemistry,0.0,579,0,5,direct
ns.n,morgan_1499,Morgan chemistry,0.0,580,0,5,direct
ns.n,morgan_1498,Morgan chemistry,0.0,581,0,5,direct
ns.n,morgan_1497,Morgan chemistry,0.0,582,0,5,direct
ns.n,morgan_1496,Morgan chemistry,0.0,583,0,5,direct
ns.n,morgan_1495,Morgan chemistry,0.0,584,0,5,direct
ns.n,morgan_1494,Morgan chemistry,0.0,585,0,5,direct
ns.n,morgan_1493,Morgan chemistry,0.0,586,0,5,direct
ns.n,morgan_1492,Morgan chemistry,0.0,587,0,5,direct
ns.n,morgan_1491,Morgan chemistry,0.0,588,0,5,direct
ns.n,morgan_1490,Morgan chemistry,0.0,589,0,5,direct
ns.n,morgan_1489,Morgan chemistry,0.0,590,0,5,direct
ns.n,morgan_1488,Morgan chemistry,0.0,591,0,5,direct
ns.n,morgan_1487,Morgan chemistry,0.0,592,0,5,direct
ns.n,morgan_1486,Morgan chemistry,0.0,593,0,5,direct
ns.n,morgan_1485,Morgan chemistry,0.0,594,0,5,direct
ns.n,morgan_1484,Morgan chemistry,0.0,595,0,5,direct
ns.n,morgan_1483,Morgan chemistry,0.0,596,0,5,direct
ns.n,morgan_1482,Morgan chemistry,0.0,597,0,5,direct
ns.n,morgan_1481,Morgan chemistry,0.0,598,0,5,direct
ns.n,morgan_1479,Morgan chemistry,0.0,599,0,5,direct
ns.n,morgan_1478,Morgan chemistry,0.0,600,0,5,direct
ns.n,morgan_1477,Morgan chemistry,0.0,601,0,5,direct
ns.n,morgan_1476,Morgan chemistry,0.0,602,0,5,direct
ns.n,morgan_1475,Morgan chemistry,0.0,603,0,5,direct
ns.n,morgan_1474,Morgan chemistry,0.0,604,0,5,direct
ns.n,morgan_1473,Morgan chemistry,0.0,605,0,5,direct
ns.n,morgan_1472,Morgan chemistry,0.0,606,0,5,direct
ns.n,morgan_1471,Morgan chemistry,0.0,607,0,5,direct
ns.n,morgan_1470,Morgan chemistry,0.0,608,0,5,direct
ns.n,morgan_1469,Morgan chemistry,0.0,609,0,5,direct
ns.n,morgan_1468,Morgan chemistry,0.0,610,0,5,direct
ns.n,morgan_1467,Morgan chemistry,0.0,611,0,5,direct
ns.n,morgan_1466,Morgan chemistry,0.0,612,0,5,direct
ns.n,morgan_1465,Morgan chemistry,0.0,613,0,5,direct
ns.n,morgan_1464,Morgan chemistry,0.0,614,0,5,direct
ns.n,morgan_1463,Morgan chemistry,0.0,615,0,5,direct
ns.n,morgan_1462,Morgan chemistry,0.0,616,0,5,direct
ns.n,morgan_1461,Morgan chemistry,0.0,617,0,5,direct
ns.n,morgan_1460,Morgan chemistry,0.0,618,0,5,direct
ns.n,morgan_1459,Morgan chemistry,0.0,619,0,5,direct
ns.n,morgan_1458,Morgan chemistry,0.0,620,0,5,direct
ns.n,morgan_1457,Morgan chemistry,0.0,621,0,5,direct
ns.n,morgan_1455,Morgan chemistry,0.0,622,0,5,direct
ns.n,morgan_1454,Morgan chemistry,0.0,623,0,5,direct
ns.n,morgan_1453,Morgan chemistry,0.0,624,0,5,direct
ns.n,morgan_1452,Morgan chemistry,0.0,625,0,5,direct
ns.n,morgan_1451,Morgan chemistry,0.0,626,0,5,direct
ns.n,morgan_1450,Morgan chemistry,0.0,627,0,5,direct
ns.n,morgan_1449,Morgan chemistry,0.0,628,0,5,direct
ns.n,morgan_1448,Morgan chemistry,0.0,629,0,5,direct
ns.n,morgan_1447,Morgan chemistry,0.0,630,0,5,direct
ns.n,morgan_1446,Morgan chemistry,0.0,631,0,5,direct
ns.n,morgan_1445,Morgan chemistry,0.0,632,0,5,direct
ns.n,morgan_1444,Morgan chemistry,0.0,633,0,5,direct
ns.n,morgan_1443,Morgan chemistry,0.0,634,0,5,direct
ns.n,morgan_1442,Morgan chemistry,0.0,635,0,5,direct
ns.n,morgan_1441,Morgan chemistry,0.0,636,0,5,direct
ns.n,morgan_1440,Morgan chemistry,0.0,637,0,5,direct
ns.n,morgan_1439,Morgan chemistry,0.0,638,0,5,direct
ns.n,morgan_1438,Morgan chemistry,0.0,639,0,5,direct
ns.n,morgan_1437,Morgan chemistry,0.0,640,0,5,direct
ns.n,morgan_1436,Morgan chemistry,0.0,641,0,5,direct
ns.n,morgan_1435,Morgan chemistry,0.0,642,0,5,direct
ns.n,morgan_1434,Morgan chemistry,0.0,643,0,5,direct
ns.n,morgan_1433,Morgan chemistry,0.0,644,0,5,direct
ns.n,morgan_1432,Morgan chemistry,0.0,645,0,5,direct
ns.n,morgan_1431,Morgan chemistry,0.0,646,0,5,direct
ns.n,morgan_1430,Morgan chemistry,0.0,647,0,5,direct
ns.n,morgan_1429,Morgan chemistry,0.0,648,0,5,direct
ns.n,morgan_1428,Morgan chemistry,0.0,649,0,5,direct
ns.n,morgan_1427,Morgan chemistry,0.0,650,0,5,direct
ns.n,morgan_1426,Morgan chemistry,0.0,651,0,5,direct
ns.n,morgan_1425,Morgan chemistry,0.0,652,0,5,direct
ns.n,morgan_1424,Morgan chemistry,0.0,653,0,5,direct
ns.n,morgan_1423,Morgan chemistry,0.0,654,0,5,direct
ns.n,morgan_1422,Morgan chemistry,0.0,655,0,5,direct
ns.n,morgan_1421,Morgan chemistry,0.0,656,0,5,direct
ns.n,morgan_1420,Morgan chemistry,0.0,657,0,5,direct
ns.n,morgan_1419,Morgan chemistry,0.0,658,0,5,direct
ns.n,morgan_1418,Morgan chemistry,0.0,659,0,5,direct
ns.n,morgan_1416,Morgan chemistry,0.0,660,0,5,direct
ns.n,morgan_1415,Morgan chemistry,0.0,661,0,5,direct
ns.n,morgan_1414,Morgan chemistry,0.0,662,0,5,direct
ns.n,morgan_1413,Morgan chemistry,0.0,663,0,5,direct
ns.n,morgan_1412,Morgan chemistry,0.0,664,0,5,direct
ns.n,morgan_1411,Morgan chemistry,0.0,665,0,5,direct
ns.n,morgan_1410,Morgan chemistry,0.0,666,0,5,direct
ns.n,morgan_1409,Morgan chemistry,0.0,667,0,5,direct
ns.n,morgan_1408,Morgan chemistry,0.0,668,0,5,direct
ns.n,morgan_1407,Morgan chemistry,0.0,669,0,5,direct
ns.n,morgan_1406,Morgan chemistry,0.0,670,0,5,direct
ns.n,morgan_1405,Morgan chemistry,0.0,671,0,5,direct
ns.n,morgan_1404,Morgan chemistry,0.0,672,0,5,direct
ns.n,morgan_1403,Morgan chemistry,0.0,673,0,5,direct
ns.n,morgan_1402,Morgan chemistry,0.0,674,0,5,direct
ns.n,morgan_1401,Morgan chemistry,0.0,675,0,5,direct
ns.n,morgan_1400,Morgan chemistry,0.0,676,0,5,direct
ns.n,morgan_1399,Morgan chemistry,0.0,677,0,5,direct
ns.n,morgan_1398,Morgan chemistry,0.0,678,0,5,direct
ns.n,morgan_1397,Morgan chemistry,0.0,679,0,5,direct
ns.n,morgan_1396,Morgan chemistry,0.0,680,0,5,direct
ns.n,morgan_1395,Morgan chemistry,0.0,681,0,5,direct
ns.n,morgan_1394,Morgan chemistry,0.0,682,0,5,direct
ns.n,morgan_1393,Morgan chemistry,0.0,683,0,5,direct
ns.n,morgan_1392,Morgan chemistry,0.0,684,0,5,direct
ns.n,morgan_1390,Morgan chemistry,0.0,685,0,5,direct
ns.n,morgan_1389,Morgan chemistry,0.0,686,0,5,direct
ns.n,morgan_1388,Morgan chemistry,0.0,687,0,5,direct
ns.n,morgan_1387,Morgan chemistry,0.0,688,0,5,direct
ns.n,morgan_1386,Morgan chemistry,0.0,689,0,5,direct
ns.n,morgan_1384,Morgan chemistry,0.0,690,0,5,direct
ns.n,morgan_1382,Morgan chemistry,0.0,691,0,5,direct
ns.n,morgan_1381,Morgan chemistry,0.0,692,0,5,direct
ns.n,morgan_1380,Morgan chemistry,0.0,693,0,5,direct
ns.n,morgan_1379,Morgan chemistry,0.0,694,0,5,direct
ns.n,morgan_1378,Morgan chemistry,0.0,695,0,5,direct
ns.n,morgan_1377,Morgan chemistry,0.0,696,0,5,direct
ns.n,morgan_1376,Morgan chemistry,0.0,697,0,5,direct
ns.n,morgan_1375,Morgan chemistry,0.0,698,0,5,direct
ns.n,morgan_1374,Morgan chemistry,0.0,699,0,5,direct
ns.n,morgan_1373,Morgan chemistry,0.0,700,0,5,direct
ns.n,morgan_1372,Morgan chemistry,0.0,701,0,5,direct
ns.n,morgan_1371,Morgan chemistry,0.0,702,0,5,direct
ns.n,morgan_1370,Morgan chemistry,0.0,703,0,5,direct
ns.n,morgan_1369,Morgan chemistry,0.0,704,0,5,direct
ns.n,morgan_1368,Morgan chemistry,0.0,705,0,5,direct
ns.n,morgan_1367,Morgan chemistry,0.0,706,0,5,direct
ns.n,morgan_1366,Morgan chemistry,0.0,707,0,5,direct
ns.n,morgan_1365,Morgan chemistry,0.0,708,0,5,direct
ns.n,morgan_1364,Morgan chemistry,0.0,709,0,5,direct
ns.n,morgan_1363,Morgan chemistry,0.0,710,0,5,direct
ns.n,morgan_1362,Morgan chemistry,0.0,711,0,5,direct
ns.n,morgan_1361,Morgan chemistry,0.0,712,0,5,direct
ns.n,morgan_1360,Morgan chemistry,0.0,713,0,5,direct
ns.n,morgan_1359,Morgan chemistry,0.0,714,0,5,direct
ns.n,morgan_1358,Morgan chemistry,0.0,715,0,5,direct
ns.n,morgan_1357,Morgan chemistry,0.0,716,0,5,direct
ns.n,morgan_1356,Morgan chemistry,0.0,717,0,5,direct
ns.n,morgan_1355,Morgan chemistry,0.0,718,0,5,direct
ns.n,morgan_1354,Morgan chemistry,0.0,719,0,5,direct
ns.n,morgan_1353,Morgan chemistry,0.0,720,0,5,direct
ns.n,morgan_1352,Morgan chemistry,0.0,721,0,5,direct
ns.n,morgan_1351,Morgan chemistry,0.0,722,0,5,direct
ns.n,morgan_1350,Morgan chemistry,0.0,723,0,5,direct
ns.n,morgan_1349,Morgan chemistry,0.0,724,0,5,direct
ns.n,morgan_1348,Morgan chemistry,0.0,725,0,5,direct
ns.n,morgan_1347,Morgan chemistry,0.0,726,0,5,direct
ns.n,morgan_1346,Morgan chemistry,0.0,727,0,5,direct
ns.n,morgan_1345,Morgan chemistry,0.0,728,0,5,direct
ns.n,morgan_1344,Morgan chemistry,0.0,729,0,5,direct
ns.n,morgan_1343,Morgan chemistry,0.0,730,0,5,direct
ns.n,morgan_1342,Morgan chemistry,0.0,731,0,5,direct
ns.n,morgan_1341,Morgan chemistry,0.0,732,0,5,direct
ns.n,morgan_1340,Morgan chemistry,0.0,733,0,5,direct
ns.n,morgan_1339,Morgan chemistry,0.0,734,0,5,direct
ns.n,morgan_1338,Morgan chemistry,0.0,735,0,5,direct
ns.n,morgan_1337,Morgan chemistry,0.0,736,0,5,direct
ns.n,morgan_1336,Morgan chemistry,0.0,737,0,5,direct
ns.n,morgan_1335,Morgan chemistry,0.0,738,0,5,direct
ns.n,morgan_1334,Morgan chemistry,0.0,739,0,5,direct
ns.n,morgan_1333,Morgan chemistry,0.0,740,0,5,direct
ns.n,morgan_1332,Morgan chemistry,0.0,741,0,5,direct
ns.n,morgan_1331,Morgan chemistry,0.0,742,0,5,direct
ns.n,morgan_1330,Morgan chemistry,0.0,743,0,5,direct
ns.n,morgan_1329,Morgan chemistry,0.0,744,0,5,direct
ns.n,morgan_1327,Morgan chemistry,0.0,745,0,5,direct
ns.n,morgan_1326,Morgan chemistry,0.0,746,0,5,direct
ns.n,morgan_1325,Morgan chemistry,0.0,747,0,5,direct
ns.n,morgan_1324,Morgan chemistry,0.0,748,0,5,direct
ns.n,morgan_1323,Morgan chemistry,0.0,749,0,5,direct
ns.n,morgan_1322,Morgan chemistry,0.0,750,0,5,direct
ns.n,morgan_1321,Morgan chemistry,0.0,751,0,5,direct
ns.n,morgan_1320,Morgan chemistry,0.0,752,0,5,direct
ns.n,morgan_1319,Morgan chemistry,0.0,753,0,5,direct
ns.n,morgan_1318,Morgan chemistry,0.0,754,0,5,direct
ns.n,morgan_1317,Morgan chemistry,0.0,755,0,5,direct
ns.n,morgan_1316,Morgan chemistry,0.0,756,0,5,direct
ns.n,morgan_1315,Morgan chemistry,0.0,757,0,5,direct
ns.n,morgan_1314,Morgan chemistry,0.0,758,0,5,direct
ns.n,morgan_1313,Morgan chemistry,0.0,759,0,5,direct
ns.n,morgan_1312,Morgan chemistry,0.0,760,0,5,direct
ns.n,morgan_1311,Morgan chemistry,0.0,761,0,5,direct
ns.n,morgan_1310,Morgan chemistry,0.0,762,0,5,direct
ns.n,morgan_1309,Morgan chemistry,0.0,763,0,5,direct
ns.n,morgan_1308,Morgan chemistry,0.0,764,0,5,direct
ns.n,morgan_1307,Morgan chemistry,0.0,765,0,5,direct
ns.n,morgan_1306,Morgan chemistry,0.0,766,0,5,direct
ns.n,morgan_1305,Morgan chemistry,0.0,767,0,5,direct
ns.n,morgan_1304,Morgan chemistry,0.0,768,0,5,direct
ns.n,morgan_1303,Morgan chemistry,0.0,769,0,5,direct
ns.n,morgan_1302,Morgan chemistry,0.0,770,0,5,direct
ns.n,morgan_1301,Morgan chemistry,0.0,771,0,5,direct
ns.n,morgan_1300,Morgan chemistry,0.0,772,0,5,direct
ns.n,morgan_1299,Morgan chemistry,0.0,773,0,5,direct
ns.n,morgan_1298,Morgan chemistry,0.0,774,0,5,direct
ns.n,morgan_1297,Morgan chemistry,0.0,775,0,5,direct
ns.n,morgan_1295,Morgan chemistry,0.0,776,0,5,direct
ns.n,morgan_1294,Morgan chemistry,0.0,777,0,5,direct
ns.n,morgan_1293,Morgan chemistry,0.0,778,0,5,direct
ns.n,morgan_1291,Morgan chemistry,0.0,779,0,5,direct
ns.n,morgan_1290,Morgan chemistry,0.0,780,0,5,direct
ns.n,morgan_1289,Morgan chemistry,0.0,781,0,5,direct
ns.n,morgan_1288,Morgan chemistry,0.0,782,0,5,direct
ns.n,morgan_1287,Morgan chemistry,0.0,783,0,5,direct
ns.n,morgan_1286,Morgan chemistry,0.0,784,0,5,direct
ns.n,morgan_1285,Morgan chemistry,0.0,785,0,5,direct
ns.n,morgan_1284,Morgan chemistry,0.0,786,0,5,direct
ns.n,morgan_1283,Morgan chemistry,0.0,787,0,5,direct
ns.n,morgan_1282,Morgan chemistry,0.0,788,0,5,direct
ns.n,morgan_1281,Morgan chemistry,0.0,789,0,5,direct
ns.n,morgan_1280,Morgan chemistry,0.0,790,0,5,direct
ns.n,morgan_1279,Morgan chemistry,0.0,791,0,5,direct
ns.n,morgan_1278,Morgan chemistry,0.0,792,0,5,direct
ns.n,morgan_1277,Morgan chemistry,0.0,793,0,5,direct
ns.n,morgan_1276,Morgan chemistry,0.0,794,0,5,direct
ns.n,morgan_1275,Morgan chemistry,0.0,795,0,5,direct
ns.n,morgan_1273,Morgan chemistry,0.0,796,0,5,direct
ns.n,morgan_1272,Morgan chemistry,0.0,797,0,5,direct
ns.n,morgan_1271,Morgan chemistry,0.0,798,0,5,direct
ns.n,morgan_1270,Morgan chemistry,0.0,799,0,5,direct
ns.n,morgan_1269,Morgan chemistry,0.0,800,0,5,direct
ns.n,morgan_1268,Morgan chemistry,0.0,801,0,5,direct
ns.n,morgan_1267,Morgan chemistry,0.0,802,0,5,direct
ns.n,morgan_1266,Morgan chemistry,0.0,803,0,5,direct
ns.n,morgan_1265,Morgan chemistry,0.0,804,0,5,direct
ns.n,morgan_1264,Morgan chemistry,0.0,805,0,5,direct
ns.n,morgan_1263,Morgan chemistry,0.0,806,0,5,direct
ns.n,morgan_1262,Morgan chemistry,0.0,807,0,5,direct
ns.n,morgan_1261,Morgan chemistry,0.0,808,0,5,direct
ns.n,morgan_1260,Morgan chemistry,0.0,809,0,5,direct
ns.n,morgan_1259,Morgan chemistry,0.0,810,0,5,direct
ns.n,morgan_1258,Morgan chemistry,0.0,811,0,5,direct
ns.n,morgan_1256,Morgan chemistry,0.0,812,0,5,direct
ns.n,morgan_1255,Morgan chemistry,0.0,813,0,5,direct
ns.n,morgan_1254,Morgan chemistry,0.0,814,0,5,direct
ns.n,morgan_1253,Morgan chemistry,0.0,815,0,5,direct
ns.n,morgan_1252,Morgan chemistry,0.0,816,0,5,direct
ns.n,morgan_1251,Morgan chemistry,0.0,817,0,5,direct
ns.n,morgan_1250,Morgan chemistry,0.0,818,0,5,direct
ns.n,morgan_1249,Morgan chemistry,0.0,819,0,5,direct
ns.n,morgan_1248,Morgan chemistry,0.0,820,0,5,direct
ns.n,morgan_1247,Morgan chemistry,0.0,821,0,5,direct
ns.n,morgan_1246,Morgan chemistry,0.0,822,0,5,direct
ns.n,morgan_1245,Morgan chemistry,0.0,823,0,5,direct
ns.n,morgan_1244,Morgan chemistry,0.0,824,0,5,direct
ns.n,morgan_1243,Morgan chemistry,0.0,825,0,5,direct
ns.n,morgan_1242,Morgan chemistry,0.0,826,0,5,direct
ns.n,morgan_1241,Morgan chemistry,0.0,827,0,5,direct
ns.n,morgan_1240,Morgan chemistry,0.0,828,0,5,direct
ns.n,morgan_1239,Morgan chemistry,0.0,829,0,5,direct
ns.n,morgan_1237,Morgan chemistry,0.0,830,0,5,direct
ns.n,morgan_1236,Morgan chemistry,0.0,831,0,5,direct
ns.n,morgan_1235,Morgan chemistry,0.0,832,0,5,direct
ns.n,morgan_1234,Morgan chemistry,0.0,833,0,5,direct
ns.n,morgan_1233,Morgan chemistry,0.0,834,0,5,direct
ns.n,morgan_1232,Morgan chemistry,0.0,835,0,5,direct
ns.n,morgan_1231,Morgan chemistry,0.0,836,0,5,direct
ns.n,morgan_1230,Morgan chemistry,0.0,837,0,5,direct
ns.n,morgan_1229,Morgan chemistry,0.0,838,0,5,direct
ns.n,morgan_1228,Morgan chemistry,0.0,839,0,5,direct
ns.n,morgan_1227,Morgan chemistry,0.0,840,0,5,direct
ns.n,morgan_1226,Morgan chemistry,0.0,841,0,5,direct
ns.n,morgan_1225,Morgan chemistry,0.0,842,0,5,direct
ns.n,morgan_1224,Morgan chemistry,0.0,843,0,5,direct
ns.n,morgan_1222,Morgan chemistry,0.0,844,0,5,direct
ns.n,morgan_1221,Morgan chemistry,0.0,845,0,5,direct
ns.n,morgan_1220,Morgan chemistry,0.0,846,0,5,direct
ns.n,morgan_1219,Morgan chemistry,0.0,847,0,5,direct
ns.n,morgan_1218,Morgan chemistry,0.0,848,0,5,direct
ns.n,morgan_1217,Morgan chemistry,0.0,849,0,5,direct
ns.n,morgan_1216,Morgan chemistry,0.0,850,0,5,direct
ns.n,morgan_1215,Morgan chemistry,0.0,851,0,5,direct
ns.n,morgan_1214,Morgan chemistry,0.0,852,0,5,direct
ns.n,morgan_1213,Morgan chemistry,0.0,853,0,5,direct
ns.n,morgan_1212,Morgan chemistry,0.0,854,0,5,direct
ns.n,morgan_1211,Morgan chemistry,0.0,855,0,5,direct
ns.n,morgan_1210,Morgan chemistry,0.0,856,0,5,direct
ns.n,morgan_1209,Morgan chemistry,0.0,857,0,5,direct
ns.n,morgan_1208,Morgan chemistry,0.0,858,0,5,direct
ns.n,morgan_1207,Morgan chemistry,0.0,859,0,5,direct
ns.n,morgan_1206,Morgan chemistry,0.0,860,0,5,direct
ns.n,morgan_1205,Morgan chemistry,0.0,861,0,5,direct
ns.n,morgan_1204,Morgan chemistry,0.0,862,0,5,direct
ns.n,morgan_1203,Morgan chemistry,0.0,863,0,5,direct
ns.n,morgan_1202,Morgan chemistry,0.0,864,0,5,direct
ns.n,morgan_1201,Morgan chemistry,0.0,865,0,5,direct
ns.n,morgan_1200,Morgan chemistry,0.0,866,0,5,direct
ns.n,morgan_1198,Morgan chemistry,0.0,867,0,5,direct
ns.n,morgan_1197,Morgan chemistry,0.0,868,0,5,direct
ns.n,morgan_1196,Morgan chemistry,0.0,869,0,5,direct
ns.n,morgan_1195,Morgan chemistry,0.0,870,0,5,direct
ns.n,morgan_1194,Morgan chemistry,0.0,871,0,5,direct
ns.n,morgan_1193,Morgan chemistry,0.0,872,0,5,direct
ns.n,morgan_1192,Morgan chemistry,0.0,873,0,5,direct
ns.n,morgan_1191,Morgan chemistry,0.0,874,0,5,direct
ns.n,morgan_1190,Morgan chemistry,0.0,875,0,5,direct
ns.n,morgan_1189,Morgan chemistry,0.0,876,0,5,direct
ns.n,morgan_1188,Morgan chemistry,0.0,877,0,5,direct
ns.n,morgan_1187,Morgan chemistry,0.0,878,0,5,direct
ns.n,morgan_1186,Morgan chemistry,0.0,879,0,5,direct
ns.n,morgan_1185,Morgan chemistry,0.0,880,0,5,direct
ns.n,morgan_1184,Morgan chemistry,0.0,881,0,5,direct
ns.n,morgan_1183,Morgan chemistry,0.0,882,0,5,direct
ns.n,morgan_1182,Morgan chemistry,0.0,883,0,5,direct
ns.n,morgan_1181,Morgan chemistry,0.0,884,0,5,direct
ns.n,morgan_1180,Morgan chemistry,0.0,885,0,5,direct
ns.n,morgan_1179,Morgan chemistry,0.0,886,0,5,direct
ns.n,morgan_1178,Morgan chemistry,0.0,887,0,5,direct
ns.n,morgan_1177,Morgan chemistry,0.0,888,0,5,direct
ns.n,morgan_1176,Morgan chemistry,0.0,889,0,5,direct
ns.n,morgan_1175,Morgan chemistry,0.0,890,0,5,direct
ns.n,morgan_1174,Morgan chemistry,0.0,891,0,5,direct
ns.n,morgan_1173,Morgan chemistry,0.0,892,0,5,direct
ns.n,morgan_1172,Morgan chemistry,0.0,893,0,5,direct
ns.n,morgan_1171,Morgan chemistry,0.0,894,0,5,direct
ns.n,morgan_1170,Morgan chemistry,0.0,895,0,5,direct
ns.n,morgan_1169,Morgan chemistry,0.0,896,0,5,direct
ns.n,morgan_1168,Morgan chemistry,0.0,897,0,5,direct
ns.n,morgan_1167,Morgan chemistry,0.0,898,0,5,direct
ns.n,morgan_1166,Morgan chemistry,0.0,899,0,5,direct
ns.n,morgan_1165,Morgan chemistry,0.0,900,0,5,direct
ns.n,morgan_1164,Morgan chemistry,0.0,901,0,5,direct
ns.n,morgan_1163,Morgan chemistry,0.0,902,0,5,direct
ns.n,morgan_1162,Morgan chemistry,0.0,903,0,5,direct
ns.n,morgan_1161,Morgan chemistry,0.0,904,0,5,direct
ns.n,morgan_1160,Morgan chemistry,0.0,905,0,5,direct
ns.n,morgan_1159,Morgan chemistry,0.0,906,0,5,direct
ns.n,morgan_1158,Morgan chemistry,0.0,907,0,5,direct
ns.n,morgan_1157,Morgan chemistry,0.0,908,0,5,direct
ns.n,morgan_1156,Morgan chemistry,0.0,909,0,5,direct
ns.n,morgan_1155,Morgan chemistry,0.0,910,0,5,direct
ns.n,morgan_1154,Morgan chemistry,0.0,911,0,5,direct
ns.n,morgan_1153,Morgan chemistry,0.0,912,0,5,direct
ns.n,morgan_1151,Morgan chemistry,0.0,913,0,5,direct
ns.n,morgan_1150,Morgan chemistry,0.0,914,0,5,direct
ns.n,morgan_1149,Morgan chemistry,0.0,915,0,5,direct
ns.n,morgan_1148,Morgan chemistry,0.0,916,0,5,direct
ns.n,morgan_1147,Morgan chemistry,0.0,917,0,5,direct
ns.n,morgan_1146,Morgan chemistry,0.0,918,0,5,direct
ns.n,morgan_1145,Morgan chemistry,0.0,919,0,5,direct
ns.n,morgan_1144,Morgan chemistry,0.0,920,0,5,direct
ns.n,morgan_1143,Morgan chemistry,0.0,921,0,5,direct
ns.n,morgan_1142,Morgan chemistry,0.0,922,0,5,direct
ns.n,morgan_1141,Morgan chemistry,0.0,923,0,5,direct
ns.n,morgan_1140,Morgan chemistry,0.0,924,0,5,direct
ns.n,morgan_1139,Morgan chemistry,0.0,925,0,5,direct
ns.n,morgan_1138,Morgan chemistry,0.0,926,0,5,direct
ns.n,morgan_1137,Morgan chemistry,0.0,927,0,5,direct
ns.n,morgan_1136,Morgan chemistry,0.0,928,0,5,direct
ns.n,morgan_1135,Morgan chemistry,0.0,929,0,5,direct
ns.n,morgan_1134,Morgan chemistry,0.0,930,0,5,direct
ns.n,morgan_1133,Morgan chemistry,0.0,931,0,5,direct
ns.n,morgan_1132,Morgan chemistry,0.0,932,0,5,direct
ns.n,morgan_1131,Morgan chemistry,0.0,933,0,5,direct
ns.n,morgan_1130,Morgan chemistry,0.0,934,0,5,direct
ns.n,morgan_1129,Morgan chemistry,0.0,935,0,5,direct
ns.n,morgan_1128,Morgan chemistry,0.0,936,0,5,direct
ns.n,morgan_1127,Morgan chemistry,0.0,937,0,5,direct
ns.n,morgan_1125,Morgan chemistry,0.0,938,0,5,direct
ns.n,morgan_1124,Morgan chemistry,0.0,939,0,5,direct
ns.n,morgan_1123,Morgan chemistry,0.0,940,0,5,direct
ns.n,morgan_1122,Morgan chemistry,0.0,941,0,5,direct
ns.n,morgan_1121,Morgan chemistry,0.0,942,0,5,direct
ns.n,morgan_1120,Morgan chemistry,0.0,943,0,5,direct
ns.n,morgan_1119,Morgan chemistry,0.0,944,0,5,direct
ns.n,morgan_1118,Morgan chemistry,0.0,945,0,5,direct
ns.n,morgan_1117,Morgan chemistry,0.0,946,0,5,direct
ns.n,morgan_1116,Morgan chemistry,0.0,947,0,5,direct
ns.n,morgan_1115,Morgan chemistry,0.0,948,0,5,direct
ns.n,morgan_1113,Morgan chemistry,0.0,949,0,5,direct
ns.n,morgan_1112,Morgan chemistry,0.0,950,0,5,direct
ns.n,morgan_1111,Morgan chemistry,0.0,951,0,5,direct
ns.n,morgan_1110,Morgan chemistry,0.0,952,0,5,direct
ns.n,morgan_1109,Morgan chemistry,0.0,953,0,5,direct
ns.n,morgan_1108,Morgan chemistry,0.0,954,0,5,direct
ns.n,morgan_1107,Morgan chemistry,0.0,955,0,5,direct
ns.n,morgan_1106,Morgan chemistry,0.0,956,0,5,direct
ns.n,morgan_1105,Morgan chemistry,0.0,957,0,5,direct
ns.n,morgan_1103,Morgan chemistry,0.0,958,0,5,direct
ns.n,morgan_1102,Morgan chemistry,0.0,959,0,5,direct
ns.n,morgan_1101,Morgan chemistry,0.0,960,0,5,direct
ns.n,morgan_1100,Morgan chemistry,0.0,961,0,5,direct
ns.n,morgan_1099,Morgan chemistry,0.0,962,0,5,direct
ns.n,morgan_1098,Morgan chemistry,0.0,963,0,5,direct
ns.n,morgan_1097,Morgan chemistry,0.0,964,0,5,direct
ns.n,morgan_1096,Morgan chemistry,0.0,965,0,5,direct
ns.n,morgan_1095,Morgan chemistry,0.0,966,0,5,direct
ns.n,morgan_1094,Morgan chemistry,0.0,967,0,5,direct
ns.n,morgan_1093,Morgan chemistry,0.0,968,0,5,direct
ns.n,morgan_1092,Morgan chemistry,0.0,969,0,5,direct
ns.n,morgan_1090,Morgan chemistry,0.0,970,0,5,direct
ns.n,morgan_1089,Morgan chemistry,0.0,971,0,5,direct
ns.n,morgan_1086,Morgan chemistry,0.0,972,0,5,direct
ns.n,morgan_1085,Morgan chemistry,0.0,973,0,5,direct
ns.n,morgan_1084,Morgan chemistry,0.0,974,0,5,direct
ns.n,morgan_1083,Morgan chemistry,0.0,975,0,5,direct
ns.n,morgan_1082,Morgan chemistry,0.0,976,0,5,direct
ns.n,morgan_1081,Morgan chemistry,0.0,977,0,5,direct
ns.n,morgan_1080,Morgan chemistry,0.0,978,0,5,direct
ns.n,morgan_1079,Morgan chemistry,0.0,979,0,5,direct
ns.n,morgan_1078,Morgan chemistry,0.0,980,0,5,direct
ns.n,morgan_1077,Morgan chemistry,0.0,981,0,5,direct
ns.n,morgan_1076,Morgan chemistry,0.0,982,0,5,direct
ns.n,morgan_1075,Morgan chemistry,0.0,983,0,5,direct
ns.n,morgan_1074,Morgan chemistry,0.0,984,0,5,direct
ns.n,morgan_1073,Morgan chemistry,0.0,985,0,5,direct
ns.n,morgan_1072,Morgan chemistry,0.0,986,0,5,direct
ns.n,morgan_1071,Morgan chemistry,0.0,987,0,5,direct
ns.n,morgan_1069,Morgan chemistry,0.0,988,0,5,direct
ns.n,morgan_1068,Morgan chemistry,0.0,989,0,5,direct
ns.n,morgan_1066,Morgan chemistry,0.0,990,0,5,direct
ns.n,morgan_1065,Morgan chemistry,0.0,991,0,5,direct
ns.n,morgan_1064,Morgan chemistry,0.0,992,0,5,direct
ns.n,morgan_1063,Morgan chemistry,0.0,993,0,5,direct
ns.n,morgan_1062,Morgan chemistry,0.0,994,0,5,direct
ns.n,morgan_1061,Morgan chemistry,0.0,995,0,5,direct
ns.n,morgan_1060,Morgan chemistry,0.0,996,0,5,direct
ns.n,morgan_1059,Morgan chemistry,0.0,997,0,5,direct
ns.n,morgan_1057,Morgan chemistry,0.0,998,0,5,direct
ns.n,morgan_1056,Morgan chemistry,0.0,999,0,5,direct
ns.n,morgan_1055,Morgan chemistry,0.0,1000,0,5,direct
ns.n,morgan_1054,Morgan chemistry,0.0,1001,0,5,direct
ns.n,morgan_1053,Morgan chemistry,0.0,1002,0,5,direct
ns.n,morgan_1052,Morgan chemistry,0.0,1003,0,5,direct
ns.n,morgan_1051,Morgan chemistry,0.0,1004,0,5,direct
ns.n,morgan_1050,Morgan chemistry,0.0,1005,0,5,direct
ns.n,morgan_1049,Morgan chemistry,0.0,1006,0,5,direct
ns.n,morgan_1048,Morgan chemistry,0.0,1007,0,5,direct
ns.n,morgan_1047,Morgan chemistry,0.0,1008,0,5,direct
ns.n,morgan_1046,Morgan chemistry,0.0,1009,0,5,direct
ns.n,morgan_1045,Morgan chemistry,0.0,1010,0,5,direct
ns.n,morgan_1043,Morgan chemistry,0.0,1011,0,5,direct
ns.n,morgan_1042,Morgan chemistry,0.0,1012,0,5,direct
ns.n,morgan_1041,Morgan chemistry,0.0,1013,0,5,direct
ns.n,morgan_1040,Morgan chemistry,0.0,1014,0,5,direct
ns.n,morgan_1039,Morgan chemistry,0.0,1015,0,5,direct
ns.n,morgan_1038,Morgan chemistry,0.0,1016,0,5,direct
ns.n,morgan_1037,Morgan chemistry,0.0,1017,0,5,direct
ns.n,morgan_1036,Morgan chemistry,0.0,1018,0,5,direct
ns.n,morgan_1035,Morgan chemistry,0.0,1019,0,5,direct
ns.n,morgan_1034,Morgan chemistry,0.0,1020,0,5,direct
ns.n,morgan_1033,Morgan chemistry,0.0,1021,0,5,direct
ns.n,morgan_1032,Morgan chemistry,0.0,1022,0,5,direct
ns.n,morgan_1031,Morgan chemistry,0.0,1023,0,5,direct
ns.n,morgan_1030,Morgan chemistry,0.0,1024,0,5,direct
ns.n,morgan_1029,Morgan chemistry,0.0,1025,0,5,direct
ns.n,morgan_1027,Morgan chemistry,0.0,1026,0,5,direct
ns.n,morgan_1026,Morgan chemistry,0.0,1027,0,5,direct
ns.n,morgan_1025,Morgan chemistry,0.0,1028,0,5,direct
ns.n,morgan_1024,Morgan chemistry,0.0,1029,0,5,direct
ns.n,morgan_1023,Morgan chemistry,0.0,1030,0,5,direct
ns.n,morgan_1022,Morgan chemistry,0.0,1031,0,5,direct
ns.n,morgan_1021,Morgan chemistry,0.0,1032,0,5,direct
ns.n,morgan_1020,Morgan chemistry,0.0,1033,0,5,direct
ns.n,morgan_1018,Morgan chemistry,0.0,1034,0,5,direct
ns.n,morgan_1017,Morgan chemistry,0.0,1035,0,5,direct
ns.n,morgan_1016,Morgan chemistry,0.0,1036,0,5,direct
ns.n,morgan_1015,Morgan chemistry,0.0,1037,0,5,direct
ns.n,morgan_1014,Morgan chemistry,0.0,1038,0,5,direct
ns.n,morgan_1013,Morgan chemistry,0.0,1039,0,5,direct
ns.n,morgan_1012,Morgan chemistry,0.0,1040,0,5,direct
ns.n,morgan_1011,Morgan chemistry,0.0,1041,0,5,direct
ns.n,morgan_1010,Morgan chemistry,0.0,1042,0,5,direct
ns.n,morgan_1009,Morgan chemistry,0.0,1043,0,5,direct
ns.n,morgan_1008,Morgan chemistry,0.0,1044,0,5,direct
ns.n,morgan_1007,Morgan chemistry,0.0,1045,0,5,direct
ns.n,morgan_1006,Morgan chemistry,0.0,1046,0,5,direct
ns.n,morgan_1005,Morgan chemistry,0.0,1047,0,5,direct
ns.n,morgan_1004,Morgan chemistry,0.0,1048,0,5,direct
ns.n,morgan_1003,Morgan chemistry,0.0,1049,0,5,direct
ns.n,morgan_1002,Morgan chemistry,0.0,1050,0,5,direct
ns.n,morgan_1000,Morgan chemistry,0.0,1051,0,5,direct
ns.n,morgan_999,Morgan chemistry,0.0,1052,0,5,direct
ns.n,morgan_998,Morgan chemistry,0.0,1053,0,5,direct
ns.n,morgan_997,Morgan chemistry,0.0,1054,0,5,direct
ns.n,morgan_996,Morgan chemistry,0.0,1055,0,5,direct
ns.n,morgan_995,Morgan chemistry,0.0,1056,0,5,direct
ns.n,morgan_994,Morgan chemistry,0.0,1057,0,5,direct
ns.n,morgan_993,Morgan chemistry,0.0,1058,0,5,direct
ns.n,morgan_992,Morgan chemistry,0.0,1059,0,5,direct
ns.n,morgan_991,Morgan chemistry,0.0,1060,0,5,direct
ns.n,morgan_990,Morgan chemistry,0.0,1061,0,5,direct
ns.n,morgan_989,Morgan chemistry,0.0,1062,0,5,direct
ns.n,morgan_988,Morgan chemistry,0.0,1063,0,5,direct
ns.n,morgan_986,Morgan chemistry,0.0,1064,0,5,direct
ns.n,morgan_985,Morgan chemistry,0.0,1065,0,5,direct
ns.n,morgan_983,Morgan chemistry,0.0,1066,0,5,direct
ns.n,morgan_982,Morgan chemistry,0.0,1067,0,5,direct
ns.n,morgan_981,Morgan chemistry,0.0,1068,0,5,direct
ns.n,morgan_980,Morgan chemistry,0.0,1069,0,5,direct
ns.n,morgan_979,Morgan chemistry,0.0,1070,0,5,direct
ns.n,morgan_978,Morgan chemistry,0.0,1071,0,5,direct
ns.n,morgan_977,Morgan chemistry,0.0,1072,0,5,direct
ns.n,morgan_976,Morgan chemistry,0.0,1073,0,5,direct
ns.n,morgan_975,Morgan chemistry,0.0,1074,0,5,direct
ns.n,morgan_974,Morgan chemistry,0.0,1075,0,5,direct
ns.n,morgan_973,Morgan chemistry,0.0,1076,0,5,direct
ns.n,morgan_972,Morgan chemistry,0.0,1077,0,5,direct
ns.n,morgan_971,Morgan chemistry,0.0,1078,0,5,direct
ns.n,morgan_970,Morgan chemistry,0.0,1079,0,5,direct
ns.n,morgan_969,Morgan chemistry,0.0,1080,0,5,direct
ns.n,morgan_968,Morgan chemistry,0.0,1081,0,5,direct
ns.n,morgan_967,Morgan chemistry,0.0,1082,0,5,direct
ns.n,morgan_966,Morgan chemistry,0.0,1083,0,5,direct
ns.n,morgan_965,Morgan chemistry,0.0,1084,0,5,direct
ns.n,morgan_964,Morgan chemistry,0.0,1085,0,5,direct
ns.n,morgan_963,Morgan chemistry,0.0,1086,0,5,direct
ns.n,morgan_962,Morgan chemistry,0.0,1087,0,5,direct
ns.n,morgan_961,Morgan chemistry,0.0,1088,0,5,direct
ns.n,morgan_960,Morgan chemistry,0.0,1089,0,5,direct
ns.n,morgan_959,Morgan chemistry,0.0,1090,0,5,direct
ns.n,morgan_958,Morgan chemistry,0.0,1091,0,5,direct
ns.n,morgan_957,Morgan chemistry,0.0,1092,0,5,direct
ns.n,morgan_956,Morgan chemistry,0.0,1093,0,5,direct
ns.n,morgan_955,Morgan chemistry,0.0,1094,0,5,direct
ns.n,morgan_954,Morgan chemistry,0.0,1095,0,5,direct
ns.n,morgan_953,Morgan chemistry,0.0,1096,0,5,direct
ns.n,morgan_952,Morgan chemistry,0.0,1097,0,5,direct
ns.n,morgan_951,Morgan chemistry,0.0,1098,0,5,direct
ns.n,morgan_950,Morgan chemistry,0.0,1099,0,5,direct
ns.n,morgan_949,Morgan chemistry,0.0,1100,0,5,direct
ns.n,morgan_948,Morgan chemistry,0.0,1101,0,5,direct
ns.n,morgan_947,Morgan chemistry,0.0,1102,0,5,direct
ns.n,morgan_2022,Morgan chemistry,0.0,1103,0,5,direct
ns.n,morgan_945,Morgan chemistry,0.0,1104,0,5,direct
ns.n,morgan_944,Morgan chemistry,0.0,1105,0,5,direct
ns.n,morgan_943,Morgan chemistry,0.0,1106,0,5,direct
ns.n,morgan_942,Morgan chemistry,0.0,1107,0,5,direct
ns.n,morgan_941,Morgan chemistry,0.0,1108,0,5,direct
ns.n,morgan_940,Morgan chemistry,0.0,1109,0,5,direct
ns.n,morgan_939,Morgan chemistry,0.0,1110,0,5,direct
ns.n,morgan_938,Morgan chemistry,0.0,1111,0,5,direct
ns.n,morgan_937,Morgan chemistry,0.0,1112,0,5,direct
ns.n,morgan_936,Morgan chemistry,0.0,1113,0,5,direct
ns.n,morgan_935,Morgan chemistry,0.0,1114,0,5,direct
ns.n,morgan_934,Morgan chemistry,0.0,1115,0,5,direct
ns.n,morgan_933,Morgan chemistry,0.0,1116,0,5,direct
ns.n,morgan_932,Morgan chemistry,0.0,1117,0,5,direct
ns.n,morgan_931,Morgan chemistry,0.0,1118,0,5,direct
ns.n,morgan_930,Morgan chemistry,0.0,1119,0,5,direct
ns.n,morgan_929,Morgan chemistry,0.0,1120,0,5,direct
ns.n,morgan_928,Morgan chemistry,0.0,1121,0,5,direct
ns.n,morgan_927,Morgan chemistry,0.0,1122,0,5,direct
ns.n,morgan_926,Morgan chemistry,0.0,1123,0,5,direct
ns.n,morgan_925,Morgan chemistry,0.0,1124,0,5,direct
ns.n,morgan_924,Morgan chemistry,0.0,1125,0,5,direct
ns.n,morgan_923,Morgan chemistry,0.0,1126,0,5,direct
ns.n,morgan_922,Morgan chemistry,0.0,1127,0,5,direct
ns.n,morgan_921,Morgan chemistry,0.0,1128,0,5,direct
ns.n,morgan_920,Morgan chemistry,0.0,1129,0,5,direct
ns.n,morgan_919,Morgan chemistry,0.0,1130,0,5,direct
ns.n,morgan_918,Morgan chemistry,0.0,1131,0,5,direct
ns.n,morgan_917,Morgan chemistry,0.0,1132,0,5,direct
ns.n,morgan_916,Morgan chemistry,0.0,1133,0,5,direct
ns.n,morgan_2037,Morgan chemistry,0.0,1134,0,5,direct
ns.n,morgan_914,Morgan chemistry,0.0,1135,0,5,direct
ns.n,morgan_913,Morgan chemistry,0.0,1136,0,5,direct
ns.n,morgan_912,Morgan chemistry,0.0,1137,0,5,direct
ns.n,morgan_911,Morgan chemistry,0.0,1138,0,5,direct
ns.n,structure_missing,structure availability,0.0,1139,0,5,direct
ns.n,morgan_909,Morgan chemistry,0.0,1140,0,5,direct
ns.n,morgan_908,Morgan chemistry,0.0,1141,0,5,direct
ns.n,morgan_907,Morgan chemistry,0.0,1142,0,5,direct
ns.n,morgan_906,Morgan chemistry,0.0,1143,0,5,direct
ns.n,morgan_905,Morgan chemistry,0.0,1144,0,5,direct
ns.n,morgan_904,Morgan chemistry,0.0,1145,0,5,direct
ns.n,morgan_903,Morgan chemistry,0.0,1146,0,5,direct
ns.n,morgan_902,Morgan chemistry,0.0,1147,0,5,direct
ns.n,morgan_901,Morgan chemistry,0.0,1148,0,5,direct
ns.n,morgan_900,Morgan chemistry,0.0,1149,0,5,direct
ns.n,morgan_899,Morgan chemistry,0.0,1150,0,5,direct
ns.n,morgan_898,Morgan chemistry,0.0,1151,0,5,direct
ns.n,morgan_897,Morgan chemistry,0.0,1152,0,5,direct
ns.n,morgan_896,Morgan chemistry,0.0,1153,0,5,direct
ns.n,morgan_895,Morgan chemistry,0.0,1154,0,5,direct
ns.n,morgan_894,Morgan chemistry,0.0,1155,0,5,direct
ns.n,morgan_893,Morgan chemistry,0.0,1156,0,5,direct
ns.n,morgan_892,Morgan chemistry,0.0,1157,0,5,direct
ns.n,morgan_891,Morgan chemistry,0.0,1158,0,5,direct
ns.n,morgan_890,Morgan chemistry,0.0,1159,0,5,direct
ns.n,morgan_889,Morgan chemistry,0.0,1160,0,5,direct
ns.n,morgan_888,Morgan chemistry,0.0,1161,0,5,direct
ns.n,morgan_887,Morgan chemistry,0.0,1162,0,5,direct
ns.n,morgan_886,Morgan chemistry,0.0,1163,0,5,direct
ns.n,morgan_885,Morgan chemistry,0.0,1164,0,5,direct
ns.n,morgan_884,Morgan chemistry,0.0,1165,0,5,direct
ns.n,morgan_2047,Morgan chemistry,0.0,1166,0,5,direct
ns.n,morgan_882,Morgan chemistry,0.0,1167,0,5,direct
ns.n,morgan_881,Morgan chemistry,0.0,1168,0,5,direct
ns.n,morgan_880,Morgan chemistry,0.0,1169,0,5,direct
ns.n,morgan_879,Morgan chemistry,0.0,1170,0,5,direct
ns.n,morgan_878,Morgan chemistry,0.0,1171,0,5,direct
ns.n,morgan_877,Morgan chemistry,0.0,1172,0,5,direct
ns.n,morgan_876,Morgan chemistry,0.0,1173,0,5,direct
ns.n,morgan_2046,Morgan chemistry,0.0,1174,0,5,direct
ns.n,morgan_874,Morgan chemistry,0.0,1175,0,5,direct
ns.n,morgan_873,Morgan chemistry,0.0,1176,0,5,direct
ns.n,morgan_872,Morgan chemistry,0.0,1177,0,5,direct
ns.n,morgan_871,Morgan chemistry,0.0,1178,0,5,direct
ns.n,morgan_870,Morgan chemistry,0.0,1179,0,5,direct
ns.n,morgan_869,Morgan chemistry,0.0,1180,0,5,direct
ns.n,morgan_868,Morgan chemistry,0.0,1181,0,5,direct
ns.n,morgan_867,Morgan chemistry,0.0,1182,0,5,direct
ns.n,morgan_866,Morgan chemistry,0.0,1183,0,5,direct
ns.n,morgan_865,Morgan chemistry,0.0,1184,0,5,direct
ns.n,morgan_864,Morgan chemistry,0.0,1185,0,5,direct
ns.n,morgan_863,Morgan chemistry,0.0,1186,0,5,direct
ns.n,morgan_862,Morgan chemistry,0.0,1187,0,5,direct
ns.n,morgan_861,Morgan chemistry,0.0,1188,0,5,direct
ns.n,morgan_860,Morgan chemistry,0.0,1189,0,5,direct
ns.n,morgan_859,Morgan chemistry,0.0,1190,0,5,direct
ns.n,morgan_858,Morgan chemistry,0.0,1191,0,5,direct
ns.n,morgan_857,Morgan chemistry,0.0,1192,0,5,direct
ns.n,morgan_856,Morgan chemistry,0.0,1193,0,5,direct
ns.n,morgan_855,Morgan chemistry,0.0,1194,0,5,direct
ns.n,morgan_854,Morgan chemistry,0.0,1195,0,5,direct
ns.n,morgan_853,Morgan chemistry,0.0,1196,0,5,direct
ns.n,morgan_852,Morgan chemistry,0.0,1197,0,5,direct
ns.n,morgan_851,Morgan chemistry,0.0,1198,0,5,direct
ns.n,morgan_850,Morgan chemistry,0.0,1199,0,5,direct
ns.n,morgan_849,Morgan chemistry,0.0,1200,0,5,direct
ns.n,morgan_848,Morgan chemistry,0.0,1201,0,5,direct
ns.n,morgan_847,Morgan chemistry,0.0,1202,0,5,direct
ns.n,morgan_846,Morgan chemistry,0.0,1203,0,5,direct
ns.n,morgan_845,Morgan chemistry,0.0,1204,0,5,direct
ns.n,morgan_844,Morgan chemistry,0.0,1205,0,5,direct
ns.n,morgan_843,Morgan chemistry,0.0,1206,0,5,direct
ns.n,morgan_842,Morgan chemistry,0.0,1207,0,5,direct
ns.n,morgan_2045,Morgan chemistry,0.0,1208,0,5,direct
ns.n,morgan_840,Morgan chemistry,0.0,1209,0,5,direct
ns.n,morgan_839,Morgan chemistry,0.0,1210,0,5,direct
ns.n,morgan_838,Morgan chemistry,0.0,1211,0,5,direct
ns.n,morgan_837,Morgan chemistry,0.0,1212,0,5,direct
ns.n,morgan_2044,Morgan chemistry,0.0,1213,0,5,direct
ns.n,morgan_835,Morgan chemistry,0.0,1214,0,5,direct
ns.n,morgan_834,Morgan chemistry,0.0,1215,0,5,direct
ns.n,morgan_833,Morgan chemistry,0.0,1216,0,5,direct
ns.n,morgan_2043,Morgan chemistry,0.0,1217,0,5,direct
ns.n,morgan_831,Morgan chemistry,0.0,1218,0,5,direct
ns.n,morgan_830,Morgan chemistry,0.0,1219,0,5,direct
ns.n,morgan_829,Morgan chemistry,0.0,1220,0,5,direct
ns.n,morgan_828,Morgan chemistry,0.0,1221,0,5,direct
ns.n,morgan_827,Morgan chemistry,0.0,1222,0,5,direct
ns.n,morgan_826,Morgan chemistry,0.0,1223,0,5,direct
ns.n,morgan_825,Morgan chemistry,0.0,1224,0,5,direct
ns.n,morgan_824,Morgan chemistry,0.0,1225,0,5,direct
ns.n,morgan_823,Morgan chemistry,0.0,1226,0,5,direct
ns.n,morgan_822,Morgan chemistry,0.0,1227,0,5,direct
ns.n,morgan_821,Morgan chemistry,0.0,1228,0,5,direct
ns.n,morgan_820,Morgan chemistry,0.0,1229,0,5,direct
ns.n,morgan_819,Morgan chemistry,0.0,1230,0,5,direct
ns.n,morgan_818,Morgan chemistry,0.0,1231,0,5,direct
ns.n,morgan_817,Morgan chemistry,0.0,1232,0,5,direct
ns.n,morgan_2038,Morgan chemistry,0.0,1233,0,5,direct
ns.n,morgan_815,Morgan chemistry,0.0,1234,0,5,direct
ns.n,morgan_814,Morgan chemistry,0.0,1235,0,5,direct
ns.n,morgan_813,Morgan chemistry,0.0,1236,0,5,direct
ns.n,morgan_812,Morgan chemistry,0.0,1237,0,5,direct
ns.n,morgan_811,Morgan chemistry,0.0,1238,0,5,direct
ns.n,morgan_810,Morgan chemistry,0.0,1239,0,5,direct
ns.n,morgan_809,Morgan chemistry,0.0,1240,0,5,direct
ns.n,morgan_808,Morgan chemistry,0.0,1241,0,5,direct
ns.n,morgan_2041,Morgan chemistry,0.0,1242,0,5,direct
ns.n,morgan_2021,Morgan chemistry,0.0,1243,0,5,direct
ns.n,morgan_805,Morgan chemistry,0.0,1244,0,5,direct
ns.n,morgan_804,Morgan chemistry,0.0,1245,0,5,direct
ns.n,morgan_803,Morgan chemistry,0.0,1246,0,5,direct
ns.n,morgan_802,Morgan chemistry,0.0,1247,0,5,direct
ns.n,morgan_801,Morgan chemistry,0.0,1248,0,5,direct
ns.n,morgan_800,Morgan chemistry,0.0,1249,0,5,direct
ns.n,morgan_799,Morgan chemistry,0.0,1250,0,5,direct
ns.n,morgan_2020,Morgan chemistry,0.0,1251,0,5,direct
ns.n,morgan_797,Morgan chemistry,0.0,1252,0,5,direct
ns.n,morgan_796,Morgan chemistry,0.0,1253,0,5,direct
ns.n,morgan_795,Morgan chemistry,0.0,1254,0,5,direct
ns.n,morgan_794,Morgan chemistry,0.0,1255,0,5,direct
ns.n,morgan_793,Morgan chemistry,0.0,1256,0,5,direct
ns.n,morgan_792,Morgan chemistry,0.0,1257,0,5,direct
ns.n,morgan_791,Morgan chemistry,0.0,1258,0,5,direct
ns.n,morgan_790,Morgan chemistry,0.0,1259,0,5,direct
ns.n,morgan_789,Morgan chemistry,0.0,1260,0,5,direct
ns.n,morgan_788,Morgan chemistry,0.0,1261,0,5,direct
ns.n,morgan_787,Morgan chemistry,0.0,1262,0,5,direct
ns.n,morgan_786,Morgan chemistry,0.0,1263,0,5,direct
ns.n,morgan_785,Morgan chemistry,0.0,1264,0,5,direct
ns.n,morgan_784,Morgan chemistry,0.0,1265,0,5,direct
ns.n,morgan_783,Morgan chemistry,0.0,1266,0,5,direct
ns.n,morgan_782,Morgan chemistry,0.0,1267,0,5,direct
ns.n,morgan_2019,Morgan chemistry,0.0,1268,0,5,direct
ns.n,morgan_2018,Morgan chemistry,0.0,1269,0,5,direct
ns.n,morgan_779,Morgan chemistry,0.0,1270,0,5,direct
ns.n,morgan_778,Morgan chemistry,0.0,1271,0,5,direct
ns.n,morgan_777,Morgan chemistry,0.0,1272,0,5,direct
ns.n,morgan_776,Morgan chemistry,0.0,1273,0,5,direct
ns.n,morgan_775,Morgan chemistry,0.0,1274,0,5,direct
ns.n,morgan_774,Morgan chemistry,0.0,1275,0,5,direct
ns.n,morgan_773,Morgan chemistry,0.0,1276,0,5,direct
ns.n,morgan_772,Morgan chemistry,0.0,1277,0,5,direct
ns.n,morgan_771,Morgan chemistry,0.0,1278,0,5,direct
ns.n,morgan_770,Morgan chemistry,0.0,1279,0,5,direct
ns.n,morgan_769,Morgan chemistry,0.0,1280,0,5,direct
ns.n,morgan_768,Morgan chemistry,0.0,1281,0,5,direct
ns.n,morgan_767,Morgan chemistry,0.0,1282,0,5,direct
ns.n,morgan_766,Morgan chemistry,0.0,1283,0,5,direct
ns.n,morgan_765,Morgan chemistry,0.0,1284,0,5,direct
ns.n,morgan_764,Morgan chemistry,0.0,1285,0,5,direct
ns.n,morgan_763,Morgan chemistry,0.0,1286,0,5,direct
ns.n,morgan_762,Morgan chemistry,0.0,1287,0,5,direct
ns.n,morgan_761,Morgan chemistry,0.0,1288,0,5,direct
ns.n,morgan_760,Morgan chemistry,0.0,1289,0,5,direct
ns.n,morgan_759,Morgan chemistry,0.0,1290,0,5,direct
ns.n,morgan_758,Morgan chemistry,0.0,1291,0,5,direct
ns.n,morgan_757,Morgan chemistry,0.0,1292,0,5,direct
ns.n,morgan_756,Morgan chemistry,0.0,1293,0,5,direct
ns.n,morgan_755,Morgan chemistry,0.0,1294,0,5,direct
ns.n,morgan_754,Morgan chemistry,0.0,1295,0,5,direct
ns.n,morgan_753,Morgan chemistry,0.0,1296,0,5,direct
ns.n,morgan_752,Morgan chemistry,0.0,1297,0,5,direct
ns.n,morgan_2017,Morgan chemistry,0.0,1298,0,5,direct
ns.n,morgan_750,Morgan chemistry,0.0,1299,0,5,direct
ns.n,morgan_749,Morgan chemistry,0.0,1300,0,5,direct
ns.n,morgan_748,Morgan chemistry,0.0,1301,0,5,direct
ns.n,morgan_747,Morgan chemistry,0.0,1302,0,5,direct
ns.n,morgan_746,Morgan chemistry,0.0,1303,0,5,direct
ns.n,morgan_745,Morgan chemistry,0.0,1304,0,5,direct
ns.n,morgan_744,Morgan chemistry,0.0,1305,0,5,direct
ns.n,morgan_743,Morgan chemistry,0.0,1306,0,5,direct
ns.n,morgan_742,Morgan chemistry,0.0,1307,0,5,direct
ns.n,morgan_741,Morgan chemistry,0.0,1308,0,5,direct
ns.n,morgan_740,Morgan chemistry,0.0,1309,0,5,direct
ns.n,morgan_2016,Morgan chemistry,0.0,1310,0,5,direct
ns.n,morgan_738,Morgan chemistry,0.0,1311,0,5,direct
ns.n,morgan_737,Morgan chemistry,0.0,1312,0,5,direct
ns.n,morgan_736,Morgan chemistry,0.0,1313,0,5,direct
ns.n,morgan_735,Morgan chemistry,0.0,1314,0,5,direct
ns.n,morgan_734,Morgan chemistry,0.0,1315,0,5,direct
ns.n,morgan_733,Morgan chemistry,0.0,1316,0,5,direct
ns.n,morgan_732,Morgan chemistry,0.0,1317,0,5,direct
ns.n,morgan_731,Morgan chemistry,0.0,1318,0,5,direct
ns.n,morgan_730,Morgan chemistry,0.0,1319,0,5,direct
ns.n,morgan_729,Morgan chemistry,0.0,1320,0,5,direct
ns.n,morgan_2015,Morgan chemistry,0.0,1321,0,5,direct
ns.n,morgan_727,Morgan chemistry,0.0,1322,0,5,direct
ns.n,morgan_726,Morgan chemistry,0.0,1323,0,5,direct
ns.n,morgan_2014,Morgan chemistry,0.0,1324,0,5,direct
ns.n,morgan_724,Morgan chemistry,0.0,1325,0,5,direct
ns.n,morgan_723,Morgan chemistry,0.0,1326,0,5,direct
ns.n,morgan_2013,Morgan chemistry,0.0,1327,0,5,direct
ns.n,morgan_721,Morgan chemistry,0.0,1328,0,5,direct
ns.n,morgan_720,Morgan chemistry,0.0,1329,0,5,direct
ns.n,morgan_719,Morgan chemistry,0.0,1330,0,5,direct
ns.n,morgan_2012,Morgan chemistry,0.0,1331,0,5,direct
ns.n,morgan_717,Morgan chemistry,0.0,1332,0,5,direct
ns.n,morgan_716,Morgan chemistry,0.0,1333,0,5,direct
ns.n,morgan_715,Morgan chemistry,0.0,1334,0,5,direct
ns.n,morgan_714,Morgan chemistry,0.0,1335,0,5,direct
ns.n,morgan_713,Morgan chemistry,0.0,1336,0,5,direct
ns.n,morgan_712,Morgan chemistry,0.0,1337,0,5,direct
ns.n,morgan_711,Morgan chemistry,0.0,1338,0,5,direct
ns.n,morgan_710,Morgan chemistry,0.0,1339,0,5,direct
ns.n,morgan_709,Morgan chemistry,0.0,1340,0,5,direct
ns.n,morgan_708,Morgan chemistry,0.0,1341,0,5,direct
ns.n,morgan_707,Morgan chemistry,0.0,1342,0,5,direct
ns.n,morgan_706,Morgan chemistry,0.0,1343,0,5,direct
ns.n,morgan_705,Morgan chemistry,0.0,1344,0,5,direct
ns.n,morgan_704,Morgan chemistry,0.0,1345,0,5,direct
ns.n,morgan_703,Morgan chemistry,0.0,1346,0,5,direct
ns.n,morgan_702,Morgan chemistry,0.0,1347,0,5,direct
ns.n,morgan_701,Morgan chemistry,0.0,1348,0,5,direct
ns.n,morgan_700,Morgan chemistry,0.0,1349,0,5,direct
ns.n,morgan_2011,Morgan chemistry,0.0,1350,0,5,direct
ns.n,morgan_698,Morgan chemistry,0.0,1351,0,5,direct
ns.n,morgan_697,Morgan chemistry,0.0,1352,0,5,direct
ns.n,morgan_696,Morgan chemistry,0.0,1353,0,5,direct
ns.n,morgan_2010,Morgan chemistry,0.0,1354,0,5,direct
ns.n,morgan_2009,Morgan chemistry,0.0,1355,0,5,direct
ns.n,morgan_693,Morgan chemistry,0.0,1356,0,5,direct
ns.n,morgan_692,Morgan chemistry,0.0,1357,0,5,direct
ns.n,morgan_691,Morgan chemistry,0.0,1358,0,5,direct
ns.n,morgan_690,Morgan chemistry,0.0,1359,0,5,direct
ns.n,morgan_689,Morgan chemistry,0.0,1360,0,5,direct
ns.n,morgan_688,Morgan chemistry,0.0,1361,0,5,direct
ns.n,morgan_687,Morgan chemistry,0.0,1362,0,5,direct
ns.n,morgan_686,Morgan chemistry,0.0,1363,0,5,direct
ns.n,morgan_685,Morgan chemistry,0.0,1364,0,5,direct
ns.n,morgan_684,Morgan chemistry,0.0,1365,0,5,direct
ns.n,morgan_683,Morgan chemistry,0.0,1366,0,5,direct
ns.n,morgan_682,Morgan chemistry,0.0,1367,0,5,direct
ns.n,morgan_681,Morgan chemistry,0.0,1368,0,5,direct
ns.n,morgan_680,Morgan chemistry,0.0,1369,0,5,direct
ns.n,morgan_679,Morgan chemistry,0.0,1370,0,5,direct
ns.n,morgan_678,Morgan chemistry,0.0,1371,0,5,direct
ns.n,morgan_677,Morgan chemistry,0.0,1372,0,5,direct
ns.n,morgan_676,Morgan chemistry,0.0,1373,0,5,direct
ns.n,morgan_675,Morgan chemistry,0.0,1374,0,5,direct
ns.n,morgan_674,Morgan chemistry,0.0,1375,0,5,direct
ns.n,morgan_673,Morgan chemistry,0.0,1376,0,5,direct
ns.n,morgan_672,Morgan chemistry,0.0,1377,0,5,direct
ns.n,morgan_671,Morgan chemistry,0.0,1378,0,5,direct
ns.n,morgan_670,Morgan chemistry,0.0,1379,0,5,direct
ns.n,morgan_669,Morgan chemistry,0.0,1380,0,5,direct
ns.n,morgan_668,Morgan chemistry,0.0,1381,0,5,direct
ns.n,morgan_667,Morgan chemistry,0.0,1382,0,5,direct
ns.n,morgan_666,Morgan chemistry,0.0,1383,0,5,direct
ns.n,morgan_665,Morgan chemistry,0.0,1384,0,5,direct
ns.n,morgan_664,Morgan chemistry,0.0,1385,0,5,direct
ns.n,morgan_663,Morgan chemistry,0.0,1386,0,5,direct
ns.n,morgan_662,Morgan chemistry,0.0,1387,0,5,direct
ns.n,morgan_2008,Morgan chemistry,0.0,1388,0,5,direct
ns.n,morgan_660,Morgan chemistry,0.0,1389,0,5,direct
ns.n,morgan_659,Morgan chemistry,0.0,1390,0,5,direct
ns.n,morgan_658,Morgan chemistry,0.0,1391,0,5,direct
ns.n,morgan_657,Morgan chemistry,0.0,1392,0,5,direct
ns.n,morgan_2007,Morgan chemistry,0.0,1393,0,5,direct
ns.n,morgan_655,Morgan chemistry,0.0,1394,0,5,direct
ns.n,morgan_654,Morgan chemistry,0.0,1395,0,5,direct
ns.n,morgan_653,Morgan chemistry,0.0,1396,0,5,direct
ns.n,morgan_652,Morgan chemistry,0.0,1397,0,5,direct
ns.n,morgan_651,Morgan chemistry,0.0,1398,0,5,direct
ns.n,morgan_650,Morgan chemistry,0.0,1399,0,5,direct
ns.n,morgan_649,Morgan chemistry,0.0,1400,0,5,direct
ns.n,morgan_648,Morgan chemistry,0.0,1401,0,5,direct
ns.n,morgan_647,Morgan chemistry,0.0,1402,0,5,direct
ns.n,morgan_646,Morgan chemistry,0.0,1403,0,5,direct
ns.n,morgan_645,Morgan chemistry,0.0,1404,0,5,direct
ns.n,morgan_644,Morgan chemistry,0.0,1405,0,5,direct
ns.n,morgan_643,Morgan chemistry,0.0,1406,0,5,direct
ns.n,morgan_642,Morgan chemistry,0.0,1407,0,5,direct
ns.n,morgan_641,Morgan chemistry,0.0,1408,0,5,direct
ns.n,morgan_2006,Morgan chemistry,0.0,1409,0,5,direct
ns.n,morgan_639,Morgan chemistry,0.0,1410,0,5,direct
ns.n,morgan_2005,Morgan chemistry,0.0,1411,0,5,direct
ns.n,morgan_637,Morgan chemistry,0.0,1412,0,5,direct
ns.n,morgan_636,Morgan chemistry,0.0,1413,0,5,direct
ns.n,morgan_635,Morgan chemistry,0.0,1414,0,5,direct
ns.n,morgan_634,Morgan chemistry,0.0,1415,0,5,direct
ns.n,morgan_633,Morgan chemistry,0.0,1416,0,5,direct
ns.n,morgan_632,Morgan chemistry,0.0,1417,0,5,direct
ns.n,morgan_631,Morgan chemistry,0.0,1418,0,5,direct
ns.n,morgan_630,Morgan chemistry,0.0,1419,0,5,direct
ns.n,morgan_2004,Morgan chemistry,0.0,1420,0,5,direct
ns.n,morgan_628,Morgan chemistry,0.0,1421,0,5,direct
ns.n,morgan_627,Morgan chemistry,0.0,1422,0,5,direct
ns.n,morgan_626,Morgan chemistry,0.0,1423,0,5,direct
ns.n,morgan_625,Morgan chemistry,0.0,1424,0,5,direct
ns.n,morgan_624,Morgan chemistry,0.0,1425,0,5,direct
ns.n,morgan_623,Morgan chemistry,0.0,1426,0,5,direct
ns.n,morgan_622,Morgan chemistry,0.0,1427,0,5,direct
ns.n,morgan_621,Morgan chemistry,0.0,1428,0,5,direct
ns.n,morgan_620,Morgan chemistry,0.0,1429,0,5,direct
ns.n,morgan_619,Morgan chemistry,0.0,1430,0,5,direct
ns.n,morgan_618,Morgan chemistry,0.0,1431,0,5,direct
ns.n,morgan_617,Morgan chemistry,0.0,1432,0,5,direct
ns.n,morgan_616,Morgan chemistry,0.0,1433,0,5,direct
ns.n,morgan_615,Morgan chemistry,0.0,1434,0,5,direct
ns.n,morgan_614,Morgan chemistry,0.0,1435,0,5,direct
ns.n,morgan_613,Morgan chemistry,0.0,1436,0,5,direct
ns.n,morgan_612,Morgan chemistry,0.0,1437,0,5,direct
ns.n,morgan_611,Morgan chemistry,0.0,1438,0,5,direct
ns.n,morgan_610,Morgan chemistry,0.0,1439,0,5,direct
ns.n,morgan_609,Morgan chemistry,0.0,1440,0,5,direct
ns.n,morgan_608,Morgan chemistry,0.0,1441,0,5,direct
ns.n,morgan_607,Morgan chemistry,0.0,1442,0,5,direct
ns.n,morgan_606,Morgan chemistry,0.0,1443,0,5,direct
ns.n,morgan_605,Morgan chemistry,0.0,1444,0,5,direct
ns.n,morgan_604,Morgan chemistry,0.0,1445,0,5,direct
ns.n,morgan_603,Morgan chemistry,0.0,1446,0,5,direct
ns.n,morgan_602,Morgan chemistry,0.0,1447,0,5,direct
ns.n,morgan_601,Morgan chemistry,0.0,1448,0,5,direct
ns.n,morgan_600,Morgan chemistry,0.0,1449,0,5,direct
ns.n,morgan_599,Morgan chemistry,0.0,1450,0,5,direct
ns.n,morgan_598,Morgan chemistry,0.0,1451,0,5,direct
ns.n,morgan_597,Morgan chemistry,0.0,1452,0,5,direct
ns.n,morgan_596,Morgan chemistry,0.0,1453,0,5,direct
ns.n,morgan_595,Morgan chemistry,0.0,1454,0,5,direct
ns.n,morgan_594,Morgan chemistry,0.0,1455,0,5,direct
ns.n,morgan_593,Morgan chemistry,0.0,1456,0,5,direct
ns.n,morgan_592,Morgan chemistry,0.0,1457,0,5,direct
ns.n,morgan_2003,Morgan chemistry,0.0,1458,0,5,direct
ns.n,morgan_2002,Morgan chemistry,0.0,1459,0,5,direct
ns.n,morgan_2001,Morgan chemistry,0.0,1460,0,5,direct
ns.n,morgan_588,Morgan chemistry,0.0,1461,0,5,direct
ns.n,morgan_587,Morgan chemistry,0.0,1462,0,5,direct
ns.n,morgan_2000,Morgan chemistry,0.0,1463,0,5,direct
ns.n,morgan_585,Morgan chemistry,0.0,1464,0,5,direct
ns.n,morgan_584,Morgan chemistry,0.0,1465,0,5,direct
ns.n,morgan_583,Morgan chemistry,0.0,1466,0,5,direct
ns.n,morgan_582,Morgan chemistry,0.0,1467,0,5,direct
ns.n,morgan_581,Morgan chemistry,0.0,1468,0,5,direct
ns.n,morgan_580,Morgan chemistry,0.0,1469,0,5,direct
ns.n,morgan_579,Morgan chemistry,0.0,1470,0,5,direct
ns.n,morgan_578,Morgan chemistry,0.0,1471,0,5,direct
ns.n,morgan_577,Morgan chemistry,0.0,1472,0,5,direct
ns.n,morgan_576,Morgan chemistry,0.0,1473,0,5,direct
ns.n,morgan_575,Morgan chemistry,0.0,1474,0,5,direct
ns.n,morgan_574,Morgan chemistry,0.0,1475,0,5,direct
ns.n,morgan_573,Morgan chemistry,0.0,1476,0,5,direct
ns.n,morgan_572,Morgan chemistry,0.0,1477,0,5,direct
ns.n,morgan_571,Morgan chemistry,0.0,1478,0,5,direct
ns.n,morgan_570,Morgan chemistry,0.0,1479,0,5,direct
ns.n,morgan_569,Morgan chemistry,0.0,1480,0,5,direct
ns.n,morgan_568,Morgan chemistry,0.0,1481,0,5,direct
ns.n,morgan_567,Morgan chemistry,0.0,1482,0,5,direct
ns.n,morgan_566,Morgan chemistry,0.0,1483,0,5,direct
ns.n,morgan_565,Morgan chemistry,0.0,1484,0,5,direct
ns.n,morgan_564,Morgan chemistry,0.0,1485,0,5,direct
ns.n,morgan_563,Morgan chemistry,0.0,1486,0,5,direct
ns.n,morgan_1999,Morgan chemistry,0.0,1487,0,5,direct
ns.n,morgan_1998,Morgan chemistry,0.0,1488,0,5,direct
ns.n,morgan_560,Morgan chemistry,0.0,1489,0,5,direct
ns.n,morgan_559,Morgan chemistry,0.0,1490,0,5,direct
ns.n,morgan_558,Morgan chemistry,0.0,1491,0,5,direct
ns.n,morgan_557,Morgan chemistry,0.0,1492,0,5,direct
ns.n,morgan_556,Morgan chemistry,0.0,1493,0,5,direct
ns.n,morgan_555,Morgan chemistry,0.0,1494,0,5,direct
ns.n,morgan_554,Morgan chemistry,0.0,1495,0,5,direct
ns.n,morgan_553,Morgan chemistry,0.0,1496,0,5,direct
ns.n,morgan_552,Morgan chemistry,0.0,1497,0,5,direct
ns.n,morgan_551,Morgan chemistry,0.0,1498,0,5,direct
ns.n,morgan_550,Morgan chemistry,0.0,1499,0,5,direct
ns.n,morgan_1997,Morgan chemistry,0.0,1500,0,5,direct
ns.n,morgan_548,Morgan chemistry,0.0,1501,0,5,direct
ns.n,morgan_1996,Morgan chemistry,0.0,1502,0,5,direct
ns.n,morgan_546,Morgan chemistry,0.0,1503,0,5,direct
ns.n,morgan_545,Morgan chemistry,0.0,1504,0,5,direct
ns.n,morgan_1995,Morgan chemistry,0.0,1505,0,5,direct
ns.n,morgan_543,Morgan chemistry,0.0,1506,0,5,direct
ns.n,morgan_542,Morgan chemistry,0.0,1507,0,5,direct
ns.n,morgan_541,Morgan chemistry,0.0,1508,0,5,direct
ns.n,morgan_540,Morgan chemistry,0.0,1509,0,5,direct
ns.n,morgan_539,Morgan chemistry,0.0,1510,0,5,direct
ns.n,morgan_538,Morgan chemistry,0.0,1511,0,5,direct
ns.n,morgan_537,Morgan chemistry,0.0,1512,0,5,direct
ns.n,morgan_536,Morgan chemistry,0.0,1513,0,5,direct
ns.n,morgan_535,Morgan chemistry,0.0,1514,0,5,direct
ns.n,morgan_1994,Morgan chemistry,0.0,1515,0,5,direct
ns.n,morgan_533,Morgan chemistry,0.0,1516,0,5,direct
ns.n,morgan_532,Morgan chemistry,0.0,1517,0,5,direct
ns.n,morgan_531,Morgan chemistry,0.0,1518,0,5,direct
ns.n,morgan_530,Morgan chemistry,0.0,1519,0,5,direct
ns.n,morgan_529,Morgan chemistry,0.0,1520,0,5,direct
ns.n,morgan_528,Morgan chemistry,0.0,1521,0,5,direct
ns.n,morgan_527,Morgan chemistry,0.0,1522,0,5,direct
ns.n,morgan_526,Morgan chemistry,0.0,1523,0,5,direct
ns.n,morgan_1993,Morgan chemistry,0.0,1524,0,5,direct
ns.n,morgan_524,Morgan chemistry,0.0,1525,0,5,direct
ns.n,morgan_523,Morgan chemistry,0.0,1526,0,5,direct
ns.n,morgan_522,Morgan chemistry,0.0,1527,0,5,direct
ns.n,morgan_521,Morgan chemistry,0.0,1528,0,5,direct
ns.n,morgan_520,Morgan chemistry,0.0,1529,0,5,direct
ns.n,morgan_519,Morgan chemistry,0.0,1530,0,5,direct
ns.n,morgan_518,Morgan chemistry,0.0,1531,0,5,direct
ns.n,morgan_517,Morgan chemistry,0.0,1532,0,5,direct
ns.n,morgan_516,Morgan chemistry,0.0,1533,0,5,direct
ns.n,morgan_515,Morgan chemistry,0.0,1534,0,5,direct
ns.n,morgan_514,Morgan chemistry,0.0,1535,0,5,direct
ns.n,morgan_513,Morgan chemistry,0.0,1536,0,5,direct
ns.n,morgan_512,Morgan chemistry,0.0,1537,0,5,direct
ns.n,morgan_511,Morgan chemistry,0.0,1538,0,5,direct
ns.n,morgan_510,Morgan chemistry,0.0,1539,0,5,direct
ns.n,morgan_509,Morgan chemistry,0.0,1540,0,5,direct
ns.n,morgan_508,Morgan chemistry,0.0,1541,0,5,direct
ns.n,morgan_507,Morgan chemistry,0.0,1542,0,5,direct
ns.n,morgan_506,Morgan chemistry,0.0,1543,0,5,direct
ns.n,morgan_505,Morgan chemistry,0.0,1544,0,5,direct
ns.n,morgan_504,Morgan chemistry,0.0,1545,0,5,direct
ns.n,morgan_503,Morgan chemistry,0.0,1546,0,5,direct
ns.n,morgan_502,Morgan chemistry,0.0,1547,0,5,direct
ns.n,morgan_1992,Morgan chemistry,0.0,1548,0,5,direct
ns.n,morgan_500,Morgan chemistry,0.0,1549,0,5,direct
ns.n,morgan_499,Morgan chemistry,0.0,1550,0,5,direct
ns.n,morgan_498,Morgan chemistry,0.0,1551,0,5,direct
ns.n,morgan_497,Morgan chemistry,0.0,1552,0,5,direct
ns.n,morgan_496,Morgan chemistry,0.0,1553,0,5,direct
ns.n,morgan_495,Morgan chemistry,0.0,1554,0,5,direct
ns.n,morgan_494,Morgan chemistry,0.0,1555,0,5,direct
ns.n,morgan_493,Morgan chemistry,0.0,1556,0,5,direct
ns.n,morgan_492,Morgan chemistry,0.0,1557,0,5,direct
ns.n,morgan_491,Morgan chemistry,0.0,1558,0,5,direct
ns.n,morgan_490,Morgan chemistry,0.0,1559,0,5,direct
ns.n,morgan_1990,Morgan chemistry,0.0,1560,0,5,direct
ns.n,morgan_488,Morgan chemistry,0.0,1561,0,5,direct
ns.n,morgan_487,Morgan chemistry,0.0,1562,0,5,direct
ns.n,morgan_1989,Morgan chemistry,0.0,1563,0,5,direct
ns.n,morgan_485,Morgan chemistry,0.0,1564,0,5,direct
ns.n,morgan_484,Morgan chemistry,0.0,1565,0,5,direct
ns.n,morgan_483,Morgan chemistry,0.0,1566,0,5,direct
ns.n,morgan_482,Morgan chemistry,0.0,1567,0,5,direct
ns.n,morgan_481,Morgan chemistry,0.0,1568,0,5,direct
ns.n,morgan_480,Morgan chemistry,0.0,1569,0,5,direct
ns.n,morgan_1988,Morgan chemistry,0.0,1570,0,5,direct
ns.n,morgan_478,Morgan chemistry,0.0,1571,0,5,direct
ns.n,morgan_477,Morgan chemistry,0.0,1572,0,5,direct
ns.n,morgan_476,Morgan chemistry,0.0,1573,0,5,direct
ns.n,morgan_475,Morgan chemistry,0.0,1574,0,5,direct
ns.n,morgan_474,Morgan chemistry,0.0,1575,0,5,direct
ns.n,morgan_473,Morgan chemistry,0.0,1576,0,5,direct
ns.n,morgan_472,Morgan chemistry,0.0,1577,0,5,direct
ns.n,morgan_471,Morgan chemistry,0.0,1578,0,5,direct
ns.n,morgan_470,Morgan chemistry,0.0,1579,0,5,direct
ns.n,morgan_469,Morgan chemistry,0.0,1580,0,5,direct
ns.n,morgan_468,Morgan chemistry,0.0,1581,0,5,direct
ns.n,morgan_467,Morgan chemistry,0.0,1582,0,5,direct
ns.n,morgan_466,Morgan chemistry,0.0,1583,0,5,direct
ns.n,morgan_465,Morgan chemistry,0.0,1584,0,5,direct
ns.n,morgan_464,Morgan chemistry,0.0,1585,0,5,direct
ns.n,morgan_463,Morgan chemistry,0.0,1586,0,5,direct
ns.n,morgan_462,Morgan chemistry,0.0,1587,0,5,direct
ns.n,morgan_461,Morgan chemistry,0.0,1588,0,5,direct
ns.n,morgan_460,Morgan chemistry,0.0,1589,0,5,direct
ns.n,morgan_459,Morgan chemistry,0.0,1590,0,5,direct
ns.n,morgan_458,Morgan chemistry,0.0,1591,0,5,direct
ns.n,morgan_457,Morgan chemistry,0.0,1592,0,5,direct
ns.n,morgan_456,Morgan chemistry,0.0,1593,0,5,direct
ns.n,morgan_455,Morgan chemistry,0.0,1594,0,5,direct
ns.n,morgan_454,Morgan chemistry,0.0,1595,0,5,direct
ns.n,morgan_453,Morgan chemistry,0.0,1596,0,5,direct
ns.n,morgan_452,Morgan chemistry,0.0,1597,0,5,direct
ns.n,morgan_451,Morgan chemistry,0.0,1598,0,5,direct
ns.n,morgan_450,Morgan chemistry,0.0,1599,0,5,direct
ns.n,morgan_449,Morgan chemistry,0.0,1600,0,5,direct
ns.n,morgan_448,Morgan chemistry,0.0,1601,0,5,direct
ns.n,morgan_447,Morgan chemistry,0.0,1602,0,5,direct
ns.n,morgan_446,Morgan chemistry,0.0,1603,0,5,direct
ns.n,morgan_445,Morgan chemistry,0.0,1604,0,5,direct
ns.n,morgan_1987,Morgan chemistry,0.0,1605,0,5,direct
ns.n,morgan_443,Morgan chemistry,0.0,1606,0,5,direct
ns.n,morgan_442,Morgan chemistry,0.0,1607,0,5,direct
ns.n,morgan_1986,Morgan chemistry,0.0,1608,0,5,direct
ns.n,morgan_440,Morgan chemistry,0.0,1609,0,5,direct
ns.n,morgan_439,Morgan chemistry,0.0,1610,0,5,direct
ns.n,morgan_438,Morgan chemistry,0.0,1611,0,5,direct
ns.n,morgan_437,Morgan chemistry,0.0,1612,0,5,direct
ns.n,morgan_436,Morgan chemistry,0.0,1613,0,5,direct
ns.n,morgan_435,Morgan chemistry,0.0,1614,0,5,direct
ns.n,morgan_434,Morgan chemistry,0.0,1615,0,5,direct
ns.n,morgan_433,Morgan chemistry,0.0,1616,0,5,direct
ns.n,morgan_432,Morgan chemistry,0.0,1617,0,5,direct
ns.n,morgan_431,Morgan chemistry,0.0,1618,0,5,direct
ns.n,morgan_430,Morgan chemistry,0.0,1619,0,5,direct
ns.n,morgan_429,Morgan chemistry,0.0,1620,0,5,direct
ns.n,morgan_1985,Morgan chemistry,0.0,1621,0,5,direct
ns.n,morgan_427,Morgan chemistry,0.0,1622,0,5,direct
ns.n,morgan_426,Morgan chemistry,0.0,1623,0,5,direct
ns.n,morgan_425,Morgan chemistry,0.0,1624,0,5,direct
ns.n,morgan_424,Morgan chemistry,0.0,1625,0,5,direct
ns.n,morgan_423,Morgan chemistry,0.0,1626,0,5,direct
ns.n,morgan_422,Morgan chemistry,0.0,1627,0,5,direct
ns.n,morgan_421,Morgan chemistry,0.0,1628,0,5,direct
ns.n,morgan_420,Morgan chemistry,0.0,1629,0,5,direct
ns.n,morgan_419,Morgan chemistry,0.0,1630,0,5,direct
ns.n,morgan_418,Morgan chemistry,0.0,1631,0,5,direct
ns.n,morgan_417,Morgan chemistry,0.0,1632,0,5,direct
ns.n,morgan_416,Morgan chemistry,0.0,1633,0,5,direct
ns.n,morgan_415,Morgan chemistry,0.0,1634,0,5,direct
ns.n,morgan_414,Morgan chemistry,0.0,1635,0,5,direct
ns.n,morgan_413,Morgan chemistry,0.0,1636,0,5,direct
ns.n,morgan_412,Morgan chemistry,0.0,1637,0,5,direct
ns.n,morgan_411,Morgan chemistry,0.0,1638,0,5,direct
ns.n,morgan_410,Morgan chemistry,0.0,1639,0,5,direct
ns.n,morgan_409,Morgan chemistry,0.0,1640,0,5,direct
ns.n,morgan_408,Morgan chemistry,0.0,1641,0,5,direct
ns.n,morgan_407,Morgan chemistry,0.0,1642,0,5,direct
ns.n,morgan_406,Morgan chemistry,0.0,1643,0,5,direct
ns.n,morgan_405,Morgan chemistry,0.0,1644,0,5,direct
ns.n,morgan_404,Morgan chemistry,0.0,1645,0,5,direct
ns.n,morgan_403,Morgan chemistry,0.0,1646,0,5,direct
ns.n,morgan_402,Morgan chemistry,0.0,1647,0,5,direct
ns.n,morgan_401,Morgan chemistry,0.0,1648,0,5,direct
ns.n,morgan_400,Morgan chemistry,0.0,1649,0,5,direct
ns.n,morgan_399,Morgan chemistry,0.0,1650,0,5,direct
ns.n,morgan_398,Morgan chemistry,0.0,1651,0,5,direct
ns.n,morgan_397,Morgan chemistry,0.0,1652,0,5,direct
ns.n,morgan_396,Morgan chemistry,0.0,1653,0,5,direct
ns.n,morgan_395,Morgan chemistry,0.0,1654,0,5,direct
ns.n,morgan_394,Morgan chemistry,0.0,1655,0,5,direct
ns.n,morgan_393,Morgan chemistry,0.0,1656,0,5,direct
ns.n,morgan_392,Morgan chemistry,0.0,1657,0,5,direct
ns.n,morgan_391,Morgan chemistry,0.0,1658,0,5,direct
ns.n,morgan_390,Morgan chemistry,0.0,1659,0,5,direct
ns.n,morgan_1983,Morgan chemistry,0.0,1660,0,5,direct
ns.n,morgan_388,Morgan chemistry,0.0,1661,0,5,direct
ns.n,morgan_387,Morgan chemistry,0.0,1662,0,5,direct
ns.n,morgan_386,Morgan chemistry,0.0,1663,0,5,direct
ns.n,morgan_385,Morgan chemistry,0.0,1664,0,5,direct
ns.n,morgan_384,Morgan chemistry,0.0,1665,0,5,direct
ns.n,morgan_383,Morgan chemistry,0.0,1666,0,5,direct
ns.n,morgan_382,Morgan chemistry,0.0,1667,0,5,direct
ns.n,morgan_381,Morgan chemistry,0.0,1668,0,5,direct
ns.n,morgan_380,Morgan chemistry,0.0,1669,0,5,direct
ns.n,morgan_379,Morgan chemistry,0.0,1670,0,5,direct
ns.n,morgan_378,Morgan chemistry,0.0,1671,0,5,direct
ns.n,morgan_377,Morgan chemistry,0.0,1672,0,5,direct
ns.n,morgan_376,Morgan chemistry,0.0,1673,0,5,direct
ns.n,morgan_375,Morgan chemistry,0.0,1674,0,5,direct
ns.n,morgan_374,Morgan chemistry,0.0,1675,0,5,direct
ns.n,morgan_373,Morgan chemistry,0.0,1676,0,5,direct
ns.n,morgan_372,Morgan chemistry,0.0,1677,0,5,direct
ns.n,morgan_371,Morgan chemistry,0.0,1678,0,5,direct
ns.n,morgan_370,Morgan chemistry,0.0,1679,0,5,direct
ns.n,morgan_369,Morgan chemistry,0.0,1680,0,5,direct
ns.n,morgan_368,Morgan chemistry,0.0,1681,0,5,direct
ns.n,morgan_367,Morgan chemistry,0.0,1682,0,5,direct
ns.n,morgan_1982,Morgan chemistry,0.0,1683,0,5,direct
ns.n,morgan_365,Morgan chemistry,0.0,1684,0,5,direct
ns.n,morgan_364,Morgan chemistry,0.0,1685,0,5,direct
ns.n,morgan_363,Morgan chemistry,0.0,1686,0,5,direct
ns.n,morgan_362,Morgan chemistry,0.0,1687,0,5,direct
ns.n,morgan_361,Morgan chemistry,0.0,1688,0,5,direct
ns.n,morgan_360,Morgan chemistry,0.0,1689,0,5,direct
ns.n,morgan_359,Morgan chemistry,0.0,1690,0,5,direct
ns.n,morgan_358,Morgan chemistry,0.0,1691,0,5,direct
ns.n,morgan_357,Morgan chemistry,0.0,1692,0,5,direct
ns.n,morgan_356,Morgan chemistry,0.0,1693,0,5,direct
ns.n,morgan_355,Morgan chemistry,0.0,1694,0,5,direct
ns.n,morgan_354,Morgan chemistry,0.0,1695,0,5,direct
ns.n,morgan_353,Morgan chemistry,0.0,1696,0,5,direct
ns.n,morgan_1981,Morgan chemistry,0.0,1697,0,5,direct
ns.n,morgan_351,Morgan chemistry,0.0,1698,0,5,direct
ns.n,morgan_350,Morgan chemistry,0.0,1699,0,5,direct
ns.n,morgan_349,Morgan chemistry,0.0,1700,0,5,direct
ns.n,morgan_348,Morgan chemistry,0.0,1701,0,5,direct
ns.n,morgan_347,Morgan chemistry,0.0,1702,0,5,direct
ns.n,morgan_1979,Morgan chemistry,0.0,1703,0,5,direct
ns.n,morgan_345,Morgan chemistry,0.0,1704,0,5,direct
ns.n,morgan_344,Morgan chemistry,0.0,1705,0,5,direct
ns.n,morgan_343,Morgan chemistry,0.0,1706,0,5,direct
ns.n,morgan_342,Morgan chemistry,0.0,1707,0,5,direct
ns.n,morgan_341,Morgan chemistry,0.0,1708,0,5,direct
ns.n,morgan_340,Morgan chemistry,0.0,1709,0,5,direct
ns.n,morgan_339,Morgan chemistry,0.0,1710,0,5,direct
ns.n,morgan_338,Morgan chemistry,0.0,1711,0,5,direct
ns.n,morgan_337,Morgan chemistry,0.0,1712,0,5,direct
ns.n,morgan_336,Morgan chemistry,0.0,1713,0,5,direct
ns.n,morgan_335,Morgan chemistry,0.0,1714,0,5,direct
ns.n,morgan_334,Morgan chemistry,0.0,1715,0,5,direct
ns.n,morgan_333,Morgan chemistry,0.0,1716,0,5,direct
ns.n,morgan_332,Morgan chemistry,0.0,1717,0,5,direct
ns.n,morgan_331,Morgan chemistry,0.0,1718,0,5,direct
ns.n,morgan_330,Morgan chemistry,0.0,1719,0,5,direct
ns.n,morgan_329,Morgan chemistry,0.0,1720,0,5,direct
ns.n,morgan_328,Morgan chemistry,0.0,1721,0,5,direct
ns.n,morgan_327,Morgan chemistry,0.0,1722,0,5,direct
ns.n,morgan_326,Morgan chemistry,0.0,1723,0,5,direct
ns.n,morgan_325,Morgan chemistry,0.0,1724,0,5,direct
ns.n,morgan_324,Morgan chemistry,0.0,1725,0,5,direct
ns.n,morgan_323,Morgan chemistry,0.0,1726,0,5,direct
ns.n,morgan_1978,Morgan chemistry,0.0,1727,0,5,direct
ns.n,morgan_321,Morgan chemistry,0.0,1728,0,5,direct
ns.n,morgan_320,Morgan chemistry,0.0,1729,0,5,direct
ns.n,morgan_319,Morgan chemistry,0.0,1730,0,5,direct
ns.n,morgan_318,Morgan chemistry,0.0,1731,0,5,direct
ns.n,morgan_317,Morgan chemistry,0.0,1732,0,5,direct
ns.n,morgan_1977,Morgan chemistry,0.0,1733,0,5,direct
ns.n,morgan_315,Morgan chemistry,0.0,1734,0,5,direct
ns.n,morgan_1976,Morgan chemistry,0.0,1735,0,5,direct
ns.n,morgan_313,Morgan chemistry,0.0,1736,0,5,direct
ns.n,morgan_312,Morgan chemistry,0.0,1737,0,5,direct
ns.n,morgan_311,Morgan chemistry,0.0,1738,0,5,direct
ns.n,morgan_310,Morgan chemistry,0.0,1739,0,5,direct
ns.n,morgan_309,Morgan chemistry,0.0,1740,0,5,direct
ns.n,morgan_308,Morgan chemistry,0.0,1741,0,5,direct
ns.n,morgan_307,Morgan chemistry,0.0,1742,0,5,direct
ns.n,morgan_306,Morgan chemistry,0.0,1743,0,5,direct
ns.n,morgan_305,Morgan chemistry,0.0,1744,0,5,direct
ns.n,morgan_304,Morgan chemistry,0.0,1745,0,5,direct
ns.n,morgan_303,Morgan chemistry,0.0,1746,0,5,direct
ns.n,morgan_302,Morgan chemistry,0.0,1747,0,5,direct
ns.n,morgan_301,Morgan chemistry,0.0,1748,0,5,direct
ns.n,morgan_1975,Morgan chemistry,0.0,1749,0,5,direct
ns.n,morgan_299,Morgan chemistry,0.0,1750,0,5,direct
ns.n,morgan_298,Morgan chemistry,0.0,1751,0,5,direct
ns.n,morgan_297,Morgan chemistry,0.0,1752,0,5,direct
ns.n,morgan_296,Morgan chemistry,0.0,1753,0,5,direct
ns.n,morgan_295,Morgan chemistry,0.0,1754,0,5,direct
ns.n,morgan_1974,Morgan chemistry,0.0,1755,0,5,direct
ns.n,morgan_293,Morgan chemistry,0.0,1756,0,5,direct
ns.n,morgan_292,Morgan chemistry,0.0,1757,0,5,direct
ns.n,morgan_291,Morgan chemistry,0.0,1758,0,5,direct
ns.n,morgan_290,Morgan chemistry,0.0,1759,0,5,direct
ns.n,morgan_289,Morgan chemistry,0.0,1760,0,5,direct
ns.n,morgan_1973,Morgan chemistry,0.0,1761,0,5,direct
ns.n,morgan_287,Morgan chemistry,0.0,1762,0,5,direct
ns.n,morgan_286,Morgan chemistry,0.0,1763,0,5,direct
ns.n,morgan_285,Morgan chemistry,0.0,1764,0,5,direct
ns.n,morgan_284,Morgan chemistry,0.0,1765,0,5,direct
ns.n,morgan_283,Morgan chemistry,0.0,1766,0,5,direct
ns.n,morgan_282,Morgan chemistry,0.0,1767,0,5,direct
ns.n,morgan_281,Morgan chemistry,0.0,1768,0,5,direct
ns.n,morgan_280,Morgan chemistry,0.0,1769,0,5,direct
ns.n,morgan_279,Morgan chemistry,0.0,1770,0,5,direct
ns.n,morgan_278,Morgan chemistry,0.0,1771,0,5,direct
ns.n,morgan_1972,Morgan chemistry,0.0,1772,0,5,direct
ns.n,morgan_276,Morgan chemistry,0.0,1773,0,5,direct
ns.n,morgan_275,Morgan chemistry,0.0,1774,0,5,direct
ns.n,morgan_274,Morgan chemistry,0.0,1775,0,5,direct
ns.n,morgan_273,Morgan chemistry,0.0,1776,0,5,direct
ns.n,morgan_272,Morgan chemistry,0.0,1777,0,5,direct
ns.n,morgan_271,Morgan chemistry,0.0,1778,0,5,direct
ns.n,morgan_270,Morgan chemistry,0.0,1779,0,5,direct
ns.n,morgan_269,Morgan chemistry,0.0,1780,0,5,direct
ns.n,morgan_268,Morgan chemistry,0.0,1781,0,5,direct
ns.n,morgan_267,Morgan chemistry,0.0,1782,0,5,direct
ns.n,morgan_266,Morgan chemistry,0.0,1783,0,5,direct
ns.n,morgan_265,Morgan chemistry,0.0,1784,0,5,direct
ns.n,morgan_1971,Morgan chemistry,0.0,1785,0,5,direct
ns.n,morgan_263,Morgan chemistry,0.0,1786,0,5,direct
ns.n,morgan_262,Morgan chemistry,0.0,1787,0,5,direct
ns.n,morgan_261,Morgan chemistry,0.0,1788,0,5,direct
ns.n,morgan_260,Morgan chemistry,0.0,1789,0,5,direct
ns.n,morgan_259,Morgan chemistry,0.0,1790,0,5,direct
ns.n,morgan_258,Morgan chemistry,0.0,1791,0,5,direct
ns.n,morgan_257,Morgan chemistry,0.0,1792,0,5,direct
ns.n,morgan_256,Morgan chemistry,0.0,1793,0,5,direct
ns.n,morgan_255,Morgan chemistry,0.0,1794,0,5,direct
ns.n,morgan_254,Morgan chemistry,0.0,1795,0,5,direct
ns.n,morgan_253,Morgan chemistry,0.0,1796,0,5,direct
ns.n,morgan_252,Morgan chemistry,0.0,1797,0,5,direct
ns.n,morgan_251,Morgan chemistry,0.0,1798,0,5,direct
ns.n,morgan_250,Morgan chemistry,0.0,1799,0,5,direct
ns.n,morgan_249,Morgan chemistry,0.0,1800,0,5,direct
ns.n,morgan_248,Morgan chemistry,0.0,1801,0,5,direct
ns.n,morgan_247,Morgan chemistry,0.0,1802,0,5,direct
ns.n,morgan_246,Morgan chemistry,0.0,1803,0,5,direct
ns.n,morgan_245,Morgan chemistry,0.0,1804,0,5,direct
ns.n,morgan_244,Morgan chemistry,0.0,1805,0,5,direct
ns.n,morgan_1970,Morgan chemistry,0.0,1806,0,5,direct
ns.n,morgan_242,Morgan chemistry,0.0,1807,0,5,direct
ns.n,morgan_241,Morgan chemistry,0.0,1808,0,5,direct
ns.n,morgan_1969,Morgan chemistry,0.0,1809,0,5,direct
ns.n,morgan_239,Morgan chemistry,0.0,1810,0,5,direct
ns.n,morgan_238,Morgan chemistry,0.0,1811,0,5,direct
ns.n,morgan_237,Morgan chemistry,0.0,1812,0,5,direct
ns.n,morgan_236,Morgan chemistry,0.0,1813,0,5,direct
ns.n,morgan_235,Morgan chemistry,0.0,1814,0,5,direct
ns.n,morgan_234,Morgan chemistry,0.0,1815,0,5,direct
ns.n,morgan_1968,Morgan chemistry,0.0,1816,0,5,direct
ns.n,morgan_232,Morgan chemistry,0.0,1817,0,5,direct
ns.n,morgan_1967,Morgan chemistry,0.0,1818,0,5,direct
ns.n,morgan_230,Morgan chemistry,0.0,1819,0,5,direct
ns.n,morgan_229,Morgan chemistry,0.0,1820,0,5,direct
ns.n,morgan_228,Morgan chemistry,0.0,1821,0,5,direct
ns.n,morgan_1966,Morgan chemistry,0.0,1822,0,5,direct
ns.n,morgan_226,Morgan chemistry,0.0,1823,0,5,direct
ns.n,morgan_225,Morgan chemistry,0.0,1824,0,5,direct
ns.n,morgan_224,Morgan chemistry,0.0,1825,0,5,direct
ns.n,morgan_223,Morgan chemistry,0.0,1826,0,5,direct
ns.n,morgan_1965,Morgan chemistry,0.0,1827,0,5,direct
ns.n,morgan_221,Morgan chemistry,0.0,1828,0,5,direct
ns.n,morgan_220,Morgan chemistry,0.0,1829,0,5,direct
ns.n,morgan_219,Morgan chemistry,0.0,1830,0,5,direct
ns.n,morgan_218,Morgan chemistry,0.0,1831,0,5,direct
ns.n,morgan_1964,Morgan chemistry,0.0,1832,0,5,direct
ns.n,morgan_1963,Morgan chemistry,0.0,1833,0,5,direct
ns.n,morgan_215,Morgan chemistry,0.0,1834,0,5,direct
ns.n,morgan_214,Morgan chemistry,0.0,1835,0,5,direct
ns.n,morgan_213,Morgan chemistry,0.0,1836,0,5,direct
ns.n,morgan_212,Morgan chemistry,0.0,1837,0,5,direct
ns.n,morgan_211,Morgan chemistry,0.0,1838,0,5,direct
ns.n,morgan_210,Morgan chemistry,0.0,1839,0,5,direct
ns.n,morgan_209,Morgan chemistry,0.0,1840,0,5,direct
ns.n,morgan_208,Morgan chemistry,0.0,1841,0,5,direct
ns.n,morgan_1962,Morgan chemistry,0.0,1842,0,5,direct
ns.n,morgan_206,Morgan chemistry,0.0,1843,0,5,direct
ns.n,morgan_205,Morgan chemistry,0.0,1844,0,5,direct
ns.n,morgan_204,Morgan chemistry,0.0,1845,0,5,direct
ns.n,morgan_1961,Morgan chemistry,0.0,1846,0,5,direct
ns.n,morgan_202,Morgan chemistry,0.0,1847,0,5,direct
ns.n,morgan_201,Morgan chemistry,0.0,1848,0,5,direct
ns.n,morgan_200,Morgan chemistry,0.0,1849,0,5,direct
ns.n,morgan_199,Morgan chemistry,0.0,1850,0,5,direct
ns.n,morgan_198,Morgan chemistry,0.0,1851,0,5,direct
ns.n,morgan_197,Morgan chemistry,0.0,1852,0,5,direct
ns.n,morgan_196,Morgan chemistry,0.0,1853,0,5,direct
ns.n,morgan_195,Morgan chemistry,0.0,1854,0,5,direct
ns.n,morgan_194,Morgan chemistry,0.0,1855,0,5,direct
ns.n,morgan_193,Morgan chemistry,0.0,1856,0,5,direct
ns.n,morgan_1960,Morgan chemistry,0.0,1857,0,5,direct
ns.n,morgan_1959,Morgan chemistry,0.0,1858,0,5,direct
ns.n,morgan_1958,Morgan chemistry,0.0,1859,0,5,direct
ns.n,morgan_189,Morgan chemistry,0.0,1860,0,5,direct
ns.n,morgan_188,Morgan chemistry,0.0,1861,0,5,direct
ns.n,morgan_187,Morgan chemistry,0.0,1862,0,5,direct
ns.n,morgan_186,Morgan chemistry,0.0,1863,0,5,direct
ns.n,morgan_185,Morgan chemistry,0.0,1864,0,5,direct
ns.n,morgan_184,Morgan chemistry,0.0,1865,0,5,direct
ns.n,morgan_183,Morgan chemistry,0.0,1866,0,5,direct
ns.n,morgan_182,Morgan chemistry,0.0,1867,0,5,direct
ns.n,morgan_181,Morgan chemistry,0.0,1868,0,5,direct
ns.n,morgan_180,Morgan chemistry,0.0,1869,0,5,direct
ns.n,morgan_179,Morgan chemistry,0.0,1870,0,5,direct
ns.n,morgan_178,Morgan chemistry,0.0,1871,0,5,direct
ns.n,morgan_444,Morgan chemistry,0.0,1872,0,5,direct
ns.n,morgan_176,Morgan chemistry,0.0,1873,0,5,direct
ns.n,morgan_1957,Morgan chemistry,0.0,1874,0,5,direct
ns.n,morgan_174,Morgan chemistry,0.0,1875,0,5,direct
ns.n,morgan_173,Morgan chemistry,0.0,1876,0,5,direct
ns.n,morgan_172,Morgan chemistry,0.0,1877,0,5,direct
ns.n,morgan_171,Morgan chemistry,0.0,1878,0,5,direct
ns.n,morgan_170,Morgan chemistry,0.0,1879,0,5,direct
ns.n,morgan_169,Morgan chemistry,0.0,1880,0,5,direct
ns.n,morgan_168,Morgan chemistry,0.0,1881,0,5,direct
ns.n,morgan_167,Morgan chemistry,0.0,1882,0,5,direct
ns.n,morgan_166,Morgan chemistry,0.0,1883,0,5,direct
ns.n,morgan_1956,Morgan chemistry,0.0,1884,0,5,direct
ns.n,morgan_164,Morgan chemistry,0.0,1885,0,5,direct
ns.n,morgan_163,Morgan chemistry,0.0,1886,0,5,direct
ns.n,morgan_162,Morgan chemistry,0.0,1887,0,5,direct
ns.n,morgan_161,Morgan chemistry,0.0,1888,0,5,direct
ns.n,morgan_1955,Morgan chemistry,0.0,1889,0,5,direct
ns.n,morgan_159,Morgan chemistry,0.0,1890,0,5,direct
ns.n,morgan_158,Morgan chemistry,0.0,1891,0,5,direct
ns.n,morgan_157,Morgan chemistry,0.0,1892,0,5,direct
ns.n,morgan_156,Morgan chemistry,0.0,1893,0,5,direct
ns.n,morgan_1954,Morgan chemistry,0.0,1894,0,5,direct
ns.n,morgan_154,Morgan chemistry,0.0,1895,0,5,direct
ns.n,morgan_153,Morgan chemistry,0.0,1896,0,5,direct
ns.n,morgan_152,Morgan chemistry,0.0,1897,0,5,direct
ns.n,morgan_151,Morgan chemistry,0.0,1898,0,5,direct
ns.n,morgan_150,Morgan chemistry,0.0,1899,0,5,direct
ns.n,morgan_149,Morgan chemistry,0.0,1900,0,5,direct
ns.n,morgan_148,Morgan chemistry,0.0,1901,0,5,direct
ns.n,morgan_1953,Morgan chemistry,0.0,1902,0,5,direct
ns.n,morgan_146,Morgan chemistry,0.0,1903,0,5,direct
ns.n,morgan_1952,Morgan chemistry,0.0,1904,0,5,direct
ns.n,morgan_144,Morgan chemistry,0.0,1905,0,5,direct
ns.n,morgan_143,Morgan chemistry,0.0,1906,0,5,direct
ns.n,morgan_142,Morgan chemistry,0.0,1907,0,5,direct
ns.n,morgan_141,Morgan chemistry,0.0,1908,0,5,direct
ns.n,morgan_140,Morgan chemistry,0.0,1909,0,5,direct
ns.n,morgan_139,Morgan chemistry,0.0,1910,0,5,direct
ns.n,morgan_138,Morgan chemistry,0.0,1911,0,5,direct
ns.n,morgan_137,Morgan chemistry,0.0,1912,0,5,direct
ns.n,morgan_136,Morgan chemistry,0.0,1913,0,5,direct
ns.n,morgan_135,Morgan chemistry,0.0,1914,0,5,direct
ns.n,morgan_134,Morgan chemistry,0.0,1915,0,5,direct
ns.n,morgan_133,Morgan chemistry,0.0,1916,0,5,direct
ns.n,morgan_132,Morgan chemistry,0.0,1917,0,5,direct
ns.n,morgan_131,Morgan chemistry,0.0,1918,0,5,direct
ns.n,morgan_130,Morgan chemistry,0.0,1919,0,5,direct
ns.n,morgan_129,Morgan chemistry,0.0,1920,0,5,direct
ns.n,morgan_128,Morgan chemistry,0.0,1921,0,5,direct
ns.n,morgan_127,Morgan chemistry,0.0,1922,0,5,direct
ns.n,morgan_126,Morgan chemistry,0.0,1923,0,5,direct
ns.n,morgan_1951,Morgan chemistry,0.0,1924,0,5,direct
ns.n,morgan_124,Morgan chemistry,0.0,1925,0,5,direct
ns.n,morgan_1950,Morgan chemistry,0.0,1926,0,5,direct
ns.n,morgan_122,Morgan chemistry,0.0,1927,0,5,direct
ns.n,morgan_121,Morgan chemistry,0.0,1928,0,5,direct
ns.n,morgan_120,Morgan chemistry,0.0,1929,0,5,direct
ns.n,morgan_1949,Morgan chemistry,0.0,1930,0,5,direct
ns.n,morgan_1948,Morgan chemistry,0.0,1931,0,5,direct
ns.n,morgan_117,Morgan chemistry,0.0,1932,0,5,direct
ns.n,morgan_116,Morgan chemistry,0.0,1933,0,5,direct
ns.n,morgan_115,Morgan chemistry,0.0,1934,0,5,direct
ns.n,morgan_114,Morgan chemistry,0.0,1935,0,5,direct
ns.n,morgan_113,Morgan chemistry,0.0,1936,0,5,direct
ns.n,morgan_1947,Morgan chemistry,0.0,1937,0,5,direct
ns.n,morgan_111,Morgan chemistry,0.0,1938,0,5,direct
ns.n,morgan_110,Morgan chemistry,0.0,1939,0,5,direct
ns.n,morgan_109,Morgan chemistry,0.0,1940,0,5,direct
ns.n,morgan_108,Morgan chemistry,0.0,1941,0,5,direct
ns.n,morgan_107,Morgan chemistry,0.0,1942,0,5,direct
ns.n,morgan_106,Morgan chemistry,0.0,1943,0,5,direct
ns.n,morgan_105,Morgan chemistry,0.0,1944,0,5,direct
ns.n,morgan_104,Morgan chemistry,0.0,1945,0,5,direct
ns.n,morgan_103,Morgan chemistry,0.0,1946,0,5,direct
ns.n,morgan_102,Morgan chemistry,0.0,1947,0,5,direct
ns.n,morgan_101,Morgan chemistry,0.0,1948,0,5,direct
ns.n,morgan_100,Morgan chemistry,0.0,1949,0,5,direct
ns.n,morgan_99,Morgan chemistry,0.0,1950,0,5,direct
ns.n,morgan_98,Morgan chemistry,0.0,1951,0,5,direct
ns.n,morgan_97,Morgan chemistry,0.0,1952,0,5,direct
ns.n,morgan_96,Morgan chemistry,0.0,1953,0,5,direct
ns.n,morgan_95,Morgan chemistry,0.0,1954,0,5,direct
ns.n,morgan_94,Morgan chemistry,0.0,1955,0,5,direct
ns.n,morgan_93,Morgan chemistry,0.0,1956,0,5,direct
ns.n,morgan_92,Morgan chemistry,0.0,1957,0,5,direct
ns.n,morgan_91,Morgan chemistry,0.0,1958,0,5,direct
ns.n,morgan_90,Morgan chemistry,0.0,1959,0,5,direct
ns.n,morgan_89,Morgan chemistry,0.0,1960,0,5,direct
ns.n,morgan_88,Morgan chemistry,0.0,1961,0,5,direct
ns.n,morgan_1946,Morgan chemistry,0.0,1962,0,5,direct
ns.n,morgan_86,Morgan chemistry,0.0,1963,0,5,direct
ns.n,morgan_85,Morgan chemistry,0.0,1964,0,5,direct
ns.n,morgan_84,Morgan chemistry,0.0,1965,0,5,direct
ns.n,morgan_83,Morgan chemistry,0.0,1966,0,5,direct
ns.n,morgan_82,Morgan chemistry,0.0,1967,0,5,direct
ns.n,morgan_81,Morgan chemistry,0.0,1968,0,5,direct
ns.n,morgan_1945,Morgan chemistry,0.0,1969,0,5,direct
ns.n,morgan_79,Morgan chemistry,0.0,1970,0,5,direct
ns.n,morgan_78,Morgan chemistry,0.0,1971,0,5,direct
ns.n,morgan_77,Morgan chemistry,0.0,1972,0,5,direct
ns.n,morgan_76,Morgan chemistry,0.0,1973,0,5,direct
ns.n,morgan_75,Morgan chemistry,0.0,1974,0,5,direct
ns.n,morgan_74,Morgan chemistry,0.0,1975,0,5,direct
ns.n,morgan_73,Morgan chemistry,0.0,1976,0,5,direct
ns.n,morgan_72,Morgan chemistry,0.0,1977,0,5,direct
ns.n,morgan_71,Morgan chemistry,0.0,1978,0,5,direct
ns.n,morgan_1944,Morgan chemistry,0.0,1979,0,5,direct
ns.n,morgan_69,Morgan chemistry,0.0,1980,0,5,direct
ns.n,morgan_68,Morgan chemistry,0.0,1981,0,5,direct
ns.n,morgan_67,Morgan chemistry,0.0,1982,0,5,direct
ns.n,morgan_66,Morgan chemistry,0.0,1983,0,5,direct
ns.n,morgan_65,Morgan chemistry,0.0,1984,0,5,direct
ns.n,morgan_64,Morgan chemistry,0.0,1985,0,5,direct
ns.n,morgan_63,Morgan chemistry,0.0,1986,0,5,direct
ns.n,morgan_62,Morgan chemistry,0.0,1987,0,5,direct
ns.n,morgan_61,Morgan chemistry,0.0,1988,0,5,direct
ns.n,morgan_60,Morgan chemistry,0.0,1989,0,5,direct
ns.n,morgan_59,Morgan chemistry,0.0,1990,0,5,direct
ns.n,morgan_58,Morgan chemistry,0.0,1991,0,5,direct
ns.n,morgan_57,Morgan chemistry,0.0,1992,0,5,direct
ns.n,morgan_56,Morgan chemistry,0.0,1993,0,5,direct
ns.n,morgan_55,Morgan chemistry,0.0,1994,0,5,direct
ns.n,morgan_1943,Morgan chemistry,0.0,1995,0,5,direct
ns.n,morgan_53,Morgan chemistry,0.0,1996,0,5,direct
ns.n,morgan_1942,Morgan chemistry,0.0,1997,0,5,direct
ns.n,morgan_51,Morgan chemistry,0.0,1998,0,5,direct
ns.n,morgan_50,Morgan chemistry,0.0,1999,0,5,direct
ns.n,morgan_49,Morgan chemistry,0.0,2000,0,5,direct
ns.n,morgan_48,Morgan chemistry,0.0,2001,0,5,direct
ns.n,morgan_1941,Morgan chemistry,0.0,2002,0,5,direct
ns.n,morgan_1940,Morgan chemistry,0.0,2003,0,5,direct
ns.n,morgan_45,Morgan chemistry,0.0,2004,0,5,direct
ns.n,morgan_44,Morgan chemistry,0.0,2005,0,5,direct
ns.n,morgan_43,Morgan chemistry,0.0,2006,0,5,direct
ns.n,morgan_42,Morgan chemistry,0.0,2007,0,5,direct
ns.n,morgan_41,Morgan chemistry,0.0,2008,0,5,direct
ns.n,morgan_40,Morgan chemistry,0.0,2009,0,5,direct
ns.n,morgan_39,Morgan chemistry,0.0,2010,0,5,direct
ns.n,morgan_38,Morgan chemistry,0.0,2011,0,5,direct
ns.n,morgan_37,Morgan chemistry,0.0,2012,0,5,direct
ns.n,morgan_36,Morgan chemistry,0.0,2013,0,5,direct
ns.n,morgan_35,Morgan chemistry,0.0,2014,0,5,direct
ns.n,morgan_34,Morgan chemistry,0.0,2015,0,5,direct
ns.n,morgan_33,Morgan chemistry,0.0,2016,0,5,direct
ns.n,morgan_32,Morgan chemistry,0.0,2017,0,5,direct
ns.n,morgan_31,Morgan chemistry,0.0,2018,0,5,direct
ns.n,morgan_30,Morgan chemistry,0.0,2019,0,5,direct
ns.n,morgan_29,Morgan chemistry,0.0,2020,0,5,direct
ns.n,morgan_28,Morgan chemistry,0.0,2021,0,5,direct
ns.n,morgan_27,Morgan chemistry,0.0,2022,0,5,direct
ns.n,morgan_26,Morgan chemistry,0.0,2023,0,5,direct
ns.n,morgan_25,Morgan chemistry,0.0,2024,0,5,direct
ns.n,morgan_1939,Morgan chemistry,0.0,2025,0,5,direct
ns.n,morgan_23,Morgan chemistry,0.0,2026,0,5,direct
ns.n,morgan_22,Morgan chemistry,0.0,2027,0,5,direct
ns.n,morgan_21,Morgan chemistry,0.0,2028,0,5,direct
ns.n,morgan_20,Morgan chemistry,0.0,2029,0,5,direct
ns.n,morgan_19,Morgan chemistry,0.0,2030,0,5,direct
ns.n,morgan_18,Morgan chemistry,0.0,2031,0,5,direct
ns.n,morgan_17,Morgan chemistry,0.0,2032,0,5,direct
ns.n,morgan_16,Morgan chemistry,0.0,2033,0,5,direct
ns.n,morgan_15,Morgan chemistry,0.0,2034,0,5,direct
ns.n,morgan_14,Morgan chemistry,0.0,2035,0,5,direct
ns.n,morgan_13,Morgan chemistry,0.0,2036,0,5,direct
ns.n,morgan_12,Morgan chemistry,0.0,2037,0,5,direct
ns.n,morgan_11,Morgan chemistry,0.0,2038,0,5,direct
ns.n,morgan_10,Morgan chemistry,0.0,2039,0,5,direct
ns.n,morgan_9,Morgan chemistry,0.0,2040,0,5,direct
ns.n,morgan_8,Morgan chemistry,0.0,2041,0,5,direct
ns.n,morgan_7,Morgan chemistry,0.0,2042,0,5,direct
ns.n,morgan_6,Morgan chemistry,0.0,2043,0,5,direct
ns.n,morgan_5,Morgan chemistry,0.0,2044,0,5,direct
ns.n,morgan_4,Morgan chemistry,0.0,2045,0,5,direct
ns.n,morgan_3,Morgan chemistry,0.0,2046,0,5,direct
ns.n,morgan_1938,Morgan chemistry,0.0,2047,0,5,direct
ns.n,morgan_1936,Morgan chemistry,0.0,2048,0,5,direct
ns.n,morgan_1935,Morgan chemistry,0.0,2049,0,5,direct
ns.n,morgan_1934,Morgan chemistry,0.0,2050,0,5,direct
ns.n,morgan_1933,Morgan chemistry,0.0,2051,0,5,direct
ns.n,morgan_1932,Morgan chemistry,0.0,2052,0,5,direct
ns.n,morgan_1931,Morgan chemistry,0.0,2053,0,5,direct
ns.n,morgan_1930,Morgan chemistry,0.0,2054,0,5,direct
ns.n,morgan_1929,Morgan chemistry,0.0,2055,0,5,direct
ns.n,morgan_1928,Morgan chemistry,0.0,2056,0,5,direct
ns.n,morgan_1927,Morgan chemistry,0.0,2057,0,5,direct
ns.n,morgan_1926,Morgan chemistry,0.0,2058,0,5,direct
ns.n,morgan_1925,Morgan chemistry,0.0,2059,0,5,direct
ns.n,morgan_1924,Morgan chemistry,0.0,2060,0,5,direct
ns.n,morgan_1923,Morgan chemistry,0.0,2061,0,5,direct
ns.n,morgan_1922,Morgan chemistry,0.0,2062,0,5,direct
ns.n,morgan_1921,Morgan chemistry,0.0,2063,0,5,direct
ns.n,morgan_1920,Morgan chemistry,0.0,2064,0,5,direct
ns.n,morgan_1919,Morgan chemistry,0.0,2065,0,5,direct
ns.n,morgan_1918,Morgan chemistry,0.0,2066,0,5,direct
ns.n,morgan_1917,Morgan chemistry,0.0,2067,0,5,direct
ns.n,div7_cv.network_missing,DIV7 neural,0.0,2068,0,5,direct
ns.n,div7_cv.time_missing,DIV7 neural,0.0,2069,0,5,direct
ns.n,div7_r_missing,DIV7 neural,0.0,2070,0,5,direct
ns.n,div7_ns.mean.spikes.in.ns_missing,DIV7 neural,0.0,2071,0,5,direct
ns.n,div7_ns.durn.sd_missing,DIV7 neural,0.0,2072,0,5,direct
ns.n,div7_ns.mean.insis_missing,DIV7 neural,0.0,2073,0,5,direct
ns.n,div7_ns.percent.of.spikes.in.ns_missing,DIV7 neural,0.0,2074,0,5,direct
ns.n,div7_ns.durn.m_missing,DIV7 neural,0.0,2075,0,5,direct
ns.n,div7_ns.peak.m_missing,DIV7 neural,0.0,2076,0,5,direct
ns.n,div7_ns.n_missing,DIV7 neural,0.0,2077,0,5,direct
ns.n,div7_nABE_missing,DIV7 neural,0.0,2078,0,5,direct
ns.n,div7_nAE_missing,DIV7 neural,0.0,2079,0,5,direct
ns.n,div7_mean.IBIs_missing,DIV7 neural,0.0,2080,0,5,direct
ns.n,div7_mean.dur_missing,DIV7 neural,0.0,2081,0,5,direct
ns.n,div7_per.spikes.in.burst_missing,DIV7 neural,0.0,2082,0,5,direct
ns.n,div7_mean.isis_missing,DIV7 neural,0.0,2083,0,5,direct
ns.n,div7_burst.per.min_missing,DIV7 neural,0.0,2084,0,5,direct
ns.n,div7_meanfiringrate_missing,DIV7 neural,0.0,2085,0,5,direct
ns.n,div5_cv.network_missing,DIV5 neural,0.0,2086,0,5,direct
ns.n,div5_cv.time_missing,DIV5 neural,0.0,2087,0,5,direct
ns.n,div5_r_missing,DIV5 neural,0.0,2088,0,5,direct
ns.n,div5_ns.mean.spikes.in.ns_missing,DIV5 neural,0.0,2089,0,5,direct
ns.n,div5_ns.durn.sd_missing,DIV5 neural,0.0,2090,0,5,direct
ns.n,div5_ns.mean.insis_missing,DIV5 neural,0.0,2091,0,5,direct
ns.n,div5_ns.percent.of.spikes.in.ns_missing,DIV5 neural,0.0,2092,0,5,direct
ns.n,div5_ns.durn.m_missing,DIV5 neural,0.0,2093,0,5,direct
ns.n,div5_ns.peak.m_missing,DIV5 neural,0.0,2094,0,5,direct
ns.n,div5_ns.n_missing,DIV5 neural,0.0,2095,0,5,direct
ns.n,div5_nABE_missing,DIV5 neural,0.0,2096,0,5,direct
ns.n,div5_nAE_missing,DIV5 neural,0.0,2097,0,5,direct
ns.n,div5_mean.IBIs_missing,DIV5 neural,0.0,2098,0,5,direct
ns.n,div5_mean.dur_missing,DIV5 neural,0.0,2099,0,5,direct
ns.n,div5_per.spikes.in.burst_missing,DIV5 neural,0.0,2100,0,5,direct
ns.n,div5_mean.isis_missing,DIV5 neural,0.0,2101,0,5,direct
ns.n,div5_burst.per.min_missing,DIV5 neural,0.0,2102,0,5,direct
ns.n,div5_meanfiringrate_missing,DIV5 neural,0.0,2103,0,5,direct
ns.n,morgan_1916,Morgan chemistry,0.0,2104,0,5,direct
ns.n,morgan_1915,Morgan chemistry,0.0,2105,0,5,direct
ns.n,morgan_1914,Morgan chemistry,0.0,2106,0,5,direct
ns.n,morgan_1913,Morgan chemistry,0.0,2107,0,5,direct
ns.n,morgan_2042,Morgan chemistry,0.0,2108,0,5,direct
ns.n,morgan_1912,Morgan chemistry,0.0,2109,0,5,direct
ns.n,morgan_1911,Morgan chemistry,0.0,2110,0,5,direct
ns.n,morgan_1910,Morgan chemistry,0.0,2111,0,5,direct
ns.n,morgan_1909,Morgan chemistry,0.0,2112,0,5,direct
ns.n,morgan_1908,Morgan chemistry,0.0,2113,0,5,direct
ns.n,morgan_1907,Morgan chemistry,0.0,2114,0,5,direct
ns.n,morgan_1906,Morgan chemistry,0.0,2115,0,5,direct
ns.n,morgan_1904,Morgan chemistry,0.0,2116,0,5,direct
ns.n,morgan_1903,Morgan chemistry,0.0,2117,0,5,direct
ns.n,morgan_1902,Morgan chemistry,0.0,2118,0,5,direct
ns.n,morgan_1901,Morgan chemistry,0.0,2119,0,5,direct
ns.n,morgan_1900,Morgan chemistry,0.0,2120,0,5,direct
ns.n,morgan_1899,Morgan chemistry,0.0,2121,0,5,direct
ns.n,morgan_1898,Morgan chemistry,0.0,2122,0,5,direct
ns.n,morgan_2039,Morgan chemistry,0.0,2123,0,5,direct
ns.n,morgan_2040,Morgan chemistry,0.0,2124,0,5,direct
ns.n,morgan_2036,Morgan chemistry,0.0,2125,0,5,direct
ns.n,morgan_2035,Morgan chemistry,0.0,2126,0,5,direct
ns.n,morgan_2034,Morgan chemistry,0.0,2127,0,5,direct
ns.n,morgan_2033,Morgan chemistry,0.0,2128,0,5,direct
ns.n,morgan_2032,Morgan chemistry,0.0,2129,0,5,direct
ns.n,morgan_2031,Morgan chemistry,0.0,2130,0,5,direct
ns.n,morgan_2030,Morgan chemistry,0.0,2131,0,5,direct
ns.n,morgan_2029,Morgan chemistry,0.0,2132,0,5,direct
ns.n,morgan_2028,Morgan chemistry,0.0,2133,0,5,direct
ns.n,morgan_2027,Morgan chemistry,0.0,2134,0,5,direct
ns.n,morgan_2026,Morgan chemistry,0.0,2135,0,5,direct
ns.n,morgan_2025,Morgan chemistry,0.0,2136,0,5,direct
ns.n,morgan_2024,Morgan chemistry,0.0,2137,0,5,direct
ns.n,morgan_2023,Morgan chemistry,0.0,2138,0,5,direct
ns.n,morgan_177,Morgan chemistry,0.0,2139,0,5,direct
r,div7_r,DIV7 neural,29.34206808958536,1,0,5,bt_residual
r,morgan_0,Morgan chemistry,3.493319351849389,2,0,5,bt_residual
r,morgan_1802,Morgan chemistry,2.9553227406067606,3,0,5,bt_residual
r,div7_nAE,DIV7 neural,2.6150213605235058,4,0,5,bt_residual
r,div7_ns.percent.of.spikes.in.ns,DIV7 neural,2.450947609393049,5,0,5,bt_residual
r,div5_meanfiringrate,DIV5 neural,2.367809236281577,6,0,5,bt_residual
r,desc_MolMR,RDKit descriptor,2.0517446169129605,7,0,5,bt_residual
r,div5_mean.dur,DIV5 neural,1.9599340490793904,8,0,5,bt_residual
r,div5_r,DIV5 neural,1.9350760048001656,9,0,5,bt_residual
r,div7_burst.per.min,DIV7 neural,1.533802566825184,10,0,5,bt_residual
r,div7_ns.mean.spikes.in.ns,DIV7 neural,1.45086371991421,11,0,5,bt_residual
r,div5_ns.durn.sd,DIV5 neural,1.3642129452775889,12,0,5,bt_residual
r,div7_meanfiringrate,DIV7 neural,1.3397111855592245,13,0,5,bt_residual
r,div7_ns.n,DIV7 neural,1.0070744006086416,14,0,5,bt_residual
r,morgan_316,Morgan chemistry,0.9719488861959732,15,0,5,bt_residual
r,div7_ns.peak.m,DIV7 neural,0.9641287707169233,16,0,5,bt_residual
r,morgan_591,Morgan chemistry,0.9475739994865447,17,0,5,bt_residual
r,div7_cv.time,DIV7 neural,0.8914812770798977,18,0,5,bt_residual
r,div7_ns.durn.m,DIV7 neural,0.8702013353429415,19,0,5,bt_residual
r,div5_burst.per.min,DIV5 neural,0.8602401792771157,20,0,5,bt_residual
r,div5_ns.mean.spikes.in.ns,DIV5 neural,0.6750473438069978,21,0,5,bt_residual
r,div5_cv.network,DIV5 neural,0.6356266073679646,22,0,5,bt_residual
r,div5_per.spikes.in.burst,DIV5 neural,0.5031620639771339,23,0,5,bt_residual
r,div5_nAE,DIV5 neural,0.4576272853153689,24,0,5,bt_residual
r,div7_mean.isis,DIV7 neural,0.45654091296956695,25,0,5,bt_residual
r,div7_ns.mean.insis,DIV7 neural,0.40206287969411114,26,0,5,bt_residual
r,div7_per.spikes.in.burst,DIV7 neural,0.33911569155607707,27,0,5,bt_residual
r,div5_ns.peak.m,DIV5 neural,0.2914112143015583,28,0,5,bt_residual
r,div7_cv.network,DIV7 neural,0.28066817586987863,29,0,5,bt_residual
r,morgan_722,Morgan chemistry,0.27681420470953916,30,0,5,bt_residual
r,morgan_300,Morgan chemistry,0.2455746747176471,31,0,5,bt_residual
r,morgan_47,Morgan chemistry,0.24339042099533378,32,0,5,bt_residual
r,desc_HeavyAtomCount,RDKit descriptor,0.2379479352602235,33,0,5,bt_residual
r,div5_mean.isis,DIV5 neural,0.21814368265148268,34,0,5,bt_residual
r,div7_mean.dur,DIV7 neural,0.19918058076257372,35,0,5,bt_residual
r,div5_ns.percent.of.spikes.in.ns,DIV5 neural,0.18731514628295304,36,0,5,bt_residual
r,div5_ns.n,DIV5 neural,0.18234114145954294,37,0,5,bt_residual
r,desc_NumRotatableBonds,RDKit descriptor,0.16810348896664867,38,0,5,bt_residual
r,div5_ns.mean.insis,DIV5 neural,0.14784019559273923,39,0,5,bt_residual
r,div5_ns.durn.m,DIV5 neural,0.13786828007679505,40,0,5,bt_residual
r,morgan_155,Morgan chemistry,0.13402162915537794,41,0,5,bt_residual
r,morgan_880,Morgan chemistry,0.12537485523446526,42,0,5,bt_residual
r,div5_cv.time,DIV5 neural,0.1026775493696042,43,0,5,bt_residual
r,morgan_294,Morgan chemistry,0.09664754923215636,44,0,5,bt_residual
r,log10_1p_dose,dose,0.09430907916002236,45,0,5,bt_residual
r,morgan_1083,Morgan chemistry,0.08000266227276873,46,0,5,bt_residual
r,div5_mean.IBIs,DIV5 neural,0.07505637662420013,47,0,5,bt_residual
r,morgan_277,Morgan chemistry,0.05742242271334281,48,0,5,bt_residual
r,desc_TPSA,RDKit descriptor,0.050411866332770325,49,0,5,bt_residual
r,div7_ns.durn.sd,DIV7 neural,0.047049884434340064,50,0,5,bt_residual
r,morgan_882,Morgan chemistry,0.04303903616819864,51,0,5,bt_residual
r,div7_mean.IBIs,DIV7 neural,0.04210774351186789,52,0,5,bt_residual
r,morgan_1018,Morgan chemistry,0.04108033755410042,53,0,5,bt_residual
r,morgan_883,Morgan chemistry,0.0405900710287725,54,0,5,bt_residual
r,morgan_970,Morgan chemistry,0.035748581941953426,55,0,5,bt_residual
r,div5_nABE,DIV5 neural,0.03495112467368753,56,0,5,bt_residual
r,morgan_252,Morgan chemistry,0.03309020179718849,57,0,5,bt_residual
r,div7_nABE,DIV7 neural,0.032089001473749657,58,0,5,bt_residual
r,desc_FractionCSP3,RDKit descriptor,0.026771719817521508,59,0,5,bt_residual
r,morgan_629,Morgan chemistry,0.025537771009749476,60,0,5,bt_residual
r,morgan_1999,Morgan chemistry,0.023399309425502435,61,0,5,bt_residual
r,morgan_70,Morgan chemistry,0.020889467766312772,62,0,5,bt_residual
r,morgan_288,Morgan chemistry,0.016945755435335032,63,0,5,bt_residual
r,morgan_1134,Morgan chemistry,0.015159442730914758,64,0,5,bt_residual
r,desc_MolWt,RDKit descriptor,0.013511054768636533,65,0,5,bt_residual
r,morgan_571,Morgan chemistry,0.012917509802584519,66,0,5,bt_residual
r,morgan_610,Morgan chemistry,0.00916876217734489,67,0,5,bt_residual
r,morgan_506,Morgan chemistry,0.00856779057691997,68,0,5,bt_residual
r,desc_MolLogP,RDKit descriptor,0.007904446542494956,69,0,5,bt_residual
r,morgan_1324,Morgan chemistry,0.006506104877486767,70,0,5,bt_residual
r,morgan_335,Morgan chemistry,0.004555805647883434,71,0,5,bt_residual
r,morgan_1727,Morgan chemistry,0.0036679561963804965,72,0,5,bt_residual
r,morgan_445,Morgan chemistry,0.0033646594689513924,73,0,5,bt_residual
r,desc_NumHAcceptors,RDKit descriptor,0.001581925014577487,74,0,5,bt_residual
r,morgan_650,Morgan chemistry,0.0005822331293083814,75,0,5,bt_residual
r,desc_RingCount,RDKit descriptor,0.0003321757576345006,76,0,5,bt_residual
r,morgan_1978,Morgan chemistry,0.0,77,0,5,bt_residual
r,morgan_1977,Morgan chemistry,0.0,78,0,5,bt_residual
r,morgan_1976,Morgan chemistry,0.0,79,0,5,bt_residual
r,morgan_1975,Morgan chemistry,0.0,80,0,5,bt_residual
r,morgan_1974,Morgan chemistry,0.0,81,0,5,bt_residual
r,morgan_1973,Morgan chemistry,0.0,82,0,5,bt_residual
r,morgan_1972,Morgan chemistry,0.0,83,0,5,bt_residual
r,morgan_1971,Morgan chemistry,0.0,84,0,5,bt_residual
r,morgan_1970,Morgan chemistry,0.0,85,0,5,bt_residual
r,morgan_1969,Morgan chemistry,0.0,86,0,5,bt_residual
r,morgan_1968,Morgan chemistry,0.0,87,0,5,bt_residual
r,morgan_1967,Morgan chemistry,0.0,88,0,5,bt_residual
r,morgan_1966,Morgan chemistry,0.0,89,0,5,bt_residual
r,morgan_1965,Morgan chemistry,0.0,90,0,5,bt_residual
r,morgan_1964,Morgan chemistry,0.0,91,0,5,bt_residual
r,morgan_1963,Morgan chemistry,0.0,92,0,5,bt_residual
r,morgan_1962,Morgan chemistry,0.0,93,0,5,bt_residual
r,morgan_1961,Morgan chemistry,0.0,94,0,5,bt_residual
r,morgan_1960,Morgan chemistry,0.0,95,0,5,bt_residual
r,morgan_1959,Morgan chemistry,0.0,96,0,5,bt_residual
r,morgan_1958,Morgan chemistry,0.0,97,0,5,bt_residual
r,morgan_1957,Morgan chemistry,0.0,98,0,5,bt_residual
r,morgan_1956,Morgan chemistry,0.0,99,0,5,bt_residual
r,morgan_1955,Morgan chemistry,0.0,100,0,5,bt_residual
r,morgan_1954,Morgan chemistry,0.0,101,0,5,bt_residual
r,morgan_1953,Morgan chemistry,0.0,102,0,5,bt_residual
r,morgan_1952,Morgan chemistry,0.0,103,0,5,bt_residual
r,morgan_1951,Morgan chemistry,0.0,104,0,5,bt_residual
r,morgan_1950,Morgan chemistry,0.0,105,0,5,bt_residual
r,morgan_1949,Morgan chemistry,0.0,106,0,5,bt_residual
r,morgan_1948,Morgan chemistry,0.0,107,0,5,bt_residual
r,morgan_1947,Morgan chemistry,0.0,108,0,5,bt_residual
r,morgan_1946,Morgan chemistry,0.0,109,0,5,bt_residual
r,morgan_1945,Morgan chemistry,0.0,110,0,5,bt_residual
r,morgan_1944,Morgan chemistry,0.0,111,0,5,bt_residual
r,morgan_1943,Morgan chemistry,0.0,112,0,5,bt_residual
r,morgan_1942,Morgan chemistry,0.0,113,0,5,bt_residual
r,morgan_1941,Morgan chemistry,0.0,114,0,5,bt_residual
r,morgan_1940,Morgan chemistry,0.0,115,0,5,bt_residual
r,morgan_1939,Morgan chemistry,0.0,116,0,5,bt_residual
r,morgan_1938,Morgan chemistry,0.0,117,0,5,bt_residual
r,morgan_1937,Morgan chemistry,0.0,118,0,5,bt_residual
r,morgan_1936,Morgan chemistry,0.0,119,0,5,bt_residual
r,morgan_1935,Morgan chemistry,0.0,120,0,5,bt_residual
r,morgan_1934,Morgan chemistry,0.0,121,0,5,bt_residual
r,morgan_1933,Morgan chemistry,0.0,122,0,5,bt_residual
r,morgan_1932,Morgan chemistry,0.0,123,0,5,bt_residual
r,morgan_1931,Morgan chemistry,0.0,124,0,5,bt_residual
r,morgan_1930,Morgan chemistry,0.0,125,0,5,bt_residual
r,morgan_1929,Morgan chemistry,0.0,126,0,5,bt_residual
r,morgan_1928,Morgan chemistry,0.0,127,0,5,bt_residual
r,morgan_1927,Morgan chemistry,0.0,128,0,5,bt_residual
r,morgan_1926,Morgan chemistry,0.0,129,0,5,bt_residual
r,morgan_1925,Morgan chemistry,0.0,130,0,5,bt_residual
r,morgan_1924,Morgan chemistry,0.0,131,0,5,bt_residual
r,morgan_1923,Morgan chemistry,0.0,132,0,5,bt_residual
r,morgan_1922,Morgan chemistry,0.0,133,0,5,bt_residual
r,morgan_1921,Morgan chemistry,0.0,134,0,5,bt_residual
r,morgan_1920,Morgan chemistry,0.0,135,0,5,bt_residual
r,morgan_1919,Morgan chemistry,0.0,136,0,5,bt_residual
r,morgan_1918,Morgan chemistry,0.0,137,0,5,bt_residual
r,morgan_1917,Morgan chemistry,0.0,138,0,5,bt_residual
r,morgan_1916,Morgan chemistry,0.0,139,0,5,bt_residual
r,morgan_1915,Morgan chemistry,0.0,140,0,5,bt_residual
r,morgan_1914,Morgan chemistry,0.0,141,0,5,bt_residual
r,morgan_1913,Morgan chemistry,0.0,142,0,5,bt_residual
r,morgan_1912,Morgan chemistry,0.0,143,0,5,bt_residual
r,morgan_1911,Morgan chemistry,0.0,144,0,5,bt_residual
r,morgan_1910,Morgan chemistry,0.0,145,0,5,bt_residual
r,morgan_1909,Morgan chemistry,0.0,146,0,5,bt_residual
r,morgan_1908,Morgan chemistry,0.0,147,0,5,bt_residual
r,morgan_1907,Morgan chemistry,0.0,148,0,5,bt_residual
r,morgan_1906,Morgan chemistry,0.0,149,0,5,bt_residual
r,morgan_1905,Morgan chemistry,0.0,150,0,5,bt_residual
r,morgan_1904,Morgan chemistry,0.0,151,0,5,bt_residual
r,morgan_1903,Morgan chemistry,0.0,152,0,5,bt_residual
r,morgan_1902,Morgan chemistry,0.0,153,0,5,bt_residual
r,morgan_1901,Morgan chemistry,0.0,154,0,5,bt_residual
r,morgan_1900,Morgan chemistry,0.0,155,0,5,bt_residual
r,morgan_1899,Morgan chemistry,0.0,156,0,5,bt_residual
r,morgan_1898,Morgan chemistry,0.0,157,0,5,bt_residual
r,morgan_1897,Morgan chemistry,0.0,158,0,5,bt_residual
r,morgan_1896,Morgan chemistry,0.0,159,0,5,bt_residual
r,morgan_1895,Morgan chemistry,0.0,160,0,5,bt_residual
r,morgan_1894,Morgan chemistry,0.0,161,0,5,bt_residual
r,morgan_1893,Morgan chemistry,0.0,162,0,5,bt_residual
r,morgan_1892,Morgan chemistry,0.0,163,0,5,bt_residual
r,morgan_1891,Morgan chemistry,0.0,164,0,5,bt_residual
r,morgan_1890,Morgan chemistry,0.0,165,0,5,bt_residual
r,morgan_1889,Morgan chemistry,0.0,166,0,5,bt_residual
r,morgan_1888,Morgan chemistry,0.0,167,0,5,bt_residual
r,morgan_1887,Morgan chemistry,0.0,168,0,5,bt_residual
r,morgan_1886,Morgan chemistry,0.0,169,0,5,bt_residual
r,morgan_1885,Morgan chemistry,0.0,170,0,5,bt_residual
r,morgan_1884,Morgan chemistry,0.0,171,0,5,bt_residual
r,morgan_1883,Morgan chemistry,0.0,172,0,5,bt_residual
r,morgan_1882,Morgan chemistry,0.0,173,0,5,bt_residual
r,morgan_1881,Morgan chemistry,0.0,174,0,5,bt_residual
r,morgan_1880,Morgan chemistry,0.0,175,0,5,bt_residual
r,morgan_1879,Morgan chemistry,0.0,176,0,5,bt_residual
r,morgan_1878,Morgan chemistry,0.0,177,0,5,bt_residual
r,morgan_1877,Morgan chemistry,0.0,178,0,5,bt_residual
r,morgan_1876,Morgan chemistry,0.0,179,0,5,bt_residual
r,morgan_1875,Morgan chemistry,0.0,180,0,5,bt_residual
r,morgan_1874,Morgan chemistry,0.0,181,0,5,bt_residual
r,morgan_1873,Morgan chemistry,0.0,182,0,5,bt_residual
r,morgan_1872,Morgan chemistry,0.0,183,0,5,bt_residual
r,morgan_1871,Morgan chemistry,0.0,184,0,5,bt_residual
r,morgan_1870,Morgan chemistry,0.0,185,0,5,bt_residual
r,morgan_1869,Morgan chemistry,0.0,186,0,5,bt_residual
r,morgan_1868,Morgan chemistry,0.0,187,0,5,bt_residual
r,morgan_1867,Morgan chemistry,0.0,188,0,5,bt_residual
r,morgan_1866,Morgan chemistry,0.0,189,0,5,bt_residual
r,morgan_1865,Morgan chemistry,0.0,190,0,5,bt_residual
r,morgan_1864,Morgan chemistry,0.0,191,0,5,bt_residual
r,morgan_1863,Morgan chemistry,0.0,192,0,5,bt_residual
r,morgan_1862,Morgan chemistry,0.0,193,0,5,bt_residual
r,morgan_1861,Morgan chemistry,0.0,194,0,5,bt_residual
r,morgan_1860,Morgan chemistry,0.0,195,0,5,bt_residual
r,morgan_1859,Morgan chemistry,0.0,196,0,5,bt_residual
r,morgan_1858,Morgan chemistry,0.0,197,0,5,bt_residual
r,morgan_1857,Morgan chemistry,0.0,198,0,5,bt_residual
r,morgan_1856,Morgan chemistry,0.0,199,0,5,bt_residual
r,morgan_1855,Morgan chemistry,0.0,200,0,5,bt_residual
r,morgan_1854,Morgan chemistry,0.0,201,0,5,bt_residual
r,morgan_1853,Morgan chemistry,0.0,202,0,5,bt_residual
r,morgan_1852,Morgan chemistry,0.0,203,0,5,bt_residual
r,morgan_1851,Morgan chemistry,0.0,204,0,5,bt_residual
r,morgan_1850,Morgan chemistry,0.0,205,0,5,bt_residual
r,morgan_1849,Morgan chemistry,0.0,206,0,5,bt_residual
r,morgan_1848,Morgan chemistry,0.0,207,0,5,bt_residual
r,morgan_1847,Morgan chemistry,0.0,208,0,5,bt_residual
r,morgan_1846,Morgan chemistry,0.0,209,0,5,bt_residual
r,morgan_1845,Morgan chemistry,0.0,210,0,5,bt_residual
r,morgan_1844,Morgan chemistry,0.0,211,0,5,bt_residual
r,morgan_1843,Morgan chemistry,0.0,212,0,5,bt_residual
r,morgan_1842,Morgan chemistry,0.0,213,0,5,bt_residual
r,morgan_1841,Morgan chemistry,0.0,214,0,5,bt_residual
r,morgan_1840,Morgan chemistry,0.0,215,0,5,bt_residual
r,morgan_1839,Morgan chemistry,0.0,216,0,5,bt_residual
r,morgan_1838,Morgan chemistry,0.0,217,0,5,bt_residual
r,morgan_1837,Morgan chemistry,0.0,218,0,5,bt_residual
r,morgan_1836,Morgan chemistry,0.0,219,0,5,bt_residual
r,morgan_1835,Morgan chemistry,0.0,220,0,5,bt_residual
r,morgan_1834,Morgan chemistry,0.0,221,0,5,bt_residual
r,morgan_1833,Morgan chemistry,0.0,222,0,5,bt_residual
r,morgan_1832,Morgan chemistry,0.0,223,0,5,bt_residual
r,morgan_1831,Morgan chemistry,0.0,224,0,5,bt_residual
r,morgan_1830,Morgan chemistry,0.0,225,0,5,bt_residual
r,morgan_1829,Morgan chemistry,0.0,226,0,5,bt_residual
r,morgan_1828,Morgan chemistry,0.0,227,0,5,bt_residual
r,morgan_1827,Morgan chemistry,0.0,228,0,5,bt_residual
r,morgan_1826,Morgan chemistry,0.0,229,0,5,bt_residual
r,morgan_1825,Morgan chemistry,0.0,230,0,5,bt_residual
r,morgan_1824,Morgan chemistry,0.0,231,0,5,bt_residual
r,morgan_1823,Morgan chemistry,0.0,232,0,5,bt_residual
r,morgan_1822,Morgan chemistry,0.0,233,0,5,bt_residual
r,morgan_1821,Morgan chemistry,0.0,234,0,5,bt_residual
r,morgan_1820,Morgan chemistry,0.0,235,0,5,bt_residual
r,morgan_1819,Morgan chemistry,0.0,236,0,5,bt_residual
r,morgan_1818,Morgan chemistry,0.0,237,0,5,bt_residual
r,morgan_1817,Morgan chemistry,0.0,238,0,5,bt_residual
r,morgan_1816,Morgan chemistry,0.0,239,0,5,bt_residual
r,morgan_1815,Morgan chemistry,0.0,240,0,5,bt_residual
r,morgan_1814,Morgan chemistry,0.0,241,0,5,bt_residual
r,morgan_1813,Morgan chemistry,0.0,242,0,5,bt_residual
r,morgan_1812,Morgan chemistry,0.0,243,0,5,bt_residual
r,morgan_1811,Morgan chemistry,0.0,244,0,5,bt_residual
r,morgan_1810,Morgan chemistry,0.0,245,0,5,bt_residual
r,morgan_1809,Morgan chemistry,0.0,246,0,5,bt_residual
r,morgan_1808,Morgan chemistry,0.0,247,0,5,bt_residual
r,morgan_1807,Morgan chemistry,0.0,248,0,5,bt_residual
r,morgan_1806,Morgan chemistry,0.0,249,0,5,bt_residual
r,morgan_1805,Morgan chemistry,0.0,250,0,5,bt_residual
r,morgan_1804,Morgan chemistry,0.0,251,0,5,bt_residual
r,morgan_1803,Morgan chemistry,0.0,252,0,5,bt_residual
r,morgan_1801,Morgan chemistry,0.0,253,0,5,bt_residual
r,morgan_1800,Morgan chemistry,0.0,254,0,5,bt_residual
r,morgan_1799,Morgan chemistry,0.0,255,0,5,bt_residual
r,morgan_1798,Morgan chemistry,0.0,256,0,5,bt_residual
r,morgan_1797,Morgan chemistry,0.0,257,0,5,bt_residual
r,morgan_1796,Morgan chemistry,0.0,258,0,5,bt_residual
r,morgan_1795,Morgan chemistry,0.0,259,0,5,bt_residual
r,morgan_1794,Morgan chemistry,0.0,260,0,5,bt_residual
r,morgan_1793,Morgan chemistry,0.0,261,0,5,bt_residual
r,morgan_1792,Morgan chemistry,0.0,262,0,5,bt_residual
r,morgan_1791,Morgan chemistry,0.0,263,0,5,bt_residual
r,morgan_1790,Morgan chemistry,0.0,264,0,5,bt_residual
r,morgan_1789,Morgan chemistry,0.0,265,0,5,bt_residual
r,morgan_1788,Morgan chemistry,0.0,266,0,5,bt_residual
r,morgan_1787,Morgan chemistry,0.0,267,0,5,bt_residual
r,morgan_1786,Morgan chemistry,0.0,268,0,5,bt_residual
r,morgan_1785,Morgan chemistry,0.0,269,0,5,bt_residual
r,morgan_1784,Morgan chemistry,0.0,270,0,5,bt_residual
r,morgan_1783,Morgan chemistry,0.0,271,0,5,bt_residual
r,morgan_1782,Morgan chemistry,0.0,272,0,5,bt_residual
r,morgan_1781,Morgan chemistry,0.0,273,0,5,bt_residual
r,morgan_1780,Morgan chemistry,0.0,274,0,5,bt_residual
r,morgan_1779,Morgan chemistry,0.0,275,0,5,bt_residual
r,morgan_1778,Morgan chemistry,0.0,276,0,5,bt_residual
r,morgan_1777,Morgan chemistry,0.0,277,0,5,bt_residual
r,morgan_1776,Morgan chemistry,0.0,278,0,5,bt_residual
r,morgan_1775,Morgan chemistry,0.0,279,0,5,bt_residual
r,morgan_1774,Morgan chemistry,0.0,280,0,5,bt_residual
r,morgan_1773,Morgan chemistry,0.0,281,0,5,bt_residual
r,morgan_1772,Morgan chemistry,0.0,282,0,5,bt_residual
r,morgan_1771,Morgan chemistry,0.0,283,0,5,bt_residual
r,morgan_1770,Morgan chemistry,0.0,284,0,5,bt_residual
r,morgan_1769,Morgan chemistry,0.0,285,0,5,bt_residual
r,morgan_1768,Morgan chemistry,0.0,286,0,5,bt_residual
r,morgan_1767,Morgan chemistry,0.0,287,0,5,bt_residual
r,morgan_1766,Morgan chemistry,0.0,288,0,5,bt_residual
r,morgan_1765,Morgan chemistry,0.0,289,0,5,bt_residual
r,morgan_1764,Morgan chemistry,0.0,290,0,5,bt_residual
r,morgan_1763,Morgan chemistry,0.0,291,0,5,bt_residual
r,morgan_1762,Morgan chemistry,0.0,292,0,5,bt_residual
r,morgan_1761,Morgan chemistry,0.0,293,0,5,bt_residual
r,morgan_1760,Morgan chemistry,0.0,294,0,5,bt_residual
r,morgan_1759,Morgan chemistry,0.0,295,0,5,bt_residual
r,morgan_1758,Morgan chemistry,0.0,296,0,5,bt_residual
r,morgan_1757,Morgan chemistry,0.0,297,0,5,bt_residual
r,morgan_1756,Morgan chemistry,0.0,298,0,5,bt_residual
r,morgan_1755,Morgan chemistry,0.0,299,0,5,bt_residual
r,morgan_1754,Morgan chemistry,0.0,300,0,5,bt_residual
r,morgan_1753,Morgan chemistry,0.0,301,0,5,bt_residual
r,morgan_1752,Morgan chemistry,0.0,302,0,5,bt_residual
r,morgan_1751,Morgan chemistry,0.0,303,0,5,bt_residual
r,morgan_1750,Morgan chemistry,0.0,304,0,5,bt_residual
r,morgan_1749,Morgan chemistry,0.0,305,0,5,bt_residual
r,morgan_1748,Morgan chemistry,0.0,306,0,5,bt_residual
r,morgan_1747,Morgan chemistry,0.0,307,0,5,bt_residual
r,morgan_1746,Morgan chemistry,0.0,308,0,5,bt_residual
r,morgan_1745,Morgan chemistry,0.0,309,0,5,bt_residual
r,morgan_1744,Morgan chemistry,0.0,310,0,5,bt_residual
r,morgan_1743,Morgan chemistry,0.0,311,0,5,bt_residual
r,morgan_1742,Morgan chemistry,0.0,312,0,5,bt_residual
r,morgan_1741,Morgan chemistry,0.0,313,0,5,bt_residual
r,morgan_1740,Morgan chemistry,0.0,314,0,5,bt_residual
r,morgan_1739,Morgan chemistry,0.0,315,0,5,bt_residual
r,morgan_1738,Morgan chemistry,0.0,316,0,5,bt_residual
r,morgan_1737,Morgan chemistry,0.0,317,0,5,bt_residual
r,morgan_1736,Morgan chemistry,0.0,318,0,5,bt_residual
r,morgan_1735,Morgan chemistry,0.0,319,0,5,bt_residual
r,morgan_1734,Morgan chemistry,0.0,320,0,5,bt_residual
r,morgan_1733,Morgan chemistry,0.0,321,0,5,bt_residual
r,morgan_1732,Morgan chemistry,0.0,322,0,5,bt_residual
r,morgan_1731,Morgan chemistry,0.0,323,0,5,bt_residual
r,morgan_1730,Morgan chemistry,0.0,324,0,5,bt_residual
r,morgan_1729,Morgan chemistry,0.0,325,0,5,bt_residual
r,morgan_1728,Morgan chemistry,0.0,326,0,5,bt_residual
r,morgan_1726,Morgan chemistry,0.0,327,0,5,bt_residual
r,morgan_1725,Morgan chemistry,0.0,328,0,5,bt_residual
r,morgan_1724,Morgan chemistry,0.0,329,0,5,bt_residual
r,morgan_1723,Morgan chemistry,0.0,330,0,5,bt_residual
r,morgan_1722,Morgan chemistry,0.0,331,0,5,bt_residual
r,morgan_1721,Morgan chemistry,0.0,332,0,5,bt_residual
r,morgan_1720,Morgan chemistry,0.0,333,0,5,bt_residual
r,morgan_1719,Morgan chemistry,0.0,334,0,5,bt_residual
r,morgan_1718,Morgan chemistry,0.0,335,0,5,bt_residual
r,morgan_1717,Morgan chemistry,0.0,336,0,5,bt_residual
r,morgan_1716,Morgan chemistry,0.0,337,0,5,bt_residual
r,morgan_1715,Morgan chemistry,0.0,338,0,5,bt_residual
r,morgan_1714,Morgan chemistry,0.0,339,0,5,bt_residual
r,morgan_1713,Morgan chemistry,0.0,340,0,5,bt_residual
r,morgan_1712,Morgan chemistry,0.0,341,0,5,bt_residual
r,morgan_1711,Morgan chemistry,0.0,342,0,5,bt_residual
r,morgan_1710,Morgan chemistry,0.0,343,0,5,bt_residual
r,morgan_1709,Morgan chemistry,0.0,344,0,5,bt_residual
r,morgan_1708,Morgan chemistry,0.0,345,0,5,bt_residual
r,morgan_1707,Morgan chemistry,0.0,346,0,5,bt_residual
r,morgan_1706,Morgan chemistry,0.0,347,0,5,bt_residual
r,morgan_1705,Morgan chemistry,0.0,348,0,5,bt_residual
r,morgan_1704,Morgan chemistry,0.0,349,0,5,bt_residual
r,morgan_1703,Morgan chemistry,0.0,350,0,5,bt_residual
r,morgan_1702,Morgan chemistry,0.0,351,0,5,bt_residual
r,morgan_1701,Morgan chemistry,0.0,352,0,5,bt_residual
r,morgan_1700,Morgan chemistry,0.0,353,0,5,bt_residual
r,morgan_1699,Morgan chemistry,0.0,354,0,5,bt_residual
r,morgan_1698,Morgan chemistry,0.0,355,0,5,bt_residual
r,morgan_1697,Morgan chemistry,0.0,356,0,5,bt_residual
r,morgan_1696,Morgan chemistry,0.0,357,0,5,bt_residual
r,morgan_1695,Morgan chemistry,0.0,358,0,5,bt_residual
r,morgan_1694,Morgan chemistry,0.0,359,0,5,bt_residual
r,morgan_1693,Morgan chemistry,0.0,360,0,5,bt_residual
r,morgan_1692,Morgan chemistry,0.0,361,0,5,bt_residual
r,morgan_1691,Morgan chemistry,0.0,362,0,5,bt_residual
r,morgan_1690,Morgan chemistry,0.0,363,0,5,bt_residual
r,morgan_1689,Morgan chemistry,0.0,364,0,5,bt_residual
r,morgan_1688,Morgan chemistry,0.0,365,0,5,bt_residual
r,morgan_1687,Morgan chemistry,0.0,366,0,5,bt_residual
r,morgan_1686,Morgan chemistry,0.0,367,0,5,bt_residual
r,morgan_1685,Morgan chemistry,0.0,368,0,5,bt_residual
r,morgan_1684,Morgan chemistry,0.0,369,0,5,bt_residual
r,morgan_1683,Morgan chemistry,0.0,370,0,5,bt_residual
r,morgan_1682,Morgan chemistry,0.0,371,0,5,bt_residual
r,morgan_1681,Morgan chemistry,0.0,372,0,5,bt_residual
r,morgan_1680,Morgan chemistry,0.0,373,0,5,bt_residual
r,morgan_1679,Morgan chemistry,0.0,374,0,5,bt_residual
r,morgan_1678,Morgan chemistry,0.0,375,0,5,bt_residual
r,morgan_1677,Morgan chemistry,0.0,376,0,5,bt_residual
r,morgan_1676,Morgan chemistry,0.0,377,0,5,bt_residual
r,morgan_1675,Morgan chemistry,0.0,378,0,5,bt_residual
r,morgan_1674,Morgan chemistry,0.0,379,0,5,bt_residual
r,morgan_1673,Morgan chemistry,0.0,380,0,5,bt_residual
r,morgan_1672,Morgan chemistry,0.0,381,0,5,bt_residual
r,morgan_1671,Morgan chemistry,0.0,382,0,5,bt_residual
r,morgan_1670,Morgan chemistry,0.0,383,0,5,bt_residual
r,morgan_1669,Morgan chemistry,0.0,384,0,5,bt_residual
r,morgan_1668,Morgan chemistry,0.0,385,0,5,bt_residual
r,morgan_1667,Morgan chemistry,0.0,386,0,5,bt_residual
r,morgan_1666,Morgan chemistry,0.0,387,0,5,bt_residual
r,morgan_1665,Morgan chemistry,0.0,388,0,5,bt_residual
r,morgan_1664,Morgan chemistry,0.0,389,0,5,bt_residual
r,morgan_1663,Morgan chemistry,0.0,390,0,5,bt_residual
r,morgan_1662,Morgan chemistry,0.0,391,0,5,bt_residual
r,morgan_1661,Morgan chemistry,0.0,392,0,5,bt_residual
r,morgan_1660,Morgan chemistry,0.0,393,0,5,bt_residual
r,morgan_1659,Morgan chemistry,0.0,394,0,5,bt_residual
r,morgan_1658,Morgan chemistry,0.0,395,0,5,bt_residual
r,morgan_1657,Morgan chemistry,0.0,396,0,5,bt_residual
r,morgan_1656,Morgan chemistry,0.0,397,0,5,bt_residual
r,morgan_1655,Morgan chemistry,0.0,398,0,5,bt_residual
r,morgan_1654,Morgan chemistry,0.0,399,0,5,bt_residual
r,morgan_1653,Morgan chemistry,0.0,400,0,5,bt_residual
r,morgan_1652,Morgan chemistry,0.0,401,0,5,bt_residual
r,morgan_1651,Morgan chemistry,0.0,402,0,5,bt_residual
r,morgan_1650,Morgan chemistry,0.0,403,0,5,bt_residual
r,morgan_1649,Morgan chemistry,0.0,404,0,5,bt_residual
r,morgan_1648,Morgan chemistry,0.0,405,0,5,bt_residual
r,morgan_1647,Morgan chemistry,0.0,406,0,5,bt_residual
r,morgan_1646,Morgan chemistry,0.0,407,0,5,bt_residual
r,morgan_1645,Morgan chemistry,0.0,408,0,5,bt_residual
r,morgan_1644,Morgan chemistry,0.0,409,0,5,bt_residual
r,morgan_1643,Morgan chemistry,0.0,410,0,5,bt_residual
r,morgan_1642,Morgan chemistry,0.0,411,0,5,bt_residual
r,morgan_1641,Morgan chemistry,0.0,412,0,5,bt_residual
r,morgan_1640,Morgan chemistry,0.0,413,0,5,bt_residual
r,morgan_1639,Morgan chemistry,0.0,414,0,5,bt_residual
r,morgan_1638,Morgan chemistry,0.0,415,0,5,bt_residual
r,morgan_1637,Morgan chemistry,0.0,416,0,5,bt_residual
r,morgan_1636,Morgan chemistry,0.0,417,0,5,bt_residual
r,morgan_1635,Morgan chemistry,0.0,418,0,5,bt_residual
r,morgan_1634,Morgan chemistry,0.0,419,0,5,bt_residual
r,morgan_1633,Morgan chemistry,0.0,420,0,5,bt_residual
r,morgan_1632,Morgan chemistry,0.0,421,0,5,bt_residual
r,morgan_1631,Morgan chemistry,0.0,422,0,5,bt_residual
r,morgan_1630,Morgan chemistry,0.0,423,0,5,bt_residual
r,morgan_1629,Morgan chemistry,0.0,424,0,5,bt_residual
r,morgan_1628,Morgan chemistry,0.0,425,0,5,bt_residual
r,morgan_1627,Morgan chemistry,0.0,426,0,5,bt_residual
r,morgan_1626,Morgan chemistry,0.0,427,0,5,bt_residual
r,morgan_1625,Morgan chemistry,0.0,428,0,5,bt_residual
r,morgan_1624,Morgan chemistry,0.0,429,0,5,bt_residual
r,morgan_1623,Morgan chemistry,0.0,430,0,5,bt_residual
r,morgan_1622,Morgan chemistry,0.0,431,0,5,bt_residual
r,morgan_1621,Morgan chemistry,0.0,432,0,5,bt_residual
r,morgan_1620,Morgan chemistry,0.0,433,0,5,bt_residual
r,morgan_1619,Morgan chemistry,0.0,434,0,5,bt_residual
r,morgan_1618,Morgan chemistry,0.0,435,0,5,bt_residual
r,morgan_1617,Morgan chemistry,0.0,436,0,5,bt_residual
r,morgan_1616,Morgan chemistry,0.0,437,0,5,bt_residual
r,morgan_1615,Morgan chemistry,0.0,438,0,5,bt_residual
r,morgan_1614,Morgan chemistry,0.0,439,0,5,bt_residual
r,morgan_1613,Morgan chemistry,0.0,440,0,5,bt_residual
r,morgan_1612,Morgan chemistry,0.0,441,0,5,bt_residual
r,morgan_1611,Morgan chemistry,0.0,442,0,5,bt_residual
r,morgan_1610,Morgan chemistry,0.0,443,0,5,bt_residual
r,morgan_1609,Morgan chemistry,0.0,444,0,5,bt_residual
r,morgan_1608,Morgan chemistry,0.0,445,0,5,bt_residual
r,morgan_1607,Morgan chemistry,0.0,446,0,5,bt_residual
r,morgan_1606,Morgan chemistry,0.0,447,0,5,bt_residual
r,morgan_1605,Morgan chemistry,0.0,448,0,5,bt_residual
r,morgan_1604,Morgan chemistry,0.0,449,0,5,bt_residual
r,morgan_1603,Morgan chemistry,0.0,450,0,5,bt_residual
r,morgan_1602,Morgan chemistry,0.0,451,0,5,bt_residual
r,morgan_1601,Morgan chemistry,0.0,452,0,5,bt_residual
r,morgan_1600,Morgan chemistry,0.0,453,0,5,bt_residual
r,morgan_1599,Morgan chemistry,0.0,454,0,5,bt_residual
r,morgan_1598,Morgan chemistry,0.0,455,0,5,bt_residual
r,morgan_1597,Morgan chemistry,0.0,456,0,5,bt_residual
r,morgan_1596,Morgan chemistry,0.0,457,0,5,bt_residual
r,morgan_1595,Morgan chemistry,0.0,458,0,5,bt_residual
r,morgan_1594,Morgan chemistry,0.0,459,0,5,bt_residual
r,morgan_1593,Morgan chemistry,0.0,460,0,5,bt_residual
r,morgan_1592,Morgan chemistry,0.0,461,0,5,bt_residual
r,morgan_1591,Morgan chemistry,0.0,462,0,5,bt_residual
r,morgan_1590,Morgan chemistry,0.0,463,0,5,bt_residual
r,morgan_1589,Morgan chemistry,0.0,464,0,5,bt_residual
r,morgan_1588,Morgan chemistry,0.0,465,0,5,bt_residual
r,morgan_1587,Morgan chemistry,0.0,466,0,5,bt_residual
r,morgan_1586,Morgan chemistry,0.0,467,0,5,bt_residual
r,morgan_1585,Morgan chemistry,0.0,468,0,5,bt_residual
r,morgan_1584,Morgan chemistry,0.0,469,0,5,bt_residual
r,morgan_1583,Morgan chemistry,0.0,470,0,5,bt_residual
r,morgan_1582,Morgan chemistry,0.0,471,0,5,bt_residual
r,morgan_1581,Morgan chemistry,0.0,472,0,5,bt_residual
r,morgan_1580,Morgan chemistry,0.0,473,0,5,bt_residual
r,morgan_1579,Morgan chemistry,0.0,474,0,5,bt_residual
r,morgan_1578,Morgan chemistry,0.0,475,0,5,bt_residual
r,morgan_1577,Morgan chemistry,0.0,476,0,5,bt_residual
r,morgan_1576,Morgan chemistry,0.0,477,0,5,bt_residual
r,morgan_1575,Morgan chemistry,0.0,478,0,5,bt_residual
r,morgan_1574,Morgan chemistry,0.0,479,0,5,bt_residual
r,morgan_1573,Morgan chemistry,0.0,480,0,5,bt_residual
r,morgan_1572,Morgan chemistry,0.0,481,0,5,bt_residual
r,morgan_1571,Morgan chemistry,0.0,482,0,5,bt_residual
r,morgan_1570,Morgan chemistry,0.0,483,0,5,bt_residual
r,morgan_1569,Morgan chemistry,0.0,484,0,5,bt_residual
r,morgan_1568,Morgan chemistry,0.0,485,0,5,bt_residual
r,morgan_1567,Morgan chemistry,0.0,486,0,5,bt_residual
r,morgan_1566,Morgan chemistry,0.0,487,0,5,bt_residual
r,morgan_1565,Morgan chemistry,0.0,488,0,5,bt_residual
r,morgan_1564,Morgan chemistry,0.0,489,0,5,bt_residual
r,morgan_1563,Morgan chemistry,0.0,490,0,5,bt_residual
r,morgan_1562,Morgan chemistry,0.0,491,0,5,bt_residual
r,morgan_1561,Morgan chemistry,0.0,492,0,5,bt_residual
r,morgan_1560,Morgan chemistry,0.0,493,0,5,bt_residual
r,morgan_1559,Morgan chemistry,0.0,494,0,5,bt_residual
r,morgan_1558,Morgan chemistry,0.0,495,0,5,bt_residual
r,morgan_1557,Morgan chemistry,0.0,496,0,5,bt_residual
r,morgan_1556,Morgan chemistry,0.0,497,0,5,bt_residual
r,morgan_1555,Morgan chemistry,0.0,498,0,5,bt_residual
r,morgan_1554,Morgan chemistry,0.0,499,0,5,bt_residual
r,morgan_1553,Morgan chemistry,0.0,500,0,5,bt_residual
r,morgan_1552,Morgan chemistry,0.0,501,0,5,bt_residual
r,morgan_1551,Morgan chemistry,0.0,502,0,5,bt_residual
r,morgan_1550,Morgan chemistry,0.0,503,0,5,bt_residual
r,morgan_1549,Morgan chemistry,0.0,504,0,5,bt_residual
r,morgan_1548,Morgan chemistry,0.0,505,0,5,bt_residual
r,morgan_1547,Morgan chemistry,0.0,506,0,5,bt_residual
r,morgan_1546,Morgan chemistry,0.0,507,0,5,bt_residual
r,morgan_1545,Morgan chemistry,0.0,508,0,5,bt_residual
r,morgan_1544,Morgan chemistry,0.0,509,0,5,bt_residual
r,morgan_1543,Morgan chemistry,0.0,510,0,5,bt_residual
r,morgan_1542,Morgan chemistry,0.0,511,0,5,bt_residual
r,morgan_1541,Morgan chemistry,0.0,512,0,5,bt_residual
r,morgan_1540,Morgan chemistry,0.0,513,0,5,bt_residual
r,morgan_1539,Morgan chemistry,0.0,514,0,5,bt_residual
r,morgan_1538,Morgan chemistry,0.0,515,0,5,bt_residual
r,morgan_1537,Morgan chemistry,0.0,516,0,5,bt_residual
r,morgan_1536,Morgan chemistry,0.0,517,0,5,bt_residual
r,morgan_1535,Morgan chemistry,0.0,518,0,5,bt_residual
r,morgan_1534,Morgan chemistry,0.0,519,0,5,bt_residual
r,morgan_1533,Morgan chemistry,0.0,520,0,5,bt_residual
r,morgan_1532,Morgan chemistry,0.0,521,0,5,bt_residual
r,morgan_1531,Morgan chemistry,0.0,522,0,5,bt_residual
r,morgan_1530,Morgan chemistry,0.0,523,0,5,bt_residual
r,morgan_1529,Morgan chemistry,0.0,524,0,5,bt_residual
r,morgan_1528,Morgan chemistry,0.0,525,0,5,bt_residual
r,morgan_1527,Morgan chemistry,0.0,526,0,5,bt_residual
r,morgan_1526,Morgan chemistry,0.0,527,0,5,bt_residual
r,morgan_1525,Morgan chemistry,0.0,528,0,5,bt_residual
r,morgan_1524,Morgan chemistry,0.0,529,0,5,bt_residual
r,morgan_1523,Morgan chemistry,0.0,530,0,5,bt_residual
r,morgan_1522,Morgan chemistry,0.0,531,0,5,bt_residual
r,morgan_1521,Morgan chemistry,0.0,532,0,5,bt_residual
r,morgan_1520,Morgan chemistry,0.0,533,0,5,bt_residual
r,morgan_1519,Morgan chemistry,0.0,534,0,5,bt_residual
r,morgan_1518,Morgan chemistry,0.0,535,0,5,bt_residual
r,morgan_1517,Morgan chemistry,0.0,536,0,5,bt_residual
r,morgan_1516,Morgan chemistry,0.0,537,0,5,bt_residual
r,morgan_1515,Morgan chemistry,0.0,538,0,5,bt_residual
r,morgan_1514,Morgan chemistry,0.0,539,0,5,bt_residual
r,morgan_1513,Morgan chemistry,0.0,540,0,5,bt_residual
r,morgan_1512,Morgan chemistry,0.0,541,0,5,bt_residual
r,morgan_1511,Morgan chemistry,0.0,542,0,5,bt_residual
r,morgan_1510,Morgan chemistry,0.0,543,0,5,bt_residual
r,morgan_1509,Morgan chemistry,0.0,544,0,5,bt_residual
r,morgan_1508,Morgan chemistry,0.0,545,0,5,bt_residual
r,morgan_1507,Morgan chemistry,0.0,546,0,5,bt_residual
r,morgan_1506,Morgan chemistry,0.0,547,0,5,bt_residual
r,morgan_1505,Morgan chemistry,0.0,548,0,5,bt_residual
r,morgan_1504,Morgan chemistry,0.0,549,0,5,bt_residual
r,morgan_1503,Morgan chemistry,0.0,550,0,5,bt_residual
r,morgan_1502,Morgan chemistry,0.0,551,0,5,bt_residual
r,morgan_1501,Morgan chemistry,0.0,552,0,5,bt_residual
r,morgan_1500,Morgan chemistry,0.0,553,0,5,bt_residual
r,morgan_1499,Morgan chemistry,0.0,554,0,5,bt_residual
r,morgan_1498,Morgan chemistry,0.0,555,0,5,bt_residual
r,morgan_1497,Morgan chemistry,0.0,556,0,5,bt_residual
r,morgan_1496,Morgan chemistry,0.0,557,0,5,bt_residual
r,morgan_1495,Morgan chemistry,0.0,558,0,5,bt_residual
r,morgan_1494,Morgan chemistry,0.0,559,0,5,bt_residual
r,morgan_1493,Morgan chemistry,0.0,560,0,5,bt_residual
r,morgan_1492,Morgan chemistry,0.0,561,0,5,bt_residual
r,morgan_1491,Morgan chemistry,0.0,562,0,5,bt_residual
r,morgan_1490,Morgan chemistry,0.0,563,0,5,bt_residual
r,morgan_1489,Morgan chemistry,0.0,564,0,5,bt_residual
r,morgan_1488,Morgan chemistry,0.0,565,0,5,bt_residual
r,morgan_1487,Morgan chemistry,0.0,566,0,5,bt_residual
r,morgan_1486,Morgan chemistry,0.0,567,0,5,bt_residual
r,morgan_1485,Morgan chemistry,0.0,568,0,5,bt_residual
r,morgan_1484,Morgan chemistry,0.0,569,0,5,bt_residual
r,morgan_1483,Morgan chemistry,0.0,570,0,5,bt_residual
r,morgan_1482,Morgan chemistry,0.0,571,0,5,bt_residual
r,morgan_1481,Morgan chemistry,0.0,572,0,5,bt_residual
r,morgan_1480,Morgan chemistry,0.0,573,0,5,bt_residual
r,morgan_1479,Morgan chemistry,0.0,574,0,5,bt_residual
r,morgan_1478,Morgan chemistry,0.0,575,0,5,bt_residual
r,morgan_1477,Morgan chemistry,0.0,576,0,5,bt_residual
r,morgan_1476,Morgan chemistry,0.0,577,0,5,bt_residual
r,morgan_1475,Morgan chemistry,0.0,578,0,5,bt_residual
r,morgan_1474,Morgan chemistry,0.0,579,0,5,bt_residual
r,morgan_1473,Morgan chemistry,0.0,580,0,5,bt_residual
r,morgan_1472,Morgan chemistry,0.0,581,0,5,bt_residual
r,morgan_1471,Morgan chemistry,0.0,582,0,5,bt_residual
r,morgan_1470,Morgan chemistry,0.0,583,0,5,bt_residual
r,morgan_1469,Morgan chemistry,0.0,584,0,5,bt_residual
r,morgan_1468,Morgan chemistry,0.0,585,0,5,bt_residual
r,morgan_1467,Morgan chemistry,0.0,586,0,5,bt_residual
r,morgan_1466,Morgan chemistry,0.0,587,0,5,bt_residual
r,morgan_1465,Morgan chemistry,0.0,588,0,5,bt_residual
r,morgan_1464,Morgan chemistry,0.0,589,0,5,bt_residual
r,morgan_1463,Morgan chemistry,0.0,590,0,5,bt_residual
r,morgan_1462,Morgan chemistry,0.0,591,0,5,bt_residual
r,morgan_1461,Morgan chemistry,0.0,592,0,5,bt_residual
r,morgan_1460,Morgan chemistry,0.0,593,0,5,bt_residual
r,morgan_1459,Morgan chemistry,0.0,594,0,5,bt_residual
r,morgan_1458,Morgan chemistry,0.0,595,0,5,bt_residual
r,morgan_1457,Morgan chemistry,0.0,596,0,5,bt_residual
r,morgan_1456,Morgan chemistry,0.0,597,0,5,bt_residual
r,morgan_1455,Morgan chemistry,0.0,598,0,5,bt_residual
r,morgan_1454,Morgan chemistry,0.0,599,0,5,bt_residual
r,morgan_1453,Morgan chemistry,0.0,600,0,5,bt_residual
r,morgan_1452,Morgan chemistry,0.0,601,0,5,bt_residual
r,morgan_1451,Morgan chemistry,0.0,602,0,5,bt_residual
r,morgan_1450,Morgan chemistry,0.0,603,0,5,bt_residual
r,morgan_1449,Morgan chemistry,0.0,604,0,5,bt_residual
r,morgan_1448,Morgan chemistry,0.0,605,0,5,bt_residual
r,morgan_1447,Morgan chemistry,0.0,606,0,5,bt_residual
r,morgan_1446,Morgan chemistry,0.0,607,0,5,bt_residual
r,morgan_1445,Morgan chemistry,0.0,608,0,5,bt_residual
r,morgan_1444,Morgan chemistry,0.0,609,0,5,bt_residual
r,morgan_1443,Morgan chemistry,0.0,610,0,5,bt_residual
r,morgan_1442,Morgan chemistry,0.0,611,0,5,bt_residual
r,morgan_1441,Morgan chemistry,0.0,612,0,5,bt_residual
r,morgan_1440,Morgan chemistry,0.0,613,0,5,bt_residual
r,morgan_1439,Morgan chemistry,0.0,614,0,5,bt_residual
r,morgan_1438,Morgan chemistry,0.0,615,0,5,bt_residual
r,morgan_1437,Morgan chemistry,0.0,616,0,5,bt_residual
r,morgan_1436,Morgan chemistry,0.0,617,0,5,bt_residual
r,morgan_1435,Morgan chemistry,0.0,618,0,5,bt_residual
r,morgan_1434,Morgan chemistry,0.0,619,0,5,bt_residual
r,morgan_1433,Morgan chemistry,0.0,620,0,5,bt_residual
r,morgan_1432,Morgan chemistry,0.0,621,0,5,bt_residual
r,morgan_1431,Morgan chemistry,0.0,622,0,5,bt_residual
r,morgan_1430,Morgan chemistry,0.0,623,0,5,bt_residual
r,morgan_1429,Morgan chemistry,0.0,624,0,5,bt_residual
r,morgan_1428,Morgan chemistry,0.0,625,0,5,bt_residual
r,morgan_1427,Morgan chemistry,0.0,626,0,5,bt_residual
r,morgan_1426,Morgan chemistry,0.0,627,0,5,bt_residual
r,morgan_1425,Morgan chemistry,0.0,628,0,5,bt_residual
r,morgan_1424,Morgan chemistry,0.0,629,0,5,bt_residual
r,morgan_1423,Morgan chemistry,0.0,630,0,5,bt_residual
r,morgan_1422,Morgan chemistry,0.0,631,0,5,bt_residual
r,morgan_1421,Morgan chemistry,0.0,632,0,5,bt_residual
r,morgan_1420,Morgan chemistry,0.0,633,0,5,bt_residual
r,morgan_1419,Morgan chemistry,0.0,634,0,5,bt_residual
r,morgan_1418,Morgan chemistry,0.0,635,0,5,bt_residual
r,morgan_1417,Morgan chemistry,0.0,636,0,5,bt_residual
r,morgan_1416,Morgan chemistry,0.0,637,0,5,bt_residual
r,morgan_1415,Morgan chemistry,0.0,638,0,5,bt_residual
r,morgan_1414,Morgan chemistry,0.0,639,0,5,bt_residual
r,morgan_1413,Morgan chemistry,0.0,640,0,5,bt_residual
r,morgan_1412,Morgan chemistry,0.0,641,0,5,bt_residual
r,morgan_1411,Morgan chemistry,0.0,642,0,5,bt_residual
r,morgan_1410,Morgan chemistry,0.0,643,0,5,bt_residual
r,morgan_1409,Morgan chemistry,0.0,644,0,5,bt_residual
r,morgan_1408,Morgan chemistry,0.0,645,0,5,bt_residual
r,morgan_1407,Morgan chemistry,0.0,646,0,5,bt_residual
r,morgan_1406,Morgan chemistry,0.0,647,0,5,bt_residual
r,morgan_1405,Morgan chemistry,0.0,648,0,5,bt_residual
r,morgan_1404,Morgan chemistry,0.0,649,0,5,bt_residual
r,morgan_1403,Morgan chemistry,0.0,650,0,5,bt_residual
r,morgan_1402,Morgan chemistry,0.0,651,0,5,bt_residual
r,morgan_1401,Morgan chemistry,0.0,652,0,5,bt_residual
r,morgan_1400,Morgan chemistry,0.0,653,0,5,bt_residual
r,morgan_1399,Morgan chemistry,0.0,654,0,5,bt_residual
r,morgan_1398,Morgan chemistry,0.0,655,0,5,bt_residual
r,morgan_1397,Morgan chemistry,0.0,656,0,5,bt_residual
r,morgan_1396,Morgan chemistry,0.0,657,0,5,bt_residual
r,morgan_1395,Morgan chemistry,0.0,658,0,5,bt_residual
r,morgan_1394,Morgan chemistry,0.0,659,0,5,bt_residual
r,morgan_1393,Morgan chemistry,0.0,660,0,5,bt_residual
r,morgan_1392,Morgan chemistry,0.0,661,0,5,bt_residual
r,morgan_1391,Morgan chemistry,0.0,662,0,5,bt_residual
r,morgan_1390,Morgan chemistry,0.0,663,0,5,bt_residual
r,morgan_1389,Morgan chemistry,0.0,664,0,5,bt_residual
r,morgan_1388,Morgan chemistry,0.0,665,0,5,bt_residual
r,morgan_1387,Morgan chemistry,0.0,666,0,5,bt_residual
r,morgan_1386,Morgan chemistry,0.0,667,0,5,bt_residual
r,morgan_1385,Morgan chemistry,0.0,668,0,5,bt_residual
r,morgan_1384,Morgan chemistry,0.0,669,0,5,bt_residual
r,morgan_1383,Morgan chemistry,0.0,670,0,5,bt_residual
r,morgan_1382,Morgan chemistry,0.0,671,0,5,bt_residual
r,morgan_1381,Morgan chemistry,0.0,672,0,5,bt_residual
r,morgan_1380,Morgan chemistry,0.0,673,0,5,bt_residual
r,morgan_1379,Morgan chemistry,0.0,674,0,5,bt_residual
r,morgan_1378,Morgan chemistry,0.0,675,0,5,bt_residual
r,morgan_1377,Morgan chemistry,0.0,676,0,5,bt_residual
r,morgan_1376,Morgan chemistry,0.0,677,0,5,bt_residual
r,morgan_1375,Morgan chemistry,0.0,678,0,5,bt_residual
r,morgan_1374,Morgan chemistry,0.0,679,0,5,bt_residual
r,morgan_1373,Morgan chemistry,0.0,680,0,5,bt_residual
r,morgan_1372,Morgan chemistry,0.0,681,0,5,bt_residual
r,morgan_1371,Morgan chemistry,0.0,682,0,5,bt_residual
r,morgan_1370,Morgan chemistry,0.0,683,0,5,bt_residual
r,morgan_1369,Morgan chemistry,0.0,684,0,5,bt_residual
r,morgan_1368,Morgan chemistry,0.0,685,0,5,bt_residual
r,morgan_1367,Morgan chemistry,0.0,686,0,5,bt_residual
r,morgan_1366,Morgan chemistry,0.0,687,0,5,bt_residual
r,morgan_1365,Morgan chemistry,0.0,688,0,5,bt_residual
r,morgan_1364,Morgan chemistry,0.0,689,0,5,bt_residual
r,morgan_1363,Morgan chemistry,0.0,690,0,5,bt_residual
r,morgan_1362,Morgan chemistry,0.0,691,0,5,bt_residual
r,morgan_1361,Morgan chemistry,0.0,692,0,5,bt_residual
r,morgan_1360,Morgan chemistry,0.0,693,0,5,bt_residual
r,morgan_1359,Morgan chemistry,0.0,694,0,5,bt_residual
r,morgan_1358,Morgan chemistry,0.0,695,0,5,bt_residual
r,morgan_1357,Morgan chemistry,0.0,696,0,5,bt_residual
r,morgan_1356,Morgan chemistry,0.0,697,0,5,bt_residual
r,morgan_1355,Morgan chemistry,0.0,698,0,5,bt_residual
r,morgan_1354,Morgan chemistry,0.0,699,0,5,bt_residual
r,morgan_1353,Morgan chemistry,0.0,700,0,5,bt_residual
r,morgan_1352,Morgan chemistry,0.0,701,0,5,bt_residual
r,morgan_1351,Morgan chemistry,0.0,702,0,5,bt_residual
r,morgan_1350,Morgan chemistry,0.0,703,0,5,bt_residual
r,morgan_1349,Morgan chemistry,0.0,704,0,5,bt_residual
r,morgan_1348,Morgan chemistry,0.0,705,0,5,bt_residual
r,morgan_1347,Morgan chemistry,0.0,706,0,5,bt_residual
r,morgan_1346,Morgan chemistry,0.0,707,0,5,bt_residual
r,morgan_1345,Morgan chemistry,0.0,708,0,5,bt_residual
r,morgan_1344,Morgan chemistry,0.0,709,0,5,bt_residual
r,morgan_1343,Morgan chemistry,0.0,710,0,5,bt_residual
r,morgan_1342,Morgan chemistry,0.0,711,0,5,bt_residual
r,morgan_1341,Morgan chemistry,0.0,712,0,5,bt_residual
r,morgan_1340,Morgan chemistry,0.0,713,0,5,bt_residual
r,morgan_1339,Morgan chemistry,0.0,714,0,5,bt_residual
r,morgan_1338,Morgan chemistry,0.0,715,0,5,bt_residual
r,morgan_1337,Morgan chemistry,0.0,716,0,5,bt_residual
r,morgan_1336,Morgan chemistry,0.0,717,0,5,bt_residual
r,morgan_1335,Morgan chemistry,0.0,718,0,5,bt_residual
r,morgan_1334,Morgan chemistry,0.0,719,0,5,bt_residual
r,morgan_1333,Morgan chemistry,0.0,720,0,5,bt_residual
r,morgan_1332,Morgan chemistry,0.0,721,0,5,bt_residual
r,morgan_1331,Morgan chemistry,0.0,722,0,5,bt_residual
r,morgan_1330,Morgan chemistry,0.0,723,0,5,bt_residual
r,morgan_1329,Morgan chemistry,0.0,724,0,5,bt_residual
r,morgan_1328,Morgan chemistry,0.0,725,0,5,bt_residual
r,morgan_1327,Morgan chemistry,0.0,726,0,5,bt_residual
r,morgan_1326,Morgan chemistry,0.0,727,0,5,bt_residual
r,morgan_1325,Morgan chemistry,0.0,728,0,5,bt_residual
r,morgan_1323,Morgan chemistry,0.0,729,0,5,bt_residual
r,morgan_1322,Morgan chemistry,0.0,730,0,5,bt_residual
r,morgan_1321,Morgan chemistry,0.0,731,0,5,bt_residual
r,morgan_1320,Morgan chemistry,0.0,732,0,5,bt_residual
r,morgan_1319,Morgan chemistry,0.0,733,0,5,bt_residual
r,morgan_1318,Morgan chemistry,0.0,734,0,5,bt_residual
r,morgan_1317,Morgan chemistry,0.0,735,0,5,bt_residual
r,morgan_1316,Morgan chemistry,0.0,736,0,5,bt_residual
r,morgan_1315,Morgan chemistry,0.0,737,0,5,bt_residual
r,morgan_1314,Morgan chemistry,0.0,738,0,5,bt_residual
r,morgan_1313,Morgan chemistry,0.0,739,0,5,bt_residual
r,morgan_1312,Morgan chemistry,0.0,740,0,5,bt_residual
r,morgan_1311,Morgan chemistry,0.0,741,0,5,bt_residual
r,morgan_1310,Morgan chemistry,0.0,742,0,5,bt_residual
r,morgan_1309,Morgan chemistry,0.0,743,0,5,bt_residual
r,morgan_1308,Morgan chemistry,0.0,744,0,5,bt_residual
r,morgan_1307,Morgan chemistry,0.0,745,0,5,bt_residual
r,morgan_1306,Morgan chemistry,0.0,746,0,5,bt_residual
r,morgan_1305,Morgan chemistry,0.0,747,0,5,bt_residual
r,morgan_1304,Morgan chemistry,0.0,748,0,5,bt_residual
r,morgan_1303,Morgan chemistry,0.0,749,0,5,bt_residual
r,morgan_1302,Morgan chemistry,0.0,750,0,5,bt_residual
r,morgan_1301,Morgan chemistry,0.0,751,0,5,bt_residual
r,morgan_1300,Morgan chemistry,0.0,752,0,5,bt_residual
r,morgan_1299,Morgan chemistry,0.0,753,0,5,bt_residual
r,morgan_1298,Morgan chemistry,0.0,754,0,5,bt_residual
r,morgan_1297,Morgan chemistry,0.0,755,0,5,bt_residual
r,morgan_1296,Morgan chemistry,0.0,756,0,5,bt_residual
r,morgan_1295,Morgan chemistry,0.0,757,0,5,bt_residual
r,morgan_1294,Morgan chemistry,0.0,758,0,5,bt_residual
r,morgan_1293,Morgan chemistry,0.0,759,0,5,bt_residual
r,morgan_1292,Morgan chemistry,0.0,760,0,5,bt_residual
r,morgan_1291,Morgan chemistry,0.0,761,0,5,bt_residual
r,morgan_1290,Morgan chemistry,0.0,762,0,5,bt_residual
r,morgan_1289,Morgan chemistry,0.0,763,0,5,bt_residual
r,morgan_1288,Morgan chemistry,0.0,764,0,5,bt_residual
r,morgan_1287,Morgan chemistry,0.0,765,0,5,bt_residual
r,morgan_1286,Morgan chemistry,0.0,766,0,5,bt_residual
r,morgan_1285,Morgan chemistry,0.0,767,0,5,bt_residual
r,morgan_1284,Morgan chemistry,0.0,768,0,5,bt_residual
r,morgan_1283,Morgan chemistry,0.0,769,0,5,bt_residual
r,morgan_1282,Morgan chemistry,0.0,770,0,5,bt_residual
r,morgan_1281,Morgan chemistry,0.0,771,0,5,bt_residual
r,morgan_1280,Morgan chemistry,0.0,772,0,5,bt_residual
r,morgan_1279,Morgan chemistry,0.0,773,0,5,bt_residual
r,morgan_1278,Morgan chemistry,0.0,774,0,5,bt_residual
r,morgan_1277,Morgan chemistry,0.0,775,0,5,bt_residual
r,morgan_1276,Morgan chemistry,0.0,776,0,5,bt_residual
r,morgan_1275,Morgan chemistry,0.0,777,0,5,bt_residual
r,morgan_1274,Morgan chemistry,0.0,778,0,5,bt_residual
r,morgan_1273,Morgan chemistry,0.0,779,0,5,bt_residual
r,morgan_1272,Morgan chemistry,0.0,780,0,5,bt_residual
r,morgan_1271,Morgan chemistry,0.0,781,0,5,bt_residual
r,morgan_1270,Morgan chemistry,0.0,782,0,5,bt_residual
r,morgan_1269,Morgan chemistry,0.0,783,0,5,bt_residual
r,morgan_1268,Morgan chemistry,0.0,784,0,5,bt_residual
r,morgan_1267,Morgan chemistry,0.0,785,0,5,bt_residual
r,morgan_1266,Morgan chemistry,0.0,786,0,5,bt_residual
r,morgan_1265,Morgan chemistry,0.0,787,0,5,bt_residual
r,morgan_1264,Morgan chemistry,0.0,788,0,5,bt_residual
r,morgan_1263,Morgan chemistry,0.0,789,0,5,bt_residual
r,morgan_1262,Morgan chemistry,0.0,790,0,5,bt_residual
r,morgan_1261,Morgan chemistry,0.0,791,0,5,bt_residual
r,morgan_1260,Morgan chemistry,0.0,792,0,5,bt_residual
r,morgan_1259,Morgan chemistry,0.0,793,0,5,bt_residual
r,morgan_1258,Morgan chemistry,0.0,794,0,5,bt_residual
r,morgan_1257,Morgan chemistry,0.0,795,0,5,bt_residual
r,morgan_1256,Morgan chemistry,0.0,796,0,5,bt_residual
r,morgan_1255,Morgan chemistry,0.0,797,0,5,bt_residual
r,morgan_1254,Morgan chemistry,0.0,798,0,5,bt_residual
r,morgan_1253,Morgan chemistry,0.0,799,0,5,bt_residual
r,morgan_1252,Morgan chemistry,0.0,800,0,5,bt_residual
r,morgan_1251,Morgan chemistry,0.0,801,0,5,bt_residual
r,morgan_1250,Morgan chemistry,0.0,802,0,5,bt_residual
r,morgan_1249,Morgan chemistry,0.0,803,0,5,bt_residual
r,morgan_1248,Morgan chemistry,0.0,804,0,5,bt_residual
r,morgan_1247,Morgan chemistry,0.0,805,0,5,bt_residual
r,morgan_1246,Morgan chemistry,0.0,806,0,5,bt_residual
r,morgan_1245,Morgan chemistry,0.0,807,0,5,bt_residual
r,morgan_1244,Morgan chemistry,0.0,808,0,5,bt_residual
r,morgan_1243,Morgan chemistry,0.0,809,0,5,bt_residual
r,morgan_1242,Morgan chemistry,0.0,810,0,5,bt_residual
r,morgan_1241,Morgan chemistry,0.0,811,0,5,bt_residual
r,morgan_1240,Morgan chemistry,0.0,812,0,5,bt_residual
r,morgan_1239,Morgan chemistry,0.0,813,0,5,bt_residual
r,morgan_1238,Morgan chemistry,0.0,814,0,5,bt_residual
r,morgan_1237,Morgan chemistry,0.0,815,0,5,bt_residual
r,morgan_1236,Morgan chemistry,0.0,816,0,5,bt_residual
r,morgan_1235,Morgan chemistry,0.0,817,0,5,bt_residual
r,morgan_1234,Morgan chemistry,0.0,818,0,5,bt_residual
r,morgan_1233,Morgan chemistry,0.0,819,0,5,bt_residual
r,morgan_1232,Morgan chemistry,0.0,820,0,5,bt_residual
r,morgan_1231,Morgan chemistry,0.0,821,0,5,bt_residual
r,morgan_1230,Morgan chemistry,0.0,822,0,5,bt_residual
r,morgan_1229,Morgan chemistry,0.0,823,0,5,bt_residual
r,morgan_1228,Morgan chemistry,0.0,824,0,5,bt_residual
r,morgan_1227,Morgan chemistry,0.0,825,0,5,bt_residual
r,morgan_1226,Morgan chemistry,0.0,826,0,5,bt_residual
r,morgan_1225,Morgan chemistry,0.0,827,0,5,bt_residual
r,morgan_1224,Morgan chemistry,0.0,828,0,5,bt_residual
r,morgan_1223,Morgan chemistry,0.0,829,0,5,bt_residual
r,morgan_1222,Morgan chemistry,0.0,830,0,5,bt_residual
r,morgan_1221,Morgan chemistry,0.0,831,0,5,bt_residual
r,morgan_1220,Morgan chemistry,0.0,832,0,5,bt_residual
r,morgan_1219,Morgan chemistry,0.0,833,0,5,bt_residual
r,morgan_1218,Morgan chemistry,0.0,834,0,5,bt_residual
r,morgan_1217,Morgan chemistry,0.0,835,0,5,bt_residual
r,morgan_1216,Morgan chemistry,0.0,836,0,5,bt_residual
r,morgan_1215,Morgan chemistry,0.0,837,0,5,bt_residual
r,morgan_1214,Morgan chemistry,0.0,838,0,5,bt_residual
r,morgan_1213,Morgan chemistry,0.0,839,0,5,bt_residual
r,morgan_1212,Morgan chemistry,0.0,840,0,5,bt_residual
r,morgan_1211,Morgan chemistry,0.0,841,0,5,bt_residual
r,morgan_1210,Morgan chemistry,0.0,842,0,5,bt_residual
r,morgan_1209,Morgan chemistry,0.0,843,0,5,bt_residual
r,morgan_1208,Morgan chemistry,0.0,844,0,5,bt_residual
r,morgan_1207,Morgan chemistry,0.0,845,0,5,bt_residual
r,morgan_1206,Morgan chemistry,0.0,846,0,5,bt_residual
r,morgan_1205,Morgan chemistry,0.0,847,0,5,bt_residual
r,morgan_1204,Morgan chemistry,0.0,848,0,5,bt_residual
r,morgan_1203,Morgan chemistry,0.0,849,0,5,bt_residual
r,morgan_1202,Morgan chemistry,0.0,850,0,5,bt_residual
r,morgan_1201,Morgan chemistry,0.0,851,0,5,bt_residual
r,morgan_1200,Morgan chemistry,0.0,852,0,5,bt_residual
r,morgan_1199,Morgan chemistry,0.0,853,0,5,bt_residual
r,morgan_1198,Morgan chemistry,0.0,854,0,5,bt_residual
r,morgan_1197,Morgan chemistry,0.0,855,0,5,bt_residual
r,morgan_1196,Morgan chemistry,0.0,856,0,5,bt_residual
r,morgan_1195,Morgan chemistry,0.0,857,0,5,bt_residual
r,morgan_1194,Morgan chemistry,0.0,858,0,5,bt_residual
r,morgan_1193,Morgan chemistry,0.0,859,0,5,bt_residual
r,morgan_1192,Morgan chemistry,0.0,860,0,5,bt_residual
r,morgan_1191,Morgan chemistry,0.0,861,0,5,bt_residual
r,morgan_1190,Morgan chemistry,0.0,862,0,5,bt_residual
r,morgan_1189,Morgan chemistry,0.0,863,0,5,bt_residual
r,morgan_1188,Morgan chemistry,0.0,864,0,5,bt_residual
r,morgan_1187,Morgan chemistry,0.0,865,0,5,bt_residual
r,morgan_1186,Morgan chemistry,0.0,866,0,5,bt_residual
r,morgan_1185,Morgan chemistry,0.0,867,0,5,bt_residual
r,morgan_1184,Morgan chemistry,0.0,868,0,5,bt_residual
r,morgan_1183,Morgan chemistry,0.0,869,0,5,bt_residual
r,morgan_1182,Morgan chemistry,0.0,870,0,5,bt_residual
r,morgan_1181,Morgan chemistry,0.0,871,0,5,bt_residual
r,morgan_1180,Morgan chemistry,0.0,872,0,5,bt_residual
r,morgan_1179,Morgan chemistry,0.0,873,0,5,bt_residual
r,morgan_1178,Morgan chemistry,0.0,874,0,5,bt_residual
r,morgan_1177,Morgan chemistry,0.0,875,0,5,bt_residual
r,morgan_1176,Morgan chemistry,0.0,876,0,5,bt_residual
r,morgan_1175,Morgan chemistry,0.0,877,0,5,bt_residual
r,morgan_1174,Morgan chemistry,0.0,878,0,5,bt_residual
r,morgan_1173,Morgan chemistry,0.0,879,0,5,bt_residual
r,morgan_1172,Morgan chemistry,0.0,880,0,5,bt_residual
r,morgan_1171,Morgan chemistry,0.0,881,0,5,bt_residual
r,morgan_1170,Morgan chemistry,0.0,882,0,5,bt_residual
r,morgan_1169,Morgan chemistry,0.0,883,0,5,bt_residual
r,morgan_1168,Morgan chemistry,0.0,884,0,5,bt_residual
r,morgan_1167,Morgan chemistry,0.0,885,0,5,bt_residual
r,morgan_1166,Morgan chemistry,0.0,886,0,5,bt_residual
r,morgan_1165,Morgan chemistry,0.0,887,0,5,bt_residual
r,morgan_1164,Morgan chemistry,0.0,888,0,5,bt_residual
r,morgan_1163,Morgan chemistry,0.0,889,0,5,bt_residual
r,morgan_1162,Morgan chemistry,0.0,890,0,5,bt_residual
r,morgan_1161,Morgan chemistry,0.0,891,0,5,bt_residual
r,morgan_1160,Morgan chemistry,0.0,892,0,5,bt_residual
r,morgan_1159,Morgan chemistry,0.0,893,0,5,bt_residual
r,morgan_1158,Morgan chemistry,0.0,894,0,5,bt_residual
r,morgan_1157,Morgan chemistry,0.0,895,0,5,bt_residual
r,morgan_1156,Morgan chemistry,0.0,896,0,5,bt_residual
r,morgan_1155,Morgan chemistry,0.0,897,0,5,bt_residual
r,morgan_1154,Morgan chemistry,0.0,898,0,5,bt_residual
r,morgan_1153,Morgan chemistry,0.0,899,0,5,bt_residual
r,morgan_1152,Morgan chemistry,0.0,900,0,5,bt_residual
r,morgan_1151,Morgan chemistry,0.0,901,0,5,bt_residual
r,morgan_1150,Morgan chemistry,0.0,902,0,5,bt_residual
r,morgan_1149,Morgan chemistry,0.0,903,0,5,bt_residual
r,morgan_1148,Morgan chemistry,0.0,904,0,5,bt_residual
r,morgan_1147,Morgan chemistry,0.0,905,0,5,bt_residual
r,morgan_1146,Morgan chemistry,0.0,906,0,5,bt_residual
r,morgan_1145,Morgan chemistry,0.0,907,0,5,bt_residual
r,morgan_1144,Morgan chemistry,0.0,908,0,5,bt_residual
r,morgan_1143,Morgan chemistry,0.0,909,0,5,bt_residual
r,morgan_1142,Morgan chemistry,0.0,910,0,5,bt_residual
r,morgan_1141,Morgan chemistry,0.0,911,0,5,bt_residual
r,morgan_1140,Morgan chemistry,0.0,912,0,5,bt_residual
r,morgan_1139,Morgan chemistry,0.0,913,0,5,bt_residual
r,morgan_1138,Morgan chemistry,0.0,914,0,5,bt_residual
r,morgan_1137,Morgan chemistry,0.0,915,0,5,bt_residual
r,morgan_1136,Morgan chemistry,0.0,916,0,5,bt_residual
r,morgan_1135,Morgan chemistry,0.0,917,0,5,bt_residual
r,morgan_1133,Morgan chemistry,0.0,918,0,5,bt_residual
r,morgan_1132,Morgan chemistry,0.0,919,0,5,bt_residual
r,morgan_1131,Morgan chemistry,0.0,920,0,5,bt_residual
r,morgan_1130,Morgan chemistry,0.0,921,0,5,bt_residual
r,morgan_1129,Morgan chemistry,0.0,922,0,5,bt_residual
r,morgan_1128,Morgan chemistry,0.0,923,0,5,bt_residual
r,morgan_1127,Morgan chemistry,0.0,924,0,5,bt_residual
r,morgan_1126,Morgan chemistry,0.0,925,0,5,bt_residual
r,morgan_1125,Morgan chemistry,0.0,926,0,5,bt_residual
r,morgan_1124,Morgan chemistry,0.0,927,0,5,bt_residual
r,morgan_1123,Morgan chemistry,0.0,928,0,5,bt_residual
r,morgan_1122,Morgan chemistry,0.0,929,0,5,bt_residual
r,morgan_1121,Morgan chemistry,0.0,930,0,5,bt_residual
r,morgan_1120,Morgan chemistry,0.0,931,0,5,bt_residual
r,morgan_1119,Morgan chemistry,0.0,932,0,5,bt_residual
r,morgan_1118,Morgan chemistry,0.0,933,0,5,bt_residual
r,morgan_1117,Morgan chemistry,0.0,934,0,5,bt_residual
r,morgan_1116,Morgan chemistry,0.0,935,0,5,bt_residual
r,morgan_1115,Morgan chemistry,0.0,936,0,5,bt_residual
r,morgan_1114,Morgan chemistry,0.0,937,0,5,bt_residual
r,morgan_1113,Morgan chemistry,0.0,938,0,5,bt_residual
r,morgan_1112,Morgan chemistry,0.0,939,0,5,bt_residual
r,morgan_1111,Morgan chemistry,0.0,940,0,5,bt_residual
r,morgan_1110,Morgan chemistry,0.0,941,0,5,bt_residual
r,morgan_1109,Morgan chemistry,0.0,942,0,5,bt_residual
r,morgan_1108,Morgan chemistry,0.0,943,0,5,bt_residual
r,morgan_1107,Morgan chemistry,0.0,944,0,5,bt_residual
r,morgan_1106,Morgan chemistry,0.0,945,0,5,bt_residual
r,morgan_1105,Morgan chemistry,0.0,946,0,5,bt_residual
r,morgan_1104,Morgan chemistry,0.0,947,0,5,bt_residual
r,morgan_1103,Morgan chemistry,0.0,948,0,5,bt_residual
r,morgan_1102,Morgan chemistry,0.0,949,0,5,bt_residual
r,morgan_1101,Morgan chemistry,0.0,950,0,5,bt_residual
r,morgan_1100,Morgan chemistry,0.0,951,0,5,bt_residual
r,morgan_1099,Morgan chemistry,0.0,952,0,5,bt_residual
r,morgan_1098,Morgan chemistry,0.0,953,0,5,bt_residual
r,morgan_1097,Morgan chemistry,0.0,954,0,5,bt_residual
r,morgan_1096,Morgan chemistry,0.0,955,0,5,bt_residual
r,morgan_1095,Morgan chemistry,0.0,956,0,5,bt_residual
r,morgan_1094,Morgan chemistry,0.0,957,0,5,bt_residual
r,morgan_1093,Morgan chemistry,0.0,958,0,5,bt_residual
r,morgan_1092,Morgan chemistry,0.0,959,0,5,bt_residual
r,morgan_1091,Morgan chemistry,0.0,960,0,5,bt_residual
r,morgan_1090,Morgan chemistry,0.0,961,0,5,bt_residual
r,morgan_1089,Morgan chemistry,0.0,962,0,5,bt_residual
r,morgan_1088,Morgan chemistry,0.0,963,0,5,bt_residual
r,morgan_1087,Morgan chemistry,0.0,964,0,5,bt_residual
r,morgan_1086,Morgan chemistry,0.0,965,0,5,bt_residual
r,morgan_1085,Morgan chemistry,0.0,966,0,5,bt_residual
r,morgan_1084,Morgan chemistry,0.0,967,0,5,bt_residual
r,morgan_1082,Morgan chemistry,0.0,968,0,5,bt_residual
r,morgan_1081,Morgan chemistry,0.0,969,0,5,bt_residual
r,morgan_1080,Morgan chemistry,0.0,970,0,5,bt_residual
r,morgan_1079,Morgan chemistry,0.0,971,0,5,bt_residual
r,morgan_1078,Morgan chemistry,0.0,972,0,5,bt_residual
r,morgan_1077,Morgan chemistry,0.0,973,0,5,bt_residual
r,morgan_1076,Morgan chemistry,0.0,974,0,5,bt_residual
r,morgan_1075,Morgan chemistry,0.0,975,0,5,bt_residual
r,morgan_1074,Morgan chemistry,0.0,976,0,5,bt_residual
r,morgan_1073,Morgan chemistry,0.0,977,0,5,bt_residual
r,morgan_1072,Morgan chemistry,0.0,978,0,5,bt_residual
r,morgan_1071,Morgan chemistry,0.0,979,0,5,bt_residual
r,morgan_1070,Morgan chemistry,0.0,980,0,5,bt_residual
r,morgan_1069,Morgan chemistry,0.0,981,0,5,bt_residual
r,morgan_1068,Morgan chemistry,0.0,982,0,5,bt_residual
r,morgan_1067,Morgan chemistry,0.0,983,0,5,bt_residual
r,morgan_1066,Morgan chemistry,0.0,984,0,5,bt_residual
r,morgan_1065,Morgan chemistry,0.0,985,0,5,bt_residual
r,morgan_1064,Morgan chemistry,0.0,986,0,5,bt_residual
r,morgan_1063,Morgan chemistry,0.0,987,0,5,bt_residual
r,morgan_1062,Morgan chemistry,0.0,988,0,5,bt_residual
r,morgan_1061,Morgan chemistry,0.0,989,0,5,bt_residual
r,morgan_1060,Morgan chemistry,0.0,990,0,5,bt_residual
r,morgan_1059,Morgan chemistry,0.0,991,0,5,bt_residual
r,morgan_1058,Morgan chemistry,0.0,992,0,5,bt_residual
r,morgan_1057,Morgan chemistry,0.0,993,0,5,bt_residual
r,morgan_1056,Morgan chemistry,0.0,994,0,5,bt_residual
r,morgan_1055,Morgan chemistry,0.0,995,0,5,bt_residual
r,morgan_1054,Morgan chemistry,0.0,996,0,5,bt_residual
r,morgan_1053,Morgan chemistry,0.0,997,0,5,bt_residual
r,morgan_1052,Morgan chemistry,0.0,998,0,5,bt_residual
r,morgan_1051,Morgan chemistry,0.0,999,0,5,bt_residual
r,morgan_1050,Morgan chemistry,0.0,1000,0,5,bt_residual
r,morgan_1049,Morgan chemistry,0.0,1001,0,5,bt_residual
r,morgan_1048,Morgan chemistry,0.0,1002,0,5,bt_residual
r,morgan_1047,Morgan chemistry,0.0,1003,0,5,bt_residual
r,morgan_1046,Morgan chemistry,0.0,1004,0,5,bt_residual
r,morgan_1045,Morgan chemistry,0.0,1005,0,5,bt_residual
r,morgan_1044,Morgan chemistry,0.0,1006,0,5,bt_residual
r,morgan_1043,Morgan chemistry,0.0,1007,0,5,bt_residual
r,morgan_1042,Morgan chemistry,0.0,1008,0,5,bt_residual
r,morgan_1041,Morgan chemistry,0.0,1009,0,5,bt_residual
r,morgan_1040,Morgan chemistry,0.0,1010,0,5,bt_residual
r,morgan_1039,Morgan chemistry,0.0,1011,0,5,bt_residual
r,morgan_1038,Morgan chemistry,0.0,1012,0,5,bt_residual
r,morgan_1037,Morgan chemistry,0.0,1013,0,5,bt_residual
r,morgan_1036,Morgan chemistry,0.0,1014,0,5,bt_residual
r,morgan_1035,Morgan chemistry,0.0,1015,0,5,bt_residual
r,morgan_1034,Morgan chemistry,0.0,1016,0,5,bt_residual
r,morgan_1033,Morgan chemistry,0.0,1017,0,5,bt_residual
r,morgan_1032,Morgan chemistry,0.0,1018,0,5,bt_residual
r,morgan_1031,Morgan chemistry,0.0,1019,0,5,bt_residual
r,morgan_1030,Morgan chemistry,0.0,1020,0,5,bt_residual
r,morgan_1029,Morgan chemistry,0.0,1021,0,5,bt_residual
r,morgan_1028,Morgan chemistry,0.0,1022,0,5,bt_residual
r,morgan_1027,Morgan chemistry,0.0,1023,0,5,bt_residual
r,morgan_1026,Morgan chemistry,0.0,1024,0,5,bt_residual
r,morgan_1025,Morgan chemistry,0.0,1025,0,5,bt_residual
r,morgan_1024,Morgan chemistry,0.0,1026,0,5,bt_residual
r,morgan_1023,Morgan chemistry,0.0,1027,0,5,bt_residual
r,morgan_1022,Morgan chemistry,0.0,1028,0,5,bt_residual
r,morgan_1021,Morgan chemistry,0.0,1029,0,5,bt_residual
r,morgan_1020,Morgan chemistry,0.0,1030,0,5,bt_residual
r,morgan_1019,Morgan chemistry,0.0,1031,0,5,bt_residual
r,morgan_1017,Morgan chemistry,0.0,1032,0,5,bt_residual
r,morgan_1016,Morgan chemistry,0.0,1033,0,5,bt_residual
r,morgan_1015,Morgan chemistry,0.0,1034,0,5,bt_residual
r,morgan_1014,Morgan chemistry,0.0,1035,0,5,bt_residual
r,morgan_1013,Morgan chemistry,0.0,1036,0,5,bt_residual
r,morgan_1012,Morgan chemistry,0.0,1037,0,5,bt_residual
r,morgan_1011,Morgan chemistry,0.0,1038,0,5,bt_residual
r,morgan_1010,Morgan chemistry,0.0,1039,0,5,bt_residual
r,morgan_1009,Morgan chemistry,0.0,1040,0,5,bt_residual
r,morgan_1008,Morgan chemistry,0.0,1041,0,5,bt_residual
r,morgan_1007,Morgan chemistry,0.0,1042,0,5,bt_residual
r,morgan_1006,Morgan chemistry,0.0,1043,0,5,bt_residual
r,morgan_1005,Morgan chemistry,0.0,1044,0,5,bt_residual
r,morgan_1004,Morgan chemistry,0.0,1045,0,5,bt_residual
r,morgan_1003,Morgan chemistry,0.0,1046,0,5,bt_residual
r,morgan_1002,Morgan chemistry,0.0,1047,0,5,bt_residual
r,morgan_1001,Morgan chemistry,0.0,1048,0,5,bt_residual
r,morgan_1000,Morgan chemistry,0.0,1049,0,5,bt_residual
r,morgan_999,Morgan chemistry,0.0,1050,0,5,bt_residual
r,morgan_998,Morgan chemistry,0.0,1051,0,5,bt_residual
r,morgan_997,Morgan chemistry,0.0,1052,0,5,bt_residual
r,morgan_996,Morgan chemistry,0.0,1053,0,5,bt_residual
r,morgan_995,Morgan chemistry,0.0,1054,0,5,bt_residual
r,morgan_994,Morgan chemistry,0.0,1055,0,5,bt_residual
r,morgan_993,Morgan chemistry,0.0,1056,0,5,bt_residual
r,morgan_992,Morgan chemistry,0.0,1057,0,5,bt_residual
r,morgan_991,Morgan chemistry,0.0,1058,0,5,bt_residual
r,morgan_990,Morgan chemistry,0.0,1059,0,5,bt_residual
r,morgan_989,Morgan chemistry,0.0,1060,0,5,bt_residual
r,morgan_988,Morgan chemistry,0.0,1061,0,5,bt_residual
r,morgan_987,Morgan chemistry,0.0,1062,0,5,bt_residual
r,morgan_986,Morgan chemistry,0.0,1063,0,5,bt_residual
r,morgan_985,Morgan chemistry,0.0,1064,0,5,bt_residual
r,morgan_984,Morgan chemistry,0.0,1065,0,5,bt_residual
r,morgan_983,Morgan chemistry,0.0,1066,0,5,bt_residual
r,morgan_982,Morgan chemistry,0.0,1067,0,5,bt_residual
r,morgan_981,Morgan chemistry,0.0,1068,0,5,bt_residual
r,morgan_980,Morgan chemistry,0.0,1069,0,5,bt_residual
r,morgan_979,Morgan chemistry,0.0,1070,0,5,bt_residual
r,morgan_978,Morgan chemistry,0.0,1071,0,5,bt_residual
r,morgan_977,Morgan chemistry,0.0,1072,0,5,bt_residual
r,morgan_976,Morgan chemistry,0.0,1073,0,5,bt_residual
r,morgan_975,Morgan chemistry,0.0,1074,0,5,bt_residual
r,morgan_974,Morgan chemistry,0.0,1075,0,5,bt_residual
r,morgan_973,Morgan chemistry,0.0,1076,0,5,bt_residual
r,morgan_972,Morgan chemistry,0.0,1077,0,5,bt_residual
r,morgan_971,Morgan chemistry,0.0,1078,0,5,bt_residual
r,morgan_2022,Morgan chemistry,0.0,1079,0,5,bt_residual
r,morgan_969,Morgan chemistry,0.0,1080,0,5,bt_residual
r,morgan_968,Morgan chemistry,0.0,1081,0,5,bt_residual
r,morgan_967,Morgan chemistry,0.0,1082,0,5,bt_residual
r,morgan_966,Morgan chemistry,0.0,1083,0,5,bt_residual
r,morgan_965,Morgan chemistry,0.0,1084,0,5,bt_residual
r,morgan_964,Morgan chemistry,0.0,1085,0,5,bt_residual
r,morgan_963,Morgan chemistry,0.0,1086,0,5,bt_residual
r,morgan_962,Morgan chemistry,0.0,1087,0,5,bt_residual
r,morgan_961,Morgan chemistry,0.0,1088,0,5,bt_residual
r,morgan_960,Morgan chemistry,0.0,1089,0,5,bt_residual
r,morgan_959,Morgan chemistry,0.0,1090,0,5,bt_residual
r,morgan_958,Morgan chemistry,0.0,1091,0,5,bt_residual
r,morgan_957,Morgan chemistry,0.0,1092,0,5,bt_residual
r,morgan_956,Morgan chemistry,0.0,1093,0,5,bt_residual
r,morgan_955,Morgan chemistry,0.0,1094,0,5,bt_residual
r,morgan_954,Morgan chemistry,0.0,1095,0,5,bt_residual
r,morgan_953,Morgan chemistry,0.0,1096,0,5,bt_residual
r,morgan_952,Morgan chemistry,0.0,1097,0,5,bt_residual
r,morgan_951,Morgan chemistry,0.0,1098,0,5,bt_residual
r,morgan_950,Morgan chemistry,0.0,1099,0,5,bt_residual
r,morgan_949,Morgan chemistry,0.0,1100,0,5,bt_residual
r,morgan_948,Morgan chemistry,0.0,1101,0,5,bt_residual
r,morgan_947,Morgan chemistry,0.0,1102,0,5,bt_residual
r,morgan_946,Morgan chemistry,0.0,1103,0,5,bt_residual
r,morgan_945,Morgan chemistry,0.0,1104,0,5,bt_residual
r,morgan_944,Morgan chemistry,0.0,1105,0,5,bt_residual
r,morgan_943,Morgan chemistry,0.0,1106,0,5,bt_residual
r,morgan_942,Morgan chemistry,0.0,1107,0,5,bt_residual
r,morgan_941,Morgan chemistry,0.0,1108,0,5,bt_residual
r,morgan_940,Morgan chemistry,0.0,1109,0,5,bt_residual
r,morgan_939,Morgan chemistry,0.0,1110,0,5,bt_residual
r,morgan_938,Morgan chemistry,0.0,1111,0,5,bt_residual
r,morgan_937,Morgan chemistry,0.0,1112,0,5,bt_residual
r,morgan_936,Morgan chemistry,0.0,1113,0,5,bt_residual
r,morgan_935,Morgan chemistry,0.0,1114,0,5,bt_residual
r,morgan_934,Morgan chemistry,0.0,1115,0,5,bt_residual
r,morgan_933,Morgan chemistry,0.0,1116,0,5,bt_residual
r,morgan_932,Morgan chemistry,0.0,1117,0,5,bt_residual
r,morgan_931,Morgan chemistry,0.0,1118,0,5,bt_residual
r,morgan_930,Morgan chemistry,0.0,1119,0,5,bt_residual
r,morgan_929,Morgan chemistry,0.0,1120,0,5,bt_residual
r,morgan_928,Morgan chemistry,0.0,1121,0,5,bt_residual
r,morgan_927,Morgan chemistry,0.0,1122,0,5,bt_residual
r,morgan_926,Morgan chemistry,0.0,1123,0,5,bt_residual
r,morgan_925,Morgan chemistry,0.0,1124,0,5,bt_residual
r,morgan_924,Morgan chemistry,0.0,1125,0,5,bt_residual
r,morgan_923,Morgan chemistry,0.0,1126,0,5,bt_residual
r,morgan_922,Morgan chemistry,0.0,1127,0,5,bt_residual
r,morgan_921,Morgan chemistry,0.0,1128,0,5,bt_residual
r,morgan_920,Morgan chemistry,0.0,1129,0,5,bt_residual
r,morgan_919,Morgan chemistry,0.0,1130,0,5,bt_residual
r,morgan_918,Morgan chemistry,0.0,1131,0,5,bt_residual
r,morgan_917,Morgan chemistry,0.0,1132,0,5,bt_residual
r,morgan_916,Morgan chemistry,0.0,1133,0,5,bt_residual
r,morgan_915,Morgan chemistry,0.0,1134,0,5,bt_residual
r,morgan_914,Morgan chemistry,0.0,1135,0,5,bt_residual
r,morgan_913,Morgan chemistry,0.0,1136,0,5,bt_residual
r,morgan_912,Morgan chemistry,0.0,1137,0,5,bt_residual
r,morgan_911,Morgan chemistry,0.0,1138,0,5,bt_residual
r,morgan_910,Morgan chemistry,0.0,1139,0,5,bt_residual
r,morgan_909,Morgan chemistry,0.0,1140,0,5,bt_residual
r,morgan_908,Morgan chemistry,0.0,1141,0,5,bt_residual
r,morgan_907,Morgan chemistry,0.0,1142,0,5,bt_residual
r,morgan_906,Morgan chemistry,0.0,1143,0,5,bt_residual
r,morgan_905,Morgan chemistry,0.0,1144,0,5,bt_residual
r,morgan_904,Morgan chemistry,0.0,1145,0,5,bt_residual
r,morgan_903,Morgan chemistry,0.0,1146,0,5,bt_residual
r,morgan_902,Morgan chemistry,0.0,1147,0,5,bt_residual
r,morgan_901,Morgan chemistry,0.0,1148,0,5,bt_residual
r,morgan_900,Morgan chemistry,0.0,1149,0,5,bt_residual
r,morgan_899,Morgan chemistry,0.0,1150,0,5,bt_residual
r,morgan_898,Morgan chemistry,0.0,1151,0,5,bt_residual
r,morgan_897,Morgan chemistry,0.0,1152,0,5,bt_residual
r,morgan_896,Morgan chemistry,0.0,1153,0,5,bt_residual
r,morgan_895,Morgan chemistry,0.0,1154,0,5,bt_residual
r,morgan_894,Morgan chemistry,0.0,1155,0,5,bt_residual
r,morgan_893,Morgan chemistry,0.0,1156,0,5,bt_residual
r,morgan_892,Morgan chemistry,0.0,1157,0,5,bt_residual
r,morgan_891,Morgan chemistry,0.0,1158,0,5,bt_residual
r,morgan_890,Morgan chemistry,0.0,1159,0,5,bt_residual
r,morgan_889,Morgan chemistry,0.0,1160,0,5,bt_residual
r,morgan_888,Morgan chemistry,0.0,1161,0,5,bt_residual
r,morgan_887,Morgan chemistry,0.0,1162,0,5,bt_residual
r,morgan_886,Morgan chemistry,0.0,1163,0,5,bt_residual
r,morgan_885,Morgan chemistry,0.0,1164,0,5,bt_residual
r,morgan_884,Morgan chemistry,0.0,1165,0,5,bt_residual
r,morgan_2037,Morgan chemistry,0.0,1166,0,5,bt_residual
r,structure_missing,structure availability,0.0,1167,0,5,bt_residual
r,morgan_881,Morgan chemistry,0.0,1168,0,5,bt_residual
r,morgan_2047,Morgan chemistry,0.0,1169,0,5,bt_residual
r,morgan_879,Morgan chemistry,0.0,1170,0,5,bt_residual
r,morgan_878,Morgan chemistry,0.0,1171,0,5,bt_residual
r,morgan_877,Morgan chemistry,0.0,1172,0,5,bt_residual
r,morgan_876,Morgan chemistry,0.0,1173,0,5,bt_residual
r,morgan_875,Morgan chemistry,0.0,1174,0,5,bt_residual
r,morgan_874,Morgan chemistry,0.0,1175,0,5,bt_residual
r,morgan_873,Morgan chemistry,0.0,1176,0,5,bt_residual
r,morgan_872,Morgan chemistry,0.0,1177,0,5,bt_residual
r,morgan_871,Morgan chemistry,0.0,1178,0,5,bt_residual
r,morgan_870,Morgan chemistry,0.0,1179,0,5,bt_residual
r,morgan_869,Morgan chemistry,0.0,1180,0,5,bt_residual
r,morgan_868,Morgan chemistry,0.0,1181,0,5,bt_residual
r,morgan_867,Morgan chemistry,0.0,1182,0,5,bt_residual
r,morgan_866,Morgan chemistry,0.0,1183,0,5,bt_residual
r,morgan_865,Morgan chemistry,0.0,1184,0,5,bt_residual
r,morgan_864,Morgan chemistry,0.0,1185,0,5,bt_residual
r,morgan_863,Morgan chemistry,0.0,1186,0,5,bt_residual
r,morgan_862,Morgan chemistry,0.0,1187,0,5,bt_residual
r,morgan_861,Morgan chemistry,0.0,1188,0,5,bt_residual
r,morgan_860,Morgan chemistry,0.0,1189,0,5,bt_residual
r,morgan_859,Morgan chemistry,0.0,1190,0,5,bt_residual
r,morgan_858,Morgan chemistry,0.0,1191,0,5,bt_residual
r,morgan_857,Morgan chemistry,0.0,1192,0,5,bt_residual
r,morgan_856,Morgan chemistry,0.0,1193,0,5,bt_residual
r,morgan_855,Morgan chemistry,0.0,1194,0,5,bt_residual
r,morgan_854,Morgan chemistry,0.0,1195,0,5,bt_residual
r,morgan_853,Morgan chemistry,0.0,1196,0,5,bt_residual
r,morgan_852,Morgan chemistry,0.0,1197,0,5,bt_residual
r,morgan_851,Morgan chemistry,0.0,1198,0,5,bt_residual
r,morgan_850,Morgan chemistry,0.0,1199,0,5,bt_residual
r,morgan_849,Morgan chemistry,0.0,1200,0,5,bt_residual
r,morgan_848,Morgan chemistry,0.0,1201,0,5,bt_residual
r,morgan_847,Morgan chemistry,0.0,1202,0,5,bt_residual
r,morgan_846,Morgan chemistry,0.0,1203,0,5,bt_residual
r,morgan_845,Morgan chemistry,0.0,1204,0,5,bt_residual
r,morgan_844,Morgan chemistry,0.0,1205,0,5,bt_residual
r,morgan_843,Morgan chemistry,0.0,1206,0,5,bt_residual
r,morgan_842,Morgan chemistry,0.0,1207,0,5,bt_residual
r,morgan_841,Morgan chemistry,0.0,1208,0,5,bt_residual
r,morgan_840,Morgan chemistry,0.0,1209,0,5,bt_residual
r,morgan_839,Morgan chemistry,0.0,1210,0,5,bt_residual
r,morgan_838,Morgan chemistry,0.0,1211,0,5,bt_residual
r,morgan_837,Morgan chemistry,0.0,1212,0,5,bt_residual
r,morgan_836,Morgan chemistry,0.0,1213,0,5,bt_residual
r,morgan_835,Morgan chemistry,0.0,1214,0,5,bt_residual
r,morgan_834,Morgan chemistry,0.0,1215,0,5,bt_residual
r,morgan_833,Morgan chemistry,0.0,1216,0,5,bt_residual
r,morgan_832,Morgan chemistry,0.0,1217,0,5,bt_residual
r,morgan_831,Morgan chemistry,0.0,1218,0,5,bt_residual
r,morgan_830,Morgan chemistry,0.0,1219,0,5,bt_residual
r,morgan_829,Morgan chemistry,0.0,1220,0,5,bt_residual
r,morgan_828,Morgan chemistry,0.0,1221,0,5,bt_residual
r,morgan_827,Morgan chemistry,0.0,1222,0,5,bt_residual
r,morgan_826,Morgan chemistry,0.0,1223,0,5,bt_residual
r,morgan_825,Morgan chemistry,0.0,1224,0,5,bt_residual
r,morgan_824,Morgan chemistry,0.0,1225,0,5,bt_residual
r,morgan_823,Morgan chemistry,0.0,1226,0,5,bt_residual
r,morgan_822,Morgan chemistry,0.0,1227,0,5,bt_residual
r,morgan_821,Morgan chemistry,0.0,1228,0,5,bt_residual
r,morgan_820,Morgan chemistry,0.0,1229,0,5,bt_residual
r,morgan_819,Morgan chemistry,0.0,1230,0,5,bt_residual
r,morgan_818,Morgan chemistry,0.0,1231,0,5,bt_residual
r,morgan_817,Morgan chemistry,0.0,1232,0,5,bt_residual
r,morgan_816,Morgan chemistry,0.0,1233,0,5,bt_residual
r,morgan_815,Morgan chemistry,0.0,1234,0,5,bt_residual
r,morgan_814,Morgan chemistry,0.0,1235,0,5,bt_residual
r,morgan_813,Morgan chemistry,0.0,1236,0,5,bt_residual
r,morgan_812,Morgan chemistry,0.0,1237,0,5,bt_residual
r,morgan_811,Morgan chemistry,0.0,1238,0,5,bt_residual
r,morgan_810,Morgan chemistry,0.0,1239,0,5,bt_residual
r,morgan_809,Morgan chemistry,0.0,1240,0,5,bt_residual
r,morgan_808,Morgan chemistry,0.0,1241,0,5,bt_residual
r,morgan_807,Morgan chemistry,0.0,1242,0,5,bt_residual
r,morgan_806,Morgan chemistry,0.0,1243,0,5,bt_residual
r,morgan_805,Morgan chemistry,0.0,1244,0,5,bt_residual
r,morgan_804,Morgan chemistry,0.0,1245,0,5,bt_residual
r,morgan_803,Morgan chemistry,0.0,1246,0,5,bt_residual
r,morgan_802,Morgan chemistry,0.0,1247,0,5,bt_residual
r,morgan_801,Morgan chemistry,0.0,1248,0,5,bt_residual
r,morgan_800,Morgan chemistry,0.0,1249,0,5,bt_residual
r,morgan_799,Morgan chemistry,0.0,1250,0,5,bt_residual
r,morgan_798,Morgan chemistry,0.0,1251,0,5,bt_residual
r,morgan_797,Morgan chemistry,0.0,1252,0,5,bt_residual
r,morgan_796,Morgan chemistry,0.0,1253,0,5,bt_residual
r,morgan_795,Morgan chemistry,0.0,1254,0,5,bt_residual
r,morgan_794,Morgan chemistry,0.0,1255,0,5,bt_residual
r,morgan_793,Morgan chemistry,0.0,1256,0,5,bt_residual
r,morgan_792,Morgan chemistry,0.0,1257,0,5,bt_residual
r,morgan_791,Morgan chemistry,0.0,1258,0,5,bt_residual
r,morgan_790,Morgan chemistry,0.0,1259,0,5,bt_residual
r,morgan_789,Morgan chemistry,0.0,1260,0,5,bt_residual
r,morgan_788,Morgan chemistry,0.0,1261,0,5,bt_residual
r,morgan_787,Morgan chemistry,0.0,1262,0,5,bt_residual
r,morgan_786,Morgan chemistry,0.0,1263,0,5,bt_residual
r,morgan_785,Morgan chemistry,0.0,1264,0,5,bt_residual
r,morgan_784,Morgan chemistry,0.0,1265,0,5,bt_residual
r,morgan_783,Morgan chemistry,0.0,1266,0,5,bt_residual
r,morgan_782,Morgan chemistry,0.0,1267,0,5,bt_residual
r,morgan_781,Morgan chemistry,0.0,1268,0,5,bt_residual
r,morgan_780,Morgan chemistry,0.0,1269,0,5,bt_residual
r,morgan_779,Morgan chemistry,0.0,1270,0,5,bt_residual
r,morgan_778,Morgan chemistry,0.0,1271,0,5,bt_residual
r,morgan_777,Morgan chemistry,0.0,1272,0,5,bt_residual
r,morgan_776,Morgan chemistry,0.0,1273,0,5,bt_residual
r,morgan_775,Morgan chemistry,0.0,1274,0,5,bt_residual
r,morgan_774,Morgan chemistry,0.0,1275,0,5,bt_residual
r,morgan_773,Morgan chemistry,0.0,1276,0,5,bt_residual
r,morgan_772,Morgan chemistry,0.0,1277,0,5,bt_residual
r,morgan_771,Morgan chemistry,0.0,1278,0,5,bt_residual
r,morgan_770,Morgan chemistry,0.0,1279,0,5,bt_residual
r,morgan_769,Morgan chemistry,0.0,1280,0,5,bt_residual
r,morgan_768,Morgan chemistry,0.0,1281,0,5,bt_residual
r,morgan_767,Morgan chemistry,0.0,1282,0,5,bt_residual
r,morgan_766,Morgan chemistry,0.0,1283,0,5,bt_residual
r,morgan_765,Morgan chemistry,0.0,1284,0,5,bt_residual
r,morgan_764,Morgan chemistry,0.0,1285,0,5,bt_residual
r,morgan_763,Morgan chemistry,0.0,1286,0,5,bt_residual
r,morgan_762,Morgan chemistry,0.0,1287,0,5,bt_residual
r,morgan_761,Morgan chemistry,0.0,1288,0,5,bt_residual
r,morgan_760,Morgan chemistry,0.0,1289,0,5,bt_residual
r,morgan_759,Morgan chemistry,0.0,1290,0,5,bt_residual
r,morgan_758,Morgan chemistry,0.0,1291,0,5,bt_residual
r,morgan_757,Morgan chemistry,0.0,1292,0,5,bt_residual
r,morgan_756,Morgan chemistry,0.0,1293,0,5,bt_residual
r,morgan_755,Morgan chemistry,0.0,1294,0,5,bt_residual
r,morgan_754,Morgan chemistry,0.0,1295,0,5,bt_residual
r,morgan_753,Morgan chemistry,0.0,1296,0,5,bt_residual
r,morgan_752,Morgan chemistry,0.0,1297,0,5,bt_residual
r,morgan_751,Morgan chemistry,0.0,1298,0,5,bt_residual
r,morgan_750,Morgan chemistry,0.0,1299,0,5,bt_residual
r,morgan_749,Morgan chemistry,0.0,1300,0,5,bt_residual
r,morgan_748,Morgan chemistry,0.0,1301,0,5,bt_residual
r,morgan_747,Morgan chemistry,0.0,1302,0,5,bt_residual
r,morgan_746,Morgan chemistry,0.0,1303,0,5,bt_residual
r,morgan_745,Morgan chemistry,0.0,1304,0,5,bt_residual
r,morgan_744,Morgan chemistry,0.0,1305,0,5,bt_residual
r,morgan_743,Morgan chemistry,0.0,1306,0,5,bt_residual
r,morgan_742,Morgan chemistry,0.0,1307,0,5,bt_residual
r,morgan_741,Morgan chemistry,0.0,1308,0,5,bt_residual
r,morgan_740,Morgan chemistry,0.0,1309,0,5,bt_residual
r,morgan_739,Morgan chemistry,0.0,1310,0,5,bt_residual
r,morgan_738,Morgan chemistry,0.0,1311,0,5,bt_residual
r,morgan_737,Morgan chemistry,0.0,1312,0,5,bt_residual
r,morgan_736,Morgan chemistry,0.0,1313,0,5,bt_residual
r,morgan_735,Morgan chemistry,0.0,1314,0,5,bt_residual
r,morgan_734,Morgan chemistry,0.0,1315,0,5,bt_residual
r,morgan_733,Morgan chemistry,0.0,1316,0,5,bt_residual
r,morgan_732,Morgan chemistry,0.0,1317,0,5,bt_residual
r,morgan_731,Morgan chemistry,0.0,1318,0,5,bt_residual
r,morgan_730,Morgan chemistry,0.0,1319,0,5,bt_residual
r,morgan_729,Morgan chemistry,0.0,1320,0,5,bt_residual
r,morgan_728,Morgan chemistry,0.0,1321,0,5,bt_residual
r,morgan_727,Morgan chemistry,0.0,1322,0,5,bt_residual
r,morgan_726,Morgan chemistry,0.0,1323,0,5,bt_residual
r,morgan_725,Morgan chemistry,0.0,1324,0,5,bt_residual
r,morgan_724,Morgan chemistry,0.0,1325,0,5,bt_residual
r,morgan_723,Morgan chemistry,0.0,1326,0,5,bt_residual
r,morgan_2046,Morgan chemistry,0.0,1327,0,5,bt_residual
r,morgan_721,Morgan chemistry,0.0,1328,0,5,bt_residual
r,morgan_720,Morgan chemistry,0.0,1329,0,5,bt_residual
r,morgan_719,Morgan chemistry,0.0,1330,0,5,bt_residual
r,morgan_718,Morgan chemistry,0.0,1331,0,5,bt_residual
r,morgan_717,Morgan chemistry,0.0,1332,0,5,bt_residual
r,morgan_716,Morgan chemistry,0.0,1333,0,5,bt_residual
r,morgan_715,Morgan chemistry,0.0,1334,0,5,bt_residual
r,morgan_714,Morgan chemistry,0.0,1335,0,5,bt_residual
r,morgan_713,Morgan chemistry,0.0,1336,0,5,bt_residual
r,morgan_712,Morgan chemistry,0.0,1337,0,5,bt_residual
r,morgan_711,Morgan chemistry,0.0,1338,0,5,bt_residual
r,morgan_710,Morgan chemistry,0.0,1339,0,5,bt_residual
r,morgan_709,Morgan chemistry,0.0,1340,0,5,bt_residual
r,morgan_708,Morgan chemistry,0.0,1341,0,5,bt_residual
r,morgan_707,Morgan chemistry,0.0,1342,0,5,bt_residual
r,morgan_706,Morgan chemistry,0.0,1343,0,5,bt_residual
r,morgan_705,Morgan chemistry,0.0,1344,0,5,bt_residual
r,morgan_704,Morgan chemistry,0.0,1345,0,5,bt_residual
r,morgan_703,Morgan chemistry,0.0,1346,0,5,bt_residual
r,morgan_702,Morgan chemistry,0.0,1347,0,5,bt_residual
r,morgan_701,Morgan chemistry,0.0,1348,0,5,bt_residual
r,morgan_700,Morgan chemistry,0.0,1349,0,5,bt_residual
r,morgan_699,Morgan chemistry,0.0,1350,0,5,bt_residual
r,morgan_698,Morgan chemistry,0.0,1351,0,5,bt_residual
r,morgan_697,Morgan chemistry,0.0,1352,0,5,bt_residual
r,morgan_696,Morgan chemistry,0.0,1353,0,5,bt_residual
r,morgan_695,Morgan chemistry,0.0,1354,0,5,bt_residual
r,morgan_694,Morgan chemistry,0.0,1355,0,5,bt_residual
r,morgan_693,Morgan chemistry,0.0,1356,0,5,bt_residual
r,morgan_692,Morgan chemistry,0.0,1357,0,5,bt_residual
r,morgan_691,Morgan chemistry,0.0,1358,0,5,bt_residual
r,morgan_690,Morgan chemistry,0.0,1359,0,5,bt_residual
r,morgan_689,Morgan chemistry,0.0,1360,0,5,bt_residual
r,morgan_688,Morgan chemistry,0.0,1361,0,5,bt_residual
r,morgan_687,Morgan chemistry,0.0,1362,0,5,bt_residual
r,morgan_686,Morgan chemistry,0.0,1363,0,5,bt_residual
r,morgan_685,Morgan chemistry,0.0,1364,0,5,bt_residual
r,morgan_684,Morgan chemistry,0.0,1365,0,5,bt_residual
r,morgan_683,Morgan chemistry,0.0,1366,0,5,bt_residual
r,morgan_682,Morgan chemistry,0.0,1367,0,5,bt_residual
r,morgan_681,Morgan chemistry,0.0,1368,0,5,bt_residual
r,morgan_680,Morgan chemistry,0.0,1369,0,5,bt_residual
r,morgan_679,Morgan chemistry,0.0,1370,0,5,bt_residual
r,morgan_678,Morgan chemistry,0.0,1371,0,5,bt_residual
r,morgan_677,Morgan chemistry,0.0,1372,0,5,bt_residual
r,morgan_676,Morgan chemistry,0.0,1373,0,5,bt_residual
r,morgan_675,Morgan chemistry,0.0,1374,0,5,bt_residual
r,morgan_674,Morgan chemistry,0.0,1375,0,5,bt_residual
r,morgan_673,Morgan chemistry,0.0,1376,0,5,bt_residual
r,morgan_672,Morgan chemistry,0.0,1377,0,5,bt_residual
r,morgan_671,Morgan chemistry,0.0,1378,0,5,bt_residual
r,morgan_670,Morgan chemistry,0.0,1379,0,5,bt_residual
r,morgan_669,Morgan chemistry,0.0,1380,0,5,bt_residual
r,morgan_668,Morgan chemistry,0.0,1381,0,5,bt_residual
r,morgan_667,Morgan chemistry,0.0,1382,0,5,bt_residual
r,morgan_666,Morgan chemistry,0.0,1383,0,5,bt_residual
r,morgan_665,Morgan chemistry,0.0,1384,0,5,bt_residual
r,morgan_664,Morgan chemistry,0.0,1385,0,5,bt_residual
r,morgan_663,Morgan chemistry,0.0,1386,0,5,bt_residual
r,morgan_662,Morgan chemistry,0.0,1387,0,5,bt_residual
r,morgan_661,Morgan chemistry,0.0,1388,0,5,bt_residual
r,morgan_660,Morgan chemistry,0.0,1389,0,5,bt_residual
r,morgan_659,Morgan chemistry,0.0,1390,0,5,bt_residual
r,morgan_658,Morgan chemistry,0.0,1391,0,5,bt_residual
r,morgan_657,Morgan chemistry,0.0,1392,0,5,bt_residual
r,morgan_656,Morgan chemistry,0.0,1393,0,5,bt_residual
r,morgan_655,Morgan chemistry,0.0,1394,0,5,bt_residual
r,morgan_654,Morgan chemistry,0.0,1395,0,5,bt_residual
r,morgan_653,Morgan chemistry,0.0,1396,0,5,bt_residual
r,morgan_652,Morgan chemistry,0.0,1397,0,5,bt_residual
r,morgan_651,Morgan chemistry,0.0,1398,0,5,bt_residual
r,morgan_2045,Morgan chemistry,0.0,1399,0,5,bt_residual
r,morgan_649,Morgan chemistry,0.0,1400,0,5,bt_residual
r,morgan_648,Morgan chemistry,0.0,1401,0,5,bt_residual
r,morgan_647,Morgan chemistry,0.0,1402,0,5,bt_residual
r,morgan_646,Morgan chemistry,0.0,1403,0,5,bt_residual
r,morgan_645,Morgan chemistry,0.0,1404,0,5,bt_residual
r,morgan_644,Morgan chemistry,0.0,1405,0,5,bt_residual
r,morgan_643,Morgan chemistry,0.0,1406,0,5,bt_residual
r,morgan_642,Morgan chemistry,0.0,1407,0,5,bt_residual
r,morgan_641,Morgan chemistry,0.0,1408,0,5,bt_residual
r,morgan_640,Morgan chemistry,0.0,1409,0,5,bt_residual
r,morgan_639,Morgan chemistry,0.0,1410,0,5,bt_residual
r,morgan_638,Morgan chemistry,0.0,1411,0,5,bt_residual
r,morgan_637,Morgan chemistry,0.0,1412,0,5,bt_residual
r,morgan_636,Morgan chemistry,0.0,1413,0,5,bt_residual
r,morgan_635,Morgan chemistry,0.0,1414,0,5,bt_residual
r,morgan_634,Morgan chemistry,0.0,1415,0,5,bt_residual
r,morgan_633,Morgan chemistry,0.0,1416,0,5,bt_residual
r,morgan_632,Morgan chemistry,0.0,1417,0,5,bt_residual
r,morgan_631,Morgan chemistry,0.0,1418,0,5,bt_residual
r,morgan_630,Morgan chemistry,0.0,1419,0,5,bt_residual
r,morgan_2044,Morgan chemistry,0.0,1420,0,5,bt_residual
r,morgan_628,Morgan chemistry,0.0,1421,0,5,bt_residual
r,morgan_627,Morgan chemistry,0.0,1422,0,5,bt_residual
r,morgan_626,Morgan chemistry,0.0,1423,0,5,bt_residual
r,morgan_625,Morgan chemistry,0.0,1424,0,5,bt_residual
r,morgan_624,Morgan chemistry,0.0,1425,0,5,bt_residual
r,morgan_623,Morgan chemistry,0.0,1426,0,5,bt_residual
r,morgan_622,Morgan chemistry,0.0,1427,0,5,bt_residual
r,morgan_621,Morgan chemistry,0.0,1428,0,5,bt_residual
r,morgan_620,Morgan chemistry,0.0,1429,0,5,bt_residual
r,morgan_619,Morgan chemistry,0.0,1430,0,5,bt_residual
r,morgan_618,Morgan chemistry,0.0,1431,0,5,bt_residual
r,morgan_617,Morgan chemistry,0.0,1432,0,5,bt_residual
r,morgan_616,Morgan chemistry,0.0,1433,0,5,bt_residual
r,morgan_615,Morgan chemistry,0.0,1434,0,5,bt_residual
r,morgan_614,Morgan chemistry,0.0,1435,0,5,bt_residual
r,morgan_613,Morgan chemistry,0.0,1436,0,5,bt_residual
r,morgan_612,Morgan chemistry,0.0,1437,0,5,bt_residual
r,morgan_611,Morgan chemistry,0.0,1438,0,5,bt_residual
r,morgan_2043,Morgan chemistry,0.0,1439,0,5,bt_residual
r,morgan_609,Morgan chemistry,0.0,1440,0,5,bt_residual
r,morgan_608,Morgan chemistry,0.0,1441,0,5,bt_residual
r,morgan_607,Morgan chemistry,0.0,1442,0,5,bt_residual
r,morgan_606,Morgan chemistry,0.0,1443,0,5,bt_residual
r,morgan_605,Morgan chemistry,0.0,1444,0,5,bt_residual
r,morgan_604,Morgan chemistry,0.0,1445,0,5,bt_residual
r,morgan_603,Morgan chemistry,0.0,1446,0,5,bt_residual
r,morgan_602,Morgan chemistry,0.0,1447,0,5,bt_residual
r,morgan_601,Morgan chemistry,0.0,1448,0,5,bt_residual
r,morgan_600,Morgan chemistry,0.0,1449,0,5,bt_residual
r,morgan_599,Morgan chemistry,0.0,1450,0,5,bt_residual
r,morgan_598,Morgan chemistry,0.0,1451,0,5,bt_residual
r,morgan_597,Morgan chemistry,0.0,1452,0,5,bt_residual
r,morgan_596,Morgan chemistry,0.0,1453,0,5,bt_residual
r,morgan_595,Morgan chemistry,0.0,1454,0,5,bt_residual
r,morgan_594,Morgan chemistry,0.0,1455,0,5,bt_residual
r,morgan_593,Morgan chemistry,0.0,1456,0,5,bt_residual
r,morgan_592,Morgan chemistry,0.0,1457,0,5,bt_residual
r,morgan_2038,Morgan chemistry,0.0,1458,0,5,bt_residual
r,morgan_590,Morgan chemistry,0.0,1459,0,5,bt_residual
r,morgan_589,Morgan chemistry,0.0,1460,0,5,bt_residual
r,morgan_588,Morgan chemistry,0.0,1461,0,5,bt_residual
r,morgan_587,Morgan chemistry,0.0,1462,0,5,bt_residual
r,morgan_586,Morgan chemistry,0.0,1463,0,5,bt_residual
r,morgan_585,Morgan chemistry,0.0,1464,0,5,bt_residual
r,morgan_584,Morgan chemistry,0.0,1465,0,5,bt_residual
r,morgan_583,Morgan chemistry,0.0,1466,0,5,bt_residual
r,morgan_582,Morgan chemistry,0.0,1467,0,5,bt_residual
r,morgan_581,Morgan chemistry,0.0,1468,0,5,bt_residual
r,morgan_580,Morgan chemistry,0.0,1469,0,5,bt_residual
r,morgan_579,Morgan chemistry,0.0,1470,0,5,bt_residual
r,morgan_578,Morgan chemistry,0.0,1471,0,5,bt_residual
r,morgan_577,Morgan chemistry,0.0,1472,0,5,bt_residual
r,morgan_576,Morgan chemistry,0.0,1473,0,5,bt_residual
r,morgan_575,Morgan chemistry,0.0,1474,0,5,bt_residual
r,morgan_574,Morgan chemistry,0.0,1475,0,5,bt_residual
r,morgan_573,Morgan chemistry,0.0,1476,0,5,bt_residual
r,morgan_572,Morgan chemistry,0.0,1477,0,5,bt_residual
r,morgan_2041,Morgan chemistry,0.0,1478,0,5,bt_residual
r,morgan_570,Morgan chemistry,0.0,1479,0,5,bt_residual
r,morgan_569,Morgan chemistry,0.0,1480,0,5,bt_residual
r,morgan_568,Morgan chemistry,0.0,1481,0,5,bt_residual
r,morgan_567,Morgan chemistry,0.0,1482,0,5,bt_residual
r,morgan_566,Morgan chemistry,0.0,1483,0,5,bt_residual
r,morgan_565,Morgan chemistry,0.0,1484,0,5,bt_residual
r,morgan_564,Morgan chemistry,0.0,1485,0,5,bt_residual
r,morgan_563,Morgan chemistry,0.0,1486,0,5,bt_residual
r,morgan_562,Morgan chemistry,0.0,1487,0,5,bt_residual
r,morgan_561,Morgan chemistry,0.0,1488,0,5,bt_residual
r,morgan_560,Morgan chemistry,0.0,1489,0,5,bt_residual
r,morgan_559,Morgan chemistry,0.0,1490,0,5,bt_residual
r,morgan_558,Morgan chemistry,0.0,1491,0,5,bt_residual
r,morgan_557,Morgan chemistry,0.0,1492,0,5,bt_residual
r,morgan_556,Morgan chemistry,0.0,1493,0,5,bt_residual
r,morgan_555,Morgan chemistry,0.0,1494,0,5,bt_residual
r,morgan_554,Morgan chemistry,0.0,1495,0,5,bt_residual
r,morgan_553,Morgan chemistry,0.0,1496,0,5,bt_residual
r,morgan_552,Morgan chemistry,0.0,1497,0,5,bt_residual
r,morgan_551,Morgan chemistry,0.0,1498,0,5,bt_residual
r,morgan_550,Morgan chemistry,0.0,1499,0,5,bt_residual
r,morgan_549,Morgan chemistry,0.0,1500,0,5,bt_residual
r,morgan_548,Morgan chemistry,0.0,1501,0,5,bt_residual
r,morgan_547,Morgan chemistry,0.0,1502,0,5,bt_residual
r,morgan_546,Morgan chemistry,0.0,1503,0,5,bt_residual
r,morgan_545,Morgan chemistry,0.0,1504,0,5,bt_residual
r,morgan_544,Morgan chemistry,0.0,1505,0,5,bt_residual
r,morgan_543,Morgan chemistry,0.0,1506,0,5,bt_residual
r,morgan_542,Morgan chemistry,0.0,1507,0,5,bt_residual
r,morgan_541,Morgan chemistry,0.0,1508,0,5,bt_residual
r,morgan_540,Morgan chemistry,0.0,1509,0,5,bt_residual
r,morgan_539,Morgan chemistry,0.0,1510,0,5,bt_residual
r,morgan_538,Morgan chemistry,0.0,1511,0,5,bt_residual
r,morgan_537,Morgan chemistry,0.0,1512,0,5,bt_residual
r,morgan_536,Morgan chemistry,0.0,1513,0,5,bt_residual
r,morgan_535,Morgan chemistry,0.0,1514,0,5,bt_residual
r,morgan_534,Morgan chemistry,0.0,1515,0,5,bt_residual
r,morgan_533,Morgan chemistry,0.0,1516,0,5,bt_residual
r,morgan_532,Morgan chemistry,0.0,1517,0,5,bt_residual
r,morgan_531,Morgan chemistry,0.0,1518,0,5,bt_residual
r,morgan_530,Morgan chemistry,0.0,1519,0,5,bt_residual
r,morgan_529,Morgan chemistry,0.0,1520,0,5,bt_residual
r,morgan_528,Morgan chemistry,0.0,1521,0,5,bt_residual
r,morgan_527,Morgan chemistry,0.0,1522,0,5,bt_residual
r,morgan_526,Morgan chemistry,0.0,1523,0,5,bt_residual
r,morgan_525,Morgan chemistry,0.0,1524,0,5,bt_residual
r,morgan_524,Morgan chemistry,0.0,1525,0,5,bt_residual
r,morgan_523,Morgan chemistry,0.0,1526,0,5,bt_residual
r,morgan_522,Morgan chemistry,0.0,1527,0,5,bt_residual
r,morgan_521,Morgan chemistry,0.0,1528,0,5,bt_residual
r,morgan_520,Morgan chemistry,0.0,1529,0,5,bt_residual
r,morgan_519,Morgan chemistry,0.0,1530,0,5,bt_residual
r,morgan_518,Morgan chemistry,0.0,1531,0,5,bt_residual
r,morgan_517,Morgan chemistry,0.0,1532,0,5,bt_residual
r,morgan_516,Morgan chemistry,0.0,1533,0,5,bt_residual
r,morgan_515,Morgan chemistry,0.0,1534,0,5,bt_residual
r,morgan_514,Morgan chemistry,0.0,1535,0,5,bt_residual
r,morgan_513,Morgan chemistry,0.0,1536,0,5,bt_residual
r,morgan_512,Morgan chemistry,0.0,1537,0,5,bt_residual
r,morgan_511,Morgan chemistry,0.0,1538,0,5,bt_residual
r,morgan_510,Morgan chemistry,0.0,1539,0,5,bt_residual
r,morgan_509,Morgan chemistry,0.0,1540,0,5,bt_residual
r,morgan_508,Morgan chemistry,0.0,1541,0,5,bt_residual
r,morgan_507,Morgan chemistry,0.0,1542,0,5,bt_residual
r,morgan_2021,Morgan chemistry,0.0,1543,0,5,bt_residual
r,morgan_505,Morgan chemistry,0.0,1544,0,5,bt_residual
r,morgan_504,Morgan chemistry,0.0,1545,0,5,bt_residual
r,morgan_503,Morgan chemistry,0.0,1546,0,5,bt_residual
r,morgan_502,Morgan chemistry,0.0,1547,0,5,bt_residual
r,morgan_501,Morgan chemistry,0.0,1548,0,5,bt_residual
r,morgan_500,Morgan chemistry,0.0,1549,0,5,bt_residual
r,morgan_499,Morgan chemistry,0.0,1550,0,5,bt_residual
r,morgan_498,Morgan chemistry,0.0,1551,0,5,bt_residual
r,morgan_497,Morgan chemistry,0.0,1552,0,5,bt_residual
r,morgan_496,Morgan chemistry,0.0,1553,0,5,bt_residual
r,morgan_495,Morgan chemistry,0.0,1554,0,5,bt_residual
r,morgan_494,Morgan chemistry,0.0,1555,0,5,bt_residual
r,morgan_493,Morgan chemistry,0.0,1556,0,5,bt_residual
r,morgan_492,Morgan chemistry,0.0,1557,0,5,bt_residual
r,morgan_491,Morgan chemistry,0.0,1558,0,5,bt_residual
r,morgan_490,Morgan chemistry,0.0,1559,0,5,bt_residual
r,morgan_489,Morgan chemistry,0.0,1560,0,5,bt_residual
r,morgan_488,Morgan chemistry,0.0,1561,0,5,bt_residual
r,morgan_487,Morgan chemistry,0.0,1562,0,5,bt_residual
r,morgan_486,Morgan chemistry,0.0,1563,0,5,bt_residual
r,morgan_485,Morgan chemistry,0.0,1564,0,5,bt_residual
r,morgan_484,Morgan chemistry,0.0,1565,0,5,bt_residual
r,morgan_483,Morgan chemistry,0.0,1566,0,5,bt_residual
r,morgan_482,Morgan chemistry,0.0,1567,0,5,bt_residual
r,morgan_481,Morgan chemistry,0.0,1568,0,5,bt_residual
r,morgan_480,Morgan chemistry,0.0,1569,0,5,bt_residual
r,morgan_479,Morgan chemistry,0.0,1570,0,5,bt_residual
r,morgan_478,Morgan chemistry,0.0,1571,0,5,bt_residual
r,morgan_477,Morgan chemistry,0.0,1572,0,5,bt_residual
r,morgan_476,Morgan chemistry,0.0,1573,0,5,bt_residual
r,morgan_475,Morgan chemistry,0.0,1574,0,5,bt_residual
r,morgan_474,Morgan chemistry,0.0,1575,0,5,bt_residual
r,morgan_473,Morgan chemistry,0.0,1576,0,5,bt_residual
r,morgan_472,Morgan chemistry,0.0,1577,0,5,bt_residual
r,morgan_471,Morgan chemistry,0.0,1578,0,5,bt_residual
r,morgan_470,Morgan chemistry,0.0,1579,0,5,bt_residual
r,morgan_469,Morgan chemistry,0.0,1580,0,5,bt_residual
r,morgan_468,Morgan chemistry,0.0,1581,0,5,bt_residual
r,morgan_467,Morgan chemistry,0.0,1582,0,5,bt_residual
r,morgan_466,Morgan chemistry,0.0,1583,0,5,bt_residual
r,morgan_465,Morgan chemistry,0.0,1584,0,5,bt_residual
r,morgan_464,Morgan chemistry,0.0,1585,0,5,bt_residual
r,morgan_463,Morgan chemistry,0.0,1586,0,5,bt_residual
r,morgan_462,Morgan chemistry,0.0,1587,0,5,bt_residual
r,morgan_461,Morgan chemistry,0.0,1588,0,5,bt_residual
r,morgan_460,Morgan chemistry,0.0,1589,0,5,bt_residual
r,morgan_459,Morgan chemistry,0.0,1590,0,5,bt_residual
r,morgan_458,Morgan chemistry,0.0,1591,0,5,bt_residual
r,morgan_457,Morgan chemistry,0.0,1592,0,5,bt_residual
r,morgan_456,Morgan chemistry,0.0,1593,0,5,bt_residual
r,morgan_455,Morgan chemistry,0.0,1594,0,5,bt_residual
r,morgan_454,Morgan chemistry,0.0,1595,0,5,bt_residual
r,morgan_453,Morgan chemistry,0.0,1596,0,5,bt_residual
r,morgan_452,Morgan chemistry,0.0,1597,0,5,bt_residual
r,morgan_451,Morgan chemistry,0.0,1598,0,5,bt_residual
r,morgan_450,Morgan chemistry,0.0,1599,0,5,bt_residual
r,morgan_449,Morgan chemistry,0.0,1600,0,5,bt_residual
r,morgan_448,Morgan chemistry,0.0,1601,0,5,bt_residual
r,morgan_447,Morgan chemistry,0.0,1602,0,5,bt_residual
r,morgan_446,Morgan chemistry,0.0,1603,0,5,bt_residual
r,morgan_2020,Morgan chemistry,0.0,1604,0,5,bt_residual
r,morgan_2019,Morgan chemistry,0.0,1605,0,5,bt_residual
r,morgan_443,Morgan chemistry,0.0,1606,0,5,bt_residual
r,morgan_442,Morgan chemistry,0.0,1607,0,5,bt_residual
r,morgan_441,Morgan chemistry,0.0,1608,0,5,bt_residual
r,morgan_440,Morgan chemistry,0.0,1609,0,5,bt_residual
r,morgan_439,Morgan chemistry,0.0,1610,0,5,bt_residual
r,morgan_438,Morgan chemistry,0.0,1611,0,5,bt_residual
r,morgan_437,Morgan chemistry,0.0,1612,0,5,bt_residual
r,morgan_436,Morgan chemistry,0.0,1613,0,5,bt_residual
r,morgan_435,Morgan chemistry,0.0,1614,0,5,bt_residual
r,morgan_434,Morgan chemistry,0.0,1615,0,5,bt_residual
r,morgan_433,Morgan chemistry,0.0,1616,0,5,bt_residual
r,morgan_432,Morgan chemistry,0.0,1617,0,5,bt_residual
r,morgan_431,Morgan chemistry,0.0,1618,0,5,bt_residual
r,morgan_430,Morgan chemistry,0.0,1619,0,5,bt_residual
r,morgan_429,Morgan chemistry,0.0,1620,0,5,bt_residual
r,morgan_428,Morgan chemistry,0.0,1621,0,5,bt_residual
r,morgan_427,Morgan chemistry,0.0,1622,0,5,bt_residual
r,morgan_426,Morgan chemistry,0.0,1623,0,5,bt_residual
r,morgan_425,Morgan chemistry,0.0,1624,0,5,bt_residual
r,morgan_424,Morgan chemistry,0.0,1625,0,5,bt_residual
r,morgan_423,Morgan chemistry,0.0,1626,0,5,bt_residual
r,morgan_422,Morgan chemistry,0.0,1627,0,5,bt_residual
r,morgan_421,Morgan chemistry,0.0,1628,0,5,bt_residual
r,morgan_420,Morgan chemistry,0.0,1629,0,5,bt_residual
r,morgan_419,Morgan chemistry,0.0,1630,0,5,bt_residual
r,morgan_418,Morgan chemistry,0.0,1631,0,5,bt_residual
r,morgan_417,Morgan chemistry,0.0,1632,0,5,bt_residual
r,morgan_416,Morgan chemistry,0.0,1633,0,5,bt_residual
r,morgan_415,Morgan chemistry,0.0,1634,0,5,bt_residual
r,morgan_414,Morgan chemistry,0.0,1635,0,5,bt_residual
r,morgan_413,Morgan chemistry,0.0,1636,0,5,bt_residual
r,morgan_412,Morgan chemistry,0.0,1637,0,5,bt_residual
r,morgan_411,Morgan chemistry,0.0,1638,0,5,bt_residual
r,morgan_410,Morgan chemistry,0.0,1639,0,5,bt_residual
r,morgan_409,Morgan chemistry,0.0,1640,0,5,bt_residual
r,morgan_408,Morgan chemistry,0.0,1641,0,5,bt_residual
r,morgan_407,Morgan chemistry,0.0,1642,0,5,bt_residual
r,morgan_406,Morgan chemistry,0.0,1643,0,5,bt_residual
r,morgan_405,Morgan chemistry,0.0,1644,0,5,bt_residual
r,morgan_404,Morgan chemistry,0.0,1645,0,5,bt_residual
r,morgan_403,Morgan chemistry,0.0,1646,0,5,bt_residual
r,morgan_402,Morgan chemistry,0.0,1647,0,5,bt_residual
r,morgan_401,Morgan chemistry,0.0,1648,0,5,bt_residual
r,morgan_400,Morgan chemistry,0.0,1649,0,5,bt_residual
r,morgan_399,Morgan chemistry,0.0,1650,0,5,bt_residual
r,morgan_398,Morgan chemistry,0.0,1651,0,5,bt_residual
r,morgan_397,Morgan chemistry,0.0,1652,0,5,bt_residual
r,morgan_396,Morgan chemistry,0.0,1653,0,5,bt_residual
r,morgan_395,Morgan chemistry,0.0,1654,0,5,bt_residual
r,morgan_394,Morgan chemistry,0.0,1655,0,5,bt_residual
r,morgan_393,Morgan chemistry,0.0,1656,0,5,bt_residual
r,morgan_392,Morgan chemistry,0.0,1657,0,5,bt_residual
r,morgan_391,Morgan chemistry,0.0,1658,0,5,bt_residual
r,morgan_390,Morgan chemistry,0.0,1659,0,5,bt_residual
r,morgan_389,Morgan chemistry,0.0,1660,0,5,bt_residual
r,morgan_388,Morgan chemistry,0.0,1661,0,5,bt_residual
r,morgan_387,Morgan chemistry,0.0,1662,0,5,bt_residual
r,morgan_386,Morgan chemistry,0.0,1663,0,5,bt_residual
r,morgan_385,Morgan chemistry,0.0,1664,0,5,bt_residual
r,morgan_384,Morgan chemistry,0.0,1665,0,5,bt_residual
r,morgan_383,Morgan chemistry,0.0,1666,0,5,bt_residual
r,morgan_382,Morgan chemistry,0.0,1667,0,5,bt_residual
r,morgan_381,Morgan chemistry,0.0,1668,0,5,bt_residual
r,morgan_380,Morgan chemistry,0.0,1669,0,5,bt_residual
r,morgan_379,Morgan chemistry,0.0,1670,0,5,bt_residual
r,morgan_378,Morgan chemistry,0.0,1671,0,5,bt_residual
r,morgan_377,Morgan chemistry,0.0,1672,0,5,bt_residual
r,morgan_376,Morgan chemistry,0.0,1673,0,5,bt_residual
r,morgan_375,Morgan chemistry,0.0,1674,0,5,bt_residual
r,morgan_374,Morgan chemistry,0.0,1675,0,5,bt_residual
r,morgan_373,Morgan chemistry,0.0,1676,0,5,bt_residual
r,morgan_372,Morgan chemistry,0.0,1677,0,5,bt_residual
r,morgan_371,Morgan chemistry,0.0,1678,0,5,bt_residual
r,morgan_370,Morgan chemistry,0.0,1679,0,5,bt_residual
r,morgan_369,Morgan chemistry,0.0,1680,0,5,bt_residual
r,morgan_368,Morgan chemistry,0.0,1681,0,5,bt_residual
r,morgan_367,Morgan chemistry,0.0,1682,0,5,bt_residual
r,morgan_366,Morgan chemistry,0.0,1683,0,5,bt_residual
r,morgan_365,Morgan chemistry,0.0,1684,0,5,bt_residual
r,morgan_364,Morgan chemistry,0.0,1685,0,5,bt_residual
r,morgan_363,Morgan chemistry,0.0,1686,0,5,bt_residual
r,morgan_362,Morgan chemistry,0.0,1687,0,5,bt_residual
r,morgan_361,Morgan chemistry,0.0,1688,0,5,bt_residual
r,morgan_360,Morgan chemistry,0.0,1689,0,5,bt_residual
r,morgan_359,Morgan chemistry,0.0,1690,0,5,bt_residual
r,morgan_358,Morgan chemistry,0.0,1691,0,5,bt_residual
r,morgan_357,Morgan chemistry,0.0,1692,0,5,bt_residual
r,morgan_356,Morgan chemistry,0.0,1693,0,5,bt_residual
r,morgan_355,Morgan chemistry,0.0,1694,0,5,bt_residual
r,morgan_354,Morgan chemistry,0.0,1695,0,5,bt_residual
r,morgan_353,Morgan chemistry,0.0,1696,0,5,bt_residual
r,morgan_352,Morgan chemistry,0.0,1697,0,5,bt_residual
r,morgan_351,Morgan chemistry,0.0,1698,0,5,bt_residual
r,morgan_350,Morgan chemistry,0.0,1699,0,5,bt_residual
r,morgan_349,Morgan chemistry,0.0,1700,0,5,bt_residual
r,morgan_348,Morgan chemistry,0.0,1701,0,5,bt_residual
r,morgan_347,Morgan chemistry,0.0,1702,0,5,bt_residual
r,morgan_346,Morgan chemistry,0.0,1703,0,5,bt_residual
r,morgan_345,Morgan chemistry,0.0,1704,0,5,bt_residual
r,morgan_344,Morgan chemistry,0.0,1705,0,5,bt_residual
r,morgan_343,Morgan chemistry,0.0,1706,0,5,bt_residual
r,morgan_342,Morgan chemistry,0.0,1707,0,5,bt_residual
r,morgan_341,Morgan chemistry,0.0,1708,0,5,bt_residual
r,morgan_340,Morgan chemistry,0.0,1709,0,5,bt_residual
r,morgan_339,Morgan chemistry,0.0,1710,0,5,bt_residual
r,morgan_338,Morgan chemistry,0.0,1711,0,5,bt_residual
r,morgan_337,Morgan chemistry,0.0,1712,0,5,bt_residual
r,morgan_336,Morgan chemistry,0.0,1713,0,5,bt_residual
r,morgan_2018,Morgan chemistry,0.0,1714,0,5,bt_residual
r,morgan_334,Morgan chemistry,0.0,1715,0,5,bt_residual
r,morgan_333,Morgan chemistry,0.0,1716,0,5,bt_residual
r,morgan_332,Morgan chemistry,0.0,1717,0,5,bt_residual
r,morgan_331,Morgan chemistry,0.0,1718,0,5,bt_residual
r,morgan_330,Morgan chemistry,0.0,1719,0,5,bt_residual
r,morgan_329,Morgan chemistry,0.0,1720,0,5,bt_residual
r,morgan_328,Morgan chemistry,0.0,1721,0,5,bt_residual
r,morgan_327,Morgan chemistry,0.0,1722,0,5,bt_residual
r,morgan_326,Morgan chemistry,0.0,1723,0,5,bt_residual
r,morgan_325,Morgan chemistry,0.0,1724,0,5,bt_residual
r,morgan_324,Morgan chemistry,0.0,1725,0,5,bt_residual
r,morgan_323,Morgan chemistry,0.0,1726,0,5,bt_residual
r,morgan_322,Morgan chemistry,0.0,1727,0,5,bt_residual
r,morgan_321,Morgan chemistry,0.0,1728,0,5,bt_residual
r,morgan_320,Morgan chemistry,0.0,1729,0,5,bt_residual
r,morgan_319,Morgan chemistry,0.0,1730,0,5,bt_residual
r,morgan_318,Morgan chemistry,0.0,1731,0,5,bt_residual
r,morgan_317,Morgan chemistry,0.0,1732,0,5,bt_residual
r,morgan_2017,Morgan chemistry,0.0,1733,0,5,bt_residual
r,morgan_315,Morgan chemistry,0.0,1734,0,5,bt_residual
r,morgan_314,Morgan chemistry,0.0,1735,0,5,bt_residual
r,morgan_313,Morgan chemistry,0.0,1736,0,5,bt_residual
r,morgan_312,Morgan chemistry,0.0,1737,0,5,bt_residual
r,morgan_311,Morgan chemistry,0.0,1738,0,5,bt_residual
r,morgan_310,Morgan chemistry,0.0,1739,0,5,bt_residual
r,morgan_309,Morgan chemistry,0.0,1740,0,5,bt_residual
r,morgan_308,Morgan chemistry,0.0,1741,0,5,bt_residual
r,morgan_307,Morgan chemistry,0.0,1742,0,5,bt_residual
r,morgan_306,Morgan chemistry,0.0,1743,0,5,bt_residual
r,morgan_305,Morgan chemistry,0.0,1744,0,5,bt_residual
r,morgan_304,Morgan chemistry,0.0,1745,0,5,bt_residual
r,morgan_303,Morgan chemistry,0.0,1746,0,5,bt_residual
r,morgan_302,Morgan chemistry,0.0,1747,0,5,bt_residual
r,morgan_301,Morgan chemistry,0.0,1748,0,5,bt_residual
r,morgan_2016,Morgan chemistry,0.0,1749,0,5,bt_residual
r,morgan_299,Morgan chemistry,0.0,1750,0,5,bt_residual
r,morgan_298,Morgan chemistry,0.0,1751,0,5,bt_residual
r,morgan_297,Morgan chemistry,0.0,1752,0,5,bt_residual
r,morgan_296,Morgan chemistry,0.0,1753,0,5,bt_residual
r,morgan_295,Morgan chemistry,0.0,1754,0,5,bt_residual
r,morgan_2015,Morgan chemistry,0.0,1755,0,5,bt_residual
r,morgan_293,Morgan chemistry,0.0,1756,0,5,bt_residual
r,morgan_292,Morgan chemistry,0.0,1757,0,5,bt_residual
r,morgan_291,Morgan chemistry,0.0,1758,0,5,bt_residual
r,morgan_290,Morgan chemistry,0.0,1759,0,5,bt_residual
r,morgan_289,Morgan chemistry,0.0,1760,0,5,bt_residual
r,morgan_2014,Morgan chemistry,0.0,1761,0,5,bt_residual
r,morgan_287,Morgan chemistry,0.0,1762,0,5,bt_residual
r,morgan_286,Morgan chemistry,0.0,1763,0,5,bt_residual
r,morgan_285,Morgan chemistry,0.0,1764,0,5,bt_residual
r,morgan_284,Morgan chemistry,0.0,1765,0,5,bt_residual
r,morgan_283,Morgan chemistry,0.0,1766,0,5,bt_residual
r,morgan_282,Morgan chemistry,0.0,1767,0,5,bt_residual
r,morgan_281,Morgan chemistry,0.0,1768,0,5,bt_residual
r,morgan_280,Morgan chemistry,0.0,1769,0,5,bt_residual
r,morgan_279,Morgan chemistry,0.0,1770,0,5,bt_residual
r,morgan_278,Morgan chemistry,0.0,1771,0,5,bt_residual
r,morgan_2013,Morgan chemistry,0.0,1772,0,5,bt_residual
r,morgan_276,Morgan chemistry,0.0,1773,0,5,bt_residual
r,morgan_275,Morgan chemistry,0.0,1774,0,5,bt_residual
r,morgan_274,Morgan chemistry,0.0,1775,0,5,bt_residual
r,morgan_273,Morgan chemistry,0.0,1776,0,5,bt_residual
r,morgan_272,Morgan chemistry,0.0,1777,0,5,bt_residual
r,morgan_271,Morgan chemistry,0.0,1778,0,5,bt_residual
r,morgan_270,Morgan chemistry,0.0,1779,0,5,bt_residual
r,morgan_269,Morgan chemistry,0.0,1780,0,5,bt_residual
r,morgan_268,Morgan chemistry,0.0,1781,0,5,bt_residual
r,morgan_267,Morgan chemistry,0.0,1782,0,5,bt_residual
r,morgan_266,Morgan chemistry,0.0,1783,0,5,bt_residual
r,morgan_265,Morgan chemistry,0.0,1784,0,5,bt_residual
r,morgan_264,Morgan chemistry,0.0,1785,0,5,bt_residual
r,morgan_263,Morgan chemistry,0.0,1786,0,5,bt_residual
r,morgan_262,Morgan chemistry,0.0,1787,0,5,bt_residual
r,morgan_261,Morgan chemistry,0.0,1788,0,5,bt_residual
r,morgan_260,Morgan chemistry,0.0,1789,0,5,bt_residual
r,morgan_259,Morgan chemistry,0.0,1790,0,5,bt_residual
r,morgan_258,Morgan chemistry,0.0,1791,0,5,bt_residual
r,morgan_257,Morgan chemistry,0.0,1792,0,5,bt_residual
r,morgan_256,Morgan chemistry,0.0,1793,0,5,bt_residual
r,morgan_255,Morgan chemistry,0.0,1794,0,5,bt_residual
r,morgan_254,Morgan chemistry,0.0,1795,0,5,bt_residual
r,morgan_253,Morgan chemistry,0.0,1796,0,5,bt_residual
r,morgan_2012,Morgan chemistry,0.0,1797,0,5,bt_residual
r,morgan_251,Morgan chemistry,0.0,1798,0,5,bt_residual
r,morgan_250,Morgan chemistry,0.0,1799,0,5,bt_residual
r,morgan_249,Morgan chemistry,0.0,1800,0,5,bt_residual
r,morgan_248,Morgan chemistry,0.0,1801,0,5,bt_residual
r,morgan_247,Morgan chemistry,0.0,1802,0,5,bt_residual
r,morgan_246,Morgan chemistry,0.0,1803,0,5,bt_residual
r,morgan_245,Morgan chemistry,0.0,1804,0,5,bt_residual
r,morgan_244,Morgan chemistry,0.0,1805,0,5,bt_residual
r,morgan_243,Morgan chemistry,0.0,1806,0,5,bt_residual
r,morgan_242,Morgan chemistry,0.0,1807,0,5,bt_residual
r,morgan_241,Morgan chemistry,0.0,1808,0,5,bt_residual
r,morgan_240,Morgan chemistry,0.0,1809,0,5,bt_residual
r,morgan_239,Morgan chemistry,0.0,1810,0,5,bt_residual
r,morgan_238,Morgan chemistry,0.0,1811,0,5,bt_residual
r,morgan_237,Morgan chemistry,0.0,1812,0,5,bt_residual
r,morgan_236,Morgan chemistry,0.0,1813,0,5,bt_residual
r,morgan_235,Morgan chemistry,0.0,1814,0,5,bt_residual
r,morgan_234,Morgan chemistry,0.0,1815,0,5,bt_residual
r,morgan_233,Morgan chemistry,0.0,1816,0,5,bt_residual
r,morgan_232,Morgan chemistry,0.0,1817,0,5,bt_residual
r,morgan_231,Morgan chemistry,0.0,1818,0,5,bt_residual
r,morgan_230,Morgan chemistry,0.0,1819,0,5,bt_residual
r,morgan_229,Morgan chemistry,0.0,1820,0,5,bt_residual
r,morgan_228,Morgan chemistry,0.0,1821,0,5,bt_residual
r,morgan_227,Morgan chemistry,0.0,1822,0,5,bt_residual
r,morgan_226,Morgan chemistry,0.0,1823,0,5,bt_residual
r,morgan_225,Morgan chemistry,0.0,1824,0,5,bt_residual
r,morgan_224,Morgan chemistry,0.0,1825,0,5,bt_residual
r,morgan_223,Morgan chemistry,0.0,1826,0,5,bt_residual
r,morgan_222,Morgan chemistry,0.0,1827,0,5,bt_residual
r,morgan_221,Morgan chemistry,0.0,1828,0,5,bt_residual
r,morgan_220,Morgan chemistry,0.0,1829,0,5,bt_residual
r,morgan_219,Morgan chemistry,0.0,1830,0,5,bt_residual
r,morgan_218,Morgan chemistry,0.0,1831,0,5,bt_residual
r,morgan_217,Morgan chemistry,0.0,1832,0,5,bt_residual
r,morgan_216,Morgan chemistry,0.0,1833,0,5,bt_residual
r,morgan_215,Morgan chemistry,0.0,1834,0,5,bt_residual
r,morgan_214,Morgan chemistry,0.0,1835,0,5,bt_residual
r,morgan_213,Morgan chemistry,0.0,1836,0,5,bt_residual
r,morgan_212,Morgan chemistry,0.0,1837,0,5,bt_residual
r,morgan_211,Morgan chemistry,0.0,1838,0,5,bt_residual
r,morgan_210,Morgan chemistry,0.0,1839,0,5,bt_residual
r,morgan_209,Morgan chemistry,0.0,1840,0,5,bt_residual
r,morgan_208,Morgan chemistry,0.0,1841,0,5,bt_residual
r,morgan_207,Morgan chemistry,0.0,1842,0,5,bt_residual
r,morgan_206,Morgan chemistry,0.0,1843,0,5,bt_residual
r,morgan_205,Morgan chemistry,0.0,1844,0,5,bt_residual
r,morgan_204,Morgan chemistry,0.0,1845,0,5,bt_residual
r,morgan_203,Morgan chemistry,0.0,1846,0,5,bt_residual
r,morgan_202,Morgan chemistry,0.0,1847,0,5,bt_residual
r,morgan_201,Morgan chemistry,0.0,1848,0,5,bt_residual
r,morgan_200,Morgan chemistry,0.0,1849,0,5,bt_residual
r,morgan_199,Morgan chemistry,0.0,1850,0,5,bt_residual
r,morgan_198,Morgan chemistry,0.0,1851,0,5,bt_residual
r,morgan_197,Morgan chemistry,0.0,1852,0,5,bt_residual
r,morgan_196,Morgan chemistry,0.0,1853,0,5,bt_residual
r,morgan_195,Morgan chemistry,0.0,1854,0,5,bt_residual
r,morgan_194,Morgan chemistry,0.0,1855,0,5,bt_residual
r,morgan_193,Morgan chemistry,0.0,1856,0,5,bt_residual
r,morgan_192,Morgan chemistry,0.0,1857,0,5,bt_residual
r,morgan_191,Morgan chemistry,0.0,1858,0,5,bt_residual
r,morgan_190,Morgan chemistry,0.0,1859,0,5,bt_residual
r,morgan_189,Morgan chemistry,0.0,1860,0,5,bt_residual
r,morgan_188,Morgan chemistry,0.0,1861,0,5,bt_residual
r,morgan_187,Morgan chemistry,0.0,1862,0,5,bt_residual
r,morgan_186,Morgan chemistry,0.0,1863,0,5,bt_residual
r,morgan_185,Morgan chemistry,0.0,1864,0,5,bt_residual
r,morgan_184,Morgan chemistry,0.0,1865,0,5,bt_residual
r,morgan_183,Morgan chemistry,0.0,1866,0,5,bt_residual
r,morgan_182,Morgan chemistry,0.0,1867,0,5,bt_residual
r,morgan_181,Morgan chemistry,0.0,1868,0,5,bt_residual
r,morgan_180,Morgan chemistry,0.0,1869,0,5,bt_residual
r,morgan_179,Morgan chemistry,0.0,1870,0,5,bt_residual
r,morgan_178,Morgan chemistry,0.0,1871,0,5,bt_residual
r,morgan_444,Morgan chemistry,0.0,1872,0,5,bt_residual
r,morgan_176,Morgan chemistry,0.0,1873,0,5,bt_residual
r,morgan_175,Morgan chemistry,0.0,1874,0,5,bt_residual
r,morgan_174,Morgan chemistry,0.0,1875,0,5,bt_residual
r,morgan_173,Morgan chemistry,0.0,1876,0,5,bt_residual
r,morgan_172,Morgan chemistry,0.0,1877,0,5,bt_residual
r,morgan_171,Morgan chemistry,0.0,1878,0,5,bt_residual
r,morgan_170,Morgan chemistry,0.0,1879,0,5,bt_residual
r,morgan_169,Morgan chemistry,0.0,1880,0,5,bt_residual
r,morgan_168,Morgan chemistry,0.0,1881,0,5,bt_residual
r,morgan_167,Morgan chemistry,0.0,1882,0,5,bt_residual
r,morgan_166,Morgan chemistry,0.0,1883,0,5,bt_residual
r,morgan_165,Morgan chemistry,0.0,1884,0,5,bt_residual
r,morgan_164,Morgan chemistry,0.0,1885,0,5,bt_residual
r,morgan_163,Morgan chemistry,0.0,1886,0,5,bt_residual
r,morgan_162,Morgan chemistry,0.0,1887,0,5,bt_residual
r,morgan_161,Morgan chemistry,0.0,1888,0,5,bt_residual
r,morgan_160,Morgan chemistry,0.0,1889,0,5,bt_residual
r,morgan_159,Morgan chemistry,0.0,1890,0,5,bt_residual
r,morgan_158,Morgan chemistry,0.0,1891,0,5,bt_residual
r,morgan_157,Morgan chemistry,0.0,1892,0,5,bt_residual
r,morgan_156,Morgan chemistry,0.0,1893,0,5,bt_residual
r,morgan_2011,Morgan chemistry,0.0,1894,0,5,bt_residual
r,morgan_154,Morgan chemistry,0.0,1895,0,5,bt_residual
r,morgan_153,Morgan chemistry,0.0,1896,0,5,bt_residual
r,morgan_152,Morgan chemistry,0.0,1897,0,5,bt_residual
r,morgan_151,Morgan chemistry,0.0,1898,0,5,bt_residual
r,morgan_150,Morgan chemistry,0.0,1899,0,5,bt_residual
r,morgan_149,Morgan chemistry,0.0,1900,0,5,bt_residual
r,morgan_148,Morgan chemistry,0.0,1901,0,5,bt_residual
r,morgan_147,Morgan chemistry,0.0,1902,0,5,bt_residual
r,morgan_146,Morgan chemistry,0.0,1903,0,5,bt_residual
r,morgan_145,Morgan chemistry,0.0,1904,0,5,bt_residual
r,morgan_144,Morgan chemistry,0.0,1905,0,5,bt_residual
r,morgan_143,Morgan chemistry,0.0,1906,0,5,bt_residual
r,morgan_142,Morgan chemistry,0.0,1907,0,5,bt_residual
r,morgan_141,Morgan chemistry,0.0,1908,0,5,bt_residual
r,morgan_140,Morgan chemistry,0.0,1909,0,5,bt_residual
r,morgan_139,Morgan chemistry,0.0,1910,0,5,bt_residual
r,morgan_138,Morgan chemistry,0.0,1911,0,5,bt_residual
r,morgan_137,Morgan chemistry,0.0,1912,0,5,bt_residual
r,morgan_136,Morgan chemistry,0.0,1913,0,5,bt_residual
r,morgan_135,Morgan chemistry,0.0,1914,0,5,bt_residual
r,morgan_134,Morgan chemistry,0.0,1915,0,5,bt_residual
r,morgan_133,Morgan chemistry,0.0,1916,0,5,bt_residual
r,morgan_132,Morgan chemistry,0.0,1917,0,5,bt_residual
r,morgan_131,Morgan chemistry,0.0,1918,0,5,bt_residual
r,morgan_130,Morgan chemistry,0.0,1919,0,5,bt_residual
r,morgan_129,Morgan chemistry,0.0,1920,0,5,bt_residual
r,morgan_128,Morgan chemistry,0.0,1921,0,5,bt_residual
r,morgan_127,Morgan chemistry,0.0,1922,0,5,bt_residual
r,morgan_126,Morgan chemistry,0.0,1923,0,5,bt_residual
r,morgan_125,Morgan chemistry,0.0,1924,0,5,bt_residual
r,morgan_124,Morgan chemistry,0.0,1925,0,5,bt_residual
r,morgan_123,Morgan chemistry,0.0,1926,0,5,bt_residual
r,morgan_122,Morgan chemistry,0.0,1927,0,5,bt_residual
r,morgan_121,Morgan chemistry,0.0,1928,0,5,bt_residual
r,morgan_120,Morgan chemistry,0.0,1929,0,5,bt_residual
r,morgan_119,Morgan chemistry,0.0,1930,0,5,bt_residual
r,morgan_118,Morgan chemistry,0.0,1931,0,5,bt_residual
r,morgan_117,Morgan chemistry,0.0,1932,0,5,bt_residual
r,morgan_116,Morgan chemistry,0.0,1933,0,5,bt_residual
r,morgan_115,Morgan chemistry,0.0,1934,0,5,bt_residual
r,morgan_114,Morgan chemistry,0.0,1935,0,5,bt_residual
r,morgan_113,Morgan chemistry,0.0,1936,0,5,bt_residual
r,morgan_112,Morgan chemistry,0.0,1937,0,5,bt_residual
r,morgan_111,Morgan chemistry,0.0,1938,0,5,bt_residual
r,morgan_110,Morgan chemistry,0.0,1939,0,5,bt_residual
r,morgan_109,Morgan chemistry,0.0,1940,0,5,bt_residual
r,morgan_108,Morgan chemistry,0.0,1941,0,5,bt_residual
r,morgan_107,Morgan chemistry,0.0,1942,0,5,bt_residual
r,morgan_106,Morgan chemistry,0.0,1943,0,5,bt_residual
r,morgan_105,Morgan chemistry,0.0,1944,0,5,bt_residual
r,morgan_104,Morgan chemistry,0.0,1945,0,5,bt_residual
r,morgan_103,Morgan chemistry,0.0,1946,0,5,bt_residual
r,morgan_102,Morgan chemistry,0.0,1947,0,5,bt_residual
r,morgan_101,Morgan chemistry,0.0,1948,0,5,bt_residual
r,morgan_100,Morgan chemistry,0.0,1949,0,5,bt_residual
r,morgan_99,Morgan chemistry,0.0,1950,0,5,bt_residual
r,morgan_98,Morgan chemistry,0.0,1951,0,5,bt_residual
r,morgan_97,Morgan chemistry,0.0,1952,0,5,bt_residual
r,morgan_96,Morgan chemistry,0.0,1953,0,5,bt_residual
r,morgan_95,Morgan chemistry,0.0,1954,0,5,bt_residual
r,morgan_94,Morgan chemistry,0.0,1955,0,5,bt_residual
r,morgan_93,Morgan chemistry,0.0,1956,0,5,bt_residual
r,morgan_92,Morgan chemistry,0.0,1957,0,5,bt_residual
r,morgan_91,Morgan chemistry,0.0,1958,0,5,bt_residual
r,morgan_90,Morgan chemistry,0.0,1959,0,5,bt_residual
r,morgan_89,Morgan chemistry,0.0,1960,0,5,bt_residual
r,morgan_88,Morgan chemistry,0.0,1961,0,5,bt_residual
r,morgan_87,Morgan chemistry,0.0,1962,0,5,bt_residual
r,morgan_86,Morgan chemistry,0.0,1963,0,5,bt_residual
r,morgan_85,Morgan chemistry,0.0,1964,0,5,bt_residual
r,morgan_84,Morgan chemistry,0.0,1965,0,5,bt_residual
r,morgan_83,Morgan chemistry,0.0,1966,0,5,bt_residual
r,morgan_82,Morgan chemistry,0.0,1967,0,5,bt_residual
r,morgan_81,Morgan chemistry,0.0,1968,0,5,bt_residual
r,morgan_80,Morgan chemistry,0.0,1969,0,5,bt_residual
r,morgan_79,Morgan chemistry,0.0,1970,0,5,bt_residual
r,morgan_78,Morgan chemistry,0.0,1971,0,5,bt_residual
r,morgan_77,Morgan chemistry,0.0,1972,0,5,bt_residual
r,morgan_76,Morgan chemistry,0.0,1973,0,5,bt_residual
r,morgan_75,Morgan chemistry,0.0,1974,0,5,bt_residual
r,morgan_74,Morgan chemistry,0.0,1975,0,5,bt_residual
r,morgan_73,Morgan chemistry,0.0,1976,0,5,bt_residual
r,morgan_72,Morgan chemistry,0.0,1977,0,5,bt_residual
r,morgan_71,Morgan chemistry,0.0,1978,0,5,bt_residual
r,morgan_2010,Morgan chemistry,0.0,1979,0,5,bt_residual
r,morgan_69,Morgan chemistry,0.0,1980,0,5,bt_residual
r,morgan_68,Morgan chemistry,0.0,1981,0,5,bt_residual
r,morgan_67,Morgan chemistry,0.0,1982,0,5,bt_residual
r,morgan_66,Morgan chemistry,0.0,1983,0,5,bt_residual
r,morgan_65,Morgan chemistry,0.0,1984,0,5,bt_residual
r,morgan_64,Morgan chemistry,0.0,1985,0,5,bt_residual
r,morgan_63,Morgan chemistry,0.0,1986,0,5,bt_residual
r,morgan_62,Morgan chemistry,0.0,1987,0,5,bt_residual
r,morgan_61,Morgan chemistry,0.0,1988,0,5,bt_residual
r,morgan_60,Morgan chemistry,0.0,1989,0,5,bt_residual
r,morgan_59,Morgan chemistry,0.0,1990,0,5,bt_residual
r,morgan_58,Morgan chemistry,0.0,1991,0,5,bt_residual
r,morgan_57,Morgan chemistry,0.0,1992,0,5,bt_residual
r,morgan_56,Morgan chemistry,0.0,1993,0,5,bt_residual
r,morgan_55,Morgan chemistry,0.0,1994,0,5,bt_residual
r,morgan_54,Morgan chemistry,0.0,1995,0,5,bt_residual
r,morgan_53,Morgan chemistry,0.0,1996,0,5,bt_residual
r,morgan_52,Morgan chemistry,0.0,1997,0,5,bt_residual
r,morgan_51,Morgan chemistry,0.0,1998,0,5,bt_residual
r,morgan_50,Morgan chemistry,0.0,1999,0,5,bt_residual
r,morgan_49,Morgan chemistry,0.0,2000,0,5,bt_residual
r,morgan_48,Morgan chemistry,0.0,2001,0,5,bt_residual
r,morgan_2009,Morgan chemistry,0.0,2002,0,5,bt_residual
r,morgan_46,Morgan chemistry,0.0,2003,0,5,bt_residual
r,morgan_45,Morgan chemistry,0.0,2004,0,5,bt_residual
r,morgan_44,Morgan chemistry,0.0,2005,0,5,bt_residual
r,morgan_43,Morgan chemistry,0.0,2006,0,5,bt_residual
r,morgan_42,Morgan chemistry,0.0,2007,0,5,bt_residual
r,morgan_41,Morgan chemistry,0.0,2008,0,5,bt_residual
r,morgan_40,Morgan chemistry,0.0,2009,0,5,bt_residual
r,morgan_39,Morgan chemistry,0.0,2010,0,5,bt_residual
r,morgan_38,Morgan chemistry,0.0,2011,0,5,bt_residual
r,morgan_37,Morgan chemistry,0.0,2012,0,5,bt_residual
r,morgan_36,Morgan chemistry,0.0,2013,0,5,bt_residual
r,morgan_35,Morgan chemistry,0.0,2014,0,5,bt_residual
r,morgan_34,Morgan chemistry,0.0,2015,0,5,bt_residual
r,morgan_33,Morgan chemistry,0.0,2016,0,5,bt_residual
r,morgan_32,Morgan chemistry,0.0,2017,0,5,bt_residual
r,morgan_31,Morgan chemistry,0.0,2018,0,5,bt_residual
r,morgan_30,Morgan chemistry,0.0,2019,0,5,bt_residual
r,morgan_29,Morgan chemistry,0.0,2020,0,5,bt_residual
r,morgan_28,Morgan chemistry,0.0,2021,0,5,bt_residual
r,morgan_27,Morgan chemistry,0.0,2022,0,5,bt_residual
r,morgan_26,Morgan chemistry,0.0,2023,0,5,bt_residual
r,morgan_25,Morgan chemistry,0.0,2024,0,5,bt_residual
r,morgan_24,Morgan chemistry,0.0,2025,0,5,bt_residual
r,morgan_23,Morgan chemistry,0.0,2026,0,5,bt_residual
r,morgan_22,Morgan chemistry,0.0,2027,0,5,bt_residual
r,morgan_21,Morgan chemistry,0.0,2028,0,5,bt_residual
r,morgan_20,Morgan chemistry,0.0,2029,0,5,bt_residual
r,morgan_19,Morgan chemistry,0.0,2030,0,5,bt_residual
r,morgan_18,Morgan chemistry,0.0,2031,0,5,bt_residual
r,morgan_17,Morgan chemistry,0.0,2032,0,5,bt_residual
r,morgan_16,Morgan chemistry,0.0,2033,0,5,bt_residual
r,morgan_15,Morgan chemistry,0.0,2034,0,5,bt_residual
r,morgan_14,Morgan chemistry,0.0,2035,0,5,bt_residual
r,morgan_13,Morgan chemistry,0.0,2036,0,5,bt_residual
r,morgan_12,Morgan chemistry,0.0,2037,0,5,bt_residual
r,morgan_11,Morgan chemistry,0.0,2038,0,5,bt_residual
r,morgan_10,Morgan chemistry,0.0,2039,0,5,bt_residual
r,morgan_9,Morgan chemistry,0.0,2040,0,5,bt_residual
r,morgan_8,Morgan chemistry,0.0,2041,0,5,bt_residual
r,morgan_7,Morgan chemistry,0.0,2042,0,5,bt_residual
r,morgan_6,Morgan chemistry,0.0,2043,0,5,bt_residual
r,morgan_5,Morgan chemistry,0.0,2044,0,5,bt_residual
r,morgan_4,Morgan chemistry,0.0,2045,0,5,bt_residual
r,morgan_3,Morgan chemistry,0.0,2046,0,5,bt_residual
r,morgan_2,Morgan chemistry,0.0,2047,0,5,bt_residual
r,morgan_1,Morgan chemistry,0.0,2048,0,5,bt_residual
r,morgan_2008,Morgan chemistry,0.0,2049,0,5,bt_residual
r,desc_NOCount,RDKit descriptor,0.0,2050,0,5,bt_residual
r,desc_NHOHCount,RDKit descriptor,0.0,2051,0,5,bt_residual
r,morgan_2007,Morgan chemistry,0.0,2052,0,5,bt_residual
r,morgan_2006,Morgan chemistry,0.0,2053,0,5,bt_residual
r,desc_NumSaturatedRings,RDKit descriptor,0.0,2054,0,5,bt_residual
r,desc_NumAliphaticRings,RDKit descriptor,0.0,2055,0,5,bt_residual
r,desc_NumAromaticRings,RDKit descriptor,0.0,2056,0,5,bt_residual
r,morgan_2005,Morgan chemistry,0.0,2057,0,5,bt_residual
r,morgan_2004,Morgan chemistry,0.0,2058,0,5,bt_residual
r,morgan_2003,Morgan chemistry,0.0,2059,0,5,bt_residual
r,desc_NumHDonors,RDKit descriptor,0.0,2060,0,5,bt_residual
r,morgan_2002,Morgan chemistry,0.0,2061,0,5,bt_residual
r,morgan_2001,Morgan chemistry,0.0,2062,0,5,bt_residual
r,morgan_2000,Morgan chemistry,0.0,2063,0,5,bt_residual
r,desc_ExactMolWt,RDKit descriptor,0.0,2064,0,5,bt_residual
r,morgan_1998,Morgan chemistry,0.0,2065,0,5,bt_residual
r,cohort_toxcast,cohort,0.0,2066,0,5,bt_residual
r,morgan_1997,Morgan chemistry,0.0,2067,0,5,bt_residual
r,div7_cv.network_missing,DIV7 neural,0.0,2068,0,5,bt_residual
r,div7_cv.time_missing,DIV7 neural,0.0,2069,0,5,bt_residual
r,div7_r_missing,DIV7 neural,0.0,2070,0,5,bt_residual
r,div7_ns.mean.spikes.in.ns_missing,DIV7 neural,0.0,2071,0,5,bt_residual
r,div7_ns.durn.sd_missing,DIV7 neural,0.0,2072,0,5,bt_residual
r,div7_ns.mean.insis_missing,DIV7 neural,0.0,2073,0,5,bt_residual
r,div7_ns.percent.of.spikes.in.ns_missing,DIV7 neural,0.0,2074,0,5,bt_residual
r,div7_ns.durn.m_missing,DIV7 neural,0.0,2075,0,5,bt_residual
r,div7_ns.peak.m_missing,DIV7 neural,0.0,2076,0,5,bt_residual
r,div7_ns.n_missing,DIV7 neural,0.0,2077,0,5,bt_residual
r,div7_nABE_missing,DIV7 neural,0.0,2078,0,5,bt_residual
r,div7_nAE_missing,DIV7 neural,0.0,2079,0,5,bt_residual
r,div7_mean.IBIs_missing,DIV7 neural,0.0,2080,0,5,bt_residual
r,div7_mean.dur_missing,DIV7 neural,0.0,2081,0,5,bt_residual
r,div7_per.spikes.in.burst_missing,DIV7 neural,0.0,2082,0,5,bt_residual
r,div7_mean.isis_missing,DIV7 neural,0.0,2083,0,5,bt_residual
r,div7_burst.per.min_missing,DIV7 neural,0.0,2084,0,5,bt_residual
r,div7_meanfiringrate_missing,DIV7 neural,0.0,2085,0,5,bt_residual
r,div5_cv.network_missing,DIV5 neural,0.0,2086,0,5,bt_residual
r,div5_cv.time_missing,DIV5 neural,0.0,2087,0,5,bt_residual
r,div5_r_missing,DIV5 neural,0.0,2088,0,5,bt_residual
r,div5_ns.mean.spikes.in.ns_missing,DIV5 neural,0.0,2089,0,5,bt_residual
r,div5_ns.durn.sd_missing,DIV5 neural,0.0,2090,0,5,bt_residual
r,div5_ns.mean.insis_missing,DIV5 neural,0.0,2091,0,5,bt_residual
r,div5_ns.percent.of.spikes.in.ns_missing,DIV5 neural,0.0,2092,0,5,bt_residual
r,div5_ns.durn.m_missing,DIV5 neural,0.0,2093,0,5,bt_residual
r,div5_ns.peak.m_missing,DIV5 neural,0.0,2094,0,5,bt_residual
r,div5_ns.n_missing,DIV5 neural,0.0,2095,0,5,bt_residual
r,div5_nABE_missing,DIV5 neural,0.0,2096,0,5,bt_residual
r,div5_nAE_missing,DIV5 neural,0.0,2097,0,5,bt_residual
r,div5_mean.IBIs_missing,DIV5 neural,0.0,2098,0,5,bt_residual
r,div5_mean.dur_missing,DIV5 neural,0.0,2099,0,5,bt_residual
r,div5_per.spikes.in.burst_missing,DIV5 neural,0.0,2100,0,5,bt_residual
r,div5_mean.isis_missing,DIV5 neural,0.0,2101,0,5,bt_residual
r,div5_burst.per.min_missing,DIV5 neural,0.0,2102,0,5,bt_residual
r,div5_meanfiringrate_missing,DIV5 neural,0.0,2103,0,5,bt_residual
r,morgan_1996,Morgan chemistry,0.0,2104,0,5,bt_residual
r,morgan_1995,Morgan chemistry,0.0,2105,0,5,bt_residual
r,morgan_1994,Morgan chemistry,0.0,2106,0,5,bt_residual
r,morgan_1993,Morgan chemistry,0.0,2107,0,5,bt_residual
r,morgan_2042,Morgan chemistry,0.0,2108,0,5,bt_residual
r,morgan_1992,Morgan chemistry,0.0,2109,0,5,bt_residual
r,morgan_1991,Morgan chemistry,0.0,2110,0,5,bt_residual
r,morgan_1990,Morgan chemistry,0.0,2111,0,5,bt_residual
r,morgan_1989,Morgan chemistry,0.0,2112,0,5,bt_residual
r,morgan_1988,Morgan chemistry,0.0,2113,0,5,bt_residual
r,morgan_1987,Morgan chemistry,0.0,2114,0,5,bt_residual
r,morgan_1986,Morgan chemistry,0.0,2115,0,5,bt_residual
r,morgan_1985,Morgan chemistry,0.0,2116,0,5,bt_residual
r,morgan_1984,Morgan chemistry,0.0,2117,0,5,bt_residual
r,morgan_1983,Morgan chemistry,0.0,2118,0,5,bt_residual
r,morgan_1982,Morgan chemistry,0.0,2119,0,5,bt_residual
r,morgan_1981,Morgan chemistry,0.0,2120,0,5,bt_residual
r,morgan_1980,Morgan chemistry,0.0,2121,0,5,bt_residual
r,morgan_1979,Morgan chemistry,0.0,2122,0,5,bt_residual
r,morgan_2039,Morgan chemistry,0.0,2123,0,5,bt_residual
r,morgan_2040,Morgan chemistry,0.0,2124,0,5,bt_residual
r,morgan_2036,Morgan chemistry,0.0,2125,0,5,bt_residual
r,morgan_2035,Morgan chemistry,0.0,2126,0,5,bt_residual
r,morgan_2034,Morgan chemistry,0.0,2127,0,5,bt_residual
r,morgan_2033,Morgan chemistry,0.0,2128,0,5,bt_residual
r,morgan_2032,Morgan chemistry,0.0,2129,0,5,bt_residual
r,morgan_2031,Morgan chemistry,0.0,2130,0,5,bt_residual
r,morgan_2030,Morgan chemistry,0.0,2131,0,5,bt_residual
r,morgan_2029,Morgan chemistry,0.0,2132,0,5,bt_residual
r,morgan_2028,Morgan chemistry,0.0,2133,0,5,bt_residual
r,morgan_2027,Morgan chemistry,0.0,2134,0,5,bt_residual
r,morgan_2026,Morgan chemistry,0.0,2135,0,5,bt_residual
r,morgan_2025,Morgan chemistry,0.0,2136,0,5,bt_residual
r,morgan_2024,Morgan chemistry,0.0,2137,0,5,bt_residual
r,morgan_2023,Morgan chemistry,0.0,2138,0,5,bt_residual
r,morgan_177,Morgan chemistry,0.0,2139,0,5,bt_residual
